rep,seed,method,E,active,exact_zeros,reference_active,F1_reference,jaccard_reference,test_mse,validation_mse,objective,support_bits,fit_converged,lambda_bar,lam,capped_candidates,diagnostics,tau,selected_rounds,fitting_rounds,selected_local_epochs,total_local_epochs,vector_kib,scalar_kib,setup_scalar_kib,coef_0,coef_1,coef_2,coef_3,coef_4,coef_5,coef_6,coef_7,coef_8,coef_9,upload_kib
0,20260911,Pooled,0,9,1,4,0.6153846153846154,0.4444444444444444,2927.428649833189,2803.478654547484,2325.3040546742136,991,True,8.582647991049786,0.5066151937013239,0,{},,0,0,,,0.0,0.0,0.5390625,-2.61297075803852,-8.40335557575216,25.854838353819602,18.539474876417685,-7.674841489921659,0.0,-7.60093905690352,3.474723119013162,25.879566572303904,1.0290945051972424,0.5390625
0,20260911,Pooled-1SE,0,4,6,4,1.0,1.0,3177.511113036409,3096.023419555992,2097.0190075177584,332,True,8.582647991049786,11.207423848098799,0,{},,0,0,,,0.0,0.0,0.5390625,0.0,-0.0,21.60408257400114,10.021917156859935,0.0,0.0,-2.6994518672076073,0.0,19.21170854563679,0.0,0.5390625
0,20260911,Largest-site,0,4,6,4,0.75,0.6,3450.7784667988776,3302.222343209659,2159.0467688931167,780,True,8.582647991049786,15.16439423258282,0,{},,0,0,,,0.0,0.0,0.5390625,0.0,0.0,21.596229126564364,13.21503293486089,0.0,-0.0,-0.0,0.0,10.803847914338089,0.29005878262351575,0.5390625
0,20260911,Largest-site-1SE,0,3,7,4,0.8571428571428571,0.75,4219.417572650526,4265.434657784806,2534.0919551417196,268,True,8.582647991049786,30.98631232056187,0,{},,0,0,,,0.0,0.0,0.5390625,0.0,0.0,15.775940663211337,2.6942362099077752,0.0,0.0,-0.0,0.0,1.6767665243159,0.0,0.5390625
0,20260911,One-shot,0,9,1,4,0.6153846153846154,0.4444444444444444,3091.1791650976097,2935.079812655171,2192.319698804647,991,True,8.582647991049786,8.582647991049786,0,{},,1,1,,,0.234375,0.0,0.5390625,-3.0217959810845563,-2.699744533245928,22.612640352028617,14.354437538334501,-3.021067959459275,0.0,-7.6624953623515175,2.3640731769686,19.3565665787164,-1.2537145846134272,0.7734375
0,20260911,ADMM,0,4,6,4,1.0,1.0,3122.718492743633,3013.379571028488,2090.538735666891,332,True,8.582647991049786,8.582647991049786,0,{},,113,113,,,26.484375,0.0,0.5390625,-0.0,-0.0,22.72785613617127,11.563758628787156,-0.0,-0.0,-4.176098405639015,0.0,20.007218604657197,0.0,27.0234375
0,20260911,FedAvg,1,9,1,4,0.6153846153846154,0.4444444444444444,3086.460999518613,2926.3671376477223,2136.2492100527625,895,True,8.582647991049786,8.582647991049786,0,"{""fit_converged"": true, ""final_update_norm"": 9.725944269402576e-06, ""fit_tolerance"": 1e-05, ""hit_round_cap"": false}",,17,17,17.0,17.0,3.984375,0.0,0.5390625,-1.5297209966655738,-1.956442748511734,22.44518781127234,11.992734205026768,-0.4067967521619191,0.2273926319389292,-9.495194747198664,0.0,18.981643496310337,-0.550920746383088,4.5234375
0,20260911,FedAvg-ST,1,4,6,4,1.0,1.0,3349.330223649937,3304.0294038987267,2152.295480119882,332,True,8.582647991049786,8.582647991049786,0,"{""fit_converged"": true, ""final_update_norm"": 9.725944269402576e-06, ""fit_tolerance"": 1e-05, ""hit_round_cap"": false}",4.5622401901607335,17,17,17.0,17.0,3.984375,2.8125,0.5390625,-0.0,-0.0,17.882947621111608,7.430494014866034,-0.0,0.0,-4.93295455703793,0.0,14.419403306149604,-0.0,7.3359375
0,20260911,FedAvg-P,1,4,6,4,1.0,1.0,3357.637757038004,3159.4314096880007,2146.8857768425128,332,True,8.582647991049786,8.582647991049786,0,"{""selected_candidate"": 1, ""candidate_rounds"": [10, 16, 16, 16, 16], ""candidate_diagnostics"": [{""fit_converged"": true, ""final_update_norm"": 9.047182945074215e-06, ""fit_tolerance"": 1e-05, ""hit_round_cap"": false}, {""fit_converged"": true, ""final_update_norm"": 3.7288688674233676e-06, ""fit_tolerance"": 1e-05, ""hit_round_cap"": false}, {""fit_converged"": true, ""final_update_norm"": 3.891345202138159e-06, ""fit_tolerance"": 1e-05, ""hit_round_cap"": false}, {""fit_converged"": true, ""final_update_norm"": 4.0012032087352395e-06, ""fit_tolerance"": 1e-05, ""hit_round_cap"": false}, {""fit_converged"": true, ""final_update_norm"": 8.391995117900774e-06, ""fit_tolerance"": 1e-05, ""hit_round_cap"": false}]}",4.291323995524893,16,74,16.0,74.0,17.34375,0.3515625,0.5390625,0.0,-0.0,24.937767411864677,8.968403038739728,0.0,0.0,-5.674153521015617,0.0,9.131646356956866,-0.0,18.234375
0,20260911,FedAvg,3,10,0,4,0.5714285714285714,0.4,3114.0417960498294,2917.6323825092622,2173.652002667281,1023,True,8.582647991049786,8.582647991049786,0,"{""fit_converged"": true, ""final_update_norm"": 2.9544223752912743e-06, ""fit_tolerance"": 1e-05, ""hit_round_cap"": false}",,11,11,33.0,33.0,2.578125,0.0,0.5390625,-2.99301563635394,-2.7581261412945874,22.766612456824046,14.339830893505326,-0.4256611650497894,-0.6745261569246767,-10.001099132544443,0.8316058742139446,17.848451419989452,-1.0933776235814512,3.1171875
0,20260911,FedAvg-ST,3,4,6,4,1.0,1.0,3337.2565441076376,3258.0474864789066,2141.6272265945754,332,True,8.582647991049786,8.582647991049786,0,"{""fit_converged"": true, ""final_update_norm"": 2.9544223752912743e-06, ""fit_tolerance"": 1e-05, ""hit_round_cap"": false}",4.5622401901607335,11,11,33.0,33.0,2.578125,2.8125,0.5390625,-0.0,-0.0,18.204372266663313,9.777590703344593,-0.0,-0.0,-5.4388589423837095,0.0,13.28621122982872,-0.0,5.9296875
0,20260911,FedAvg-P,3,4,6,4,1.0,1.0,3315.4881799336426,3212.465361200094,2132.8003763147103,332,True,8.582647991049786,8.582647991049786,0,"{""selected_candidate"": 1, ""candidate_rounds"": [7, 6, 7, 8, 10], ""candidate_diagnostics"": [{""fit_converged"": true, ""final_update_norm"": 1.1561239266457932e-06, ""fit_tolerance"": 1e-05, ""hit_round_cap"": false}, {""fit_converged"": true, ""final_update_norm"": 4.243840673926789e-06, ""fit_tolerance"": 1e-05, ""hit_round_cap"": false}, {""fit_converged"": true, ""final_update_norm"": 1.6885899807077154e-06, ""fit_tolerance"": 1e-05, ""hit_round_cap"": false}, {""fit_converged"": true, ""final_update_norm"": 1.264334642089679e-06, ""fit_tolerance"": 1e-05, ""hit_round_cap"": false}, {""fit_converged"": true, ""final_update_norm"": 3.293911393580383e-06, ""fit_tolerance"": 1e-05, ""hit_round_cap"": false}]}",4.291323995524893,6,38,18.0,114.0,8.90625,0.3515625,0.5390625,-0.0,-0.0,18.873602013354912,10.604910842801308,-0.0,-0.0,-6.014425047291477,0.0,12.998568623108019,-0.0,9.796875
0,20260911,FedAvg,20,9,1,4,0.6153846153846154,0.4444444444444444,3091.88172762373,2933.7371358036717,2189.4371762042965,991,True,8.582647991049786,8.582647991049786,0,"{""fit_converged"": true, ""final_update_norm"": 1.365266252286443e-06, ""fit_tolerance"": 1e-05, ""hit_round_cap"": false}",,7,7,140.0,140.0,1.640625,0.0,0.5390625,-3.023808100516308,-2.702372441694989,22.609183253579744,14.348894788338733,-2.7645705065324773,0.0,-7.961987300024947,2.0231253316963107,19.324458039932992,-1.2378060399540345,2.1796875
0,20260911,FedAvg-ST,20,4,6,4,1.0,1.0,3340.3704823550897,3279.6029438910264,2139.289533228713,332,True,8.582647991049786,8.582647991049786,0,"{""fit_converged"": true, ""final_update_norm"": 1.365266252286443e-06, ""fit_tolerance"": 1e-05, ""hit_round_cap"": false}",4.5622401901607335,7,7,140.0,140.0,1.640625,2.8125,0.5390625,-0.0,-0.0,18.04694306341901,9.786654598178,-0.0,0.0,-3.3997471098642134,0.0,14.76221784977226,-0.0,4.9921875
0,20260911,FedAvg-P,20,4,6,4,1.0,1.0,3318.7207427890453,3249.7602041800005,2132.355372582347,332,True,8.582647991049786,8.582647991049786,0,"{""selected_candidate"": 1, ""candidate_rounds"": [4, 5, 6, 6, 6], ""candidate_diagnostics"": [{""fit_converged"": true, ""final_update_norm"": 1.0028669450160369e-06, ""fit_tolerance"": 1e-05, ""hit_round_cap"": false}, {""fit_converged"": true, ""final_update_norm"": 1.643166119197434e-06, ""fit_tolerance"": 1e-05, ""hit_round_cap"": false}, {""fit_converged"": true, ""final_update_norm"": 4.27691835054175e-06, ""fit_tolerance"": 1e-05, ""hit_round_cap"": false}, {""fit_converged"": true, ""final_update_norm"": 2.845652986475827e-06, ""fit_tolerance"": 1e-05, ""hit_round_cap"": false}, {""fit_converged"": true, ""final_update_norm"": 6.511594284586518e-06, ""fit_tolerance"": 1e-05, ""hit_round_cap"": false}]}",4.291323995524893,5,27,100.0,540.0,6.328125,0.3515625,0.5390625,-0.0,-0.0,18.33406838758782,10.057796195508685,-0.0,-0.0,-3.8363719320235,0.0,14.88315304524251,-0.0,7.21875
1,20260912,Pooled,0,10,0,6,0.75,0.6,2860.755357371818,3092.4641006756874,1507.8238145048056,1023,True,0.5112823883525736,0.04467748073816791,0,{},,0,0,,,0.0,0.0,0.5390625,-0.34037544666230923,-8.955303561468623,23.633534583510013,16.624716422245424,-29.868372283220612,15.604250113216384,4.801855569459514,15.298149267521488,28.69788120591905,3.9812329052376954,0.5390625
1,20260912,Pooled-1SE,0,6,4,6,1.0,1.0,2955.504394904873,3500.6303967434797,1561.853191639874,972,True,0.5112823883525736,6.64511451244793,0,{},,0,0,,,0.0,0.0,0.5390625,0.0,-0.0,22.1436078834117,10.877598740953584,-0.0,-0.0,-6.627164895758225,1.1893848840179162,18.764266693739074,0.9642506786611569,0.5390625
1,20260912,Largest-site,0,10,0,6,0.75,0.6,2849.2480812004765,3002.2035438736934,1518.1932200158008,1023,True,0.5112823883525736,0.04149685697573976,0,{},,0,0,,,0.0,0.0,0.5390625,0.5908609615449251,-9.763839282046238,26.391643812370486,14.679237750859842,-19.00345933386276,13.889699218949772,-2.0420334708084384,1.6078331855032766,29.649248032511178,5.196921062363597,0.5390625
1,20260912,Largest-site-1SE,0,4,6,6,0.8,0.6666666666666666,3361.3887591428943,4044.5789861417716,1812.8563571133025,780,True,0.5112823883525736,16.003762602673785,0,{},,0,0,,,0.0,0.0,0.5390625,0.0,0.0,20.83191148187495,4.684818096243034,0.0,0.0,-0.0,0.0,12.36020542921004,1.5636665496505087,0.5390625
1,20260912,One-shot,0,10,0,6,0.75,0.6,2850.087644696899,3132.277854808201,1497.3764161142954,1023,True,0.5112823883525736,0.5112823883525736,0,{},,1,1,,,0.234375,0.0,0.5390625,-2.2385931781620636,-9.576578363532022,22.29586526284044,17.42689358587043,-14.924452120721229,4.969678813358197,-2.4929672721160108,12.371468399910345,23.00876237447833,4.461896775357769,0.7734375
1,20260912,ADMM,0,8,2,6,0.8571428571428571,0.75,2871.9013020344264,3132.956023828491,1488.779918917529,990,True,0.5112823883525736,0.5112823883525736,0,{},,840,840,,,196.875,0.0,0.5390625,-0.0,-7.783560223243353,23.98052142947893,15.969943949593292,-9.057225103115755,-0.0,-3.7862507368990532,11.93897308564089,20.87364029029067,3.8544513317001923,197.4140625
1,20260912,FedAvg,1,10,0,6,0.75,0.6,2846.3149361347027,3135.3652339741748,1490.7929475317042,1023,True,0.5112823883525736,0.5112823883525736,0,"{""fit_converged"": true, ""final_update_norm"": 8.846876011763906e-06, ""fit_tolerance"": 1e-05, ""hit_round_cap"": false}",,50,50,50.0,50.0,11.71875,0.0,0.5390625,-1.0251320354460607,-7.422348288532342,23.392941545071213,16.200886567647068,-8.376928130504696,-0.8304579620140282,-3.859069678864564,11.038410653271626,22.070570131652296,3.993414585208169,12.2578125
1,20260912,FedAvg-ST,1,8,2,6,0.8571428571428571,0.75,2873.8214292209623,3377.452379930165,1534.0110329169363,990,True,0.5112823883525736,0.5112823883525736,0,"{""fit_converged"": true, ""final_update_norm"": 8.846876011763906e-06, ""fit_tolerance"": 1e-05, ""hit_round_cap"": false}",2.556411941762868,50,50,50.0,50.0,11.71875,2.8125,0.5390625,-0.0,-4.865936346769475,20.836529603308346,13.6444746258842,-5.820516188741829,-0.0,-1.302657737101696,8.481998711508759,19.51415818988943,1.4370026434453012,15.0703125
1,20260912,FedAvg-P,1,9,1,6,0.8,0.6666666666666666,2852.7320266840625,3171.497798358273,1491.146440748025,991,True,0.5112823883525736,0.5112823883525736,0,"{""selected_candidate"": 0, ""candidate_rounds"": [39, 47, 61, 190, 50], ""candidate_diagnostics"": [{""fit_converged"": true, ""final_update_norm"": 7.337625390497155e-06, ""fit_tolerance"": 1e-05, ""hit_round_cap"": false}, {""fit_converged"": true, ""final_update_norm"": 7.188575737219197e-06, ""fit_tolerance"": 1e-05, ""hit_round_cap"": false}, {""fit_converged"": true, ""final_update_norm"": 8.134441174972479e-06, ""fit_tolerance"": 1e-05, ""hit_round_cap"": false}, {""fit_converged"": true, ""final_update_norm"": 9.693219141374875e-06, ""fit_tolerance"": 1e-05, ""hit_round_cap"": false}, {""fit_converged"": true, ""final_update_norm"": 8.813864893815509e-06, ""fit_tolerance"": 1e-05, ""hit_round_cap"": false}]}",0.5112823883525736,39,387,39.0,387.0,90.703125,0.3515625,0.5390625,-0.15074060286587254,-6.468710817010583,23.808723815601965,15.942399537213586,-7.678961571325556,-0.0,-3.677809875505414,10.013809379581186,21.350497794405086,2.7224869556361666,91.59375
1,20260912,FedAvg,3,10,0,6,0.75,0.6,2863.264579880438,3125.9605378595384,1493.6114860594769,1023,True,0.5112823883525736,0.5112823883525736,0,"{""fit_converged"": true, ""final_update_norm"": 8.746287513948083e-06, ""fit_tolerance"": 1e-05, ""hit_round_cap"": false}",,41,41,123.0,123.0,9.609375,0.0,0.5390625,-2.123322630092149,-8.984699108123234,22.85652691279685,16.831623500611443,-6.609591763807273,-1.8973664994908326,-5.152742801802491,11.714559119571893,20.55765651773536,4.560809740762752,10.1484375
1,20260912,FedAvg-ST,3,8,2,6,0.8571428571428571,0.75,2898.1679872411187,3370.5869861159567,1528.4909150153806,990,True,0.5112823883525736,0.5112823883525736,0,"{""fit_converged"": true, ""final_update_norm"": 8.746287513948083e-06, ""fit_tolerance"": 1e-05, ""hit_round_cap"": false}",2.556411941762868,41,41,123.0,123.0,9.609375,2.8125,0.5390625,-0.0,-6.4282871663603665,20.30011497103398,14.275211558848575,-4.053179822044406,-0.0,-2.596330860039623,9.158147177809026,18.001244575972493,2.0043977989998845,12.9609375
1,20260912,FedAvg-P,3,10,0,6,0.75,0.6,2860.549458104095,3163.3656208316324,1493.485106599124,1023,True,0.5112823883525736,0.5112823883525736,0,"{""selected_candidate"": 0, ""candidate_rounds"": [42, 41, 41, 41, 41], ""candidate_diagnostics"": [{""fit_converged"": true, ""final_update_norm"": 7.538940470145008e-06, ""fit_tolerance"": 1e-05, ""hit_round_cap"": false}, {""fit_converged"": true, ""final_update_norm"": 9.488825419824387e-06, ""fit_tolerance"": 1e-05, ""hit_round_cap"": false}, {""fit_converged"": true, ""final_update_norm"": 9.100529759136997e-06, ""fit_tolerance"": 1e-05, ""hit_round_cap"": false}, {""fit_converged"": true, ""final_update_norm"": 8.909979620124317e-06, ""fit_tolerance"": 1e-05, ""hit_round_cap"": false}, {""fit_converged"": true, ""final_update_norm"": 8.82589384127382e-06, ""fit_tolerance"": 1e-05, ""hit_round_cap"": false}]}",0.5112823883525736,42,206,126.0,618.0,48.28125,0.3515625,0.5390625,-1.6914589848608195,-8.512781925305571,22.340765612631625,16.420519552857087,-6.67549220084248,-0.76110616889297,-4.500893175477113,11.180072665775018,20.311223257530177,3.9803315187567803,49.171875
1,20260912,FedAvg,20,10,0,6,0.75,0.6,2856.652408124361,3135.4440168655083,1495.217325776695,1023,True,0.5112823883525736,0.5112823883525736,0,"{""fit_converged"": true, ""final_update_norm"": 5.594952642038292e-06, ""fit_tolerance"": 1e-05, ""hit_round_cap"": false}",,17,17,340.0,340.0,3.984375,0.0,0.5390625,-2.2435274006656076,-9.465174147301193,22.389943354631654,17.35059303520991,-11.4015264131862,2.0258177234928754,-3.835059256196941,12.239883311801272,21.64666178888954,4.542629677196977,4.5234375
1,20260912,FedAvg-ST,20,8,2,6,0.8571428571428571,0.75,2824.347762256528,3367.163291576602,1536.8812834254625,990,True,0.5112823883525736,0.5112823883525736,0,"{""fit_converged"": true, ""final_update_norm"": 5.594952642038292e-06, ""fit_tolerance"": 1e-05, ""hit_round_cap"": false}",2.556411941762868,17,17,340.0,340.0,3.984375,2.8125,0.5390625,-0.0,-6.908762205538325,19.833531412868787,14.794181093447044,-8.845114471423333,0.0,-1.2786473144340733,9.683471370038404,19.09024984712667,1.9862177354341095,7.3359375
1,20260912,FedAvg-P,20,10,0,6,0.75,0.6,2832.403830063917,3167.497173147082,1495.62154981802,1023,True,0.5112823883525736,0.5112823883525736,0,"{""selected_candidate"": 0, ""candidate_rounds"": [20, 17, 17, 17, 17], ""candidate_diagnostics"": [{""fit_converged"": true, ""final_update_norm"": 5.319237420096403e-06, ""fit_tolerance"": 1e-05, ""hit_round_cap"": false}, {""fit_converged"": true, ""final_update_norm"": 6.838473404071884e-06, ""fit_tolerance"": 1e-05, ""hit_round_cap"": false}, {""fit_converged"": true, ""final_update_norm"": 5.644823063059124e-06, ""fit_tolerance"": 1e-05, ""hit_round_cap"": false}, {""fit_converged"": true, ""final_update_norm"": 5.600258138777505e-06, ""fit_tolerance"": 1e-05, ""hit_round_cap"": false}, {""fit_converged"": true, ""final_update_norm"": 5.595829791728788e-06, ""fit_tolerance"": 1e-05, ""hit_round_cap"": false}]}",0.5112823883525736,20,88,400.0,1760.0,20.625,0.3515625,0.5390625,-1.7321166739884033,-8.946800001272457,21.888793307222894,16.83693122725051,-10.418134397061065,1.1238825723882653,-3.509012573230679,11.699204187567597,20.955217082765447,4.037949247898447,21.515625
2,20260913,Pooled,0,6,4,2,0.5,0.3333333333333333,2989.121708367754,3248.068118288343,1928.742467570169,860,True,6.214125976125196,5.6988190338876406,0,{},,0,0,,,0.0,0.0,0.5390625,0.0,-0.0,27.277934764445106,9.521631973672852,-2.041359467597438,-0.0,-1.1461964855039923,0.0,25.536230962025787,2.2853018853107034,0.5390625
2,20260913,Pooled-1SE,0,2,8,2,1.0,1.0,3384.263970469116,3652.711910257253,2183.1434201430575,260,True,6.214125976125196,23.79438702822192,0,{},,0,0,,,0.0,0.0,0.5390625,0.0,0.0,18.498759028768102,0.0,0.0,-0.0,-0.0,0.0,15.272034176655689,0.0,0.5390625
2,20260913,Largest-site,0,8,2,2,0.4,0.25,2960.2078648980264,3149.810792044438,2201.076879727453,894,True,6.214125976125196,0.6089574292875741,0,{},,0,0,,,0.0,0.0,0.5390625,-0.0,-13.822369231849967,16.683498544513238,18.849690944639008,-16.710978060037785,6.098115517423342,-8.711038143842483,0.0,35.330271138059494,5.604669386475338,0.5390625
2,20260913,Largest-site-1SE,0,4,6,2,0.6666666666666666,0.5,2992.2507745100643,3123.3335610071795,1969.2867004601899,332,True,6.214125976125196,8.366002070351685,0,{},,0,0,,,0.0,0.0,0.5390625,0.0,-0.0,17.346492524871906,10.531568049714268,-0.0,-0.0,-5.928037180718275,0.0,25.035774432856137,0.0,0.5390625
2,20260913,One-shot,0,8,2,2,0.4,0.25,2798.818959044595,3108.260180329685,2013.284426398301,894,True,6.214125976125196,6.214125976125196,0,{},,1,1,,,0.234375,0.0,0.5390625,0.0,-6.9111846159249835,25.657852107662794,10.926310906136772,-8.355489030018893,3.049057758711671,-4.3555190719212415,0.0,25.513603067604247,3.56342634730371,0.7734375
2,20260913,ADMM,0,6,4,2,0.5,0.3333333333333333,2984.5359518662617,3245.7519126906236,1928.093961862352,860,True,6.214125976125196,6.214125976125196,0,{},,168,168,,,39.375,0.0,0.5390625,0.0,-0.0,27.090189575505697,9.262193476869236,-0.9872149377351374,-0.0,-1.1914443557005026,0.0,24.839190692376434,1.9214536763350711,39.9140625
2,20260913,FedAvg,1,9,1,2,0.36363636363636365,0.2222222222222222,2866.3189008266245,3138.4524538457867,1949.9259404397064,991,True,6.214125976125196,6.214125976125196,0,"{""fit_converged"": true, ""final_update_norm"": 3.9250030569508485e-06, ""fit_tolerance"": 1e-05, ""hit_round_cap"": false}",,20,20,20.0,20.0,4.6875,0.0,0.5390625,0.28403075471001055,-3.075209679269904,25.566448617720088,10.136897686223598,-3.5893328150261077,0.0,-4.696382988970342,0.3539973811800692,24.408480614273437,3.134351254746897,5.2265625
2,20260913,FedAvg-ST,1,3,7,2,0.8,0.6666666666666666,3340.8013881346633,3565.682389673379,2149.826856426156,268,True,6.214125976125196,6.214125976125196,0,"{""fit_converged"": true, ""final_update_norm"": 3.9250030569508485e-06, ""fit_tolerance"": 1e-05, ""hit_round_cap"": false}",8.096590268610617,20,20,20.0,20.0,4.6875,2.8125,0.5390625,0.0,-0.0,17.469858349109472,2.040307417612981,-0.0,0.0,-0.0,0.0,16.311890345662817,0.0,8.0390625
2,20260913,FedAvg-P,1,3,7,2,0.8,0.6666666666666666,3108.3061004953815,3438.5238637405623,2038.6462815583193,268,True,6.214125976125196,6.214125976125196,0,"{""selected_candidate"": 0, ""candidate_rounds"": [15, 17, 18, 19, 19], ""candidate_diagnostics"": [{""fit_converged"": true, ""final_update_norm"": 8.745355878309108e-06, ""fit_tolerance"": 1e-05, ""hit_round_cap"": false}, {""fit_converged"": true, ""final_update_norm"": 6.2899588270668484e-06, ""fit_tolerance"": 1e-05, ""hit_round_cap"": false}, {""fit_converged"": true, ""final_update_norm"": 6.36185067915077e-06, ""fit_tolerance"": 1e-05, ""hit_round_cap"": false}, {""fit_converged"": true, ""final_update_norm"": 9.369045526410847e-06, ""fit_tolerance"": 1e-05, ""hit_round_cap"": false}, {""fit_converged"": true, ""final_update_norm"": 9.30160749806406e-06, ""fit_tolerance"": 1e-05, ""hit_round_cap"": false}]}",6.214125976125196,15,88,15.0,88.0,20.625,0.3515625,0.5390625,0.0,-0.0,28.947602431843954,3.917315707099691,-0.0,-0.0,-0.0,0.0,13.112632550031577,0.0,21.515625
2,20260913,FedAvg,3,9,1,2,0.36363636363636365,0.2222222222222222,2795.212835005484,3101.982555574141,1973.829614487429,991,True,6.214125976125196,6.214125976125196,0,"{""fit_converged"": true, ""final_update_norm"": 3.3921383719235413e-06, ""fit_tolerance"": 1e-05, ""hit_round_cap"": false}",,13,13,39.0,39.0,3.046875,0.0,0.5390625,-0.07169889825578153,-6.669943428887319,25.314654329055056,10.976078389321312,-4.427246356561702,0.0,-5.944404744052189,0.003579407524237136,24.101044869795732,3.604443230397826,3.5859375
2,20260913,FedAvg-ST,3,3,7,2,0.8,0.6666666666666666,3340.5710325473337,3548.0718768366955,2146.3877174422773,268,True,6.214125976125196,6.214125976125196,0,"{""fit_converged"": true, ""final_update_norm"": 3.3921383719235413e-06, ""fit_tolerance"": 1e-05, ""hit_round_cap"": false}",8.096590268610617,13,13,39.0,39.0,3.046875,2.8125,0.5390625,-0.0,-0.0,17.21806406044444,2.879488120710695,-0.0,0.0,-0.0,0.0,16.004454601185117,0.0,6.3984375
2,20260913,FedAvg-P,3,4,6,2,0.6666666666666666,0.5,3179.9787636707542,3403.7872085355884,2061.7765857218697,270,True,6.214125976125196,6.214125976125196,0,"{""selected_candidate"": 0, ""candidate_rounds"": [6, 7, 7, 7, 7], ""candidate_diagnostics"": [{""fit_converged"": true, ""final_update_norm"": 5.518087657334965e-06, ""fit_tolerance"": 1e-05, ""hit_round_cap"": false}, {""fit_converged"": true, ""final_update_norm"": 3.3682828912122947e-06, ""fit_tolerance"": 1e-05, ""hit_round_cap"": false}, {""fit_converged"": true, ""final_update_norm"": 4.777434657264097e-06, ""fit_tolerance"": 1e-05, ""hit_round_cap"": false}, {""fit_converged"": true, ""final_update_norm"": 3.022210342223153e-06, ""fit_tolerance"": 1e-05, ""hit_round_cap"": false}, {""fit_converged"": true, ""final_update_norm"": 2.2325640533438687e-06, ""fit_tolerance"": 1e-05, ""hit_round_cap"": false}]}",6.214125976125196,6,34,18.0,102.0,7.96875,0.3515625,0.5390625,-0.0,-0.31294862789875033,19.573266441974173,5.025487688835792,-0.0,0.0,-0.0,0.0,17.55087300117401,0.0,8.859375
2,20260913,FedAvg,20,8,2,2,0.4,0.25,2795.8835992991026,3109.3875843770306,1983.4266056345937,894,True,6.214125976125196,6.214125976125196,0,"{""fit_converged"": true, ""final_update_norm"": 5.999677908720789e-06, ""fit_tolerance"": 1e-05, ""hit_round_cap"": false}",,6,6,120.0,120.0,1.40625,0.0,0.5390625,0.0,-6.845704804832472,25.692571048014564,10.878949622028994,-5.556533584856016,0.6656694520036143,-5.422290907404957,0.0,24.411647257765036,3.5600916368948328,1.9453125
2,20260913,FedAvg-ST,20,3,7,2,0.8,0.6666666666666666,3319.81674666577,3536.108346823009,2136.403616527972,268,True,6.214125976125196,6.214125976125196,0,"{""fit_converged"": true, ""final_update_norm"": 5.999677908720789e-06, ""fit_tolerance"": 1e-05, ""hit_round_cap"": false}",8.096590268610617,6,6,120.0,120.0,1.40625,2.8125,0.5390625,0.0,-0.0,17.595980779403945,2.782359353418377,-0.0,0.0,-0.0,0.0,16.31505698915442,0.0,4.7578125
2,20260913,FedAvg-P,20,4,6,2,0.6666666666666666,0.5,3167.613277157223,3404.181757375559,2060.7230337037213,270,True,6.214125976125196,6.214125976125196,0,"{""selected_candidate"": 0, ""candidate_rounds"": [4, 4, 4, 4, 6], ""candidate_diagnostics"": [{""fit_converged"": true, ""final_update_norm"": 8.197694224764401e-08, ""fit_tolerance"": 1e-05, ""hit_round_cap"": false}, {""fit_converged"": true, ""final_update_norm"": 2.475879094848666e-06, ""fit_tolerance"": 1e-05, ""hit_round_cap"": false}, {""fit_converged"": true, ""final_update_norm"": 2.0389144263517115e-06, ""fit_tolerance"": 1e-05, ""hit_round_cap"": false}, {""fit_converged"": true, ""final_update_norm"": 1.8732031259277316e-06, ""fit_tolerance"": 1e-05, ""hit_round_cap"": false}, {""fit_converged"": true, ""final_update_norm"": 2.3331261989276706e-06, ""fit_tolerance"": 1e-05, ""hit_round_cap"": false}]}",6.214125976125196,4,22,80.0,440.0,5.15625,0.3515625,0.5390625,0.0,-0.6327657482921385,19.47781642506485,4.66568242353388,-0.0,0.0,-0.0,0.0,18.2175033900575,0.0,6.046875
3,20260914,Pooled,0,10,0,4,0.5714285714285714,0.4,3254.6188497758944,2533.023931931618,1611.767244475196,1023,True,1.4654199755018298,0.0472266388583787,0,{},,0,0,,,0.0,0.0,0.5390625,-1.3347769559276919,-13.730025412837696,24.19809006928245,18.418324496927838,-15.855945778186449,7.055010957185934,-10.479147898158462,-0.045327277735029835,28.71853926673547,4.519983067003957,0.5390625
3,20260914,Pooled-1SE,0,4,6,4,1.0,1.0,3187.2350810239595,2852.0546161758075,1801.5799373404498,332,True,1.4654199755018298,14.353098274055744,0,{},,0,0,,,0.0,0.0,0.5390625,0.0,-0.0,20.411775472863727,7.4972134510804,-0.0,-0.0,-2.29709986429071,0.0,18.258078407435942,0.0,0.5390625
3,20260914,Largest-site,0,8,2,4,0.6666666666666666,0.5,3280.3545401919678,2670.845841073104,1642.5059735527898,863,True,1.4654199755018298,0.7051557644873283,0,{},,0,0,,,0.0,0.0,0.5390625,2.348267597261684,-4.563263961678911,29.7008270336836,20.35109642329949,-11.580303663926612,-0.0,-4.641849566392254,0.0,26.03750611384369,2.961430436679309,0.5390625
3,20260914,Largest-site-1SE,0,3,7,4,0.8571428571428571,0.75,3702.869173394259,3361.2220029626733,2099.6640080599827,268,True,1.4654199755018298,25.11939634351385,0,{},,0,0,,,0.0,0.0,0.5390625,0.0,0.0,18.770245417578103,9.83146383491667,0.0,0.0,-0.0,0.0,4.839770260500762,0.0,0.5390625
3,20260914,One-shot,0,10,0,4,0.5714285714285714,0.4,3175.0691288913986,2487.8350375595073,1602.729734286408,1023,True,1.4654199755018298,1.4654199755018298,0,{},,1,1,,,0.234375,0.0,0.5390625,-1.13295656743947,-11.236252416610936,24.32109828250804,16.26151524356431,-13.903715319899959,3.9951539672164555,-7.610872154960291,2.3157865512186575,26.503030107486346,3.4768358012049374,0.7734375
3,20260914,ADMM,0,7,3,4,0.7272727272727273,0.5714285714285714,3158.8264047940693,2552.2361244045724,1581.6111352331893,862,True,1.4654199755018298,1.4654199755018298,0,{},,482,482,,,112.96875,0.0,0.5390625,-0.0,-11.388075595214495,23.836562355741147,16.901045488159678,-5.148614731779729,-0.0,-12.584669078881378,0.0,23.77603424459015,3.307557520321608,113.5078125
3,20260914,FedAvg,1,10,0,4,0.5714285714285714,0.4,3162.881396190769,2511.2496759119176,1589.8005432025843,1023,True,1.4654199755018298,1.4654199755018298,0,"{""fit_converged"": true, ""final_update_norm"": 8.89098331342943e-06, ""fit_tolerance"": 1e-05, ""hit_round_cap"": false}",,56,56,56.0,56.0,13.125,0.0,0.5390625,-0.7566597828765529,-10.348631425181004,26.12528795067788,16.030690344120796,-8.59290101060934,0.8414292700174386,-9.403851403421532,0.7522527908533285,24.935735558418866,2.667174578748627,13.6640625
3,20260914,FedAvg-ST,1,6,4,4,0.8,0.6666666666666666,3251.2088248793316,2864.894116115956,1816.2640595654889,350,True,1.4654199755018298,1.4654199755018298,0,"{""fit_converged"": true, ""final_update_norm"": 8.89098331342943e-06, ""fit_tolerance"": 1e-05, ""hit_round_cap"": false}",7.3270998775091485,56,56,56.0,56.0,13.125,2.8125,0.5390625,-0.0,-3.021531547671856,18.79818807316873,8.703590466611647,-1.265801133100192,0.0,-2.0767515259123837,0.0,17.608635680909718,0.0,16.4765625
3,20260914,FedAvg-P,1,6,4,4,0.8,0.6666666666666666,3117.5020269541437,2532.5286595316256,1600.0744302438843,350,True,1.4654199755018298,1.4654199755018298,0,"{""selected_candidate"": 0, ""candidate_rounds"": [22, 23, 25, 34, 49], ""candidate_diagnostics"": [{""fit_converged"": true, ""final_update_norm"": 8.524961875292728e-06, ""fit_tolerance"": 1e-05, ""hit_round_cap"": false}, {""fit_converged"": true, ""final_update_norm"": 5.526870244403484e-06, ""fit_tolerance"": 1e-05, ""hit_round_cap"": false}, {""fit_converged"": true, ""final_update_norm"": 6.7303889969183636e-06, ""fit_tolerance"": 1e-05, ""hit_round_cap"": false}, {""fit_converged"": true, ""final_update_norm"": 9.467775604555923e-06, ""fit_tolerance"": 1e-05, ""hit_round_cap"": false}, {""fit_converged"": true, ""final_update_norm"": 9.878551214704058e-06, ""fit_tolerance"": 1e-05, ""hit_round_cap"": false}]}",1.4654199755018298,22,153,22.0,153.0,35.859375,0.3515625,0.5390625,0.0,-7.576329183977414,26.847373042279013,14.924154083954432,-5.1407369147125905,-0.0,-9.201795980062323,0.0,22.090962909095076,0.0,36.75
3,20260914,FedAvg,3,10,0,4,0.5714285714285714,0.4,3171.7036733287114,2515.1350153786902,1591.7545849986914,1023,True,1.4654199755018298,1.4654199755018298,0,"{""fit_converged"": true, ""final_update_norm"": 8.056116518891605e-06, ""fit_tolerance"": 1e-05, ""hit_round_cap"": false}",,46,46,138.0,138.0,10.78125,0.0,0.5390625,-1.710689659106367,-11.186842824625895,24.4817221172936,16.410785106462754,-9.086986792747071,0.9474155040998541,-9.966736156586245,1.0334468141600117,24.991189181876447,3.3448132110977875,11.3203125
3,20260914,FedAvg-ST,3,6,4,4,0.8,0.6666666666666666,3295.645607078592,2874.668809082997,1828.9380198647964,350,True,1.4654199755018298,1.4654199755018298,0,"{""fit_converged"": true, ""final_update_norm"": 8.056116518891605e-06, ""fit_tolerance"": 1e-05, ""hit_round_cap"": false}",7.3270998775091485,46,46,138.0,138.0,10.78125,2.8125,0.5390625,-0.0,-3.8597429471167466,17.15462223978445,9.083685228953605,-1.7598869152379226,0.0,-2.639636279077097,0.0,17.664089304367298,0.0,14.1328125
3,20260914,FedAvg-P,3,8,2,4,0.6666666666666666,0.5,3130.1726226399455,2517.6245710399003,1598.6359484538266,863,True,1.4654199755018298,1.4654199755018298,0,"{""selected_candidate"": 0, ""candidate_rounds"": [12, 13, 21, 39, 44], ""candidate_diagnostics"": [{""fit_converged"": true, ""final_update_norm"": 3.2175791854903547e-06, ""fit_tolerance"": 1e-05, ""hit_round_cap"": false}, {""fit_converged"": true, ""final_update_norm"": 2.152862121540766e-06, ""fit_tolerance"": 1e-05, ""hit_round_cap"": false}, {""fit_converged"": true, ""final_update_norm"": 9.574173300552196e-06, ""fit_tolerance"": 1e-05, ""hit_round_cap"": false}, {""fit_converged"": true, ""final_update_norm"": 7.80899050968469e-06, ""fit_tolerance"": 1e-05, ""hit_round_cap"": false}, {""fit_converged"": true, ""final_update_norm"": 7.853471526927981e-06, ""fit_tolerance"": 1e-05, ""hit_round_cap"": false}]}",1.4654199755018298,12,129,36.0,387.0,30.234375,0.3515625,0.5390625,-0.383419393220251,-9.82870134156217,23.07455016777675,15.14658519899247,-5.969816930528189,-0.0,-9.50279289322186,0.0,23.004779319026134,1.7046996323758266,31.125
3,20260914,FedAvg,20,10,0,4,0.5714285714285714,0.4,3174.603057106946,2497.2661467521075,1595.9671576647538,1023,True,1.4654199755018298,1.4654199755018298,0,"{""fit_converged"": true, ""final_update_norm"": 9.354743536931312e-06, ""fit_tolerance"": 1e-05, ""hit_round_cap"": false}",,11,11,220.0,220.0,2.578125,0.0,0.5390625,-1.1848011430171017,-11.209542587164895,24.275408321011927,16.184111429987947,-11.170854049250302,2.104103009074846,-8.962872468864356,1.7012769602399882,25.540446326623403,3.448500001425395,3.1171875
3,20260914,FedAvg-ST,20,6,4,4,0.8,0.6666666666666666,3366.5562694013,2872.9961148719067,1852.9766677894706,350,True,1.4654199755018298,1.4654199755018298,0,"{""fit_converged"": true, ""final_update_norm"": 9.354743536931312e-06, ""fit_tolerance"": 1e-05, ""hit_round_cap"": false}",7.3270998775091485,11,11,220.0,220.0,2.578125,2.8125,0.5390625,-0.0,-3.882442709655747,16.94830844350278,8.857011552478799,-3.8437541717411534,0.0,-1.6357725913552077,0.0,18.213346449114255,0.0,5.9296875
3,20260914,FedAvg-P,20,8,2,4,0.6666666666666666,0.5,3179.6626618319788,2489.1162776684514,1612.0563657548832,990,True,1.4654199755018298,1.4654199755018298,0,"{""selected_candidate"": 0, ""candidate_rounds"": [9, 11, 11, 11, 11], ""candidate_diagnostics"": [{""fit_converged"": true, ""final_update_norm"": 4.295703080688834e-06, ""fit_tolerance"": 1e-05, ""hit_round_cap"": false}, {""fit_converged"": true, ""final_update_norm"": 2.1685517215013562e-06, ""fit_tolerance"": 1e-05, ""hit_round_cap"": false}, {""fit_converged"": true, ""final_update_norm"": 1.8931960485297812e-06, ""fit_tolerance"": 1e-05, ""hit_round_cap"": false}, {""fit_converged"": true, ""final_update_norm"": 3.7247888349961123e-06, ""fit_tolerance"": 1e-05, ""hit_round_cap"": false}, {""fit_converged"": true, ""final_update_norm"": 4.1230283748045246e-06, ""fit_tolerance"": 1e-05, ""hit_round_cap"": false}]}",1.4654199755018298,9,53,180.0,1060.0,12.421875,0.3515625,0.5390625,-0.0,-9.757195213513281,22.785311135032195,14.705645686320564,-8.694508508193769,0.0,-7.989346817266872,0.07936937073232397,23.69056257773635,1.9754832120171586,13.3125
4,20260915,Pooled,0,6,4,4,0.8,0.6666666666666666,2568.5814822934362,4435.873298900969,1837.6970834574327,350,True,6.2960917777077565,2.383120854002443,0,{},,0,0,,,0.0,0.0,0.5390625,0.0,-8.993898565199293,16.526552230964967,17.263843754806427,-0.7878653606711077,-0.0,-13.425546451817151,0.0,22.2194341222362,-0.0,0.5390625
4,20260915,Pooled-1SE,0,4,6,4,1.0,1.0,3267.1820161637643,5006.456170850906,1899.31897894536,332,True,6.2960917777077565,16.022573554146064,0,{},,0,0,,,0.0,0.0,0.5390625,0.0,-0.0,12.829862430326182,6.3503232707501045,0.0,0.0,-1.2548873816530355,0.0,17.205872572196416,0.0,0.5390625
4,20260915,Largest-site,0,7,3,4,0.7272727272727273,0.5714285714285714,2568.382085825249,4429.825120204112,1850.8194179617963,862,True,6.2960917777077565,1.9700217343597242,0,{},,0,0,,,0.0,0.0,0.5390625,0.0,-4.557321357654238,18.552425474573752,14.333143548416752,-3.8518311161844285,-0.0,-4.03384927434658,-0.0,28.101771235409814,-0.9977730023639981,0.5390625
4,20260915,Largest-site-1SE,0,3,7,4,0.8571428571428571,0.75,3448.374754274943,5257.947059038845,1976.2788048801035,268,True,6.2960917777077565,16.80759212319053,0,{},,0,0,,,0.0,0.0,0.5390625,0.0,-0.0,11.817508624388722,0.10445044167268337,0.0,0.0,-0.0,0.0,19.804169451914593,0.0,0.5390625
4,20260915,One-shot,0,9,1,4,0.6153846153846154,0.4444444444444444,2666.1058633453545,4500.996685226966,1822.4862150978047,991,True,6.2960917777077565,6.2960917777077565,0,{},,1,1,,,0.234375,0.0,0.5390625,0.013350760405624228,-5.815856209973971,16.259848036617555,13.89444499733789,-1.9259155580922143,0.0,-7.255638623760813,2.4999288558722155,20.68290810253176,-0.49888650118199906,0.7734375
4,20260915,ADMM,0,5,5,4,0.8888888888888888,0.8,2738.6725016009987,4473.385991256214,1800.2385295980343,334,True,6.2960917777077565,6.2960917777077565,0,{},,120,120,,,28.125,0.0,0.5390625,0.0,-2.518586623023675,15.976647838219776,13.280128206904218,-0.0,-0.0,-8.69469965998315,0.0,20.54526762998562,0.0,28.6640625
4,20260915,FedAvg,1,9,1,4,0.6153846153846154,0.4444444444444444,2681.657249970333,4518.121554862838,1820.0512574474922,1007,True,6.2960917777077565,6.2960917777077565,0,"{""fit_converged"": true, ""final_update_norm"": 5.5271334342237776e-06, ""fit_tolerance"": 1e-05, ""hit_round_cap"": false}",,18,18,18.0,18.0,4.21875,0.0,0.5390625,0.32247569766918305,-5.943735549164453,16.410147052107583,14.59994937977614,0.0,-1.1955036224234585,-10.264736029230926,0.09768762418377623,19.422881865983676,-0.8586365466746724,4.7578125
4,20260915,FedAvg-ST,1,5,5,4,0.8888888888888888,0.8,3287.197676323661,5062.955380182134,1888.6765073106885,334,True,6.2960917777077565,6.2960917777077565,0,"{""fit_converged"": true, ""final_update_norm"": 5.5271334342237776e-06, ""fit_tolerance"": 1e-05, ""hit_round_cap"": false}",5.239749527695378,18,18,18.0,18.0,4.21875,2.8125,0.5390625,0.0,-0.703986021469075,11.170397524412206,9.360199852080761,0.0,-0.0,-5.024986501535548,0.0,14.1831323382883,-0.0,7.5703125
4,20260915,FedAvg-P,1,4,6,4,1.0,1.0,3403.7451395245166,4769.216382624249,1927.8976348262709,332,True,6.2960917777077565,6.2960917777077565,0,"{""selected_candidate"": 0, ""candidate_rounds"": [17, 17, 17, 17, 17], ""candidate_diagnostics"": [{""fit_converged"": true, ""final_update_norm"": 3.8491388133035506e-06, ""fit_tolerance"": 1e-05, ""hit_round_cap"": false}, {""fit_converged"": true, ""final_update_norm"": 5.7516733812966e-06, ""fit_tolerance"": 1e-05, ""hit_round_cap"": false}, {""fit_converged"": true, ""final_update_norm"": 6.299030562401659e-06, ""fit_tolerance"": 1e-05, ""hit_round_cap"": false}, {""fit_converged"": true, ""final_update_norm"": 9.453819941650203e-06, ""fit_tolerance"": 1e-05, ""hit_round_cap"": false}, {""fit_converged"": true, ""final_update_norm"": 5.566330875339629e-06, ""fit_tolerance"": 1e-05, ""hit_round_cap"": false}]}",6.2960917777077565,17,85,17.0,85.0,19.921875,0.3515625,0.5390625,0.0,-0.0,18.392442521376857,7.942084398855316,0.0,-0.0,-3.874688606789597,0.0,8.081189134836574,-0.0,20.8125
4,20260915,FedAvg,3,8,2,4,0.6666666666666666,0.5,2658.8017744692497,4509.871404489225,1820.6051067186845,1006,True,6.2960917777077565,6.2960917777077565,0,"{""fit_converged"": true, ""final_update_norm"": 6.485853100117156e-07, ""fit_tolerance"": 1e-05, ""hit_round_cap"": false}",,8,8,24.0,24.0,1.875,0.0,0.5390625,0.0,-6.026930022772978,16.150074043231154,14.152597473625418,0.0,-1.5979631233095717,-9.341306090456197,1.4989690518192555,19.972055140920276,-0.4998961090560774,2.4140625
4,20260915,FedAvg-ST,3,5,5,4,0.8888888888888888,0.8,3141.533682727514,4952.257716381626,1861.6041258802745,334,True,6.2960917777077565,6.2960917777077565,0,"{""fit_converged"": true, ""final_update_norm"": 6.485853100117156e-07, ""fit_tolerance"": 1e-05, ""hit_round_cap"": false}",4.187638763692482,8,8,24.0,24.0,1.875,2.8125,0.5390625,0.0,-1.839291259080496,11.96243527953867,9.964958709932937,0.0,-0.0,-5.153667326763714,0.0,15.784416377227792,-0.0,5.2265625
4,20260915,FedAvg-P,3,5,5,4,0.8888888888888888,0.8,2987.0214238248655,4807.093259053654,1832.861190302979,334,True,6.2960917777077565,6.2960917777077565,0,"{""selected_candidate"": 1, ""candidate_rounds"": [6, 6, 6, 7, 7], ""candidate_diagnostics"": [{""fit_converged"": true, ""final_update_norm"": 4.849123592785358e-07, ""fit_tolerance"": 1e-05, ""hit_round_cap"": false}, {""fit_converged"": true, ""final_update_norm"": 4.149152616864203e-07, ""fit_tolerance"": 1e-05, ""hit_round_cap"": false}, {""fit_converged"": true, ""final_update_norm"": 1.3838241711228879e-06, ""fit_tolerance"": 1e-05, ""hit_round_cap"": false}, {""fit_converged"": true, ""final_update_norm"": 2.863223578412323e-07, ""fit_tolerance"": 1e-05, ""hit_round_cap"": false}, {""fit_converged"": true, ""final_update_norm"": 7.378641524047408e-06, ""fit_tolerance"": 1e-05, ""hit_round_cap"": false}]}",3.1480458888538783,6,32,18.0,96.0,7.5,0.3515625,0.5390625,0.0,-3.0108932187846795,12.979058729621126,11.341714573512945,0.0,-0.0,-6.514641860736645,0.0,16.751796039250586,-0.0,8.390625
4,20260915,FedAvg,20,10,0,4,0.5714285714285714,0.4,2663.794843962329,4508.490898223578,1822.169420579642,1023,True,6.2960917777077565,6.2960917777077565,0,"{""fit_converged"": true, ""final_update_norm"": 3.4449402598132856e-07, ""fit_tolerance"": 1e-05, ""hit_round_cap"": false}",,6,6,120.0,120.0,1.40625,0.0,0.5390625,0.013350760909975185,-5.8376751656894665,16.2456648195065,13.892853539326236,-0.4203197348092784,-1.271825083511567,-7.835359534529873,2.499928855867347,20.142445464623652,-0.5062572704936037,1.9453125
4,20260915,FedAvg-ST,20,5,5,4,0.8888888888888888,0.8,3177.868902952491,4983.606925052057,1872.0335144390574,334,True,6.2960917777077565,6.2960917777077565,0,"{""fit_converged"": true, ""final_update_norm"": 3.4449402598132856e-07, ""fit_tolerance"": 1e-05, ""hit_round_cap"": false}",4.187638763692482,6,6,120.0,120.0,1.40625,2.8125,0.5390625,0.0,-1.6500364019969842,12.058026055814018,9.705214775633753,-0.0,-0.0,-3.647720770837391,0.0,15.954806700931169,-0.0,4.7578125
4,20260915,FedAvg-P,20,5,5,4,0.8888888888888888,0.8,3027.9360738957366,4843.514501469741,1843.397781950664,334,True,6.2960917777077565,6.2960917777077565,0,"{""selected_candidate"": 1, ""candidate_rounds"": [4, 4, 6, 12, 13], ""candidate_diagnostics"": [{""fit_converged"": true, ""final_update_norm"": 9.808043351974919e-09, ""fit_tolerance"": 1e-05, ""hit_round_cap"": false}, {""fit_converged"": true, ""final_update_norm"": 1.5692798136476892e-08, ""fit_tolerance"": 1e-05, ""hit_round_cap"": false}, {""fit_converged"": true, ""final_update_norm"": 2.6303482781309967e-06, ""fit_tolerance"": 1e-05, ""hit_round_cap"": false}, {""fit_converged"": true, ""final_update_norm"": 5.111629408289754e-06, ""fit_tolerance"": 1e-05, ""hit_round_cap"": false}, {""fit_converged"": true, ""final_update_norm"": 5.312871073940334e-06, ""fit_tolerance"": 1e-05, ""hit_round_cap"": false}]}",3.1480458888538783,4,39,80.0,780.0,9.140625,0.3515625,0.5390625,0.0,-2.688069046782469,13.098610001034686,10.744923597793996,-0.0,-0.0,-4.645769494578786,0.0,17.033116919247657,-0.0,10.03125
5,20260916,Pooled,0,9,1,2,0.36363636363636365,0.2222222222222222,2962.1868986760837,2842.158933403177,3077.212743020876,991,True,16.131896704038404,0.5181236652834951,0,{},,0,0,,,0.0,0.0,0.5390625,-4.273140471693914,-8.262302957714208,27.891964584714536,16.02839040404994,-4.388625841105441,-0.0,-10.032199377535267,1.3170935596180393,22.959825196777093,5.361914178025138,0.5390625
5,20260916,Pooled-1SE,0,2,8,2,1.0,1.0,3974.5255718683234,3043.3772923802308,2513.98132989535,260,True,16.131896704038404,23.421022048110174,0,{},,0,0,,,0.0,0.0,0.5390625,0.0,0.0,18.241745093630588,0.0,0.0,0.0,-0.0,0.0,13.702875793128634,0.0,0.5390625
5,20260916,Largest-site,0,4,6,2,0.6666666666666666,0.5,3423.8343726922044,2797.295707737171,2513.493774385218,780,True,16.131896704038404,13.83221576448054,0,{},,0,0,,,0.0,0.0,0.5390625,-0.0,0.0,16.060845857404335,10.390907080158266,0.0,0.0,-0.0,0.0,21.529335511948748,1.5322326182489971,0.5390625
5,20260916,Largest-site-1SE,0,3,7,2,0.8,0.6666666666666666,4498.408024082672,3166.398138708934,2609.2179729755258,268,True,16.131896704038404,28.264192501845297,0,{},,0,0,,,0.0,0.0,0.5390625,0.0,0.0,9.547536397927598,0.7257994333969812,0.0,0.0,-0.0,0.0,13.596336368716313,0.0,0.5390625
5,20260916,One-shot,0,6,4,2,0.5,0.3333333333333333,3407.2006779329545,2925.899278745118,2489.602634662126,972,True,16.131896704038404,16.131896704038404,0,{},,1,1,,,0.234375,0.0,0.5390625,0.0,0.0,21.03944292539506,9.78701236730964,0.0,0.0,-0.11311400570028461,1.5248915942645045,14.436660963519554,0.7661163091244986,0.7734375
5,20260916,ADMM,0,3,7,2,0.8,0.6666666666666666,3484.17348572771,2903.5554624340775,2470.93914038213,268,True,16.131896704038404,16.131896704038404,0,{},,105,105,,,24.609375,0.0,0.5390625,0.0,0.0,22.437118518725615,4.043447329836584,0.0,0.0,-0.0,0.0,17.391254956625303,0.0,25.1484375
5,20260916,FedAvg,1,6,4,2,0.5,0.3333333333333333,3402.6918970768033,2918.428214304416,2490.8616614360844,909,True,16.131896704038404,16.131896704038404,0,"{""fit_converged"": true, ""final_update_norm"": 5.014733321808115e-06, ""fit_tolerance"": 1e-05, ""hit_round_cap"": false}",,16,16,16.0,16.0,3.75,0.0,0.5390625,0.3924663036016775,0.0,21.25628266329445,9.608420300319372,0.0,0.0,0.0,0.7895432946134392,15.263833645880368,0.12054111721736999,4.2890625
5,20260916,FedAvg-ST,1,3,7,2,0.8,0.6666666666666666,4333.187067959662,3259.1113884114006,2585.5160158427625,268,True,16.131896704038404,16.131896704038404,0,"{""fit_converged"": true, ""final_update_norm"": 5.014733321808115e-06, ""fit_tolerance"": 1e-05, ""hit_round_cap"": false}",6.853319229752308,16,16,16.0,16.0,3.75,2.8125,0.5390625,0.0,0.0,14.40296343354214,2.755101070567064,0.0,0.0,0.0,0.0,8.41051441612806,0.0,7.1015625
5,20260916,FedAvg-P,1,3,7,2,0.8,0.6666666666666666,3802.3636495219203,3163.8348754034314,2514.050854599574,268,True,16.131896704038404,16.131896704038404,1,"{""selected_candidate"": 2, ""candidate_rounds"": [6, 8, 18, 500, 15], ""candidate_diagnostics"": [{""fit_converged"": true, ""final_update_norm"": 4.2116122855873073e-07, ""fit_tolerance"": 1e-05, ""hit_round_cap"": false}, {""fit_converged"": true, ""final_update_norm"": 3.9099122566706045e-06, ""fit_tolerance"": 1e-05, ""hit_round_cap"": false}, {""fit_converged"": true, ""final_update_norm"": 8.416197214116567e-06, ""fit_tolerance"": 1e-05, ""hit_round_cap"": false}, {""fit_converged"": false, ""final_update_norm"": 0.4962459419215407, ""fit_tolerance"": 1e-05, ""hit_round_cap"": true}, {""fit_converged"": true, ""final_update_norm"": 7.057624681661809e-06, ""fit_tolerance"": 1e-05, ""hit_round_cap"": false}]}",4.032974176009601,18,547,18.0,547.0,128.203125,0.3515625,0.5390625,0.0,0.0,21.91814421568128,6.745534120552664,0.0,0.0,-0.0,0.0,7.517156082603421,0.0,129.09375
5,20260916,FedAvg,3,6,4,2,0.5,0.3333333333333333,3401.7706704347192,2923.874822975117,2488.5670037323616,972,True,16.131896704038404,16.131896704038404,0,"{""fit_converged"": true, ""final_update_norm"": 5.3240069424331025e-06, ""fit_tolerance"": 1e-05, ""hit_round_cap"": false}",,6,6,18.0,18.0,1.40625,0.0,0.5390625,0.0,0.0,21.268957816625772,9.77440976305282,0.0,0.0,-0.015169015159095346,1.2661943861163178,14.722838111321469,0.6691438820902339,1.9453125
5,20260916,FedAvg-ST,3,3,7,2,0.8,0.6666666666666666,4125.339286348636,3178.874435158871,2549.233019387332,268,True,16.131896704038404,16.131896704038404,0,"{""fit_converged"": true, ""final_update_norm"": 5.3240069424331025e-06, ""fit_tolerance"": 1e-05, ""hit_round_cap"": false}",5.47721319784016,6,6,18.0,18.0,1.40625,2.8125,0.5390625,0.0,0.0,15.79174461878561,4.297196565212659,0.0,0.0,-0.0,0.0,9.245624913481308,0.0,4.7578125
5,20260916,FedAvg-P,3,3,7,2,0.8,0.6666666666666666,3905.042850821062,3091.3550450725243,2516.384936740332,268,True,16.131896704038404,16.131896704038404,0,"{""selected_candidate"": 2, ""candidate_rounds"": [4, 6, 6, 5, 6], ""candidate_diagnostics"": [{""fit_converged"": true, ""final_update_norm"": 2.469144781969135e-07, ""fit_tolerance"": 1e-05, ""hit_round_cap"": false}, {""fit_converged"": true, ""final_update_norm"": 1.3843128658065634e-07, ""fit_tolerance"": 1e-05, ""hit_round_cap"": false}, {""fit_converged"": true, ""final_update_norm"": 1.4944326719350808e-07, ""fit_tolerance"": 1e-05, ""hit_round_cap"": false}, {""fit_converged"": true, ""final_update_norm"": 7.216062055434754e-06, ""fit_tolerance"": 1e-05, ""hit_round_cap"": false}, {""fit_converged"": true, ""final_update_norm"": 3.9247716104916767e-07, ""fit_tolerance"": 1e-05, ""hit_round_cap"": false}]}",4.032974176009601,6,27,18.0,81.0,6.328125,0.3515625,0.5390625,0.0,0.0,17.26000048262707,5.961265621454119,0.0,0.0,-0.0,0.0,10.57102533947693,0.0,7.21875
5,20260916,FedAvg,20,6,4,2,0.5,0.3333333333333333,3407.2006772711466,2925.899279456292,2489.602634609737,972,True,16.131896704038404,16.131896704038404,0,"{""fit_converged"": true, ""final_update_norm"": 2.441312345154075e-07, ""fit_tolerance"": 1e-05, ""hit_round_cap"": false}",,2,2,40.0,40.0,0.46875,0.0,0.5390625,0.0,0.0,21.039442977761446,9.787012356650887,0.0,0.0,-0.11311399377395842,1.5248915931665648,14.43666094724349,0.7661163107520965,1.0078125
5,20260916,FedAvg-ST,20,3,7,2,0.8,0.6666666666666666,4153.653936878834,3194.1374685390247,2554.768019063473,268,True,16.131896704038404,16.131896704038404,0,"{""fit_converged"": true, ""final_update_norm"": 2.441312345154075e-07, ""fit_tolerance"": 1e-05, ""hit_round_cap"": false}",5.47721319784016,2,2,40.0,40.0,0.46875,2.8125,0.5390625,0.0,0.0,15.562229779921285,4.309799158810727,0.0,0.0,-0.0,0.0,8.959447749403331,0.0,3.8203125
5,20260916,FedAvg-P,20,3,7,2,0.8,0.6666666666666666,3934.8340712360687,3102.074331485236,2520.4019865659648,268,True,16.131896704038404,16.131896704038404,0,"{""selected_candidate"": 2, ""candidate_rounds"": [2, 2, 2, 2, 2], ""candidate_diagnostics"": [{""fit_converged"": true, ""final_update_norm"": 3.586279717637808e-09, ""fit_tolerance"": 1e-05, ""hit_round_cap"": false}, {""fit_converged"": true, ""final_update_norm"": 8.968221476162365e-08, ""fit_tolerance"": 1e-05, ""hit_round_cap"": false}, {""fit_converged"": true, ""final_update_norm"": 1.485670884929983e-07, ""fit_tolerance"": 1e-05, ""hit_round_cap"": false}, {""fit_converged"": true, ""final_update_norm"": 1.735205202262305e-07, ""fit_tolerance"": 1e-05, ""hit_round_cap"": false}, {""fit_converged"": true, ""final_update_norm"": 1.8986568654567158e-07, ""fit_tolerance"": 1e-05, ""hit_round_cap"": false}]}",4.032974176009601,2,10,40.0,200.0,2.34375,0.3515625,0.5390625,0.0,0.0,17.00646876072438,5.754038219152195,0.0,0.0,-0.0,0.0,10.403686748679052,0.0,3.234375
6,20260917,Pooled,0,7,3,3,0.6,0.42857142857142855,2839.772632851859,3257.8342910215947,1830.0262890450604,351,True,4.429868468610687,1.2537428393523558,0,{},,0,0,,,0.0,0.0,0.5390625,-0.9566970662094235,-10.057869301089822,21.964925261912533,16.744895912014712,-5.723305118296091,-0.0,-7.503103067951944,0.0,26.717982092633715,0.0,0.5390625
6,20260917,Pooled-1SE,0,3,7,3,1.0,1.0,3522.2304765586277,3649.330005647697,1875.7046944836768,268,True,4.429868468610687,13.573480527144179,0,{},,0,0,,,0.0,0.0,0.5390625,0.0,-0.0,18.2406914263944,6.445652268968936,-0.0,-0.0,-0.0,0.0,19.09089811303106,0.0,0.5390625
6,20260917,Largest-site,0,10,0,3,0.46153846153846156,0.3,2906.369660904401,3199.8188528131163,1942.6566195529012,1023,True,4.429868468610687,0.25219779937927206,0,{},,0,0,,,0.0,0.0,0.5390625,-3.0289205898740876,-10.424888068498323,27.099013239295168,11.204223903262738,-15.78165080833733,4.018488016674612,-4.086673266023063,-1.3737182845855378,31.07383177174388,2.638267761282989,0.5390625
6,20260917,Largest-site-1SE,0,2,8,3,0.8,0.6666666666666666,3827.6870415145067,3883.148890606352,1979.6746876468699,260,True,4.429868468610687,18.357361412358447,0,{},,0,0,,,0.0,0.0,0.5390625,0.0,-0.0,19.018720765893853,0.0,-0.0,-0.0,-0.0,0.0,16.473606380888423,0.0,0.5390625
6,20260917,One-shot,0,10,0,3,0.46153846153846156,0.3,2934.2570240462755,3271.4407438420094,1839.9139025321135,1023,True,4.429868468610687,4.429868468610687,0,{},,1,1,,,0.234375,0.0,0.5390625,-1.5144602949370438,-6.499451255336562,21.040229394548188,14.130344203798252,-7.890825404168665,2.009244008337306,-5.126795930826861,-0.6868591422927689,25.980864476245397,1.3191338806414945,0.7734375
6,20260917,ADMM,0,5,5,3,0.75,0.6,2968.79186216958,3308.5955683162856,1792.2244567342682,334,True,4.429868468610687,4.429868468610687,0,{},,124,124,,,29.0625,0.0,0.5390625,-0.0,-5.185153953419221,20.88491956669313,13.226393262327326,-0.0,-0.0,-5.930203133476693,0.0,22.274466348282324,0.0,29.6015625
6,20260917,FedAvg,1,9,1,3,0.5,0.3333333333333333,2954.5412885870796,3289.4079950971827,1812.7235109818726,895,True,4.429868468610687,4.429868468610687,0,"{""fit_converged"": true, ""final_update_norm"": 9.409095230978642e-06, ""fit_tolerance"": 1e-05, ""hit_round_cap"": false}",,21,21,21.0,21.0,4.921875,0.0,0.5390625,-2.047713992859092,-6.43141125365406,21.25777785368081,14.925970601368599,-4.243650821010029,-0.3002285415468415,-5.836682806220495,0.0,23.702665714037163,0.617168639379542,5.4609375
6,20260917,FedAvg-ST,1,5,5,3,0.75,0.6,3407.224508304897,3642.355875314252,1850.0853299413657,334,True,4.429868468610687,4.429868468610687,0,"{""fit_converged"": true, ""final_update_norm"": 9.409095230978642e-06, ""fit_tolerance"": 1e-05, ""hit_round_cap"": false}",4.612874343093689,21,21,21.0,21.0,4.921875,2.8125,0.5390625,-0.0,-1.818536910560371,16.64490351058712,10.31309625827491,-0.0,-0.0,-1.2238084631268062,0.0,19.089791370943473,0.0,8.2734375
6,20260917,FedAvg-P,1,4,6,3,0.8571428571428571,0.75,3295.517978694518,3467.8840592342726,1840.0018861709584,332,True,4.429868468610687,4.429868468610687,0,"{""selected_candidate"": 0, ""candidate_rounds"": [19, 19, 20, 20, 20], ""candidate_diagnostics"": [{""fit_converged"": true, ""final_update_norm"": 4.145646471577916e-06, ""fit_tolerance"": 1e-05, ""hit_round_cap"": false}, {""fit_converged"": true, ""final_update_norm"": 8.079948732347446e-06, ""fit_tolerance"": 1e-05, ""hit_round_cap"": false}, {""fit_converged"": true, ""final_update_norm"": 4.857654325866738e-06, ""fit_tolerance"": 1e-05, ""hit_round_cap"": false}, {""fit_converged"": true, ""final_update_norm"": 5.947097115336714e-06, ""fit_tolerance"": 1e-05, ""hit_round_cap"": false}, {""fit_converged"": true, ""final_update_norm"": 6.171236513084658e-06, ""fit_tolerance"": 1e-05, ""hit_round_cap"": false}]}",4.429868468610687,19,98,19.0,98.0,22.96875,0.3515625,0.5390625,-0.0,-0.0,23.287627303572236,9.755843004237308,-0.0,-0.0,-1.9672745184107638,0.0,15.272732171464229,-0.0,23.859375
6,20260917,FedAvg,3,9,1,3,0.5,0.3333333333333333,2934.4173199467277,3272.894265932829,1817.8167367659194,991,True,4.429868468610687,4.429868468610687,0,"{""fit_converged"": true, ""final_update_norm"": 3.941813412418201e-06, ""fit_tolerance"": 1e-05, ""hit_round_cap"": false}",,16,16,48.0,48.0,3.75,0.0,0.5390625,-1.5744451383890683,-6.752088761350025,20.86513336751408,14.28181905191802,-5.4204550534221125,0.0,-5.927939424214092,-0.22961462945554403,24.84044753342245,1.2802077274570667,4.2890625
6,20260917,FedAvg-ST,3,6,4,3,0.6666666666666666,0.5,3408.3891733828023,3637.589490477466,1851.2881038549726,350,True,4.429868468610687,4.429868468610687,0,"{""fit_converged"": true, ""final_update_norm"": 3.941813412418201e-06, ""fit_tolerance"": 1e-05, ""hit_round_cap"": false}",4.612874343093689,16,16,48.0,48.0,3.75,2.8125,0.5390625,-0.0,-2.139214418256336,16.25225902442039,9.66894470882433,-0.8075807103284234,0.0,-1.3150650811204025,-0.0,20.22757319032876,0.0,7.1015625
6,20260917,FedAvg-P,3,6,4,3,0.6666666666666666,0.5,3356.036920705007,3597.6431636906286,1840.3388226798447,350,True,4.429868468610687,4.429868468610687,0,"{""selected_candidate"": 0, ""candidate_rounds"": [8, 8, 9, 9, 10], ""candidate_diagnostics"": [{""fit_converged"": true, ""final_update_norm"": 4.342118674017648e-06, ""fit_tolerance"": 1e-05, ""hit_round_cap"": false}, {""fit_converged"": true, ""final_update_norm"": 4.994276211495132e-06, ""fit_tolerance"": 1e-05, ""hit_round_cap"": false}, {""fit_converged"": true, ""final_update_norm"": 2.1221980997757604e-06, ""fit_tolerance"": 1e-05, ""hit_round_cap"": false}, {""fit_converged"": true, ""final_update_norm"": 2.1104994227552126e-06, ""fit_tolerance"": 1e-05, ""hit_round_cap"": false}, {""fit_converged"": true, ""final_update_norm"": 1.3929623872798293e-06, ""fit_tolerance"": 1e-05, ""hit_round_cap"": false}]}",4.429868468610687,8,44,24.0,132.0,10.3125,0.3515625,0.5390625,-0.0,-2.2971426629734486,16.981376366049304,10.178784425477508,-0.3723851534921412,-0.0,-1.849011769675517,-0.0,19.715940660955617,0.0,11.203125
6,20260917,FedAvg,20,10,0,3,0.46153846153846156,0.3,2938.534725268262,3271.3468585088285,1828.5487232303756,1023,True,4.429868468610687,4.429868468610687,0,"{""fit_converged"": true, ""final_update_norm"": 2.240369929987417e-06, ""fit_tolerance"": 1e-05, ""hit_round_cap"": false}",,8,8,160.0,160.0,1.875,0.0,0.5390625,-1.5118401266068293,-6.461248528211907,21.061420482287524,14.086565732094193,-6.161082120807054,0.6694807267740069,-5.859703964066897,-0.9323313652473334,25.357680082405572,1.3440796638341894,2.4140625
6,20260917,FedAvg-ST,20,6,4,3,0.6666666666666666,0.5,3403.1643742629412,3615.048528328455,1850.6549851088046,350,True,4.429868468610687,4.429868468610687,0,"{""fit_converged"": true, ""final_update_norm"": 2.240369929987417e-06, ""fit_tolerance"": 1e-05, ""hit_round_cap"": false}",4.612874343093689,8,8,160.0,160.0,1.875,2.8125,0.5390625,-0.0,-1.8483741851182183,16.448546139193834,9.473691389000503,-1.5482077777133645,0.0,-1.246829620973208,-0.0,20.744805739311882,0.0,5.2265625
6,20260917,FedAvg-P,20,6,4,3,0.6666666666666666,0.5,3380.0162094802704,3597.234203515698,1846.1953883635088,350,True,4.429868468610687,4.429868468610687,0,"{""selected_candidate"": 0, ""candidate_rounds"": [6, 6, 6, 8, 8], ""candidate_diagnostics"": [{""fit_converged"": true, ""final_update_norm"": 6.288217975069477e-07, ""fit_tolerance"": 1e-05, ""hit_round_cap"": false}, {""fit_converged"": true, ""final_update_norm"": 4.1363026235819507e-07, ""fit_tolerance"": 1e-05, ""hit_round_cap"": false}, {""fit_converged"": true, ""final_update_norm"": 2.736032728402654e-07, ""fit_tolerance"": 1e-05, ""hit_round_cap"": false}, {""fit_converged"": true, ""final_update_norm"": 1.0592886079503174e-06, ""fit_tolerance"": 1e-05, ""hit_round_cap"": false}, {""fit_converged"": true, ""final_update_norm"": 1.0666629691622747e-06, ""fit_tolerance"": 1e-05, ""hit_round_cap"": false}]}",4.429868468610687,6,34,120.0,680.0,7.96875,0.3515625,0.5390625,-0.0,-2.030670330526732,16.633303796991356,9.658252569822428,-1.7325544576946408,0.0,-1.4170305286704803,-0.0,20.924162646530377,0.0,8.859375
7,20260918,Pooled,0,10,0,3,0.46153846153846156,0.3,3264.871925435909,2857.84904430615,1961.0880912025282,1023,True,3.855334062713464,0.051018169400137967,0,{},,0,0,,,0.0,0.0,0.5390625,4.497622218645505,-10.061512413142761,29.88725515713892,14.14982352160083,-29.023549785214243,18.304004293681153,-1.1062468614100944,3.9699466105742887,31.10118353814513,2.689259177347798,0.5390625
7,20260918,Pooled-1SE,0,3,7,3,1.0,1.0,3673.220365617035,3182.0444480194906,1874.3057231161874,268,True,3.855334062713464,15.505418485497179,0,{},,0,0,,,0.0,0.0,0.5390625,0.0,-0.0,25.66814407609182,4.310791094739898,0.0,0.0,-0.0,0.0,16.612336058196085,0.0,0.5390625
7,20260918,Largest-site,0,8,2,3,0.5454545454545454,0.375,3519.4949197478672,3004.3544406793676,1770.7564040698583,879,True,3.855334062713464,4.4754565420803285,0,{},,0,0,,,0.0,0.0,0.5390625,6.950914228244665,-2.8698365404597377,28.01418641722097,6.006816402396971,-0.0,-0.11160180734318374,-8.528775135310775,0.0,19.328431803239496,2.040095320318968,0.5390625
7,20260918,Largest-site-1SE,0,3,7,3,1.0,1.0,3886.555120009841,3365.1451548941245,1994.1912704368153,268,True,3.855334062713464,18.68645844990113,0,{},,0,0,,,0.0,0.0,0.5390625,0.0,-0.0,21.943222679739055,0.24781953872555837,0.0,0.0,-0.0,0.0,16.117710345556503,0.0,0.5390625
7,20260918,One-shot,0,10,0,3,0.46153846153846156,0.3,3371.071605012079,2876.524209150934,1754.9485458820627,1023,True,3.855334062713464,3.855334062713464,0,{},,1,1,,,0.234375,0.0,0.5390625,2.8227999534668684,-3.6395855476883927,30.14312577207192,10.24237229453499,-1.9332896532126111,-0.05580090367159187,-9.308808751901463,0.22803452693091208,20.709257960722567,2.387974188240897,0.7734375
7,20260918,ADMM,0,6,4,3,0.6666666666666666,0.5,3374.8414868313703,2878.0377331756604,1744.303757299684,335,True,3.855334062713464,3.855334062713464,0,{},,138,138,,,32.34375,0.0,0.5390625,1.124782231327379,-3.0174636417968967,29.792296329023245,11.461285219394904,-0.0,-0.0,-8.13882482890026,0.0,19.979691147674625,0.0,32.8828125
7,20260918,FedAvg,1,10,0,3,0.46153846153846156,0.3,3370.5634598629485,2871.2350701822697,1751.692391066541,1023,True,3.855334062713464,3.855334062713464,0,"{""fit_converged"": true, ""final_update_norm"": 7.3375898970224e-06, ""fit_tolerance"": 1e-05, ""hit_round_cap"": false}",,19,19,19.0,19.0,4.453125,0.0,0.5390625,2.5564639670693903,-3.6154372001132327,29.43809496446994,10.232386580475081,-0.06210112093418209,-0.9655071418862817,-8.303585302624883,0.4803844781549998,20.464442687257417,2.3414873837086496,4.9921875
7,20260918,FedAvg-ST,1,4,6,3,0.8571428571428571,0.75,3742.5043426234715,3237.9714070271284,1921.5684844205825,332,True,3.855334062713464,3.855334062713464,0,"{""fit_converged"": true, ""final_update_norm"": 7.3375898970224e-06, ""fit_tolerance"": 1e-05, ""hit_round_cap"": false}",6.285291731249145,19,19,19.0,19.0,4.453125,2.8125,0.5390625,0.0,-0.0,23.152803233220794,3.9470948492259366,-0.0,-0.0,-2.0182935713757386,0.0,14.179150956008272,0.0,7.8046875
7,20260918,FedAvg-P,1,5,5,3,0.75,0.6,3545.7089437430573,3162.856463304541,1795.4326569851125,333,True,3.855334062713464,3.855334062713464,0,"{""selected_candidate"": 0, ""candidate_rounds"": [19, 18, 18, 18, 18], ""candidate_diagnostics"": [{""fit_converged"": true, ""final_update_norm"": 4.199436788794539e-06, ""fit_tolerance"": 1e-05, ""hit_round_cap"": false}, {""fit_converged"": true, ""final_update_norm"": 8.049454523234592e-06, ""fit_tolerance"": 1e-05, ""hit_round_cap"": false}, {""fit_converged"": true, ""final_update_norm"": 7.046960522032561e-06, ""fit_tolerance"": 1e-05, ""hit_round_cap"": false}, {""fit_converged"": true, ""final_update_norm"": 7.860999929679762e-06, ""fit_tolerance"": 1e-05, ""hit_round_cap"": false}, {""fit_converged"": true, ""final_update_norm"": 8.360263018662302e-06, ""fit_tolerance"": 1e-05, ""hit_round_cap"": false}]}",3.855334062713464,19,91,19.0,91.0,21.328125,0.3515625,0.5390625,0.43734023489056817,-0.0,32.29693347760501,7.353882508935676,0.0,-0.0,-4.621735911567214,0.0,12.764695234319117,0.0,22.21875
7,20260918,FedAvg,3,10,0,3,0.46153846153846156,0.3,3369.9301801192855,2878.2783637233247,1755.617234376663,1023,True,3.855334062713464,3.855334062713464,0,"{""fit_converged"": true, ""final_update_norm"": 2.60648461822095e-06, ""fit_tolerance"": 1e-05, ""hit_round_cap"": false}",,9,9,27.0,27.0,2.109375,0.0,0.5390625,2.882359849678802,-3.5935718191278267,30.099298477017648,10.033979378792424,-0.4574654489504557,-1.5180459785438902,-9.448063046195305,0.34160453126017204,20.1896571312099,2.6098545448189228,2.6484375
7,20260918,FedAvg-ST,3,4,6,3,0.8571428571428571,0.75,3714.7571887675067,3219.527499020548,1906.7222740948382,332,True,3.855334062713464,3.855334062713464,0,"{""fit_converged"": true, ""final_update_norm"": 2.60648461822095e-06, ""fit_tolerance"": 1e-05, ""hit_round_cap"": false}",6.285291731249145,9,9,27.0,27.0,2.109375,2.8125,0.5390625,0.0,-0.0,23.814006745768502,3.748687647543279,-0.0,-0.0,-3.16277131494616,0.0,13.904365399960753,0.0,5.4609375
7,20260918,FedAvg-P,3,4,6,3,0.8571428571428571,0.75,3532.2750852605013,3000.1162415097533,1801.416257828756,332,True,3.855334062713464,3.855334062713464,0,"{""selected_candidate"": 0, ""candidate_rounds"": [7, 8, 9, 8, 9], ""candidate_diagnostics"": [{""fit_converged"": true, ""final_update_norm"": 2.0771937569973055e-06, ""fit_tolerance"": 1e-05, ""hit_round_cap"": false}, {""fit_converged"": true, ""final_update_norm"": 7.690046195375004e-07, ""fit_tolerance"": 1e-05, ""hit_round_cap"": false}, {""fit_converged"": true, ""final_update_norm"": 8.529658918648911e-06, ""fit_tolerance"": 1e-05, ""hit_round_cap"": false}, {""fit_converged"": true, ""final_update_norm"": 1.8142322317296453e-06, ""fit_tolerance"": 1e-05, ""hit_round_cap"": false}, {""fit_converged"": true, ""final_update_norm"": 2.5744516218062126e-06, ""fit_tolerance"": 1e-05, ""hit_round_cap"": false}]}",3.855334062713464,7,41,21.0,123.0,9.609375,0.3515625,0.5390625,0.0,-0.0,26.405606425145905,6.666061788445063,-0.0,-0.0,-5.737485713592472,0.0,16.220964138994983,0.0,10.5
7,20260918,FedAvg,20,10,0,3,0.46153846153846156,0.3,3370.990217269297,2878.1617636665596,1754.5448375887556,1023,True,3.855334062713464,3.855334062713464,0,"{""fit_converged"": true, ""final_update_norm"": 6.254729959058135e-06, ""fit_tolerance"": 1e-05, ""hit_round_cap"": false}",,8,8,160.0,160.0,1.875,0.0,0.5390625,2.821307353600217,-3.6777519175067654,30.142706635906762,10.238790854696104,-1.0759097629995125,-0.7063925931866951,-9.714545810357363,0.11776531871473023,20.362406308508383,2.4132879751025516,2.4140625
7,20260918,FedAvg-ST,20,4,6,3,0.8571428571428571,0.75,3699.9850596614283,3198.514137652619,1898.3593755046284,332,True,3.855334062713464,3.855334062713464,0,"{""fit_converged"": true, ""final_update_norm"": 6.254729959058135e-06, ""fit_tolerance"": 1e-05, ""hit_round_cap"": false}",6.285291731249145,8,8,160.0,160.0,1.875,2.8125,0.5390625,0.0,-0.0,23.857414904657617,3.953499123446959,-0.0,-0.0,-3.429254079108218,0.0,14.077114577259238,0.0,5.2265625
7,20260918,FedAvg-P,20,4,6,3,0.8571428571428571,0.75,3532.7029526642546,2994.6913163814133,1801.557732348295,332,True,3.855334062713464,3.855334062713464,0,"{""selected_candidate"": 0, ""candidate_rounds"": [5, 6, 6, 8, 8], ""candidate_diagnostics"": [{""fit_converged"": true, ""final_update_norm"": 9.603198573151557e-06, ""fit_tolerance"": 1e-05, ""hit_round_cap"": false}, {""fit_converged"": true, ""final_update_norm"": 4.7110659279467547e-07, ""fit_tolerance"": 1e-05, ""hit_round_cap"": false}, {""fit_converged"": true, ""final_update_norm"": 7.757799380568943e-07, ""fit_tolerance"": 1e-05, ""hit_round_cap"": false}, {""fit_converged"": true, ""final_update_norm"": 8.391903692829324e-06, ""fit_tolerance"": 1e-05, ""hit_round_cap"": false}, {""fit_converged"": true, ""final_update_norm"": 7.233110833923077e-06, ""fit_tolerance"": 1e-05, ""hit_round_cap"": false}]}",3.855334062713464,5,33,100.0,660.0,7.734375,0.3515625,0.5390625,0.0,-0.0,26.286217318404116,6.383232770115885,-0.0,-0.0,-5.817521552060665,0.0,16.547944630309612,0.0,8.625
8,20260919,Pooled,0,10,0,4,0.5714285714285714,0.4,3445.222779165734,2397.02395456853,1772.0227743332875,1023,True,2.261393720897485,0.047403924233069154,0,{},,0,0,,,0.0,0.0,0.5390625,-0.9074337899911588,-13.237788407557057,26.129007353125196,12.799738096392426,-34.61126837432721,20.699851102817508,-0.1207663844055653,7.4433698975595375,37.887167746204,4.299629388870055,0.5390625
8,20260919,Pooled-1SE,0,4,6,4,1.0,1.0,3456.158195129633,2739.3213282498664,1762.69270990635,332,True,2.261393720897485,11.35336604300705,0,{},,0,0,,,0.0,0.0,0.5390625,0.0,-0.0,23.46178684782992,3.2248809774369405,-0.0,-0.0,-4.416100289105835,0.0,22.01573718068596,0.0,0.5390625
8,20260919,Largest-site,0,6,4,4,0.8,0.6666666666666666,3676.6160938099856,2415.422544812192,1672.6540719122181,350,True,2.261393720897485,0.30494336582413056,0,{},,0,0,,,0.0,0.0,0.5390625,0.0,-13.86204352014254,31.58639478116186,8.009521936880045,-2.154048249215006,0.0,-16.25787806597763,-0.0,22.89973705115932,0.0,0.5390625
8,20260919,Largest-site-1SE,0,3,7,4,0.8571428571428571,0.75,3598.9009555250213,2709.8551474364062,1776.6072684288479,324,True,2.261393720897485,8.560419578258617,0,{},,0,0,,,0.0,0.0,0.5390625,0.0,-0.0,26.68898891864548,0.0,-0.0,-0.0,-5.275188166184211,0.0,20.4829571007343,0.0,0.5390625
8,20260919,One-shot,0,10,0,4,0.5714285714285714,0.4,3448.2608788941293,2367.6073620154602,1694.4918476368766,1023,True,2.261393720897485,2.261393720897485,0,{},,1,1,,,0.234375,0.0,0.5390625,-0.7485795746744476,-9.550976037714296,27.38215236162571,9.989648527250122,-14.167638984711566,10.12860254071804,-9.299255138443183,-0.11606266784136364,28.11970323632834,3.055679461332161,0.7734375
8,20260919,ADMM,0,7,3,4,0.7272727272727273,0.5714285714285714,3404.1298248588887,2408.271446763779,1643.8025339759147,862,True,2.261393720897485,2.261393720897485,0,{},,245,245,,,57.421875,0.0,0.5390625,-0.0,-9.409667582024095,25.856070881695626,10.69716523420243,-1.6510765789967632,-0.0,-13.410156951097655,0.0,24.66696248922983,2.4001508831490534,57.9609375
8,20260919,FedAvg,1,10,0,4,0.5714285714285714,0.4,3440.692950560409,2390.8282691062254,1645.7444181743933,1023,True,2.261393720897485,2.261393720897485,0,"{""fit_converged"": true, ""final_update_norm"": 9.93328069175979e-06, ""fit_tolerance"": 1e-05, ""hit_round_cap"": false}",,31,31,31.0,31.0,7.265625,0.0,0.5390625,-0.35854595500379693,-9.438332502884172,26.98646087701408,10.58637848407431,-1.6118369622848174,-0.15409320516163033,-13.974883639546967,0.13942654246650404,23.40162272058947,2.3796235224548705,7.8046875
8,20260919,FedAvg-ST,1,5,5,4,0.8888888888888888,0.8,3451.616572496231,2750.7325133081017,1778.5995186133105,334,True,2.261393720897485,2.261393720897485,0,"{""fit_converged"": true, ""final_update_norm"": 9.93328069175979e-06, ""fit_tolerance"": 1e-05, ""hit_round_cap"": false}",5.771945723817174,31,31,31.0,31.0,7.265625,2.8125,0.5390625,-0.0,-3.6663867790669986,21.214515153196906,4.8144327602571355,-0.0,-0.0,-8.202937915729793,0.0,17.629676996772297,0.0,10.6171875
8,20260919,FedAvg-P,1,5,5,4,0.8888888888888888,0.8,3465.9068212670104,2412.309237258218,1670.0243453733722,334,True,2.261393720897485,2.261393720897485,0,"{""selected_candidate"": 0, ""candidate_rounds"": [23, 22, 20, 19, 19], ""candidate_diagnostics"": [{""fit_converged"": true, ""final_update_norm"": 8.723174299246054e-06, ""fit_tolerance"": 1e-05, ""hit_round_cap"": false}, {""fit_converged"": true, ""final_update_norm"": 6.8738458114564445e-06, ""fit_tolerance"": 1e-05, ""hit_round_cap"": false}, {""fit_converged"": true, ""final_update_norm"": 5.722270330921112e-06, ""fit_tolerance"": 1e-05, ""hit_round_cap"": false}, {""fit_converged"": true, ""final_update_norm"": 5.511325096022399e-06, ""fit_tolerance"": 1e-05, ""hit_round_cap"": false}, {""fit_converged"": true, ""final_update_norm"": 4.82803874179495e-06, ""fit_tolerance"": 1e-05, ""hit_round_cap"": false}]}",2.261393720897485,23,103,23.0,103.0,24.140625,0.3515625,0.5390625,0.0,-5.179220379019919,28.47451768042178,8.643874431114483,-0.0,0.0,-11.897082242712358,0.0,19.05386412802147,0.0,25.03125
8,20260919,FedAvg,3,10,0,4,0.5714285714285714,0.4,3435.0245709220944,2385.8028996637286,1651.0478407219957,1023,True,2.261393720897485,2.261393720897485,0,"{""fit_converged"": true, ""final_update_norm"": 7.475275223957008e-06, ""fit_tolerance"": 1e-05, ""hit_round_cap"": false}",,32,32,96.0,96.0,7.5,0.0,0.5390625,-0.500096854497595,-9.466834835290689,26.976192890364345,10.412101481075076,-3.472401542972543,1.1114671168522905,-13.047253634180526,0.113465366150805,24.148633768557534,2.95621679871253,8.0390625
8,20260919,FedAvg-ST,3,5,5,4,0.8888888888888888,0.8,3440.474526602894,2767.1186647976,1779.8394883433932,334,True,2.261393720897485,2.261393720897485,0,"{""fit_converged"": true, ""final_update_norm"": 7.475275223957008e-06, ""fit_tolerance"": 1e-05, ""hit_round_cap"": false}",5.771945723817174,32,32,96.0,96.0,7.5,2.8125,0.5390625,-0.0,-3.6948891114735147,21.20424716654717,4.640155757257903,-0.0,0.0,-7.2753079103633524,0.0,18.376688044740362,0.0,10.8515625
8,20260919,FedAvg-P,3,6,4,4,0.8,0.6666666666666666,3384.5565846583704,2470.9026129537424,1666.4558681599824,846,True,2.261393720897485,2.261393720897485,0,"{""selected_candidate"": 0, ""candidate_rounds"": [11, 9, 9, 29, 31], ""candidate_diagnostics"": [{""fit_converged"": true, ""final_update_norm"": 4.925636614265117e-06, ""fit_tolerance"": 1e-05, ""hit_round_cap"": false}, {""fit_converged"": true, ""final_update_norm"": 4.758405700841314e-06, ""fit_tolerance"": 1e-05, ""hit_round_cap"": false}, {""fit_converged"": true, ""final_update_norm"": 4.743495376289088e-06, ""fit_tolerance"": 1e-05, ""hit_round_cap"": false}, {""fit_converged"": true, ""final_update_norm"": 6.88252253702776e-06, ""fit_tolerance"": 1e-05, ""hit_round_cap"": false}, {""fit_converged"": true, ""final_update_norm"": 7.200801605990305e-06, ""fit_tolerance"": 1e-05, ""hit_round_cap"": false}]}",2.261393720897485,11,89,33.0,267.0,20.859375,0.3515625,0.5390625,-0.0,-7.3854905401006645,24.936114316795848,8.331636983724824,-0.0,0.0,-11.477768412158191,0.0,21.10438373757776,0.5921690224968339,21.75
8,20260919,FedAvg,20,10,0,4,0.5714285714285714,0.4,3438.601481233656,2380.936015353054,1658.473903055478,1023,True,2.261393720897485,2.261393720897485,0,"{""fit_converged"": true, ""final_update_norm"": 5.783147197527432e-06, ""fit_tolerance"": 1e-05, ""hit_round_cap"": false}",,20,20,400.0,400.0,4.6875,0.0,0.5390625,-0.5340433699527242,-9.490731699494562,27.171851134178524,10.233484176684765,-5.069818673128133,2.539169009563743,-12.507149983286578,-0.1893032264522777,24.659863347902593,3.1615331106192315,5.2265625
8,20260919,FedAvg-ST,20,5,5,4,0.8888888888888888,0.8,3436.200399376352,2770.2531197980547,1778.4345651855904,334,True,2.261393720897485,2.261393720897485,0,"{""fit_converged"": true, ""final_update_norm"": 5.783147197527432e-06, ""fit_tolerance"": 1e-05, ""hit_round_cap"": false}",5.771945723817174,20,20,400.0,400.0,4.6875,2.8125,0.5390625,-0.0,-3.7187859756773882,21.39990541036135,4.461538452867591,-0.0,0.0,-6.735204259469404,-0.0,18.887917624085418,0.0,8.0390625
8,20260919,FedAvg-P,20,7,3,4,0.7272727272727273,0.5714285714285714,3370.931909461382,2467.281955765088,1668.6159156830993,862,True,2.261393720897485,2.261393720897485,0,"{""selected_candidate"": 0, ""candidate_rounds"": [6, 9, 18, 19, 20], ""candidate_diagnostics"": [{""fit_converged"": true, ""final_update_norm"": 1.3565461479598589e-06, ""fit_tolerance"": 1e-05, ""hit_round_cap"": false}, {""fit_converged"": true, ""final_update_norm"": 4.407862907555539e-06, ""fit_tolerance"": 1e-05, ""hit_round_cap"": false}, {""fit_converged"": true, ""final_update_norm"": 9.450858506910577e-06, ""fit_tolerance"": 1e-05, ""hit_round_cap"": false}, {""fit_converged"": true, ""final_update_norm"": 8.211135369274809e-06, ""fit_tolerance"": 1e-05, ""hit_round_cap"": false}, {""fit_converged"": true, ""final_update_norm"": 5.090756012993404e-06, ""fit_tolerance"": 1e-05, ""hit_round_cap"": false}]}",2.261393720897485,6,72,120.0,1440.0,16.875,0.3515625,0.5390625,-0.0,-7.249177631072176,24.89693811900296,7.99277833260478,-1.6541066114498637,0.0,-10.682241984321475,-0.0,21.894917479878412,0.9052208383250084,17.765625
9,20260920,Pooled,0,8,2,5,0.7692307692307693,0.625,3312.0226841669587,3108.3648868713944,1566.125112847264,863,True,2.0712419496553904,0.6666494036856674,0,{},,0,0,,,0.0,0.0,0.5390625,-3.5191342110536397,-13.72050248696149,28.375493230819565,13.471122522550353,-5.636851182452257,-0.0,-10.895218973839983,-0.0,23.472821538024192,4.545721595186168,0.5390625
9,20260920,Pooled-1SE,0,5,5,5,1.0,1.0,3125.5201635661138,3440.664194006023,1617.1753167542715,334,True,2.0712419496553904,7.217391330453369,0,{},,0,0,,,0.0,0.0,0.5390625,-0.0,-2.5031585738786006,27.806301199459423,6.457159732485671,-0.0,-0.0,-5.265438454012293,0.0,18.475445604947673,0.0,0.5390625
9,20260920,Largest-site,0,9,1,5,0.7142857142857143,0.5555555555555556,3699.9856863518276,3291.7010719702985,1603.0298502567452,1007,True,2.0712419496553904,1.6337816201947821,0,{},,0,0,,,0.0,0.0,0.5390625,-0.34218590521772424,-15.70685475048873,35.89263582011063,4.907201153737785,-0.0,-3.6867429316905485,-10.490963903065422,-0.3906443390238974,18.64402324595707,2.340275507291822,0.5390625
9,20260920,Largest-site-1SE,0,3,7,5,0.75,0.6,3513.6956140493276,4048.107732385762,1772.864513761213,324,True,2.0712419496553904,10.984497969130688,0,{},,0,0,,,0.0,0.0,0.5390625,-0.0,-0.0,32.77917618478191,0.0,-0.0,-0.0,-1.1868653659268957,0.0,9.892923954497235,0.0,0.5390625
9,20260920,One-shot,0,10,0,5,0.6666666666666666,0.5,3242.890399817425,3094.172800607807,1569.0865482929858,1023,True,2.0712419496553904,2.0712419496553904,0,{},,1,1,,,0.234375,0.0,0.5390625,-0.8273884345602075,-11.711033850731752,29.906361384978542,11.917997405146304,-7.66089303420425,0.507790229867211,-6.3397885525618385,3.119661562630369,23.077320398445327,1.7569986447307238,0.7734375
9,20260920,ADMM,0,8,2,5,0.7692307692307693,0.625,3213.6578994629294,3131.71182741613,1555.824298914573,863,True,2.0712419496553904,2.0712419496553904,0,{},,786,786,,,184.21875,0.0,0.5390625,-1.1579898811167428,-11.44875441601636,27.96093960148575,11.651450817111026,-2.349648704489417,-0.0,-10.52273442657242,0.0,21.24013972062325,2.6378741490564277,184.7578125
9,20260920,FedAvg,1,10,0,5,0.6666666666666666,0.5,3238.614955763293,3103.2532201064814,1560.124738713765,1023,True,2.0712419496553904,2.0712419496553904,0,"{""fit_converged"": true, ""final_update_norm"": 9.70536345576744e-06, ""fit_tolerance"": 1e-05, ""hit_round_cap"": false}",,51,51,51.0,51.0,11.953125,0.0,0.5390625,-1.5187600253707991,-11.799333531333266,28.658208634388174,12.230482019313047,-2.6127854410007165,-2.317641848563701,-9.9080099597372,0.9872880099410335,21.81680455686772,2.359180166312772,12.4921875
9,20260920,FedAvg-ST,1,5,5,5,1.0,1.0,3210.0217181880007,3435.0698874628424,1620.9277480988071,334,True,2.0712419496553904,2.0712419496553904,0,"{""fit_converged"": true, ""final_update_norm"": 9.70536345576744e-06, ""fit_tolerance"": 1e-05, ""hit_round_cap"": false}",4.225086203299629,51,51,51.0,51.0,11.953125,2.8125,0.5390625,-0.0,-7.574247328033637,24.433122431088545,8.005395816013419,-0.0,-0.0,-5.682923756437571,0.0,17.59171835356809,0.0,15.3046875
9,20260920,FedAvg-P,1,6,4,5,0.9090909090909091,0.8333333333333334,3194.37518553527,3277.907926122646,1570.3293464876642,350,True,2.0712419496553904,2.0712419496553904,0,"{""selected_candidate"": 0, ""candidate_rounds"": [22, 23, 54, 53, 52], ""candidate_diagnostics"": [{""fit_converged"": true, ""final_update_norm"": 7.941377376548487e-06, ""fit_tolerance"": 1e-05, ""hit_round_cap"": false}, {""fit_converged"": true, ""final_update_norm"": 8.769084780956495e-06, ""fit_tolerance"": 1e-05, ""hit_round_cap"": false}, {""fit_converged"": true, ""final_update_norm"": 8.953712217022545e-06, ""fit_tolerance"": 1e-05, ""hit_round_cap"": false}, {""fit_converged"": true, ""final_update_norm"": 8.733897443938363e-06, ""fit_tolerance"": 1e-05, ""hit_round_cap"": false}, {""fit_converged"": true, ""final_update_norm"": 9.338190749183399e-06, ""fit_tolerance"": 1e-05, ""hit_round_cap"": false}]}",2.0712419496553904,22,204,22.0,204.0,47.8125,0.3515625,0.5390625,-0.0,-8.33777256127092,29.40750314717092,9.98538442315538,-0.2509093772049358,-0.0,-8.622861799570618,0.0,17.831618272526743,0.0,48.703125
9,20260920,FedAvg,3,10,0,5,0.6666666666666666,0.5,3263.6352395046865,3097.0548994082164,1564.2821141917632,1023,True,2.0712419496553904,2.0712419496553904,0,"{""fit_converged"": true, ""final_update_norm"": 6.634926405963925e-06, ""fit_tolerance"": 1e-05, ""hit_round_cap"": false}",,10,10,30.0,30.0,2.34375,0.0,0.5390625,-1.1498777340525042,-11.870857726226443,29.719000055066687,12.035541710739302,-1.761200446718881,-4.213264816373681,-9.79793610743318,1.8551299908270873,21.133191861277332,1.9735784583515938,2.8828125
9,20260920,FedAvg-ST,3,5,5,5,1.0,1.0,3232.6029815892693,3444.177483224904,1619.7324884380707,334,True,2.0712419496553904,2.0712419496553904,0,"{""fit_converged"": true, ""final_update_norm"": 6.634926405963925e-06, ""fit_tolerance"": 1e-05, ""hit_round_cap"": false}",4.225086203299629,10,10,30.0,30.0,2.34375,2.8125,0.5390625,-0.0,-7.645771522926815,25.493913851767058,7.8104555074396735,-0.0,-0.0,-5.572849904133552,0.0,16.908105657977703,0.0,5.6953125
9,20260920,FedAvg-P,3,6,4,5,0.9090909090909091,0.8333333333333334,3211.1739492275365,3229.8814679555057,1572.4418821690547,350,True,2.0712419496553904,2.0712419496553904,0,"{""selected_candidate"": 0, ""candidate_rounds"": [12, 44, 42, 40, 37], ""candidate_diagnostics"": [{""fit_converged"": true, ""final_update_norm"": 4.450582167662428e-06, ""fit_tolerance"": 1e-05, ""hit_round_cap"": false}, {""fit_converged"": true, ""final_update_norm"": 9.267623948174863e-06, ""fit_tolerance"": 1e-05, ""hit_round_cap"": false}, {""fit_converged"": true, ""final_update_norm"": 8.472659483918792e-06, ""fit_tolerance"": 1e-05, ""hit_round_cap"": false}, {""fit_converged"": true, ""final_update_norm"": 8.273061142181486e-06, ""fit_tolerance"": 1e-05, ""hit_round_cap"": false}, {""fit_converged"": true, ""final_update_norm"": 9.56639480836241e-06, ""fit_tolerance"": 1e-05, ""hit_round_cap"": false}]}",2.0712419496553904,12,175,36.0,525.0,41.015625,0.3515625,0.5390625,-0.0,-9.93807897071088,27.46295398581338,10.26504746350648,-2.0738552154216947,-0.0,-7.377741399953352,0.0,19.891326972358993,0.0,41.90625
9,20260920,FedAvg,20,10,0,5,0.6666666666666666,0.5,3255.302107989146,3097.2109767089073,1565.3880893716469,1023,True,2.0712419496553904,2.0712419496553904,0,"{""fit_converged"": true, ""final_update_norm"": 6.783464256161356e-06, ""fit_tolerance"": 1e-05, ""hit_round_cap"": false}",,10,10,200.0,200.0,2.34375,0.0,0.5390625,-0.8552855666987464,-11.751469237223413,29.94873940954797,11.837037677659584,-4.410126772146658,-1.968855224622086,-8.036746096382574,2.5290955222746145,21.897738179506263,1.8324961614192323,2.8828125
9,20260920,FedAvg-ST,20,6,4,5,0.9090909090909091,0.8333333333333334,3267.0293785228387,3441.9088538098695,1628.5167012055476,350,True,2.0712419496553904,2.0712419496553904,0,"{""fit_converged"": true, ""final_update_norm"": 6.783464256161356e-06, ""fit_tolerance"": 1e-05, ""hit_round_cap"": false}",4.225086203299629,10,10,200.0,200.0,2.34375,2.8125,0.5390625,-0.0,-7.526383033923784,25.72365320624834,7.611951474359955,-0.1850405688470289,-0.0,-3.811659893082945,0.0,17.672651976206634,0.0,5.6953125
9,20260920,FedAvg-P,20,7,3,5,0.8333333333333334,0.7142857142857143,3231.1897703297004,3248.169740092824,1578.756326307303,478,True,2.0712419496553904,2.0712419496553904,0,"{""selected_candidate"": 0, ""candidate_rounds"": [7, 10, 10, 10, 10], ""candidate_diagnostics"": [{""fit_converged"": true, ""final_update_norm"": 3.7939226302336684e-06, ""fit_tolerance"": 1e-05, ""hit_round_cap"": false}, {""fit_converged"": true, ""final_update_norm"": 7.062032648947202e-06, ""fit_tolerance"": 1e-05, ""hit_round_cap"": false}, {""fit_converged"": true, ""final_update_norm"": 6.946146547146684e-06, ""fit_tolerance"": 1e-05, ""hit_round_cap"": false}, {""fit_converged"": true, ""final_update_norm"": 6.856088882530445e-06, ""fit_tolerance"": 1e-05, ""hit_round_cap"": false}, {""fit_converged"": true, ""final_update_norm"": 6.820782767292533e-06, ""fit_tolerance"": 1e-05, ""hit_round_cap"": false}]}",2.0712419496553904,7,47,140.0,940.0,11.015625,0.3515625,0.5390625,-0.0,-9.679649707945394,27.878207578368485,9.767566548196882,-2.413348528402275,-0.0,-5.930872202868962,0.4696703786392118,19.85219354479455,0.0,11.90625
10,20260921,Pooled,0,10,0,4,0.5714285714285714,0.4,2294.009149521143,3074.3502187291315,1652.9706274394775,1023,True,0.8908106460753574,0.045979823341671625,0,{},,0,0,,,0.0,0.0,0.5390625,-2.0382977365796706,-9.162410237570327,26.80477210947273,16.185420677577437,-25.937472393079684,14.086099408555953,2.513001869239639,10.241567906331076,25.37335921985427,2.5822804559785317,0.5390625
10,20260921,Pooled-1SE,0,4,6,4,1.0,1.0,2543.5071609747592,3412.029079004484,1666.6954861222187,332,True,0.8908106460753574,5.389305657895686,0,{},,0,0,,,0.0,0.0,0.5390625,-0.0,-0.0,27.29932435544178,9.804756294668005,-0.0,-0.0,-5.283550710746069,0.0,16.25913355927034,0.0,0.5390625
10,20260921,Largest-site,0,10,0,4,0.5714285714285714,0.4,2529.0056615772937,3201.2481628523647,1736.8041774987048,1023,True,0.8908106460753574,0.3106279071457542,0,{},,0,0,,,0.0,0.0,0.5390625,2.58231599143577,-4.638719084673031,33.8545547905088,11.906429502821906,-42.15660618301308,24.361516240971365,8.909930121471087,6.088054686985928,27.132093059501855,6.0068321835293546,0.5390625
10,20260921,Largest-site-1SE,0,5,5,4,0.8888888888888888,0.8,2730.385775382292,3796.498268974522,1721.8800132510105,844,True,0.8908106460753574,6.871761166489565,0,{},,0,0,,,0.0,0.0,0.5390625,0.0,-0.0,32.247720554204754,6.437680321702264,-0.0,-0.0,-2.8157014399583455,0.0,10.420696904074335,0.46610817416218886,0.5390625
10,20260921,One-shot,0,10,0,4,0.5714285714285714,0.4,2323.0917920723205,3087.5492674733155,1652.861377045638,1023,True,0.8908106460753574,0.8908106460753574,0,{},,1,1,,,0.234375,0.0,0.5390625,-0.4826613210380506,-7.450471758466548,27.074321319821998,15.490405052737307,-23.06980503931614,10.005066759993902,4.763254457947607,12.112410850311432,23.237104921785832,4.194555031892802,0.7734375
10,20260921,ADMM,0,9,1,4,0.6153846153846154,0.4444444444444444,2316.078318890063,3133.975016900823,1620.0469578055986,991,True,0.8908106460753574,0.8908106460753574,0,{},,779,779,,,182.578125,0.0,0.5390625,-1.194434909891851,-7.460233503044854,27.008772246385206,14.883310750214683,-4.827883544173116,-0.0,-7.009162554442185,4.318189919836848,18.448718260792454,2.0868056061178777,183.1171875
10,20260921,FedAvg,1,10,0,4,0.5714285714285714,0.4,2319.5077993205205,3140.149715433616,1625.0268788545363,1023,True,0.8908106460753574,0.8908106460753574,0,"{""fit_converged"": true, ""final_update_norm"": 8.28055173178496e-06, ""fit_tolerance"": 1e-05, ""hit_round_cap"": false}",,41,41,41.0,41.0,9.609375,0.0,0.5390625,-1.604674344921492,-7.380000961350592,27.702123576936756,15.126321662563612,-9.585748765251266,0.7928810935177156,-1.0586935117966536,9.475299062871033,19.150840044192048,3.543538775020557,10.1484375
10,20260921,FedAvg-ST,1,6,4,4,0.6,0.42857142857142855,2490.9825051011926,3476.614129879771,1683.528616726392,414,True,0.8908106460753574,0.8908106460753574,0,"{""fit_converged"": true, ""final_update_norm"": 8.28055173178496e-06, ""fit_tolerance"": 1e-05, ""hit_round_cap"": false}",3.559705643273244,41,41,41.0,41.0,9.609375,2.8125,0.5390625,-0.0,-3.820295318077348,24.142417933663513,11.566616019290368,-6.026043121978022,0.0,-0.0,5.915593419597789,15.591134400918804,0.0,12.9609375
10,20260921,FedAvg-P,1,9,1,4,0.6153846153846154,0.4444444444444444,2409.2201710454674,3192.4120861333313,1625.376137081014,991,True,0.8908106460753574,0.8908106460753574,0,"{""selected_candidate"": 0, ""candidate_rounds"": [65, 74, 52, 41, 41], ""candidate_diagnostics"": [{""fit_converged"": true, ""final_update_norm"": 8.977049505862142e-06, ""fit_tolerance"": 1e-05, ""hit_round_cap"": false}, {""fit_converged"": true, ""final_update_norm"": 9.76459436529384e-06, ""fit_tolerance"": 1e-05, ""hit_round_cap"": false}, {""fit_converged"": true, ""final_update_norm"": 8.744560357281609e-06, ""fit_tolerance"": 1e-05, ""hit_round_cap"": false}, {""fit_converged"": true, ""final_update_norm"": 9.27713996457392e-06, ""fit_tolerance"": 1e-05, ""hit_round_cap"": false}, {""fit_converged"": true, ""final_update_norm"": 8.416915184836323e-06, ""fit_tolerance"": 1e-05, ""hit_round_cap"": false}]}",0.8908106460753574,65,273,65.0,273.0,63.984375,0.3515625,0.5390625,-0.47954597320591297,-5.380149322175463,28.4498668435501,14.275379228126187,-4.552158005801932,0.0,-4.039064046512301,5.253839142645333,16.379850558273542,2.108176170194643,64.875
10,20260921,FedAvg,3,10,0,4,0.5714285714285714,0.4,2320.842912913105,3116.6683362355407,1626.8654735420498,1023,True,0.8908106460753574,0.8908106460753574,0,"{""fit_converged"": true, ""final_update_norm"": 9.351133249950293e-06, ""fit_tolerance"": 1e-05, ""hit_round_cap"": false}",,33,33,99.0,99.0,7.734375,0.0,0.5390625,-0.7052405650022209,-7.297522131472849,27.224023115592193,15.199131475409096,-11.06915050607109,1.4909186682946964,-0.8494155499536887,9.792321658559146,19.320015971515296,3.9361062072969317,8.2734375
10,20260921,FedAvg-ST,3,7,3,4,0.5454545454545454,0.375,2496.5889595244234,3453.249505929335,1686.9546607607258,926,True,0.8908106460753574,0.8908106460753574,0,"{""fit_converged"": true, ""final_update_norm"": 9.351133249950293e-06, ""fit_tolerance"": 1e-05, ""hit_round_cap"": false}",3.559705643273244,33,33,99.0,99.0,7.734375,2.8125,0.5390625,-0.0,-3.737816488199605,23.66431747231895,11.639425832135853,-7.509444862797846,0.0,-0.0,6.2326160152859025,15.760310328242053,0.3764005640236876,11.0859375
10,20260921,FedAvg-P,3,8,2,4,0.6666666666666666,0.5,2346.5337694280274,3173.907759739368,1627.7281991722082,990,True,0.8908106460753574,0.8908106460753574,0,"{""selected_candidate"": 0, ""candidate_rounds"": [17, 31, 30, 30, 33], ""candidate_diagnostics"": [{""fit_converged"": true, ""final_update_norm"": 5.53666119060371e-06, ""fit_tolerance"": 1e-05, ""hit_round_cap"": false}, {""fit_converged"": true, ""final_update_norm"": 9.683371720601045e-06, ""fit_tolerance"": 1e-05, ""hit_round_cap"": false}, {""fit_converged"": true, ""final_update_norm"": 7.962614013810988e-06, ""fit_tolerance"": 1e-05, ""hit_round_cap"": false}, {""fit_converged"": true, ""final_update_norm"": 9.866282834796855e-06, ""fit_tolerance"": 1e-05, ""hit_round_cap"": false}, {""fit_converged"": true, ""final_update_norm"": 6.827139206897414e-06, ""fit_tolerance"": 1e-05, ""hit_round_cap"": false}]}",0.8908106460753574,17,141,51.0,423.0,33.046875,0.3515625,0.5390625,-0.0,-6.333043992113908,26.38414944785068,14.366308309130341,-8.158524203208124,0.0,-1.3034113007842358,8.219132562960668,17.678493936331407,2.95188391710334,33.9375
10,20260921,FedAvg,20,10,0,4,0.5714285714285714,0.4,2319.8943680519887,3101.8522092609014,1637.0077703486875,1023,True,0.8908106460753574,0.8908106460753574,0,"{""fit_converged"": true, ""final_update_norm"": 6.328157693957528e-06, ""fit_tolerance"": 1e-05, ""hit_round_cap"": false}",,25,25,500.0,500.0,5.859375,0.0,0.5390625,-0.47894553500035286,-7.49095974177887,27.07922272905662,15.510288053537199,-15.733480050321766,3.9865242718483147,1.8368232149910322,11.567152346842054,20.624358431175573,4.198343641884547,6.3984375
10,20260921,FedAvg-ST,20,6,4,4,0.6,0.42857142857142855,2561.9648504491242,3473.1651953876367,1716.4602247413277,414,True,0.8908106460753574,0.8908106460753574,0,"{""fit_converged"": true, ""final_update_norm"": 6.328157693957528e-06, ""fit_tolerance"": 1e-05, ""hit_round_cap"": false}",4.454053230376787,25,25,500.0,500.0,5.859375,2.8125,0.5390625,-0.0,-3.0369065114020826,22.625169498679835,11.056234823160413,-11.27942681994498,0.0,0.0,7.113099116465267,16.170305200798786,0.0,9.2109375
10,20260921,FedAvg-P,20,9,1,4,0.6153846153846154,0.4444444444444444,2336.2238777568805,3126.3800333622958,1630.9676122183641,1022,True,0.8908106460753574,0.8908106460753574,0,"{""selected_candidate"": 0, ""candidate_rounds"": [25, 26, 26, 27, 22], ""candidate_diagnostics"": [{""fit_converged"": true, ""final_update_norm"": 6.391723907204018e-06, ""fit_tolerance"": 1e-05, ""hit_round_cap"": false}, {""fit_converged"": true, ""final_update_norm"": 7.329189079047646e-06, ""fit_tolerance"": 1e-05, ""hit_round_cap"": false}, {""fit_converged"": true, ""final_update_norm"": 8.055858862823338e-06, ""fit_tolerance"": 1e-05, ""hit_round_cap"": false}, {""fit_converged"": true, ""final_update_norm"": 6.923454807019162e-06, ""fit_tolerance"": 1e-05, ""hit_round_cap"": false}, {""fit_converged"": true, ""final_update_norm"": 4.699708470622704e-06, ""fit_tolerance"": 1e-05, ""hit_round_cap"": false}]}",0.8908106460753574,25,126,500.0,2520.0,29.53125,0.3515625,0.5390625,-0.0,-6.5960039165969375,26.183930978327464,14.62935507362692,-12.73922667332796,1.3172175336141172,0.12667950977858633,10.566720660726618,19.003196009556298,3.313705374610803,30.421875
11,20260922,Pooled,0,10,0,4,0.5714285714285714,0.4,2847.2495205544897,2905.029771992855,1669.467319916885,1023,True,2.071064373138607,0.04640950366060659,0,{},,0,0,,,0.0,0.0,0.5390625,0.14395451095806927,-9.927738569569911,24.771224455306704,14.800301592631527,-11.783106095272247,4.457277410738892,-9.864514218237264,3.1827073313971708,26.053499309737546,3.7518135484979585,0.5390625
11,20260922,Pooled-1SE,0,4,6,4,1.0,1.0,3269.15000524899,3229.344387319795,1782.2105176104214,332,True,2.071064373138607,14.1047549220763,0,{},,0,0,,,0.0,0.0,0.5390625,0.0,-0.0,19.91662660951945,5.8966051966614454,0.0,0.0,-4.740370945497725,0.0,17.34376400263935,0.0,0.5390625
11,20260922,Largest-site,0,10,0,4,0.5714285714285714,0.4,2821.7941331871216,2940.147508797856,1748.2334729952117,1023,True,2.071064373138607,0.04575894509330721,0,{},,0,0,,,0.0,0.0,0.5390625,-1.5088920299281015,-10.669992454162925,21.556978210891728,16.24117707031102,-21.355991337575567,3.0048932166937883,-2.5379364375038116,11.388110255254608,37.07046817803257,0.21088556659824123,0.5390625
11,20260922,Largest-site-1SE,0,4,6,4,1.0,1.0,3157.2190212782566,3130.7619361003867,1710.8794068495047,332,True,2.071064373138607,8.636505875863696,0,{},,0,0,,,0.0,0.0,0.5390625,-0.0,-0.0,17.14708150649193,7.675129301208766,-0.0,-0.0,-6.9515300414913925,0.0,25.328416354099282,0.0,0.5390625
11,20260922,One-shot,0,10,0,4,0.5714285714285714,0.4,2844.7826902629417,2917.1206975731193,1708.2546853883618,1023,True,2.071064373138607,2.071064373138607,0,{},,1,1,,,0.234375,0.0,0.5390625,-0.9200804185835896,-7.3009228464725116,24.63575026583802,12.898969913408735,-22.129506634962645,9.09203050758207,1.0914350898337184,12.870245531545802,27.11757069240185,3.5986184290111547,0.7734375
11,20260922,ADMM,0,7,3,4,0.7272727272727273,0.5714285714285714,2947.154963747039,2952.6688885516774,1629.4314474799708,878,True,2.071064373138607,2.071064373138607,0,{},,122,122,,,28.59375,0.0,0.5390625,0.0,-6.401154517233935,23.965350616776586,13.16944425445074,-0.0,-0.38897943072710495,-13.668783141934712,0.0,20.958244887360404,2.4257496341761744,29.1328125
11,20260922,FedAvg,1,10,0,4,0.5714285714285714,0.4,2873.5589947027547,2936.210130034017,1650.4576444693412,1023,True,2.071064373138607,2.071064373138607,0,"{""fit_converged"": true, ""final_update_norm"": 8.203892680110208e-06, ""fit_tolerance"": 1e-05, ""hit_round_cap"": false}",,54,54,54.0,54.0,12.65625,0.0,0.5390625,-1.4179796557646045,-6.1641606653570165,24.053122922801226,13.228593861385132,-7.865060942508794,1.2145339263027122,-8.471764795584905,4.028998667110192,24.31184341893679,3.5252093972707486,13.1953125
11,20260922,FedAvg-ST,1,6,4,4,0.8,0.6666666666666666,3229.901220225722,3185.065243300045,1786.2318029333978,350,True,2.071064373138607,2.071064373138607,0,"{""fit_converged"": true, ""final_update_norm"": 8.203892680110208e-06, ""fit_tolerance"": 1e-05, ""hit_round_cap"": false}",5.286152093649238,54,54,54.0,54.0,12.65625,2.8125,0.5390625,-0.0,-0.8780085717077784,18.766970829151987,7.942441767735894,-2.578908848859556,0.0,-3.185612701935667,0.0,19.02569132528755,0.0,16.0078125
11,20260922,FedAvg-P,1,6,4,4,0.8,0.6666666666666666,3017.7134818106474,3013.092864931762,1646.274700222083,350,True,2.071064373138607,2.071064373138607,0,"{""selected_candidate"": 0, ""candidate_rounds"": [22, 72, 67, 46, 47], ""candidate_diagnostics"": [{""fit_converged"": true, ""final_update_norm"": 7.960898604206345e-06, ""fit_tolerance"": 1e-05, ""hit_round_cap"": false}, {""fit_converged"": true, ""final_update_norm"": 8.663977547502758e-06, ""fit_tolerance"": 1e-05, ""hit_round_cap"": false}, {""fit_converged"": true, ""final_update_norm"": 8.88636776012259e-06, ""fit_tolerance"": 1e-05, ""hit_round_cap"": false}, {""fit_converged"": true, ""final_update_norm"": 8.632639085969674e-06, ""fit_tolerance"": 1e-05, ""hit_round_cap"": false}, {""fit_converged"": true, ""final_update_norm"": 8.99494648786074e-06, ""fit_tolerance"": 1e-05, ""hit_round_cap"": false}]}",2.071064373138607,22,254,22.0,254.0,59.53125,0.3515625,0.5390625,-0.0,-2.1303235554167994,25.259866201238104,11.702018185528893,-0.8788346974727848,0.0,-10.920551257197957,0.0,19.168735157277574,0.0,60.421875
11,20260922,FedAvg,3,10,0,4,0.5714285714285714,0.4,2858.585087379902,2932.7582418597885,1662.554476854876,1023,True,2.071064373138607,2.071064373138607,0,"{""fit_converged"": true, ""final_update_norm"": 6.721005136975706e-06, ""fit_tolerance"": 1e-05, ""hit_round_cap"": false}",,32,32,96.0,96.0,7.5,0.0,0.5390625,-1.0081653206920993,-7.187833957167753,24.812320416534106,12.837609113865012,-11.365388492258035,2.236916044030835,-5.786877517129188,8.057982356201672,24.160228299725453,3.6171653898918903,8.0390625
11,20260922,FedAvg-ST,3,7,3,4,0.7272727272727273,0.5714285714285714,3197.6730256054016,3191.5960962686286,1809.8516791423378,478,True,2.071064373138607,2.071064373138607,0,"{""fit_converged"": true, ""final_update_norm"": 6.721005136975706e-06, ""fit_tolerance"": 1e-05, ""hit_round_cap"": false}",5.286152093649238,32,32,96.0,96.0,7.5,2.8125,0.5390625,-0.0,-1.9016818635185153,19.526168322884867,7.551457020215774,-6.0792363986087965,0.0,-0.5007254234799499,2.7718302625524336,18.874076206076214,0.0,10.8515625
11,20260922,FedAvg-P,3,8,2,4,0.6666666666666666,0.5,2931.6058482285684,2962.4149104175112,1659.7499198861713,990,True,2.071064373138607,2.071064373138607,0,"{""selected_candidate"": 0, ""candidate_rounds"": [22, 22, 30, 30, 32], ""candidate_diagnostics"": [{""fit_converged"": true, ""final_update_norm"": 6.6815585873607915e-06, ""fit_tolerance"": 1e-05, ""hit_round_cap"": false}, {""fit_converged"": true, ""final_update_norm"": 7.431348810093987e-06, ""fit_tolerance"": 1e-05, ""hit_round_cap"": false}, {""fit_converged"": true, ""final_update_norm"": 9.301095332461602e-06, ""fit_tolerance"": 1e-05, ""hit_round_cap"": false}, {""fit_converged"": true, ""final_update_norm"": 8.290424338150379e-06, ""fit_tolerance"": 1e-05, ""hit_round_cap"": false}, {""fit_converged"": true, ""final_update_norm"": 9.510146143867294e-06, ""fit_tolerance"": 1e-05, ""hit_round_cap"": false}]}",2.071064373138607,22,136,66.0,408.0,31.875,0.3515625,0.5390625,-0.0,-5.439679389616346,22.71602398658315,11.106739713795498,-5.841967232724848,0.0,-6.467664063154932,4.499517049938761,20.873830111596494,1.4301663282524513,32.765625
11,20260922,FedAvg,20,10,0,4,0.5714285714285714,0.4,2853.7147299309577,2923.471023027786,1686.7400621635486,1023,True,2.071064373138607,2.071064373138607,0,"{""fit_converged"": true, ""final_update_norm"": 6.3993952265695495e-06, ""fit_tolerance"": 1e-05, ""hit_round_cap"": false}",,21,21,420.0,420.0,4.921875,0.0,0.5390625,-0.9543234931195878,-7.1274205250489855,24.73757867860327,12.845791635754077,-17.631670521395563,5.7663165180467715,-0.9520013136975267,12.02443159002797,25.485705336653993,3.6242081594609497,5.4609375
11,20260922,FedAvg-ST,20,7,3,4,0.5454545454545454,0.375,3102.596055041124,3239.2679731021744,1804.2706903190317,446,True,2.071064373138607,2.071064373138607,0,"{""fit_converged"": true, ""final_update_norm"": 6.3993952265695495e-06, ""fit_tolerance"": 1e-05, ""hit_round_cap"": false}",5.286152093649238,21,21,420.0,420.0,4.921875,2.8125,0.5390625,-0.0,-1.8412684313997474,19.45142658495403,7.559639542104839,-12.345518427746324,0.4801644243975334,-0.0,6.738279496378731,20.199553243004754,0.0,8.2734375
11,20260922,FedAvg-P,20,9,1,4,0.6153846153846154,0.4444444444444444,2907.82891486141,2965.9962831471275,1694.2623459461065,1022,True,2.071064373138607,2.071064373138607,0,"{""selected_candidate"": 0, ""candidate_rounds"": [13, 13, 20, 21, 21], ""candidate_diagnostics"": [{""fit_converged"": true, ""final_update_norm"": 6.188979381036001e-06, ""fit_tolerance"": 1e-05, ""hit_round_cap"": false}, {""fit_converged"": true, ""final_update_norm"": 7.280696910407949e-06, ""fit_tolerance"": 1e-05, ""hit_round_cap"": false}, {""fit_converged"": true, ""final_update_norm"": 9.189288866775965e-06, ""fit_tolerance"": 1e-05, ""hit_round_cap"": false}, {""fit_converged"": true, ""final_update_norm"": 5.456307888138508e-06, ""fit_tolerance"": 1e-05, ""hit_round_cap"": false}, {""fit_converged"": true, ""final_update_norm"": 5.892291791878224e-06, ""fit_tolerance"": 1e-05, ""hit_round_cap"": false}]}",2.071064373138607,13,88,260.0,1760.0,20.625,0.3515625,0.5390625,-0.0,-5.068223619486507,22.66178615102624,10.775034443245524,-13.2488403521341,2.026503779055136,-0.08115828901820787,9.447904662656523,22.59380359517799,1.5823249266992891,21.515625
12,20260923,Pooled,0,8,2,3,0.5454545454545454,0.375,3334.9609511102985,2390.4259674968175,1896.7806186469954,863,True,5.016731120376342,1.6454162217880006,0,{},,0,0,,,0.0,0.0,0.5390625,1.8450944069593755,-5.28104661403664,26.66708234024993,12.20850208993144,-5.076265399592318,-0.0,-7.81913491999476,0.0,26.37128518279985,1.4816483462950163,0.5390625
12,20260923,Pooled-1SE,0,3,7,3,1.0,1.0,3871.9800447133966,2669.963543009901,1934.7679180202458,268,True,5.016731120376342,14.038162242754243,0,{},,0,0,,,0.0,0.0,0.5390625,0.0,-0.0,21.812779132866698,4.613867872584606,-0.0,0.0,-0.0,0.0,20.053055009850855,0.0,0.5390625
12,20260923,Largest-site,0,4,6,3,0.8571428571428571,0.75,3589.500178102348,2506.6395180108566,1884.974364656128,332,True,5.016731120376342,7.970967138996365,0,{},,0,0,,,0.0,0.0,0.5390625,0.0,-0.0,21.473535048010646,16.173295426944424,-0.0,-0.0,-1.4858234222448181,0.0,27.189182693085254,0.0,0.5390625
12,20260923,Largest-site-1SE,0,3,7,3,1.0,1.0,4051.4857006006478,3044.813282587552,2050.453311794085,268,True,5.016731120376342,26.22722838216966,0,{},,0,0,,,0.0,0.0,0.5390625,0.0,0.0,14.431915531121712,6.439562763695209,0.0,0.0,-0.0,0.0,16.82504582331511,0.0,0.5390625
12,20260923,One-shot,0,9,1,3,0.5,0.3333333333333333,3448.0853483221304,2420.3055473136437,1883.1617634932436,991,True,5.016731120376342,5.016731120376342,0,{},,1,1,,,0.234375,0.0,0.5390625,1.124023811751919,-3.3209693848018937,23.797188022216652,10.95375610368721,-1.8934316075063196,0.0,-7.150594218272382,-1.9719185548669764,23.598071531225358,2.590544435795212,0.7734375
12,20260923,ADMM,0,4,6,3,0.8571428571428571,0.75,3517.5813229208247,2459.3986724302968,1853.805739515854,332,True,5.016731120376342,5.016731120376342,0,{},,110,110,,,25.78125,0.0,0.5390625,0.0,-0.0,25.469136664161784,9.993281816326084,-0.0,-0.0,-5.70812988127058,0.0,23.29374762725227,0.0,26.3203125
12,20260923,FedAvg,1,10,0,3,0.46153846153846156,0.3,3449.192667731485,2402.3798267138836,1872.7173663131646,1023,True,5.016731120376342,5.016731120376342,0,"{""fit_converged"": true, ""final_update_norm"": 4.840107705096644e-06, ""fit_tolerance"": 1e-05, ""hit_round_cap"": false}",,17,17,17.0,17.0,3.984375,0.0,0.5390625,0.07205465505553499,-3.2977928806018233,24.15803085919756,10.003684220046198,-2.202904443180288,-0.1922163667378016,-5.781630033200191,-0.6166451798555503,23.72129825064783,2.593387731082508,4.5234375
12,20260923,FedAvg-ST,1,4,6,3,0.8571428571428571,0.75,3824.4440173198445,2692.0351268194836,1932.6381135692402,332,True,5.016731120376342,5.016731120376342,0,"{""fit_converged"": true, ""final_update_norm"": 4.840107705096644e-06, ""fit_tolerance"": 1e-05, ""hit_round_cap"": false}",4.175036744482915,17,17,17.0,17.0,3.984375,2.8125,0.5390625,0.0,-0.0,19.982994114714643,5.828647475563283,-0.0,-0.0,-1.606593288717276,-0.0,19.546261506164917,0.0,7.3359375
12,20260923,FedAvg-P,1,4,6,3,0.8571428571428571,0.75,3791.9429469159086,2729.766683260424,1940.1378379781377,332,True,5.016731120376342,5.016731120376342,0,"{""selected_candidate"": 0, ""candidate_rounds"": [16, 16, 18, 17, 18], ""candidate_diagnostics"": [{""fit_converged"": true, ""final_update_norm"": 5.863454144626312e-06, ""fit_tolerance"": 1e-05, ""hit_round_cap"": false}, {""fit_converged"": true, ""final_update_norm"": 5.83531653396042e-06, ""fit_tolerance"": 1e-05, ""hit_round_cap"": false}, {""fit_converged"": true, ""final_update_norm"": 4.9627358848023165e-06, ""fit_tolerance"": 1e-05, ""hit_round_cap"": false}, {""fit_converged"": true, ""final_update_norm"": 6.235630840376367e-06, ""fit_tolerance"": 1e-05, ""hit_round_cap"": false}, {""fit_converged"": true, ""final_update_norm"": 5.314912888627265e-06, ""fit_tolerance"": 1e-05, ""hit_round_cap"": false}]}",5.016731120376342,16,85,16.0,85.0,19.921875,0.3515625,0.5390625,0.0,-0.0,24.70222622110859,5.258927609036375,-0.0,0.0,-1.693382429088313,-0.0,15.30024653501955,0.0,20.8125
12,20260923,FedAvg,3,10,0,3,0.46153846153846156,0.3,3457.916091996721,2416.6592159244583,1880.8301252525014,1023,True,5.016731120376342,5.016731120376342,0,"{""fit_converged"": true, ""final_update_norm"": 2.8162204184226233e-06, ""fit_tolerance"": 1e-05, ""hit_round_cap"": false}",,10,10,30.0,30.0,2.34375,0.0,0.5390625,1.2732362035260554,-3.266553021169161,23.947192854198327,10.65369544783367,-2.3352924233790064,-0.17839825836403764,-6.331290667719328,-1.3988354515529098,23.810389601501207,2.6581921985911525,2.8828125
12,20260923,FedAvg-ST,3,4,6,3,0.8571428571428571,0.75,3894.634982609728,2784.481155925018,1964.2497293564334,332,True,5.016731120376342,5.016731120376342,0,"{""fit_converged"": true, ""final_update_norm"": 2.8162204184226233e-06, ""fit_tolerance"": 1e-05, ""hit_round_cap"": false}",5.223981351898114,10,10,30.0,30.0,2.34375,2.8125,0.5390625,0.0,-0.0,18.723211502300213,5.429714095935555,-0.0,-0.0,-1.1073093158212135,-0.0,18.586408249603092,0.0,5.6953125
12,20260923,FedAvg-P,3,4,6,3,0.8571428571428571,0.75,3862.3389159626545,2759.8973316933143,1953.4184919063248,332,True,5.016731120376342,5.016731120376342,0,"{""selected_candidate"": 0, ""candidate_rounds"": [7, 7, 7, 10, 10], ""candidate_diagnostics"": [{""fit_converged"": true, ""final_update_norm"": 8.554865698501907e-07, ""fit_tolerance"": 1e-05, ""hit_round_cap"": false}, {""fit_converged"": true, ""final_update_norm"": 5.324195447216245e-07, ""fit_tolerance"": 1e-05, ""hit_round_cap"": false}, {""fit_converged"": true, ""final_update_norm"": 2.1002065655361124e-06, ""fit_tolerance"": 1e-05, ""hit_round_cap"": false}, {""fit_converged"": true, ""final_update_norm"": 1.5436252956130177e-06, ""fit_tolerance"": 1e-05, ""hit_round_cap"": false}, {""fit_converged"": true, ""final_update_norm"": 1.989929041429849e-06, ""fit_tolerance"": 1e-05, ""hit_round_cap"": false}]}",5.016731120376342,7,41,21.0,123.0,9.609375,0.3515625,0.5390625,0.0,-0.0,18.97626719910725,5.933263461839317,-0.0,-0.0,-1.3645795998350803,-0.0,18.65476193264567,0.0,10.5
12,20260923,FedAvg,20,9,1,3,0.5,0.3333333333333333,3447.783296983859,2420.228912076024,1882.891827951563,991,True,5.016731120376342,5.016731120376342,0,"{""fit_converged"": true, ""final_update_norm"": 3.821237907510522e-06, ""fit_tolerance"": 1e-05, ""hit_round_cap"": false}",,4,4,80.0,80.0,0.9375,0.0,0.5390625,1.1239843386378277,-3.3187403485210805,23.798844108211636,10.952313774318597,-1.9339040313472855,0.0,-7.105372182656222,-1.9217967745901936,23.605676170808543,2.5924497329695733,1.4765625
12,20260923,FedAvg-ST,20,4,6,3,0.8571428571428571,0.75,3864.23852373639,2776.4427553387054,1958.4754038953436,332,True,5.016731120376342,5.016731120376342,0,"{""fit_converged"": true, ""final_update_norm"": 3.821237907510522e-06, ""fit_tolerance"": 1e-05, ""hit_round_cap"": false}",5.223981351898114,4,4,80.0,80.0,0.9375,2.8125,0.5390625,0.0,-0.0,18.57486275631352,5.728332422420483,-0.0,0.0,-1.8813908307581073,-0.0,18.38169481891043,0.0,4.2890625
12,20260923,FedAvg-P,20,4,6,3,0.8571428571428571,0.75,3843.5027453313455,2754.303465901228,1950.231753592942,332,True,5.016731120376342,5.016731120376342,0,"{""selected_candidate"": 0, ""candidate_rounds"": [4, 4, 4, 4, 4], ""candidate_diagnostics"": [{""fit_converged"": true, ""final_update_norm"": 1.6347587934580428e-07, ""fit_tolerance"": 1e-05, ""hit_round_cap"": false}, {""fit_converged"": true, ""final_update_norm"": 1.6319205571514752e-07, ""fit_tolerance"": 1e-05, ""hit_round_cap"": false}, {""fit_converged"": true, ""final_update_norm"": 1.9346045456888368e-06, ""fit_tolerance"": 1e-05, ""hit_round_cap"": false}, {""fit_converged"": true, ""final_update_norm"": 2.2124060421841923e-06, ""fit_tolerance"": 1e-05, ""hit_round_cap"": false}, {""fit_converged"": true, ""final_update_norm"": 3.8431905116226e-06, ""fit_tolerance"": 1e-05, ""hit_round_cap"": false}]}",5.016731120376342,4,20,80.0,400.0,4.6875,0.3515625,0.5390625,0.0,-0.0,18.782513475635852,5.9352183214156735,-0.0,0.0,-2.077421996151865,-0.0,18.590823752101038,0.0,5.578125
13,20260924,Pooled,0,5,5,4,0.8888888888888888,0.8,2703.135643695254,3371.1625623052787,1884.2978892259414,364,True,4.653538511905051,6.920240458807291,0,{},,0,0,,,0.0,0.0,0.5390625,-0.0,-0.0,23.818306349973323,9.253033112959965,-0.0,-0.11692290461365581,-5.031987099519058,0.0,19.885493261057388,0.0,0.5390625
13,20260924,Pooled-1SE,0,4,6,4,1.0,1.0,3024.722490604943,3656.872342643824,1965.8646929550641,332,True,4.653538511905051,14.140540591410657,0,{},,0,0,,,0.0,0.0,0.5390625,0.0,-0.0,21.458880670759722,4.705743011825544,-0.0,-0.0,-0.2967156979448489,0.0,17.666094659627042,0.0,0.5390625
13,20260924,Largest-site,0,7,3,4,0.7272727272727273,0.5714285714285714,2549.6324778819985,3225.509600052357,1897.8637882433275,862,True,4.653538511905051,3.504478223756726,0,{},,0,0,,,0.0,0.0,0.5390625,0.0,-1.6319743182994502,24.321177217914634,12.184032204674683,-0.5104418231260316,-0.0,-9.831384826604568,0.0,24.304798836683403,0.9797938109920014,0.5390625
13,20260924,Largest-site-1SE,0,3,7,4,0.8571428571428571,0.75,3191.768866369138,3806.7227557956417,2024.1375026347382,324,True,4.653538511905051,18.567836220633367,0,{},,0,0,,,0.0,0.0,0.5390625,0.0,0.0,21.15246018239507,0.0,0.0,0.0,-0.8960317592621664,0.0,17.23564030981537,0.0,0.5390625
13,20260924,One-shot,0,7,3,4,0.7272727272727273,0.5714285714285714,2506.0012166106635,3336.509028111622,1876.0458836025427,862,True,4.653538511905051,4.653538511905051,0,{},,1,1,,,0.234375,0.0,0.5390625,0.0,-6.049225235574841,23.161765048364988,12.555668940036583,-2.8314541079569895,0.0,-8.773787196973803,0.0,21.455620326827436,0.4898969054960007,0.7734375
13,20260924,ADMM,0,6,4,4,0.8,0.6666666666666666,2574.255337036857,3383.6299794228516,1869.5719722942326,350,True,4.653538511905051,4.653538511905051,0,{},,225,225,,,52.734375,0.0,0.5390625,-0.0,-2.6023470818675483,24.168878288106256,11.821540036363158,-4.475599508659217,-0.0,-5.991261941329478,0.0,23.072100410043557,0.0,53.2734375
13,20260924,FedAvg,1,8,2,4,0.6666666666666666,0.5,2515.6347679828004,3342.3881660972156,1873.631570578768,894,True,4.653538511905051,4.653538511905051,0,"{""fit_converged"": true, ""final_update_norm"": 5.8775050850836765e-06, ""fit_tolerance"": 1e-05, ""hit_round_cap"": false}",,17,17,17.0,17.0,3.984375,0.0,0.5390625,0.0,-5.250799000737766,23.629428524068565,12.390875137632046,-2.0872615359756614,-0.6083779006995719,-8.663018252824726,0.0,21.312381358663863,0.006949133659098425,4.5234375
13,20260924,FedAvg-ST,1,4,6,4,1.0,1.0,3122.5363288359285,3733.398740522043,1998.0139964992277,332,True,4.653538511905051,4.653538511905051,0,"{""fit_converged"": true, ""final_update_norm"": 5.8775050850836765e-06, ""fit_tolerance"": 1e-05, ""hit_round_cap"": false}",6.063249244520313,17,17,17.0,17.0,3.984375,2.8125,0.5390625,0.0,-0.0,17.56617927954825,6.327625893111732,-0.0,-0.0,-2.5997690083044125,0.0,15.24913211414355,0.0,7.3359375
13,20260924,FedAvg-P,1,4,6,4,1.0,1.0,2917.869854107236,3573.6852475432943,1936.7703346204546,332,True,4.653538511905051,4.653538511905051,0,"{""selected_candidate"": 0, ""candidate_rounds"": [19, 22, 19, 19, 18], ""candidate_diagnostics"": [{""fit_converged"": true, ""final_update_norm"": 5.53367149573489e-06, ""fit_tolerance"": 1e-05, ""hit_round_cap"": false}, {""fit_converged"": true, ""final_update_norm"": 6.548871012247317e-06, ""fit_tolerance"": 1e-05, ""hit_round_cap"": false}, {""fit_converged"": true, ""final_update_norm"": 5.66461215170362e-06, ""fit_tolerance"": 1e-05, ""hit_round_cap"": false}, {""fit_converged"": true, ""final_update_norm"": 5.616227881037838e-06, ""fit_tolerance"": 1e-05, ""hit_round_cap"": false}, {""fit_converged"": true, ""final_update_norm"": 9.713028368425139e-06, ""fit_tolerance"": 1e-05, ""hit_round_cap"": false}]}",4.653538511905051,19,97,19.0,97.0,22.734375,0.3515625,0.5390625,0.0,-0.0,26.61245398871417,7.678046259795778,-0.0,-0.0,-5.3160197365960435,0.0,10.950619916623076,0.0,23.625
13,20260924,FedAvg,3,10,0,4,0.5714285714285714,0.4,2502.986509577978,3327.2388122489706,1877.1839549561055,1023,True,4.653538511905051,4.653538511905051,0,"{""fit_converged"": true, ""final_update_norm"": 3.437810434419844e-06, ""fit_tolerance"": 1e-05, ""hit_round_cap"": false}",,13,13,39.0,39.0,3.046875,0.0,0.5390625,-0.03155740064103293,-6.217293686486699,23.280884442833937,12.763541860086974,-1.660116683996438,-0.6231948661896344,-9.060943716752679,-0.01853805680723589,20.91562604926839,0.4295913056607465,3.5859375
13,20260924,FedAvg-ST,3,5,5,4,0.8888888888888888,0.8,2954.5050972824893,3612.5196557395225,1952.650379560642,334,True,4.653538511905051,4.653538511905051,0,"{""fit_converged"": true, ""final_update_norm"": 3.437810434419844e-06, ""fit_tolerance"": 1e-05, ""hit_round_cap"": false}",4.8457846002135385,13,13,39.0,39.0,3.046875,2.8125,0.5390625,-0.0,-1.3715090862731607,18.4350998426204,7.917757259873436,-0.0,-0.0,-4.21515911653914,-0.0,16.069841449054852,0.0,6.3984375
13,20260924,FedAvg-P,3,5,5,4,0.8888888888888888,0.8,2915.4915873207606,3584.896393606992,1942.5714803802737,334,True,4.653538511905051,4.653538511905051,0,"{""selected_candidate"": 0, ""candidate_rounds"": [7, 7, 8, 8, 13], ""candidate_diagnostics"": [{""fit_converged"": true, ""final_update_norm"": 2.390354567675197e-06, ""fit_tolerance"": 1e-05, ""hit_round_cap"": false}, {""fit_converged"": true, ""final_update_norm"": 9.984117919106598e-06, ""fit_tolerance"": 1e-05, ""hit_round_cap"": false}, {""fit_converged"": true, ""final_update_norm"": 2.440348721276242e-06, ""fit_tolerance"": 1e-05, ""hit_round_cap"": false}, {""fit_converged"": true, ""final_update_norm"": 6.823019883061181e-06, ""fit_tolerance"": 1e-05, ""hit_round_cap"": false}, {""fit_converged"": true, ""final_update_norm"": 3.5888564887943024e-06, ""fit_tolerance"": 1e-05, ""hit_round_cap"": false}]}",4.653538511905051,7,43,21.0,129.0,10.078125,0.3515625,0.5390625,-0.0,-1.6624433509977434,18.96482193947018,8.349050261737293,-0.0,-0.0,-4.934434049983032,0.0,15.737843964103543,0.0,10.96875
13,20260924,FedAvg,20,9,1,4,0.6153846153846154,0.4444444444444444,2506.361254833552,3336.29974217826,1876.5826892364325,991,True,4.653538511905051,4.653538511905051,0,"{""fit_converged"": true, ""final_update_norm"": 1.0559149811771923e-06, ""fit_tolerance"": 1e-05, ""hit_round_cap"": false}",,6,6,120.0,120.0,1.40625,0.0,0.5390625,-0.004134416454689551,-6.055354031904909,23.154932070355002,12.556706183513482,-2.766261705779163,0.0,-8.856659641267584,-0.08570703735401794,21.447596842600063,0.4898969078267439,1.9453125
13,20260924,FedAvg-ST,20,4,6,4,1.0,1.0,3124.332749905419,3733.607565906983,1999.089398284861,332,True,4.653538511905051,4.653538511905051,0,"{""fit_converged"": true, ""final_update_norm"": 1.0559149811771923e-06, ""fit_tolerance"": 1e-05, ""hit_round_cap"": false}",6.063249244520313,6,6,120.0,120.0,1.40625,2.8125,0.5390625,-0.0,-0.0,17.09168282583469,6.493456938993169,-0.0,0.0,-2.7934103967472703,-0.0,15.38434759807975,0.0,4.7578125
13,20260924,FedAvg-P,20,5,5,4,0.8888888888888888,0.8,2927.281594313029,3589.384588827988,1944.986281230068,334,True,4.653538511905051,4.653538511905051,0,"{""selected_candidate"": 0, ""candidate_rounds"": [5, 5, 5, 5, 5], ""candidate_diagnostics"": [{""fit_converged"": true, ""final_update_norm"": 4.423836279324282e-06, ""fit_tolerance"": 1e-05, ""hit_round_cap"": false}, {""fit_converged"": true, ""final_update_norm"": 3.2519654278095674e-06, ""fit_tolerance"": 1e-05, ""hit_round_cap"": false}, {""fit_converged"": true, ""final_update_norm"": 2.558077152184391e-06, ""fit_tolerance"": 1e-05, ""hit_round_cap"": false}, {""fit_converged"": true, ""final_update_norm"": 2.084753879369486e-06, ""fit_tolerance"": 1e-05, ""hit_round_cap"": false}, {""fit_converged"": true, ""final_update_norm"": 5.278343632319913e-06, ""fit_tolerance"": 1e-05, ""hit_round_cap"": false}]}",4.653538511905051,5,25,100.0,500.0,5.859375,0.3515625,0.5390625,-0.0,-1.4082824573816621,18.494243219752494,7.905198537107431,-0.0,0.0,-4.278766237489911,-0.0,16.788477776478103,0.0,6.75
14,20260925,Pooled,0,9,1,4,0.6153846153846154,0.4444444444444444,2974.759012154596,2734.570136091711,2009.173605663675,991,True,5.749090467100203,0.8244102845444907,0,{},,0,0,,,0.0,0.0,0.5390625,2.161775866175773,-10.33778651430665,27.78550898639099,10.454854557929094,-6.576019423329369,-0.0,-11.244433344564786,1.2950069584535555,23.572001038199087,2.0357440924419623,0.5390625
14,20260925,Pooled-1SE,0,4,6,4,1.0,1.0,3199.2847563949827,3035.0557862193264,1925.8644610526994,332,True,5.749090467100203,8.925368578314272,0,{},,0,0,,,0.0,0.0,0.5390625,0.0,-0.0,26.433877739065117,4.37496986454247,-0.0,-0.0,-4.98846818862106,0.0,18.34659831401194,0.0,0.5390625
14,20260925,Largest-site,0,9,1,4,0.6153846153846154,0.4444444444444444,3002.4857336237797,2725.8059195323995,2073.608062163593,991,True,5.749090467100203,0.5495377834842985,0,{},,0,0,,,0.0,0.0,0.5390625,3.3763629950524527,-13.02742649638122,22.543987981253757,13.474824258950758,-6.604976755411345,-0.0,-18.472378761699833,0.14528628127450002,21.52470041940611,4.668166089736882,0.5390625
14,20260925,Largest-site-1SE,0,4,6,4,1.0,1.0,3255.445959626315,3000.2575819359545,1956.6500819034213,332,True,5.749090467100203,12.156964371827105,0,{},,0,0,,,0.0,0.0,0.5390625,0.0,-0.0,19.6051007727232,8.404819068093124,-0.0,-0.0,-8.757549014525274,0.0,15.432092223458177,0.0,0.5390625
14,20260925,One-shot,0,9,1,4,0.6153846153846154,0.4444444444444444,3045.0696441022383,2824.86444325939,1958.5593501760386,991,True,5.749090467100203,5.749090467100203,0,{},,1,1,,,0.234375,0.0,0.5390625,1.6881814975262264,-7.854721541404109,25.886468873521174,8.619741309718897,-5.011620460979645,0.0,-9.236189380849916,0.534447341294106,20.35646393297138,0.365281822163958,0.7734375
14,20260925,ADMM,0,5,5,4,0.8888888888888888,0.8,3083.78567189619,2915.0970490461464,1915.23836766855,334,True,5.749090467100203,5.749090467100203,0,{},,138,138,,,32.34375,0.0,0.5390625,0.0,-1.3459155260169062,27.296282391553024,6.664446835747308,-0.0,-0.0,-7.538013714895108,0.0,19.509508321820515,0.0,32.8828125
14,20260925,FedAvg,1,10,0,4,0.5714285714285714,0.4,3115.27698411096,2824.4063149958615,1956.3434551633227,1023,True,5.749090467100203,5.749090467100203,0,"{""fit_converged"": true, ""final_update_norm"": 4.987984839442615e-06, ""fit_tolerance"": 1e-05, ""hit_round_cap"": false}",,24,24,24.0,24.0,5.625,0.0,0.5390625,3.6470158774913037,-5.544497964023252,26.05669204861785,8.55259847884792,-4.009559684393065,-0.945008409090717,-8.139046242591373,0.062288971369527345,19.71215395758587,-0.06511339860367205,6.1640625
14,20260925,FedAvg-ST,1,6,4,4,0.8,0.6666666666666666,3332.917651378883,3131.0562652738804,1970.435810377534,350,True,5.749090467100203,5.749090467100203,0,"{""fit_converged"": true, ""final_update_norm"": 4.987984839442615e-06, ""fit_tolerance"": 1e-05, ""hit_round_cap"": false}",3.8238187983925584,24,24,24.0,24.0,5.625,2.8125,0.5390625,0.0,-1.7206791656306937,22.232873250225293,4.728779680455361,-0.18574088600050676,-0.0,-4.315227444198815,0.0,15.88833515919331,-0.0,8.9765625
14,20260925,FedAvg-P,1,7,3,4,0.7272727272727273,0.5714285714285714,3303.9916981519427,3097.281384403762,1948.4164849296144,351,True,5.749090467100203,5.749090467100203,0,"{""selected_candidate"": 1, ""candidate_rounds"": [18, 17, 17, 19, 20], ""candidate_diagnostics"": [{""fit_converged"": true, ""final_update_norm"": 5.974999003470972e-06, ""fit_tolerance"": 1e-05, ""hit_round_cap"": false}, {""fit_converged"": true, ""final_update_norm"": 4.427751970414585e-06, ""fit_tolerance"": 1e-05, ""hit_round_cap"": false}, {""fit_converged"": true, ""final_update_norm"": 9.907964445951492e-06, ""fit_tolerance"": 1e-05, ""hit_round_cap"": false}, {""fit_converged"": true, ""final_update_norm"": 7.6205530675395935e-06, ""fit_tolerance"": 1e-05, ""hit_round_cap"": false}, {""fit_converged"": true, ""final_update_norm"": 4.691055484453944e-06, ""fit_tolerance"": 1e-05, ""hit_round_cap"": false}]}",2.8745452335501014,17,91,17.0,91.0,21.328125,0.3515625,0.5390625,2.221640681595928,-0.8079837979390749,26.941328525344197,5.3961425746527745,-0.585661413623809,-0.0,-4.796132642814786,0.0,13.946909025079044,-0.0,22.21875
14,20260925,FedAvg,3,10,0,4,0.5714285714285714,0.4,3039.1673240720324,2816.4160288860326,1958.5072947330868,1023,True,5.749090467100203,5.749090467100203,0,"{""fit_converged"": true, ""final_update_norm"": 4.851907379303276e-06, ""fit_tolerance"": 1e-05, ""hit_round_cap"": false}",,18,18,54.0,54.0,4.21875,0.0,0.5390625,1.5387442653219183,-8.189351126800245,26.02375269469622,9.120286677722508,-3.6269365305762875,-0.9546116157410778,-9.7861991029353,0.5229144429236322,19.642642115143815,0.2399817278030849,4.7578125
14,20260925,FedAvg-ST,3,5,5,4,0.8888888888888888,0.8,3268.7169275832384,3105.8145572545554,1966.4387739485148,334,True,5.749090467100203,5.749090467100203,0,"{""fit_converged"": true, ""final_update_norm"": 4.851907379303276e-06, ""fit_tolerance"": 1e-05, ""hit_round_cap"": false}",3.8238187983925584,18,18,54.0,54.0,4.21875,2.8125,0.5390625,0.0,-4.365532328407687,22.199933896303662,5.296467879329949,-0.0,-0.0,-5.962380304542741,0.0,15.818823316751256,0.0,7.5703125
14,20260925,FedAvg-P,3,6,4,4,0.8,0.6666666666666666,3180.816128480409,3014.0319230220425,1948.9932037858728,350,True,5.749090467100203,5.749090467100203,0,"{""selected_candidate"": 1, ""candidate_rounds"": [9, 8, 8, 12, 17], ""candidate_diagnostics"": [{""fit_converged"": true, ""final_update_norm"": 1.3973504334889418e-06, ""fit_tolerance"": 1e-05, ""hit_round_cap"": false}, {""fit_converged"": true, ""final_update_norm"": 3.047440259625844e-07, ""fit_tolerance"": 1e-05, ""hit_round_cap"": false}, {""fit_converged"": true, ""final_update_norm"": 3.5907029201423623e-06, ""fit_tolerance"": 1e-05, ""hit_round_cap"": false}, {""fit_converged"": true, ""final_update_norm"": 5.226810502667025e-06, ""fit_tolerance"": 1e-05, ""hit_round_cap"": false}, {""fit_converged"": true, ""final_update_norm"": 7.981383183110015e-06, ""fit_tolerance"": 1e-05, ""hit_round_cap"": false}]}",2.8745452335501014,8,54,24.0,162.0,12.65625,0.3515625,0.5390625,0.0,-5.28909456603318,23.415435666966307,6.495308812057711,-0.5287437246891193,-0.0,-7.0284548618275835,0.0,16.491552870264854,-0.0,13.546875
14,20260925,FedAvg,20,9,1,4,0.6153846153846154,0.4444444444444444,3044.741609497267,2825.0668091919792,1959.0953894652596,991,True,5.749090467100203,5.749090467100203,0,"{""fit_converged"": true, ""final_update_norm"": 3.0662714002968027e-06, ""fit_tolerance"": 1e-05, ""hit_round_cap"": false}",,7,7,140.0,140.0,1.640625,0.0,0.5390625,1.6884416743966282,-7.852746322568526,25.90235021297294,8.61191249996746,-5.099680910613066,0.0,-9.122907273735217,0.6496654453892869,20.372345713777108,0.3678107644540549,2.1796875
14,20260925,FedAvg-ST,20,6,4,4,0.8,0.6666666666666666,3299.821272696093,3117.200767455091,1974.720049714785,350,True,5.749090467100203,5.749090467100203,0,"{""fit_converged"": true, ""final_update_norm"": 3.0662714002968027e-06, ""fit_tolerance"": 1e-05, ""hit_round_cap"": false}",3.8238187983925584,7,7,140.0,140.0,1.640625,2.8125,0.5390625,0.0,-4.028927524175968,22.078531414580382,4.788093701574901,-1.2758621122205076,0.0,-5.299088475342659,0.0,16.54852691538455,0.0,4.9921875
14,20260925,FedAvg-P,20,6,4,4,0.8,0.6666666666666666,3220.1413893650597,3031.8059374534346,1960.1973853455142,350,True,5.749090467100203,5.749090467100203,0,"{""selected_candidate"": 1, ""candidate_rounds"": [5, 5, 5, 5, 7], ""candidate_diagnostics"": [{""fit_converged"": true, ""final_update_norm"": 2.5383154590985863e-07, ""fit_tolerance"": 1e-05, ""hit_round_cap"": false}, {""fit_converged"": true, ""final_update_norm"": 4.771586494966467e-07, ""fit_tolerance"": 1e-05, ""hit_round_cap"": false}, {""fit_converged"": true, ""final_update_norm"": 4.4316198489005783e-07, ""fit_tolerance"": 1e-05, ""hit_round_cap"": false}, {""fit_converged"": true, ""final_update_norm"": 4.4012731773808955e-07, ""fit_tolerance"": 1e-05, ""hit_round_cap"": false}, {""fit_converged"": true, ""final_update_norm"": 1.450881703832035e-06, ""fit_tolerance"": 1e-05, ""hit_round_cap"": false}]}",2.8745452335501014,5,27,100.0,540.0,6.328125,0.3515625,0.5390625,0.0,-4.978859860097873,23.02260286277199,5.739929773165862,-2.196367258827655,0.0,-6.2853799960688335,0.0,17.49260870171264,0.0,7.21875
15,20260926,Pooled,0,8,2,3,0.5454545454545454,0.375,2778.3963971114345,3532.0855317079795,2183.6765801018646,894,True,8.495947162991072,1.2633032280241974,0,{},,0,0,,,0.0,0.0,0.5390625,-0.0,-8.756915358168172,25.906222174438913,11.856988783577153,-7.499088688251043,-0.6506272635812682,-11.0493213064748,-0.0,24.113576369996444,4.458226250378734,0.5390625
15,20260926,Pooled-1SE,0,3,7,3,1.0,1.0,3546.552357093496,3925.48421475291,2086.4741520572006,268,True,8.495947162991072,17.355560360757824,0,{},,0,0,,,0.0,0.0,0.5390625,0.0,-0.0,19.95915904663133,2.459163480105474,-0.0,-0.0,-0.0,0.0,15.777521574840966,0.0,0.5390625
15,20260926,Largest-site,0,7,3,3,0.6,0.42857142857142855,3074.945127217672,3642.421097681964,2175.9435643232964,367,True,8.495947162991072,4.931213097243652,0,{},,0,0,,,0.0,0.0,0.5390625,-0.9383688795213455,-11.670083150907146,29.821901216822763,4.200157632653417,-0.0,-2.3644392170142527,-16.781380757247135,-0.0,15.252876159428151,0.0,0.5390625
15,20260926,Largest-site-1SE,0,3,7,3,0.6666666666666666,0.5,3652.397343246579,3892.0947197839364,2099.9170743038953,324,True,8.495947162991072,16.225390200120668,0,{},,0,0,,,0.0,0.0,0.5390625,-0.0,-0.0,25.88749623386375,0.0,-0.0,-0.0,-5.235083509372704,0.0,9.509297779275714,0.0,0.5390625
15,20260926,One-shot,0,8,2,3,0.5454545454545454,0.375,2990.042989201517,3598.256842922229,2052.8021642376843,879,True,8.495947162991072,8.495947162991072,0,{},,1,1,,,0.234375,0.0,0.5390625,-0.46918443976067276,-4.638635979802952,21.94003571843268,6.95491352509843,0.0,-1.1822196085071264,-9.4549032224872,0.0,16.94390360462736,3.0701998557458094,0.7734375
15,20260926,ADMM,0,4,6,3,0.8571428571428571,0.75,2981.7104263189717,3656.5932408831795,2010.886337365818,332,True,8.495947162991072,8.495947162991072,0,{},,109,109,,,25.546875,0.0,0.5390625,0.0,-0.0,23.689002120225652,7.182783538005504,-0.0,-0.0,-5.268590934731888,0.0,19.264694929076303,0.0,26.0859375
15,20260926,FedAvg,1,9,1,3,0.5,0.3333333333333333,3003.076703419579,3610.6431716220272,2052.392024572394,991,True,8.495947162991072,8.495947162991072,0,"{""fit_converged"": true, ""final_update_norm"": 5.284367207918945e-06, ""fit_tolerance"": 1e-05, ""hit_round_cap"": false}",,17,17,17.0,17.0,3.984375,0.0,0.5390625,-1.4921241629791582,-2.0627380026054656,22.009644995143198,8.098875453206883,-2.526503356554133,0.0,-7.331870577860306,0.36763753071072897,18.731602640811143,1.8202203494787446,4.5234375
15,20260926,FedAvg-ST,1,4,6,3,0.8571428571428571,0.75,3566.0539312881106,3962.3333067522267,2093.459296537255,332,True,8.495947162991072,8.495947162991072,0,"{""fit_converged"": true, ""final_update_norm"": 5.284367207918945e-06, ""fit_tolerance"": 1e-05, ""hit_round_cap"": false}",4.516153014885436,17,17,17.0,17.0,3.984375,2.8125,0.5390625,-0.0,-0.0,17.49349198025776,3.582722438321447,-0.0,0.0,-2.8157175629748696,0.0,14.215449625925707,0.0,7.3359375
15,20260926,FedAvg-P,1,4,6,3,0.8571428571428571,0.75,3518.668115951938,3811.569594894662,2070.195513995902,332,True,8.495947162991072,8.495947162991072,0,"{""selected_candidate"": 1, ""candidate_rounds"": [14, 15, 16, 17, 17], ""candidate_diagnostics"": [{""fit_converged"": true, ""final_update_norm"": 5.430062222436865e-06, ""fit_tolerance"": 1e-05, ""hit_round_cap"": false}, {""fit_converged"": true, ""final_update_norm"": 9.761239400688352e-06, ""fit_tolerance"": 1e-05, ""hit_round_cap"": false}, {""fit_converged"": true, ""final_update_norm"": 8.18529029557963e-06, ""fit_tolerance"": 1e-05, ""hit_round_cap"": false}, {""fit_converged"": true, ""final_update_norm"": 4.706708187910554e-06, ""fit_tolerance"": 1e-05, ""hit_round_cap"": false}, {""fit_converged"": true, ""final_update_norm"": 4.709987348144049e-06, ""fit_tolerance"": 1e-05, ""hit_round_cap"": false}]}",4.247973581495536,15,79,15.0,79.0,18.515625,0.3515625,0.5390625,0.0,0.0,23.892100301561598,4.280451795244215,-0.0,0.0,-2.357029740561922,0.0,11.22251884106758,0.0,19.40625
15,20260926,FedAvg,3,8,2,3,0.5454545454545454,0.375,2982.058067510732,3591.9320406207166,2055.4869881969635,863,True,8.495947162991072,8.495947162991072,0,"{""fit_converged"": true, ""final_update_norm"": 2.9406379145009628e-06, ""fit_tolerance"": 1e-05, ""hit_round_cap"": false}",,7,7,21.0,21.0,1.640625,0.0,0.5390625,-0.5417321069759437,-4.743742820936539,21.839919426720535,7.106074422720944,-1.5030812471802557,0.0,-8.840862507425882,0.0,17.76743673519928,3.026190113102879,2.1796875
15,20260926,FedAvg-ST,3,5,5,3,0.75,0.6,3614.423311416762,3996.322125660041,2106.584584117156,334,True,8.495947162991072,8.495947162991072,0,"{""fit_converged"": true, ""final_update_norm"": 2.9406379145009628e-06, ""fit_tolerance"": 1e-05, ""hit_round_cap"": false}",4.516153014885436,7,7,21.0,21.0,1.640625,2.8125,0.5390625,-0.0,-0.22758980605110324,17.3237664118351,2.589921407835508,-0.0,0.0,-4.324709492540446,0.0,13.251283720313843,0.0,4.9921875
15,20260926,FedAvg-P,3,5,5,3,0.75,0.6,3557.947998935408,3952.194672599343,2094.9500465185383,334,True,8.495947162991072,8.495947162991072,0,"{""selected_candidate"": 1, ""candidate_rounds"": [6, 6, 7, 7, 7], ""candidate_diagnostics"": [{""fit_converged"": true, ""final_update_norm"": 7.22086738572473e-07, ""fit_tolerance"": 1e-05, ""hit_round_cap"": false}, {""fit_converged"": true, ""final_update_norm"": 9.098690592871285e-06, ""fit_tolerance"": 1e-05, ""hit_round_cap"": false}, {""fit_converged"": true, ""final_update_norm"": 1.8763847682489842e-06, ""fit_tolerance"": 1e-05, ""hit_round_cap"": false}, {""fit_converged"": true, ""final_update_norm"": 2.936610973158551e-06, ""fit_tolerance"": 1e-05, ""hit_round_cap"": false}, {""fit_converged"": true, ""final_update_norm"": 3.0078690765882746e-06, ""fit_tolerance"": 1e-05, ""hit_round_cap"": false}]}",4.247973581495536,6,33,18.0,99.0,7.734375,0.3515625,0.5390625,-0.0,-0.43731725400630594,17.71797926285559,3.263962112738378,-0.0,0.0,-4.556643202173406,0.0,13.338801037598163,0.0,8.625
15,20260926,FedAvg,20,9,1,3,0.5,0.3333333333333333,2989.6906599498993,3596.383301181884,2053.352848495636,895,True,8.495947162991072,8.495947162991072,0,"{""fit_converged"": true, ""final_update_norm"": 9.43501785822147e-06, ""fit_tolerance"": 1e-05, ""hit_round_cap"": false}",,5,5,100.0,100.0,1.171875,0.0,0.5390625,-0.47311585194857037,-4.640791209420216,21.939406272641296,6.960203579355589,-0.6004728397292326,-0.6739568353942393,-9.218713223674945,0.0,17.174946798049593,3.0702005619820176,1.7109375
15,20260926,FedAvg-ST,20,5,5,3,0.75,0.6,3638.9625602112237,4007.278043935466,2110.643941567855,334,True,8.495947162991072,8.495947162991072,0,"{""fit_converged"": true, ""final_update_norm"": 9.43501785822147e-06, ""fit_tolerance"": 1e-05, ""hit_round_cap"": false}",4.516153014885436,5,5,100.0,100.0,1.171875,2.8125,0.5390625,-0.0,-0.12463819453478031,17.42325325775586,2.444050564470153,-0.0,-0.0,-4.702560208789508,0.0,12.658793783164157,0.0,4.5234375
15,20260926,FedAvg-P,20,5,5,3,0.75,0.6,3592.8126168283284,3975.138990752388,2102.410131788232,334,True,8.495947162991072,8.495947162991072,0,"{""selected_candidate"": 1, ""candidate_rounds"": [5, 5, 5, 5, 6], ""candidate_diagnostics"": [{""fit_converged"": true, ""final_update_norm"": 2.5141940710551907e-06, ""fit_tolerance"": 1e-05, ""hit_round_cap"": false}, {""fit_converged"": true, ""final_update_norm"": 3.377164151194706e-06, ""fit_tolerance"": 1e-05, ""hit_round_cap"": false}, {""fit_converged"": true, ""final_update_norm"": 4.4648044392434136e-07, ""fit_tolerance"": 1e-05, ""hit_round_cap"": false}, {""fit_converged"": true, ""final_update_norm"": 6.177268437424596e-07, ""fit_tolerance"": 1e-05, ""hit_round_cap"": false}, {""fit_converged"": true, ""final_update_norm"": 2.525847197911883e-07, ""fit_tolerance"": 1e-05, ""hit_round_cap"": false}]}",4.247973581495536,5,26,100.0,520.0,6.09375,0.3515625,0.5390625,-0.0,-0.3922563378261721,17.691602447612244,2.711559562629353,-0.0,-0.0,-5.000039545569749,0.0,12.897835168572893,0.0,6.984375
16,20260927,Pooled,0,10,0,3,0.46153846153846156,0.3,2361.3889146585707,3531.796099731124,2045.428956620997,1023,True,3.213856616011365,0.04740649935854441,0,{},,0,0,,,0.0,0.0,0.5390625,0.5683987234339551,-13.10740699513265,25.94898373343004,15.282332419573939,-45.57808584047982,31.576062839048713,7.058853013653129,9.822429004794822,38.78970792025677,0.2735404150649834,0.5390625
16,20260927,Pooled-1SE,0,3,7,3,1.0,1.0,2993.7688872167478,4066.626482562683,1963.8344209044092,268,True,3.213856616011365,18.28288735220354,0,{},,0,0,,,0.0,0.0,0.5390625,0.0,-0.0,22.174422612592995,1.4623496818249486,0.0,0.0,-0.0,0.0,14.225131027217016,0.0,0.5390625
16,20260927,Largest-site,0,4,6,3,0.8571428571428571,0.75,2541.6902830893114,3648.7340247456814,1778.94133790651,332,True,3.213856616011365,6.372461626722961,0,{},,0,0,,,0.0,0.0,0.5390625,0.0,-0.0,25.478920001689048,13.440765986685255,0.0,0.0,-2.7001970486919333,0.0,17.691438868223784,0.0,0.5390625
16,20260927,Largest-site-1SE,0,3,7,3,1.0,1.0,4091.735261808137,4893.940786604306,2387.893598579472,268,True,3.213856616011365,26.60705970256088,0,{},,0,0,,,0.0,0.0,0.5390625,0.0,0.0,16.634892499227163,0.8753132137567552,0.0,0.0,-0.0,0.0,1.2384489820316813,0.0,0.5390625
16,20260927,One-shot,0,10,0,3,0.46153846153846156,0.3,2384.0068055082916,3462.996935090358,1954.1581349060161,1023,True,3.213856616011365,3.213856616011365,0,{},,1,1,,,0.234375,0.0,0.5390625,1.6386172292974674,-7.197580566968985,24.519487890682605,12.435117813777179,-33.331066046994366,20.573135921221823,7.089066120709892,10.692840411547529,30.84384484971151,-0.10033915938342436,0.7734375
16,20260927,ADMM,0,5,5,3,0.75,0.6,2339.799723976113,3611.8069746564324,1736.3092535363564,334,True,3.213856616011365,3.213856616011365,0,{},,136,136,,,31.875,0.0,0.5390625,0.0,-5.7469966073987475,26.175206188943534,11.859444333847502,-0.0,-0.0,-10.673375566276116,0.0,20.892098362423187,0.0,32.4140625
16,20260927,FedAvg,1,10,0,3,0.46153846153846156,0.3,2373.822864558895,3573.922828120181,1762.7269912840793,1023,True,3.213856616011365,3.213856616011365,0,"{""fit_converged"": true, ""final_update_norm"": 6.752567293696436e-06, ""fit_tolerance"": 1e-05, ""hit_round_cap"": false}",,30,30,30.0,30.0,7.03125,0.0,0.5390625,1.8071378084421417,-5.146182763771155,27.0672835088133,12.009320079993728,-4.641363248586105,1.5670241810180068,-7.482829971101225,1.247093102754978,20.65520000137271,-0.5695825866953823,7.5703125
16,20260927,FedAvg-ST,1,4,6,3,0.8571428571428571,0.75,2911.701814523213,3954.848735654181,1924.1807146457745,332,True,3.213856616011365,3.213856616011365,0,"{""fit_converged"": true, ""final_update_norm"": 6.752567293696436e-06, ""fit_tolerance"": 1e-05, ""hit_round_cap"": false}",6.555883657122758,30,30,30.0,30.0,7.03125,2.8125,0.5390625,0.0,-0.0,20.51139985169054,5.45343642287097,-0.0,0.0,-0.9269463139784673,0.0,14.099316344249951,-0.0,10.3828125
16,20260927,FedAvg-P,1,4,6,3,0.8571428571428571,0.75,2672.0767890334537,3758.6054422884117,1794.5772079765109,332,True,3.213856616011365,3.213856616011365,0,"{""selected_candidate"": 0, ""candidate_rounds"": [22, 21, 22, 28, 29], ""candidate_diagnostics"": [{""fit_converged"": true, ""final_update_norm"": 5.5529759347439645e-06, ""fit_tolerance"": 1e-05, ""hit_round_cap"": false}, {""fit_converged"": true, ""final_update_norm"": 4.282235150913935e-06, ""fit_tolerance"": 1e-05, ""hit_round_cap"": false}, {""fit_converged"": true, ""final_update_norm"": 9.625507102426917e-06, ""fit_tolerance"": 1e-05, ""hit_round_cap"": false}, {""fit_converged"": true, ""final_update_norm"": 6.628604759877571e-06, ""fit_tolerance"": 1e-05, ""hit_round_cap"": false}, {""fit_converged"": true, ""final_update_norm"": 5.691650848995053e-06, ""fit_tolerance"": 1e-05, ""hit_round_cap"": false}]}",3.213856616011365,22,122,22.0,122.0,28.59375,0.3515625,0.5390625,0.0,-0.0,29.07394845558709,8.545268152603319,-0.0,0.0,-6.015067734662532,0.0,12.072687089104477,-0.0,29.484375
16,20260927,FedAvg,3,10,0,3,0.46153846153846156,0.3,2363.889593814111,3547.7630764638643,1767.1632440845628,1023,True,3.213856616011365,3.213856616011365,0,"{""fit_converged"": true, ""final_update_norm"": 5.406433170472977e-06, ""fit_tolerance"": 1e-05, ""hit_round_cap"": false}",,19,19,57.0,57.0,4.453125,0.0,0.5390625,1.7045162708268413,-6.369042455510041,25.274428500671572,12.41287479499015,-6.264502485456488,2.110663777490107,-7.387550400572573,3.3067488215016,20.665839089144892,-0.17029320746654564,4.9921875
16,20260927,FedAvg-ST,3,4,6,3,0.8571428571428571,0.75,2960.993803621099,3983.889738480274,1948.5395935156444,332,True,3.213856616011365,3.213856616011365,0,"{""fit_converged"": true, ""final_update_norm"": 5.406433170472977e-06, ""fit_tolerance"": 1e-05, ""hit_round_cap"": false}",6.555883657122758,19,19,57.0,57.0,4.453125,2.8125,0.5390625,0.0,-0.0,18.718544843548813,5.856991137867393,-0.0,0.0,-0.8316667434498157,0.0,14.109955432022135,-0.0,7.8046875
16,20260927,FedAvg-P,3,6,4,3,0.6666666666666666,0.5,2575.25675783132,3682.324824735157,1796.9606644402559,350,True,3.213856616011365,3.213856616011365,0,"{""selected_candidate"": 0, ""candidate_rounds"": [9, 15, 16, 17, 14], ""candidate_diagnostics"": [{""fit_converged"": true, ""final_update_norm"": 9.896843740290928e-06, ""fit_tolerance"": 1e-05, ""hit_round_cap"": false}, {""fit_converged"": true, ""final_update_norm"": 5.089797857588346e-06, ""fit_tolerance"": 1e-05, ""hit_round_cap"": false}, {""fit_converged"": true, ""final_update_norm"": 9.968613351308052e-06, ""fit_tolerance"": 1e-05, ""hit_round_cap"": false}, {""fit_converged"": true, ""final_update_norm"": 9.129418544422726e-06, ""fit_tolerance"": 1e-05, ""hit_round_cap"": false}, {""fit_converged"": true, ""final_update_norm"": 5.367775094178438e-06, ""fit_tolerance"": 1e-05, ""hit_round_cap"": false}]}",3.213856616011365,9,71,27.0,213.0,16.640625,0.3515625,0.5390625,0.0,-2.713100708203903,22.352195597790843,9.327700742708517,-0.475859620395227,0.0,-6.043768432883224,0.0,16.291466220742194,-0.0,17.53125
16,20260927,FedAvg,20,10,0,3,0.46153846153846156,0.3,2365.8880811963927,3500.2724706675917,1829.9185792064395,1023,True,3.213856616011365,3.213856616011365,0,"{""fit_converged"": true, ""final_update_norm"": 5.34730492327401e-06, ""fit_tolerance"": 1e-05, ""hit_round_cap"": false}",,13,13,260.0,260.0,3.046875,0.0,0.5390625,1.7478162856630264,-6.968540634318648,24.695345909268067,12.352796275755683,-18.8147558329058,10.033563325662666,-0.1844999653905664,7.581525471854306,25.248000059298857,-0.06392407847274068,3.5859375
16,20260927,FedAvg-ST,20,7,3,3,0.6,0.42857142857142855,2923.922573232961,3899.4074893350576,1995.0953651851062,446,True,3.213856616011365,3.213856616011365,0,"{""fit_converged"": true, ""final_update_norm"": 5.34730492327401e-06, ""fit_tolerance"": 1e-05, ""hit_round_cap"": false}",6.555883657122758,13,13,260.0,260.0,3.046875,2.8125,0.5390625,0.0,-0.41265697719589056,18.139462252145307,5.796912618632925,-12.258872175783042,3.477679668539908,-0.0,1.0256418147315483,18.692116402176097,-0.0,6.3984375
16,20260927,FedAvg-P,20,7,3,3,0.6,0.42857142857142855,2555.184983030009,3633.6348988793566,1862.7727499748084,446,True,3.213856616011365,3.213856616011365,0,"{""selected_candidate"": 0, ""candidate_rounds"": [13, 13, 13, 13, 14], ""candidate_diagnostics"": [{""fit_converged"": true, ""final_update_norm"": 4.588347120153505e-06, ""fit_tolerance"": 1e-05, ""hit_round_cap"": false}, {""fit_converged"": true, ""final_update_norm"": 5.887471595053418e-06, ""fit_tolerance"": 1e-05, ""hit_round_cap"": false}, {""fit_converged"": true, ""final_update_norm"": 7.635493894506394e-06, ""fit_tolerance"": 1e-05, ""hit_round_cap"": false}, {""fit_converged"": true, ""final_update_norm"": 8.459900217140823e-06, ""fit_tolerance"": 1e-05, ""hit_round_cap"": false}, {""fit_converged"": true, ""final_update_norm"": 7.143375945398962e-06, ""fit_tolerance"": 1e-05, ""hit_round_cap"": false}]}",3.213856616011365,13,66,260.0,1320.0,15.46875,0.3515625,0.5390625,0.0,-3.704673498237374,21.49853065980126,9.099665929668022,-13.0305665550879,4.988292633630666,-0.0,3.8023534501130825,21.039662318042954,-0.0,16.359375
17,20260928,Pooled,0,7,3,4,0.7272727272727273,0.5714285714285714,3120.5401359709103,3088.5387072137337,1781.0579530350492,878,True,4.466800498395971,2.6601554064654023,0,{},,0,0,,,0.0,0.0,0.5390625,-0.0,-9.721745763529269,23.023728409971525,13.401683289335015,-0.0,-3.1753547745192092,-12.04826503044435,0.0,21.667085109349014,3.3106869063250097,0.5390625
17,20260928,Pooled-1SE,0,4,6,4,1.0,1.0,3499.4472169699775,3370.4949256690606,1874.7698938686206,332,True,4.466800498395971,14.094346363417657,0,{},,0,0,,,0.0,0.0,0.5390625,0.0,-0.0,20.332878172002,4.825521005222476,-0.0,0.0,-1.0471470573811168,0.0,18.768171743471733,0.0,0.5390625
17,20260928,Largest-site,0,8,2,4,0.6666666666666666,0.5,3150.2214007621733,3184.0644797919144,1812.0081686982785,879,True,4.466800498395971,4.28371065525722,0,{},,0,0,,,0.0,0.0,0.5390625,-4.987268723801127,-5.464753811166654,21.551610142977015,14.723825285256341,-0.0,-5.021216424545758,-8.58851387137836,0.0,25.429332939196104,3.334205848857322,0.5390625
17,20260928,Largest-site-1SE,0,4,6,4,1.0,1.0,3503.916790780361,3430.5025176685426,1884.3834788111276,332,True,4.466800498395971,14.094884061046429,0,{},,0,0,,,0.0,0.0,0.5390625,-0.0,-0.0,17.012187768792227,4.619836489553061,-0.0,-0.0,-0.09674284280951388,0.0,22.99811654643806,0.0,0.5390625
17,20260928,One-shot,0,9,1,4,0.6153846153846154,0.4444444444444444,3129.267283596544,3170.5796314426484,1784.0667179977625,1007,True,4.466800498395971,4.466800498395971,0,{},,1,1,,,0.234375,0.0,0.5390625,-0.1329071740415757,-5.858407871380114,21.871494711249678,12.53542054277382,0.0,-4.417150443128508,-6.638041054583642,5.198755222548659,18.71213386765293,3.24602119180099,0.7734375
17,20260928,ADMM,0,6,4,4,0.8,0.6666666666666666,3135.49036305881,3115.5429865021238,1769.1358285376236,846,True,4.466800498395971,4.466800498395971,0,{},,130,130,,,30.46875,0.0,0.5390625,-0.0,-6.5364189801830594,22.486304671707643,11.752856411383469,-0.0,-0.0,-9.57355197511527,0.0,20.673107656349345,2.205099515935741,31.0078125
17,20260928,FedAvg,1,9,1,4,0.6153846153846154,0.4444444444444444,3120.5799436774805,3115.1387116122505,1774.7558171683274,895,True,4.466800498395971,4.466800498395971,0,"{""fit_converged"": true, ""final_update_norm"": 7.782413541285201e-06, ""fit_tolerance"": 1e-05, ""hit_round_cap"": false}",,25,25,25.0,25.0,5.859375,0.0,0.5390625,0.28952897038187175,-6.007898630047309,22.998090357010906,11.36501747579693,-0.8292375458391111,-1.983540401371155,-9.179349567632851,0.0,21.138158339468603,3.1021916570914394,6.3984375
17,20260928,FedAvg-ST,1,5,5,4,0.8888888888888888,0.8,3488.3234878410635,3403.4528648713663,1868.986094856727,334,True,4.466800498395971,4.466800498395971,0,"{""fit_converged"": true, ""final_update_norm"": 7.782413541285201e-06, ""fit_tolerance"": 1e-05, ""hit_round_cap"": false}",4.651332101792866,25,25,25.0,25.0,5.859375,2.8125,0.5390625,0.0,-1.3565665282544437,18.34675825521804,6.713685374004065,-0.0,-0.0,-4.528017465839985,0.0,16.486826237675736,0.0,9.2109375
17,20260928,FedAvg-P,1,4,6,4,1.0,1.0,3470.3664489411726,3265.1988270983343,1851.1211777242884,332,True,4.466800498395971,4.466800498395971,0,"{""selected_candidate"": 0, ""candidate_rounds"": [22, 22, 26, 25, 24], ""candidate_diagnostics"": [{""fit_converged"": true, ""final_update_norm"": 6.705869027129084e-06, ""fit_tolerance"": 1e-05, ""hit_round_cap"": false}, {""fit_converged"": true, ""final_update_norm"": 5.728249833809712e-06, ""fit_tolerance"": 1e-05, ""hit_round_cap"": false}, {""fit_converged"": true, ""final_update_norm"": 6.561899231227264e-06, ""fit_tolerance"": 1e-05, ""hit_round_cap"": false}, {""fit_converged"": true, ""final_update_norm"": 6.85742525314019e-06, ""fit_tolerance"": 1e-05, ""hit_round_cap"": false}, {""fit_converged"": true, ""final_update_norm"": 7.622810697073892e-06, ""fit_tolerance"": 1e-05, ""hit_round_cap"": false}]}",4.466800498395971,22,119,22.0,119.0,27.890625,0.3515625,0.5390625,0.0,-0.0,26.70472010636731,7.113037988797101,-0.0,-0.0,-5.010636073404967,0.0,11.823887615025496,0.0,28.78125
17,20260928,FedAvg,3,10,0,4,0.5714285714285714,0.4,3117.4983579782606,3138.332732578698,1773.6368428611468,1023,True,4.466800498395971,4.466800498395971,0,"{""fit_converged"": true, ""final_update_norm"": 4.811544873634756e-06, ""fit_tolerance"": 1e-05, ""hit_round_cap"": false}",,10,10,30.0,30.0,2.34375,0.0,0.5390625,-0.12326745266216488,-6.015294824302959,22.174413248768733,12.23571571475596,-0.06537794220854846,-2.4622151840628854,-9.71883329785544,0.5679671226869448,20.200985377923175,3.278339197086239,2.8828125
17,20260928,FedAvg-ST,3,5,5,4,0.8888888888888888,0.8,3504.6748653225936,3434.541860034727,1876.348728718779,334,True,4.466800498395971,4.466800498395971,0,"{""fit_converged"": true, ""final_update_norm"": 4.811544873634756e-06, ""fit_tolerance"": 1e-05, ""hit_round_cap"": false}",4.651332101792866,10,10,30.0,30.0,2.34375,2.8125,0.5390625,-0.0,-1.3639627225100934,17.52308114697587,7.584383612963094,-0.0,-0.0,-5.067501196062574,0.0,15.549653276130309,0.0,5.6953125
17,20260928,FedAvg-P,3,5,5,4,0.8888888888888888,0.8,3461.53420882232,3388.317455054648,1859.279992016659,334,True,4.466800498395971,4.466800498395971,0,"{""selected_candidate"": 0, ""candidate_rounds"": [7, 8, 8, 9, 10], ""candidate_diagnostics"": [{""fit_converged"": true, ""final_update_norm"": 6.74673819397834e-06, ""fit_tolerance"": 1e-05, ""hit_round_cap"": false}, {""fit_converged"": true, ""final_update_norm"": 2.7328199562936946e-06, ""fit_tolerance"": 1e-05, ""hit_round_cap"": false}, {""fit_converged"": true, ""final_update_norm"": 7.725782639042156e-06, ""fit_tolerance"": 1e-05, ""hit_round_cap"": false}, {""fit_converged"": true, ""final_update_norm"": 7.193516169723398e-06, ""fit_tolerance"": 1e-05, ""hit_round_cap"": false}, {""fit_converged"": true, ""final_update_norm"": 4.320749605453682e-06, ""fit_tolerance"": 1e-05, ""hit_round_cap"": false}]}",4.466800498395971,7,42,21.0,126.0,9.84375,0.3515625,0.5390625,-0.0,-1.6385615262915358,18.50608245440028,8.283997018047257,-0.0,-0.0,-5.479037421349359,0.0,15.281668109300773,0.0,10.734375
17,20260928,FedAvg,20,9,1,4,0.6153846153846154,0.4444444444444444,3126.3885168906286,3169.378526939822,1782.635169673602,1007,True,4.466800498395971,4.466800498395971,0,"{""fit_converged"": true, ""final_update_norm"": 5.89778868304237e-06, ""fit_tolerance"": 1e-05, ""hit_round_cap"": false}",,5,5,100.0,100.0,1.171875,0.0,0.5390625,-0.1419396757113911,-5.934980084624393,21.826710805281166,12.576966103121709,0.0,-4.108743213399707,-7.227617862141932,4.629894004464342,18.7120807291054,3.3120997300521884,1.7109375
17,20260928,FedAvg-ST,20,5,5,4,0.8888888888888888,0.8,3632.3284344900767,3504.8096905325365,1920.571142603835,334,True,4.466800498395971,4.466800498395971,0,"{""fit_converged"": true, ""final_update_norm"": 5.89778868304237e-06, ""fit_tolerance"": 1e-05, ""hit_round_cap"": false}",4.651332101792866,5,5,100.0,100.0,1.171875,2.8125,0.5390625,-0.0,-1.2836479828315275,17.1753787034883,7.925634001328843,0.0,-0.0,-2.576285760349066,0.0,14.060748627312533,0.0,4.5234375
17,20260928,FedAvg-P,20,6,4,4,0.8,0.6666666666666666,3605.5977483047136,3483.785628725559,1910.1329590898108,462,True,4.466800498395971,4.466800498395971,0,"{""selected_candidate"": 0, ""candidate_rounds"": [5, 5, 5, 5, 5], ""candidate_diagnostics"": [{""fit_converged"": true, ""final_update_norm"": 9.983813277999502e-07, ""fit_tolerance"": 1e-05, ""hit_round_cap"": false}, {""fit_converged"": true, ""final_update_norm"": 2.2754933224003978e-06, ""fit_tolerance"": 1e-05, ""hit_round_cap"": false}, {""fit_converged"": true, ""final_update_norm"": 6.264426878794989e-06, ""fit_tolerance"": 1e-05, ""hit_round_cap"": false}, {""fit_converged"": true, ""final_update_norm"": 6.077225286474018e-06, ""fit_tolerance"": 1e-05, ""hit_round_cap"": false}, {""fit_converged"": true, ""final_update_norm"": 5.988794432571005e-06, ""fit_tolerance"": 1e-05, ""hit_round_cap"": false}]}",4.466800498395971,5,25,100.0,500.0,5.859375,0.3515625,0.5390625,-0.0,-1.4695740886884856,17.35930100682767,8.111133300937205,0.0,-0.0,-2.773527330827588,0.15066083626102778,14.24524913156761,0.0,6.75
18,20260929,Pooled,0,10,0,5,0.6666666666666666,0.5,3208.25977497916,2560.0130030755035,1977.0839001987863,1023,True,3.066110626150344,0.04625584941266088,0,{},,0,0,,,0.0,0.0,0.5390625,-2.6564038516066986,-11.376409570084647,24.293541141063592,17.620593583880794,-34.78927609277024,19.852793957162678,8.100558254290993,15.653234347101069,36.578226529072616,-1.3854841685049146,0.5390625
18,20260929,Pooled-1SE,0,5,5,5,1.0,1.0,3282.962705436328,2821.3327308297467,1783.1897962295393,460,True,3.066110626150344,8.73029119073687,0,{},,0,0,,,0.0,0.0,0.5390625,0.0,-0.0,22.63777765246497,7.644066807363144,0.0,0.0,-3.8284217679425026,0.9855613336922466,21.577613132340225,0.0,0.5390625
18,20260929,Largest-site,0,6,4,5,0.9090909090909091,0.8333333333333334,3248.583376416823,2840.23198131207,1768.397600230272,462,True,3.066110626150344,4.05843851174529,0,{},,0,0,,,0.0,0.0,0.5390625,-0.0,-5.411495902584052,16.248470686491448,17.365987100971786,-0.0,-0.0,-6.196979620196139,5.978207220182715,19.612844800732823,-0.0,0.5390625
18,20260929,Largest-site-1SE,0,4,6,5,0.8888888888888888,0.8,3591.8175888655182,3241.1839622650655,1918.8556737026302,396,True,3.066110626150344,13.353661088601433,0,{},,0,0,,,0.0,0.0,0.5390625,0.0,-0.0,12.231013090459463,9.572288535667239,0.0,0.0,-0.0,5.071309862918989,17.867059581108744,0.0,0.5390625
18,20260929,One-shot,0,10,0,5,0.6666666666666666,0.5,3131.096052776667,2644.466231524082,1849.5663968345293,1023,True,3.066110626150344,3.066110626150344,0,{},,1,1,,,0.234375,0.0,0.5390625,-0.3689039930449904,-6.857661437394903,22.410711610454836,12.948836052581537,-19.137494116237626,12.604403015845067,3.266362904023299,8.438805825725597,29.68177421382733,1.1892536782461587,0.7734375
18,20260929,ADMM,0,6,4,5,0.9090909090909091,0.8333333333333334,3122.290259555825,2655.5240176733987,1734.070920507103,462,True,3.066110626150344,3.066110626150344,0,{},,260,260,,,60.9375,0.0,0.5390625,-0.0,-6.4212369899364194,23.709313359804018,12.94323344974219,-0.0,-0.0,-9.618429471703097,1.2286043837814524,23.081976515593368,0.0,61.4765625
18,20260929,FedAvg,1,10,0,5,0.6666666666666666,0.5,3106.27643954772,2668.7210656383663,1741.3423331667227,1023,True,3.066110626150344,3.066110626150344,0,"{""fit_converged"": true, ""final_update_norm"": 9.618573195395706e-06, ""fit_tolerance"": 1e-05, ""hit_round_cap"": false}",,45,45,45.0,45.0,10.546875,0.0,0.5390625,0.13820453670417132,-6.370824950094908,22.23600984821308,12.805505278490529,-1.2963086057548934,-0.10174683715135856,-7.469820781974399,2.7601632460044976,23.968498785938742,1.047164554905192,11.0859375
18,20260929,FedAvg-ST,1,5,5,5,0.8,0.6666666666666666,3354.9407211610837,2968.7051009697993,1831.4428029037556,334,True,3.066110626150344,3.066110626150344,0,"{""fit_converged"": true, ""final_update_norm"": 9.618573195395706e-06, ""fit_tolerance"": 1e-05, ""hit_round_cap"": false}",3.9949369474566203,45,45,45.0,45.0,10.546875,2.8125,0.5390625,0.0,-2.375888002638288,18.24107290075646,8.810568331033908,-0.0,-0.0,-3.474883834517779,0.0,19.973561838482123,0.0,13.8984375
18,20260929,FedAvg-P,1,5,5,5,0.8,0.6666666666666666,3279.680572709358,2703.101266018681,1780.3630978649549,334,True,3.066110626150344,3.066110626150344,0,"{""selected_candidate"": 0, ""candidate_rounds"": [24, 27, 44, 45, 45], ""candidate_diagnostics"": [{""fit_converged"": true, ""final_update_norm"": 6.344735881901638e-06, ""fit_tolerance"": 1e-05, ""hit_round_cap"": false}, {""fit_converged"": true, ""final_update_norm"": 6.698643858428728e-06, ""fit_tolerance"": 1e-05, ""hit_round_cap"": false}, {""fit_converged"": true, ""final_update_norm"": 7.851565571165967e-06, ""fit_tolerance"": 1e-05, ""hit_round_cap"": false}, {""fit_converged"": true, ""final_update_norm"": 9.393620950867629e-06, ""fit_tolerance"": 1e-05, ""hit_round_cap"": false}, {""fit_converged"": true, ""final_update_norm"": 9.35093095360286e-06, ""fit_tolerance"": 1e-05, ""hit_round_cap"": false}]}",3.066110626150344,24,185,24.0,185.0,43.359375,0.3515625,0.5390625,0.0,-0.9063528221311494,24.822771649624755,10.700041166708914,0.0,-0.0,-7.281824475983852,0.0,16.29373520947792,-0.0,44.25
18,20260929,FedAvg,3,10,0,5,0.6666666666666666,0.5,3107.221093034353,2674.8968000700584,1745.6672981402241,1023,True,3.066110626150344,3.066110626150344,0,"{""fit_converged"": true, ""final_update_norm"": 7.736182386561102e-06, ""fit_tolerance"": 1e-05, ""hit_round_cap"": false}",,19,19,57.0,57.0,4.453125,0.0,0.5390625,-0.564731594279312,-6.344492917403012,22.83281166261205,12.155437216361014,-1.899108058771192,0.4352350468987301,-6.4358968495955535,3.103083679057238,24.095491323407007,1.452119523933821,4.9921875
18,20260929,FedAvg-ST,3,5,5,5,0.8,0.6666666666666666,3368.2684033255105,2992.8252078085725,1839.090284913791,334,True,3.066110626150344,3.066110626150344,0,"{""fit_converged"": true, ""final_update_norm"": 7.736182386561102e-06, ""fit_tolerance"": 1e-05, ""hit_round_cap"": false}",3.9949369474566203,19,19,57.0,57.0,4.453125,2.8125,0.5390625,-0.0,-2.3495559699463917,18.83787471515543,8.160500268904393,-0.0,0.0,-2.440959902138933,0.0,20.100554375950388,0.0,7.8046875
18,20260929,FedAvg-P,3,5,5,5,0.8,0.6666666666666666,3279.5902931441137,2869.757461806236,1797.3679410839848,334,True,3.066110626150344,3.066110626150344,0,"{""selected_candidate"": 0, ""candidate_rounds"": [11, 16, 19, 19, 17], ""candidate_diagnostics"": [{""fit_converged"": true, ""final_update_norm"": 1.597597811248392e-06, ""fit_tolerance"": 1e-05, ""hit_round_cap"": false}, {""fit_converged"": true, ""final_update_norm"": 2.110773100036176e-06, ""fit_tolerance"": 1e-05, ""hit_round_cap"": false}, {""fit_converged"": true, ""final_update_norm"": 7.71837245185267e-06, ""fit_tolerance"": 1e-05, ""hit_round_cap"": false}, {""fit_converged"": true, ""final_update_norm"": 6.219973187052891e-06, ""fit_tolerance"": 1e-05, ""hit_round_cap"": false}, {""fit_converged"": true, ""final_update_norm"": 6.3266815015761845e-06, ""fit_tolerance"": 1e-05, ""hit_round_cap"": false}]}",3.066110626150344,11,82,33.0,246.0,19.21875,0.3515625,0.5390625,-0.0,-3.51112368668319,19.86314534122973,9.608013421878864,-0.0,-0.0,-4.912540803323655,0.0,19.992779101863135,0.0,20.109375
18,20260929,FedAvg,20,10,0,5,0.6666666666666666,0.5,3116.262346886401,2670.203848296405,1773.8400328539042,1023,True,3.066110626150344,3.066110626150344,0,"{""fit_converged"": true, ""final_update_norm"": 5.726165436059052e-06, ""fit_tolerance"": 1e-05, ""hit_round_cap"": false}",,9,9,180.0,180.0,2.109375,0.0,0.5390625,-0.46104212521697563,-6.4794878767960835,22.91006942235616,12.082933906127609,-7.128304612548059,4.846486159098941,-3.6917410633904924,4.197045009952107,25.66577838063408,1.5137878505670654,2.6484375
18,20260929,FedAvg-ST,20,8,2,5,0.7692307692307693,0.625,3307.202503212267,2921.2774601565884,1833.3593561316839,510,True,3.066110626150344,3.066110626150344,0,"{""fit_converged"": true, ""final_update_norm"": 5.726165436059052e-06, ""fit_tolerance"": 1e-05, ""hit_round_cap"": false}",3.192777198843473,9,9,180.0,180.0,2.109375,2.8125,0.5390625,-0.0,-3.2867106779526103,19.717292223512686,8.890156707284136,-3.935527413704586,1.6537089602554675,-0.49896386454701913,1.0042678111086336,22.473001181790607,0.0,5.4609375
18,20260929,FedAvg-P,20,8,2,5,0.7692307692307693,0.625,3295.8992735020547,2910.956958665965,1823.8297138532855,510,True,3.066110626150344,3.066110626150344,0,"{""selected_candidate"": 0, ""candidate_rounds"": [9, 9, 9, 9, 9], ""candidate_diagnostics"": [{""fit_converged"": true, ""final_update_norm"": 2.0512293960346973e-06, ""fit_tolerance"": 1e-05, ""hit_round_cap"": false}, {""fit_converged"": true, ""final_update_norm"": 5.120885984790111e-06, ""fit_tolerance"": 1e-05, ""hit_round_cap"": false}, {""fit_converged"": true, ""final_update_norm"": 5.51919571516699e-06, ""fit_tolerance"": 1e-05, ""hit_round_cap"": false}, {""fit_converged"": true, ""final_update_norm"": 4.554959852047005e-06, ""fit_tolerance"": 1e-05, ""hit_round_cap"": false}, {""fit_converged"": true, ""final_update_norm"": 5.271582954237213e-06, ""fit_tolerance"": 1e-05, ""hit_round_cap"": false}]}",3.066110626150344,9,45,180.0,900.0,10.546875,0.3515625,0.5390625,-0.0,-3.3882842006751366,19.878512029360962,8.957394397371171,-3.0593360302249843,1.1173338132937234,-1.1911174297492497,0.8158405759312322,22.2479126444324,0.0,11.4375
19,20260930,Pooled,0,10,0,4,0.5714285714285714,0.4,3105.4256161775024,3280.8836507970495,1448.8629731764356,1023,True,0.5769782363546092,0.043947559828786016,0,{},,0,0,,,0.0,0.0,0.5390625,5.124677316728841,-10.760735738859895,23.70537554708393,15.905507779086921,-12.969221575343665,0.552151952087522,-8.299210758904564,8.775487235775534,18.76580188843129,2.859536131545759,0.5390625
19,20260930,Pooled-1SE,0,4,6,4,1.0,1.0,3553.478860001012,3698.176179187541,1653.6796354685443,332,True,0.5769782363546092,13.35652208955794,0,{},,0,0,,,0.0,0.0,0.5390625,0.0,-0.0,19.17934908486413,8.424312931327217,0.0,-0.0,-5.662907980347054,0.0,12.12038270428003,0.0,0.5390625
19,20260930,Largest-site,0,9,1,4,0.6153846153846154,0.4444444444444444,3247.935296564347,3323.7848533051815,1491.359749842577,991,True,0.5769782363546092,0.06910190161824907,0,{},,0,0,,,0.0,0.0,0.5390625,6.262801140720176,-12.479996628144571,18.785330001308044,12.252631553967438,-21.562678635855413,-0.0,-4.142263024115376,18.983419972007894,22.866232421512404,3.764708704474308,0.5390625
19,20260930,Largest-site-1SE,0,5,5,4,0.8888888888888888,0.8,4125.108287678784,4259.046268334422,1887.7674488170453,460,True,0.5769782363546092,21.00141803072435,0,{},,0,0,,,0.0,0.0,0.5390625,0.0,0.0,11.652152373889075,0.475058237947316,0.0,0.0,-9.76906856179067,1.2927473127343407,10.579613649602033,0.0,0.5390625
19,20260930,One-shot,0,10,0,4,0.5714285714285714,0.4,3133.005584954374,3265.3512379127396,1450.355883152861,1023,True,0.5769782363546092,0.5769782363546092,0,{},,1,1,,,0.234375,0.0,0.5390625,4.492362193396559,-10.548310764025263,21.611560720397435,14.800036044676297,-10.781339317927706,-0.0985354899031654,-7.863196998986993,9.243100222451671,17.493863605571644,3.4469014408192766,0.7734375
19,20260930,ADMM,0,10,0,4,0.5714285714285714,0.4,3086.811013013722,3314.0759696313917,1446.1688924593745,1023,True,0.5769782363546092,0.5769782363546092,0,{},,4275,4275,,,1001.953125,0.0,0.5390625,4.669329211103725,-9.642400090401372,23.567333313846746,15.469430797436862,-7.750519113904322,-1.113253209312352,-11.654100684776097,4.834171497412871,17.44823722422605,2.472170554843514,1002.4921875
19,20260930,FedAvg,1,10,0,4,0.5714285714285714,0.4,3123.129088359253,3350.1229697344706,1446.8373913046244,1023,True,0.5769782363546092,0.5769782363546092,0,"{""fit_converged"": true, ""final_update_norm"": 9.591488752790803e-06, ""fit_tolerance"": 1e-05, ""hit_round_cap"": false}",,143,143,143.0,143.0,33.515625,0.0,0.5390625,5.590486652981852,-9.508051424032981,24.11278959749352,14.653544657670574,-6.851661153113272,-2.13925899577682,-11.81516167347753,5.060026864113772,16.335482592817176,2.3896869683594533,34.0546875
19,20260930,FedAvg-ST,1,8,2,4,0.6666666666666666,0.5,3278.140888762989,3479.4122770362055,1516.6749285901892,479,True,0.5769782363546092,0.5769782363546092,0,"{""fit_converged"": true, ""final_update_norm"": 9.591488752790803e-06, ""fit_tolerance"": 1e-05, ""hit_round_cap"": false}",2.884891181773046,143,143,143.0,143.0,33.515625,2.8125,0.5390625,2.705595471208806,-6.623160242259935,21.227898415720475,11.768653475897528,-3.9667699713402262,-0.0,-8.930270491704484,2.175135682340726,13.45059141104413,0.0,36.8671875
19,20260930,FedAvg-P,1,10,0,4,0.5714285714285714,0.4,3139.36907123098,3403.9846820232515,1450.5259646949603,1023,True,0.5769782363546092,0.5769782363546092,0,"{""selected_candidate"": 0, ""candidate_rounds"": [120, 129, 133, 137, 139], ""candidate_diagnostics"": [{""fit_converged"": true, ""final_update_norm"": 9.634515902852025e-06, ""fit_tolerance"": 1e-05, ""hit_round_cap"": false}, {""fit_converged"": true, ""final_update_norm"": 9.64766011776933e-06, ""fit_tolerance"": 1e-05, ""hit_round_cap"": false}, {""fit_converged"": true, ""final_update_norm"": 9.877680501983231e-06, ""fit_tolerance"": 1e-05, ""hit_round_cap"": false}, {""fit_converged"": true, ""final_update_norm"": 9.50074953065932e-06, ""fit_tolerance"": 1e-05, ""hit_round_cap"": false}, {""fit_converged"": true, ""final_update_norm"": 9.937190393571197e-06, ""fit_tolerance"": 1e-05, ""hit_round_cap"": false}]}",0.5769782363546092,120,658,120.0,658.0,154.21875,0.3515625,0.5390625,5.441013023089589,-8.491355500390984,24.38887777343305,14.249970865346778,-5.382760772530476,-1.019209905803406,-13.178872633054091,2.773249801343521,15.447392060050259,0.8963583019533394,155.109375
19,20260930,FedAvg,3,10,0,4,0.5714285714285714,0.4,3102.4701909424975,3295.195695674367,1448.4589111200921,1023,True,0.5769782363546092,0.5769782363546092,0,"{""fit_converged"": true, ""final_update_norm"": 6.005733639166269e-06, ""fit_tolerance"": 1e-05, ""hit_round_cap"": false}",,24,24,72.0,72.0,5.625,0.0,0.5390625,4.170841080835705,-10.386000301613295,22.257423349501583,14.594124918431117,-4.855707394501427,-3.4480563443265098,-12.302649307865469,5.762039374043013,15.991314434440511,3.235388959695311,6.1640625
19,20260930,FedAvg-ST,3,10,0,4,0.5714285714285714,0.4,3284.7169363507783,3450.551437381374,1533.1671991476524,1023,True,0.5769782363546092,0.5769782363546092,0,"{""fit_converged"": true, ""final_update_norm"": 6.005733639166269e-06, ""fit_tolerance"": 1e-05, ""hit_round_cap"": false}",2.884891181773046,24,24,72.0,72.0,5.625,2.8125,0.5390625,1.2859498990626586,-7.501109119840249,19.372532167728536,11.70923373665807,-1.9708162127283808,-0.5631651625534637,-9.417758126092423,2.877148192269967,13.106423252667465,0.3504977779222651,8.9765625
19,20260930,FedAvg-P,3,10,0,4,0.5714285714285714,0.4,3116.184069367916,3307.6757836505117,1453.8627782573988,1023,True,0.5769782363546092,0.5769782363546092,0,"{""selected_candidate"": 0, ""candidate_rounds"": [23, 23, 24, 24, 24], ""candidate_diagnostics"": [{""fit_converged"": true, ""final_update_norm"": 7.842433891755143e-06, ""fit_tolerance"": 1e-05, ""hit_round_cap"": false}, {""fit_converged"": true, ""final_update_norm"": 9.75190259842711e-06, ""fit_tolerance"": 1e-05, ""hit_round_cap"": false}, {""fit_converged"": true, ""final_update_norm"": 5.60300117070077e-06, ""fit_tolerance"": 1e-05, ""hit_round_cap"": false}, {""fit_converged"": true, ""final_update_norm"": 5.80505066810795e-06, ""fit_tolerance"": 1e-05, ""hit_round_cap"": false}, {""fit_converged"": true, ""final_update_norm"": 5.905427518999477e-06, ""fit_tolerance"": 1e-05, ""hit_round_cap"": false}]}",0.5769782363546092,23,118,69.0,354.0,27.65625,0.3515625,0.5390625,3.4969606121609456,-9.903440251501083,21.71080784905439,14.133539922441997,-4.249026746228207,-2.671613897356739,-12.02309523617314,5.077638145229096,15.425787351639642,2.5177957634210344,28.546875
19,20260930,FedAvg,20,10,0,4,0.5714285714285714,0.4,3143.349184678644,3279.938490816082,1450.215507560023,1023,True,0.5769782363546092,0.5769782363546092,0,"{""fit_converged"": true, ""final_update_norm"": 7.742639409324882e-06, ""fit_tolerance"": 1e-05, ""hit_round_cap"": false}",,13,13,260.0,260.0,3.046875,0.0,0.5390625,4.546792178115864,-10.491865576329964,21.651263397112572,14.779062266313662,-7.021154195922038,-2.976173266810878,-9.716575748416986,8.659091246953427,15.94271962436532,3.4047516097034265,3.5859375
19,20260930,FedAvg-ST,20,10,0,4,0.5714285714285714,0.4,3329.7910302289365,3443.703200706678,1537.7784354856678,1023,True,0.5769782363546092,0.5769782363546092,0,"{""fit_converged"": true, ""final_update_norm"": 7.742639409324882e-06, ""fit_tolerance"": 1e-05, ""hit_round_cap"": false}",2.884891181773046,13,13,260.0,260.0,3.046875,2.8125,0.5390625,1.6619009963428182,-7.606974394556918,18.766372215339526,11.894171084540616,-4.136263014148992,-0.09128208503783197,-6.83168456664394,5.774200065180381,13.057828442592275,0.5198604279303805,6.3984375
19,20260930,FedAvg-P,20,10,0,4,0.5714285714285714,0.4,3161.817270136392,3295.085905372941,1456.4790443562747,1023,True,0.5769782363546092,0.5769782363546092,0,"{""selected_candidate"": 0, ""candidate_rounds"": [13, 13, 13, 13, 13], ""candidate_diagnostics"": [{""fit_converged"": true, ""final_update_norm"": 7.809096964022787e-06, ""fit_tolerance"": 1e-05, ""hit_round_cap"": false}, {""fit_converged"": true, ""final_update_norm"": 7.775948851767432e-06, ""fit_tolerance"": 1e-05, ""hit_round_cap"": false}, {""fit_converged"": true, ""final_update_norm"": 7.759294611642732e-06, ""fit_tolerance"": 1e-05, ""hit_round_cap"": false}, {""fit_converged"": true, ""final_update_norm"": 7.750967056753642e-06, ""fit_tolerance"": 1e-05, ""hit_round_cap"": false}, {""fit_converged"": true, ""final_update_norm"": 7.746803236995438e-06, ""fit_tolerance"": 1e-05, ""hit_round_cap"": false}]}",0.5769782363546092,13,65,260.0,1300.0,15.234375,0.3515625,0.5390625,3.9698313116271358,-9.915417067268004,21.073977593351323,14.201594460744705,-6.4653061832433885,-2.3802447409896255,-9.133200800646959,8.079838849945439,15.375813241836578,2.8281528015742916,16.125
20,20260931,Pooled,0,8,2,4,0.6666666666666666,0.5,3935.121160957085,2624.6521529926954,1413.089585427143,863,True,1.1627482696700602,1.189650424965449,0,{},,0,0,,,0.0,0.0,0.5390625,1.041205146530876,-6.364515288016124,20.92430509506904,10.329254550882306,-6.125977339635383,-0.0,-11.16981036215932,0.0,25.101234858106707,4.345303549347201,0.5390625
20,20260931,Pooled-1SE,0,4,6,4,1.0,1.0,4429.678350157659,2987.922826123669,1529.4227713718815,332,True,1.1627482696700602,10.149714981950778,0,{},,0,0,,,0.0,0.0,0.5390625,0.0,-0.0,18.654945217521128,3.7379333402929484,-0.0,-0.0,-5.308908596963535,0.0,20.16571103345124,0.0,0.5390625
20,20260931,Largest-site,0,8,2,4,0.6666666666666666,0.5,3903.180486437345,2625.037993756384,1424.1874738525107,863,True,1.1627482696700602,1.2682263305985957,0,{},,0,0,,,0.0,0.0,0.5390625,1.975340198326232,-7.616721695828588,21.496826417073745,10.332847881096141,-1.8330048468347038,-0.0,-9.976041290554473,0.0,23.602056166774066,3.0095688132557226,0.5390625
20,20260931,Largest-site-1SE,0,2,8,4,0.6666666666666666,0.5,5054.0354542321475,3527.069031958627,1727.9888008689022,260,True,1.1627482696700602,17.42319511542065,0,{},,0,0,,,0.0,0.0,0.5390625,0.0,-0.0,12.668599150100633,0.0,0.0,0.0,-0.0,0.0,20.043830931290113,0.0,0.5390625
20,20260931,One-shot,0,10,0,4,0.5714285714285714,0.4,3961.161836619701,2679.0459878621164,1416.9054315668889,1023,True,1.1627482696700602,1.1627482696700602,0,{},,1,1,,,0.234375,0.0,0.5390625,2.1582321429618223,-6.087264463076536,19.85963962111538,9.799307872581654,-5.026884036316899,-1.9917844643523328,-9.0724875285786,3.6628712638465086,25.026896547052498,3.426868995773865,0.7734375
20,20260931,ADMM,0,8,2,4,0.6666666666666666,0.5,3934.02171182909,2624.3660076910032,1413.086665542054,863,True,1.1627482696700602,1.1627482696700602,0,{},,289,289,,,67.734375,0.0,0.5390625,1.065125592048978,-6.410899681643425,20.92910995957537,10.349726065300008,-6.181591337258915,-0.0,-11.186331603223422,0.0,25.132166086933406,4.363730373609289,68.2734375
20,20260931,FedAvg,1,10,0,4,0.5714285714285714,0.4,3936.4962958198334,2650.8316037049326,1414.7324162143816,1023,True,1.1627482696700602,1.1627482696700602,0,"{""fit_converged"": true, ""final_update_norm"": 9.379117062616172e-06, ""fit_tolerance"": 1e-05, ""hit_round_cap"": false}",,116,116,116.0,116.0,27.1875,0.0,0.5390625,2.0030421847280837,-6.113243189181193,20.907348288672058,10.160536249659682,-4.939025081439559,-1.6552960618023174,-10.332435380445208,1.6269028495268123,24.693674271875157,3.5653278292280977,27.7265625
20,20260931,FedAvg-ST,1,6,4,4,0.8,0.6666666666666666,4458.370246806677,2974.989221588689,1533.9809913247989,350,True,1.1627482696700602,1.1627482696700602,0,"{""fit_converged"": true, ""final_update_norm"": 9.379117062616172e-06, ""fit_tolerance"": 1e-05, ""hit_round_cap"": false}",4.646376416229509,116,116,116.0,116.0,27.1875,2.8125,0.5390625,0.0,-1.4668667729516844,16.26097187244255,5.514159833430173,-0.2926486652100504,-0.0,-5.686058964215699,0.0,20.04729785564565,0.0,30.5390625
20,20260931,FedAvg-P,1,9,1,4,0.6153846153846154,0.4444444444444444,3996.216672380089,2675.396510270625,1425.4207115845052,991,True,1.1627482696700602,1.1627482696700602,0,"{""selected_candidate"": 0, ""candidate_rounds"": [24, 29, 31, 71, 80], ""candidate_diagnostics"": [{""fit_converged"": true, ""final_update_norm"": 5.318473689170627e-06, ""fit_tolerance"": 1e-05, ""hit_round_cap"": false}, {""fit_converged"": true, ""final_update_norm"": 6.8960019228833034e-06, ""fit_tolerance"": 1e-05, ""hit_round_cap"": false}, {""fit_converged"": true, ""final_update_norm"": 8.946314459357303e-06, ""fit_tolerance"": 1e-05, ""hit_round_cap"": false}, {""fit_converged"": true, ""final_update_norm"": 8.589039627800719e-06, ""fit_tolerance"": 1e-05, ""hit_round_cap"": false}, {""fit_converged"": true, ""final_update_norm"": 9.68395322244337e-06, ""fit_tolerance"": 1e-05, ""hit_round_cap"": false}]}",1.1627482696700602,24,235,24.0,235.0,55.078125,0.3515625,0.5390625,1.5236043981059706,-4.247411017565322,21.477263627978733,9.320201176731171,-3.056128794670287,-0.0,-10.725822833265205,0.02913988623940078,22.37119080281642,1.0480647132863048,55.96875
20,20260931,FedAvg,3,10,0,4,0.5714285714285714,0.4,3967.679765900697,2679.9583476845883,1416.4587253851394,1023,True,1.1627482696700602,1.1627482696700602,0,"{""fit_converged"": true, ""final_update_norm"": 9.055274649913395e-06, ""fit_tolerance"": 1e-05, ""hit_round_cap"": false}",,15,15,45.0,45.0,3.515625,0.0,0.5390625,2.2057262071704526,-6.099850339417337,19.815643739772987,9.710818693053241,-4.635263326017518,-2.2543139393216527,-10.291081032221228,2.775205689904277,25.051748028244134,3.339741906990103,4.0546875
20,20260931,FedAvg-ST,3,5,5,4,0.8888888888888888,0.8,4517.4799814807875,3020.3076482151364,1547.2566374231099,334,True,1.1627482696700602,1.1627482696700602,0,"{""fit_converged"": true, ""final_update_norm"": 9.055274649913395e-06, ""fit_tolerance"": 1e-05, ""hit_round_cap"": false}",4.646376416229509,15,15,45.0,45.0,3.515625,2.8125,0.5390625,0.0,-1.4534739231878282,15.16926732354348,5.0644422768237325,-0.0,-0.0,-5.64470461599172,0.0,20.405371612014626,0.0,6.8671875
20,20260931,FedAvg-P,3,10,0,4,0.5714285714285714,0.4,4065.480956976385,2692.505743827869,1427.9662477169936,1023,True,1.1627482696700602,1.1627482696700602,0,"{""selected_candidate"": 0, ""candidate_rounds"": [15, 15, 15, 15, 15], ""candidate_diagnostics"": [{""fit_converged"": true, ""final_update_norm"": 6.5599891543412434e-06, ""fit_tolerance"": 1e-05, ""hit_round_cap"": false}, {""fit_converged"": true, ""final_update_norm"": 7.566376879719827e-06, ""fit_tolerance"": 1e-05, ""hit_round_cap"": false}, {""fit_converged"": true, ""final_update_norm"": 8.623633657168318e-06, ""fit_tolerance"": 1e-05, ""hit_round_cap"": false}, {""fit_converged"": true, ""final_update_norm"": 8.839452812088477e-06, ""fit_tolerance"": 1e-05, ""hit_round_cap"": false}, {""fit_converged"": true, ""final_update_norm"": 8.947363407593823e-06, ""fit_tolerance"": 1e-05, ""hit_round_cap"": false}]}",1.1627482696700602,15,75,45.0,225.0,17.578125,0.3515625,0.5390625,0.987511325182933,-5.106635122472377,18.6060746906699,8.67118038141577,-3.5660172938400008,-0.6803989160660109,-9.441149064069155,1.4137672120369649,23.91169605744337,2.0516227802931453,18.46875
20,20260931,FedAvg,20,10,0,4,0.5714285714285714,0.4,3962.9846294725535,2680.778970805937,1416.8645309660067,1023,True,1.1627482696700602,1.1627482696700602,0,"{""fit_converged"": true, ""final_update_norm"": 2.3948600931836767e-06, ""fit_tolerance"": 1e-05, ""hit_round_cap"": false}",,6,6,120.0,120.0,1.40625,0.0,0.5390625,2.1599287899290154,-6.047508682125032,19.85739121421048,9.718924576890775,-5.158901386440329,-1.8316673865999715,-9.083288491738525,3.5978488226019922,25.103953510750628,3.398155701533674,1.9453125
20,20260931,FedAvg-ST,20,6,4,4,0.8,0.6666666666666666,4543.357292454619,3040.5351624701616,1559.1832553606282,350,True,1.1627482696700602,1.1627482696700602,0,"{""fit_converged"": true, ""final_update_norm"": 2.3948600931836767e-06, ""fit_tolerance"": 1e-05, ""hit_round_cap"": false}",4.646376416229509,6,6,120.0,120.0,1.40625,2.8125,0.5390625,0.0,-1.401132265895523,15.211014797980972,5.072548160661266,-0.5125249702108201,-0.0,-4.436912075509016,0.0,20.45757709452112,0.0,4.7578125
20,20260931,FedAvg-P,20,10,0,4,0.5714285714285714,0.4,4067.152322913235,2698.602273928157,1429.9828852969968,1023,True,1.1627482696700602,1.1627482696700602,0,"{""selected_candidate"": 0, ""candidate_rounds"": [10, 11, 6, 6, 6], ""candidate_diagnostics"": [{""fit_converged"": true, ""final_update_norm"": 5.225301379134776e-06, ""fit_tolerance"": 1e-05, ""hit_round_cap"": false}, {""fit_converged"": true, ""final_update_norm"": 2.9441758977572837e-06, ""fit_tolerance"": 1e-05, ""hit_round_cap"": false}, {""fit_converged"": true, ""final_update_norm"": 9.486089730564588e-07, ""fit_tolerance"": 1e-05, ""hit_round_cap"": false}, {""fit_converged"": true, ""final_update_norm"": 1.0826315797211602e-06, ""fit_tolerance"": 1e-05, ""hit_round_cap"": false}, {""fit_converged"": true, ""final_update_norm"": 3.50372814343225e-07, ""fit_tolerance"": 1e-05, ""hit_round_cap"": false}]}",1.1627482696700602,10,39,200.0,780.0,9.140625,0.3515625,0.5390625,0.9946884073221733,-4.882802129965914,18.69569744974694,8.557637035583614,-4.015623418195938,-0.6025939702840903,-7.929201240570591,2.3940165530942363,23.953999085794713,2.2330825380319745,10.03125
21,20260932,Pooled,0,10,0,4,0.5714285714285714,0.4,2824.665364878853,3014.142543234297,1899.0699389173176,1023,True,3.8336666955264067,0.044597070922574165,0,{},,0,0,,,0.0,0.0,0.5390625,-1.2234596793708836,-11.007354078855297,26.253998046566714,10.824344129977025,-18.94188877175156,3.9498747186093826,1.7259753543424345,12.978449634113508,28.164314489574238,2.699098926982973,0.5390625
21,20260932,Pooled-1SE,0,4,6,4,1.0,1.0,3252.4222427567547,3373.4007483743794,1774.3593059632328,332,True,3.8336666955264067,6.633154741580884,0,{},,0,0,,,0.0,0.0,0.5390625,-0.0,-0.0,25.34821092983085,3.1550416336146343,-0.0,-0.0,-3.2677533646105386,0.0,21.730719183734134,0.0,0.5390625
21,20260932,Largest-site,0,4,6,4,0.75,0.6,3388.9057879254165,3520.214580251879,1796.2065719378013,452,True,3.8336666955264067,7.218801056314906,0,{},,0,0,,,0.0,0.0,0.5390625,-0.0,0.0,26.1270777009687,0.0,-0.0,-0.0,-4.806605412304426,1.4874160145972917,18.126656697933203,0.0,0.5390625
21,20260932,Largest-site-1SE,0,2,8,4,0.6666666666666666,0.5,4358.937518105635,4211.90750147564,2045.0067106566016,260,True,3.8336666955264067,18.717945423669995,0,{},,0,0,,,0.0,0.0,0.5390625,0.0,0.0,18.29080083404635,0.0,0.0,0.0,-0.0,0.0,9.592114332042733,0.0,0.5390625
21,20260932,One-shot,0,10,0,4,0.5714285714285714,0.4,3048.318737603589,3092.02582152374,1787.7592823371856,1023,True,3.8336666955264067,3.8336666955264067,0,{},,1,1,,,0.234375,0.0,0.5390625,1.35978029721766,-7.346517743057115,26.35963395982384,7.230058119979938,-0.8502174474149351,-4.818420374012699,-4.503950331743955,4.482945325792098,20.82042389076747,0.31992504074297823,0.7734375
21,20260932,ADMM,0,6,4,4,0.8,0.6666666666666666,3036.574746686548,3187.693662754097,1761.7006679751337,366,True,3.8336666955264067,3.8336666955264067,0,{},,138,138,,,32.34375,0.0,0.5390625,-0.0,-3.6407269064189354,25.93138821283719,5.88866855479129,-0.0,-0.1279243150491065,-6.523488172205553,0.0,22.525632790187828,0.0,32.8828125
21,20260932,FedAvg,1,10,0,4,0.5714285714285714,0.4,3055.0204608867366,3099.5317171982388,1779.4768625213128,1023,True,3.8336666955264067,3.8336666955264067,0,"{""fit_converged"": true, ""final_update_norm"": 7.780086397291799e-06, ""fit_tolerance"": 1e-05, ""hit_round_cap"": false}",,38,38,38.0,38.0,8.90625,0.0,0.5390625,0.7434179436942325,-6.042947254191333,26.508714118091497,7.244472413063943,-3.6770266020987163,-0.9160189829154051,-4.192382711939507,2.447488523109587,21.898286636733108,-0.1735831277060127,9.4453125
21,20260932,FedAvg-ST,1,6,4,4,0.8,0.6666666666666666,3469.0241809982303,3452.35859070316,1812.5010406044266,350,True,3.8336666955264067,3.8336666955264067,0,"{""fit_converged"": true, ""final_update_norm"": 7.780086397291799e-06, ""fit_tolerance"": 1e-05, ""hit_round_cap"": false}",3.190463857015012,38,38,38.0,38.0,8.90625,2.8125,0.5390625,0.0,-2.8524833971763206,23.318250261076486,4.054008556048931,-0.48656274508370423,-0.0,-1.0019188549244946,0.0,18.707822779718096,-0.0,12.2578125
21,20260932,FedAvg-P,1,5,5,4,0.8888888888888888,0.8,3488.567603750976,3445.1156645711876,1816.2494426886276,334,True,3.8336666955264067,3.8336666955264067,0,"{""selected_candidate"": 0, ""candidate_rounds"": [19, 20, 48, 35, 36], ""candidate_diagnostics"": [{""fit_converged"": true, ""final_update_norm"": 7.570930496373072e-06, ""fit_tolerance"": 1e-05, ""hit_round_cap"": false}, {""fit_converged"": true, ""final_update_norm"": 2.848949431662974e-06, ""fit_tolerance"": 1e-05, ""hit_round_cap"": false}, {""fit_converged"": true, ""final_update_norm"": 8.961384521074906e-06, ""fit_tolerance"": 1e-05, ""hit_round_cap"": false}, {""fit_converged"": true, ""final_update_norm"": 7.674818236340484e-06, ""fit_tolerance"": 1e-05, ""hit_round_cap"": false}, {""fit_converged"": true, ""final_update_norm"": 7.0134448785350665e-06, ""fit_tolerance"": 1e-05, ""hit_round_cap"": false}]}",3.8336666955264067,19,158,19.0,158.0,37.03125,0.3515625,0.5390625,0.0,-0.9597101473534502,27.778772812103984,3.696510599667685,-0.0,-0.0,-2.868620195186264,0.0,13.65258862322936,-0.0,37.921875
21,20260932,FedAvg,3,10,0,4,0.5714285714285714,0.4,3032.9785460408557,3078.4231030808196,1785.6645218282354,1023,True,3.8336666955264067,3.8336666955264067,0,"{""fit_converged"": true, ""final_update_norm"": 6.470316749454501e-06, ""fit_tolerance"": 1e-05, ""hit_round_cap"": false}",,17,17,51.0,51.0,3.984375,0.0,0.5390625,1.1244663415057703,-7.383907548131874,26.75934953905495,7.55216087142856,-3.0576662865963233,-2.149184336194231,-4.2697989825805776,3.700257496048368,21.603207024814306,-0.10034489772144406,4.5234375
21,20260932,FedAvg-ST,3,6,4,4,0.8,0.6666666666666666,3445.2152377441726,3432.4061607881035,1810.5471938340065,462,True,3.8336666955264067,3.8336666955264067,0,"{""fit_converged"": true, ""final_update_norm"": 6.470316749454501e-06, ""fit_tolerance"": 1e-05, ""hit_round_cap"": false}",3.190463857015012,17,17,51.0,51.0,3.984375,2.8125,0.5390625,0.0,-4.193443691116862,23.568885682039937,4.361697014413548,-0.0,-0.0,-1.0793351255655654,0.5097936390333557,18.412743167799295,-0.0,7.3359375
21,20260932,FedAvg-P,3,5,5,4,0.8888888888888888,0.8,3507.913500978766,3468.2489676815894,1821.7850392351336,334,True,3.8336666955264067,3.8336666955264067,0,"{""selected_candidate"": 0, ""candidate_rounds"": [9, 16, 16, 17, 17], ""candidate_diagnostics"": [{""fit_converged"": true, ""final_update_norm"": 8.27403982796913e-06, ""fit_tolerance"": 1e-05, ""hit_round_cap"": false}, {""fit_converged"": true, ""final_update_norm"": 6.0359616464225994e-06, ""fit_tolerance"": 1e-05, ""hit_round_cap"": false}, {""fit_converged"": true, ""final_update_norm"": 8.100363934460063e-06, ""fit_tolerance"": 1e-05, ""hit_round_cap"": false}, {""fit_converged"": true, ""final_update_norm"": 4.370028897336687e-06, ""fit_tolerance"": 1e-05, ""hit_round_cap"": false}, {""fit_converged"": true, ""final_update_norm"": 6.341244797543277e-06, ""fit_tolerance"": 1e-05, ""hit_round_cap"": false}]}",3.8336666955264067,9,75,27.0,225.0,17.578125,0.3515625,0.5390625,0.0,-3.663225150268753,23.241507373026298,4.18338919755983,-0.0,-0.0,-1.4270770418981136,0.0,17.294803678675063,-0.0,18.46875
21,20260932,FedAvg,20,10,0,4,0.5714285714285714,0.4,3043.7750348650575,3088.2456748183963,1788.5475422318957,1023,True,3.8336666955264067,3.8336666955264067,0,"{""fit_converged"": true, ""final_update_norm"": 2.8149601568509197e-07, ""fit_tolerance"": 1e-05, ""hit_round_cap"": false}",,6,6,120.0,120.0,1.40625,0.0,0.5390625,1.3451836202800624,-7.345009214907288,26.324269422612904,7.2742326790462215,-2.706914903839461,-3.2941783938538425,-3.749452214721577,4.709144050293209,21.427896501513054,0.32305072413043556,1.9453125
21,20260932,FedAvg-ST,20,7,3,4,0.7272727272727273,0.5714285714285714,3465.0601863821994,3459.6149900588193,1814.5259172097963,494,True,3.8336666955264067,3.8336666955264067,0,"{""fit_converged"": true, ""final_update_norm"": 2.8149601568509197e-07, ""fit_tolerance"": 1e-05, ""hit_round_cap"": false}",3.190463857015012,6,6,120.0,120.0,1.40625,2.8125,0.5390625,0.0,-4.1545453578922755,23.133805565597893,4.083768822031209,-0.0,-0.10371453683883036,-0.5589883577065651,1.5186801932781968,18.237432644498043,0.0,4.7578125
21,20260932,FedAvg-P,20,8,2,4,0.6666666666666666,0.5,3277.8763873877283,3298.42136886378,1789.37602085961,510,True,3.8336666955264067,3.8336666955264067,0,"{""selected_candidate"": 1, ""candidate_rounds"": [5, 7, 6, 6, 6], ""candidate_diagnostics"": [{""fit_converged"": true, ""final_update_norm"": 6.941260244752054e-07, ""fit_tolerance"": 1e-05, ""hit_round_cap"": false}, {""fit_converged"": true, ""final_update_norm"": 2.8416179623817414e-06, ""fit_tolerance"": 1e-05, ""hit_round_cap"": false}, {""fit_converged"": true, ""final_update_norm"": 3.1017365602948295e-07, ""fit_tolerance"": 1e-05, ""hit_round_cap"": false}, {""fit_converged"": true, ""final_update_norm"": 2.7677768477024013e-07, ""fit_tolerance"": 1e-05, ""hit_round_cap"": false}, {""fit_converged"": true, ""final_update_norm"": 2.798806464966296e-07, ""fit_tolerance"": 1e-05, ""hit_round_cap"": false}]}",1.9168333477632034,7,30,140.0,600.0,7.03125,0.3515625,0.5390625,0.0,-5.426662367421213,24.407588142642016,5.354722493915126,-0.7827570837341822,-1.378834774828509,-1.8368341185308188,2.7835382966420052,19.509348668349524,0.0,7.921875
22,20260933,Pooled,0,6,4,3,0.6666666666666666,0.5,3260.5481515356832,3387.9432408369357,1515.5221184877819,366,True,2.040884587392415,2.056778418861645,0,{},,0,0,,,0.0,0.0,0.5390625,-0.0,-9.778754815528064,25.82222536458985,12.730037528550708,-0.0,-6.874082324937919,-9.332549788268906,0.0,23.520740941588613,0.0,0.5390625
22,20260933,Pooled-1SE,0,3,7,3,1.0,1.0,3624.183503486331,3800.5487335824027,1654.540559061632,268,True,2.040884587392415,10.897463869134127,0,{},,0,0,,,0.0,0.0,0.5390625,0.0,-0.0,23.36667338363985,4.9390754623694395,-0.0,-0.0,-0.0,0.0,17.99278025318849,0.0,0.5390625
22,20260933,Largest-site,0,6,4,3,0.6666666666666666,0.5,3416.7740417198156,3557.8303479496985,1534.1647034242435,366,True,2.040884587392415,2.004579101948929,0,{},,0,0,,,0.0,0.0,0.5390625,-0.0,-10.463973461990943,28.922978897935018,11.392843784548484,-0.0,-11.689900538113893,-5.896894582436103,-0.0,26.167875506189436,-0.0,0.5390625
22,20260933,Largest-site-1SE,0,2,8,3,0.8,0.6666666666666666,3857.275954152168,4005.284240891153,1723.17935840977,260,True,2.040884587392415,17.102424474103294,0,{},,0,0,,,0.0,0.0,0.5390625,0.0,-0.0,24.562694103122208,0.0,-0.0,-0.0,-0.0,0.0,15.731023864547597,0.0,0.5390625
22,20260933,One-shot,0,10,0,3,0.46153846153846156,0.3,3183.7869962786503,3359.0651625169876,1545.0250564887228,1023,True,2.040884587392415,2.040884587392415,0,{},,1,1,,,0.234375,0.0,0.5390625,1.6308824056610147,-9.792196903078421,23.147093983389148,12.501961100632874,-5.3845531751027815,-5.770943170849865,-3.9517425355271545,8.170483227475238,23.45659559541322,1.3028319549212954,0.7734375
22,20260933,ADMM,0,6,4,3,0.6666666666666666,0.5,3260.6975079367585,3387.8458329045984,1515.5212694753864,366,True,2.040884587392415,2.040884587392415,0,{},,127,127,,,29.765625,0.0,0.5390625,-0.0,-9.806214730986078,25.826263722153243,12.746515171398464,-0.0,-6.897404337943597,-9.35553953704278,0.0,23.533288635834847,0.0,30.3046875
22,20260933,FedAvg,1,10,0,3,0.46153846153846156,0.3,3221.744680222973,3377.043917244146,1523.0524752583146,1023,True,2.040884587392415,2.040884587392415,0,"{""fit_converged"": true, ""final_update_norm"": 8.671062850456368e-06, ""fit_tolerance"": 1e-05, ""hit_round_cap"": false}",,49,49,49.0,49.0,11.484375,0.0,0.5390625,1.0485092495729043,-9.808325786796935,24.598285838440177,11.650831326802102,-2.8350141599293837,-4.198465408892271,-8.231126622981309,0.7715439211192981,24.54916761399055,0.896065961187432,12.0234375
22,20260933,FedAvg-ST,1,5,5,3,0.75,0.6,3531.0386287192027,3804.7752516511487,1633.023328533035,334,True,2.040884587392415,2.040884587392415,0,"{""fit_converged"": true, ""final_update_norm"": 8.671062850456368e-06, ""fit_tolerance"": 1e-05, ""hit_round_cap"": false}",5.209121683741531,49,49,49.0,49.0,11.484375,2.8125,0.5390625,0.0,-4.5992041030554045,19.389164154698648,6.441709643060571,-0.0,-0.0,-3.0220049392397783,0.0,19.34004593024902,0.0,14.8359375
22,20260933,FedAvg-P,1,6,4,3,0.6666666666666666,0.5,3282.251558113883,3430.9959923215347,1542.3392718267573,350,True,2.040884587392415,2.040884587392415,0,"{""selected_candidate"": 0, ""candidate_rounds"": [22, 85, 33, 51, 50], ""candidate_diagnostics"": [{""fit_converged"": true, ""final_update_norm"": 4.065639665757619e-06, ""fit_tolerance"": 1e-05, ""hit_round_cap"": false}, {""fit_converged"": true, ""final_update_norm"": 8.917748043381923e-06, ""fit_tolerance"": 1e-05, ""hit_round_cap"": false}, {""fit_converged"": true, ""final_update_norm"": 7.456909827310677e-06, ""fit_tolerance"": 1e-05, ""hit_round_cap"": false}, {""fit_converged"": true, ""final_update_norm"": 8.3236105182794e-06, ""fit_tolerance"": 1e-05, ""hit_round_cap"": false}, {""fit_converged"": true, ""final_update_norm"": 8.827682750873924e-06, ""fit_tolerance"": 1e-05, ""hit_round_cap"": false}]}",2.040884587392415,22,241,22.0,241.0,56.484375,0.3515625,0.5390625,0.0,-6.044682624596619,25.263129083825245,9.072539236046385,-2.746722204138001,-0.0,-6.068090784262135,0.0,21.35863889540312,0.0,57.375
22,20260933,FedAvg,3,10,0,3,0.46153846153846156,0.3,3200.402081438371,3354.8103679683104,1531.0733330929102,1023,True,2.040884587392415,2.040884587392415,0,"{""fit_converged"": true, ""final_update_norm"": 8.638744782564876e-06, ""fit_tolerance"": 1e-05, ""hit_round_cap"": false}",,46,46,138.0,138.0,10.78125,0.0,0.5390625,1.428628080508798,-9.34359327471399,23.453468797942257,12.66659414596237,-4.838617360891256,-3.401118510241422,-6.569740568411026,3.0111240875269285,24.310810762016914,0.8743683299262642,11.3203125
22,20260933,FedAvg-ST,3,6,4,3,0.6666666666666666,0.5,3482.4874292346576,3775.08774809451,1613.7382240524937,350,True,2.040884587392415,2.040884587392415,0,"{""fit_converged"": true, ""final_update_norm"": 8.638744782564876e-06, ""fit_tolerance"": 1e-05, ""hit_round_cap"": false}",4.163160809944592,46,46,138.0,138.0,10.78125,2.8125,0.5390625,0.0,-5.180432464769399,19.290307987997664,8.503433336017778,-0.6754565509466639,-0.0,-2.4065797584664343,0.0,20.14764995207232,0.0,14.1328125
22,20260933,FedAvg-P,3,8,2,3,0.5454545454545454,0.375,3302.79975490136,3539.915056806174,1547.921372777426,510,True,2.040884587392415,2.040884587392415,0,"{""selected_candidate"": 0, ""candidate_rounds"": [43, 26, 28, 31, 46], ""candidate_diagnostics"": [{""fit_converged"": true, ""final_update_norm"": 8.371359841460702e-06, ""fit_tolerance"": 1e-05, ""hit_round_cap"": false}, {""fit_converged"": true, ""final_update_norm"": 9.505608463787445e-06, ""fit_tolerance"": 1e-05, ""hit_round_cap"": false}, {""fit_converged"": true, ""final_update_norm"": 8.375038887521296e-06, ""fit_tolerance"": 1e-05, ""hit_round_cap"": false}, {""fit_converged"": true, ""final_update_norm"": 6.288434997332774e-06, ""fit_tolerance"": 1e-05, ""hit_round_cap"": false}, {""fit_converged"": true, ""final_update_norm"": 9.11130100982821e-06, ""fit_tolerance"": 1e-05, ""hit_round_cap"": false}]}",2.040884587392415,43,174,129.0,522.0,40.78125,0.3515625,0.5390625,0.0,-7.595667269214055,21.504890393366946,10.758893769508884,-3.7095770920457065,-0.5170082885613021,-4.740831445395462,0.9097481676465007,22.525007654455532,0.0,41.671875
22,20260933,FedAvg,20,10,0,3,0.46153846153846156,0.3,3181.171815376863,3358.745689318609,1545.0704956616562,1023,True,2.040884587392415,2.040884587392415,0,"{""fit_converged"": true, ""final_update_norm"": 5.231079888351307e-06, ""fit_tolerance"": 1e-05, ""hit_round_cap"": false}",,15,15,300.0,300.0,3.515625,0.0,0.5390625,1.619293904269068,-9.791165011974774,23.138057359289057,12.523635818713057,-6.2547425895116495,-5.032149973218808,-3.5848219496595064,8.176330324331827,23.818128133324937,1.3054562244688188,4.0546875
22,20260933,FedAvg-ST,20,7,3,3,0.6,0.42857142857142855,3477.1255803492877,3787.049195455159,1625.8655279402317,446,True,2.040884587392415,2.040884587392415,0,"{""fit_converged"": true, ""final_update_norm"": 5.231079888351307e-06, ""fit_tolerance"": 1e-05, ""hit_round_cap"": false}",4.163160809944592,15,15,300.0,300.0,3.515625,2.8125,0.5390625,0.0,-5.628004202030183,18.974896549344464,8.360475008768464,-2.0915817795670577,-0.8689891632742164,-0.0,4.0131695143872355,19.654967323380344,0.0,6.8671875
22,20260933,FedAvg-P,20,8,2,3,0.5454545454545454,0.375,3304.553232614986,3565.7395985565395,1562.9898683292774,510,True,2.040884587392415,2.040884587392415,0,"{""selected_candidate"": 0, ""candidate_rounds"": [15, 15, 15, 15, 15], ""candidate_diagnostics"": [{""fit_converged"": true, ""final_update_norm"": 4.123662360665585e-06, ""fit_tolerance"": 1e-05, ""hit_round_cap"": false}, {""fit_converged"": true, ""final_update_norm"": 4.417605349476533e-06, ""fit_tolerance"": 1e-05, ""hit_round_cap"": false}, {""fit_converged"": true, ""final_update_norm"": 5.093412823857148e-06, ""fit_tolerance"": 1e-05, ""hit_round_cap"": false}, {""fit_converged"": true, ""final_update_norm"": 5.080901780169859e-06, ""fit_tolerance"": 1e-05, ""hit_round_cap"": false}, {""fit_converged"": true, ""final_update_norm"": 5.273416612389316e-06, ""fit_tolerance"": 1e-05, ""hit_round_cap"": false}]}",2.040884587392415,15,75,300.0,1500.0,17.578125,0.3515625,0.5390625,0.0,-7.759375676186088,21.094135957743404,10.487087829494115,-4.52552680245585,-2.74576936504533,-1.4436969596821294,6.141888492377745,21.894867349643246,0.0,18.46875
23,20260934,Pooled,0,8,2,4,0.6666666666666666,0.5,3361.144130803775,2631.3401528272357,2044.6791655284599,990,True,6.180330572886557,0.639226009750099,0,{},,0,0,,,0.0,0.0,0.5390625,-0.0,-11.297405971190338,26.40535337208289,12.052360441408803,-9.910610205516724,-0.0,-9.413448097899776,4.750789085440461,27.988298122771987,4.080180769331678,0.5390625
23,20260934,Pooled-1SE,0,4,6,4,1.0,1.0,3629.64948829882,3006.8941630822674,1967.5432629662703,332,True,6.180330572886557,14.141061924451261,0,{},,0,0,,,0.0,0.0,0.5390625,0.0,-0.0,20.78047178822563,0.8827683104344645,0.0,0.0,-4.584331846609292,0.0,22.007665079779272,0.0,0.5390625
23,20260934,Largest-site,0,8,2,4,0.6666666666666666,0.5,3674.9163957858764,2832.767535348409,1986.2392507954821,975,True,6.180330572886557,2.861554043414591,0,{},,0,0,,,0.0,0.0,0.5390625,-1.1348646953625916,-5.010815162628036,30.49364127896852,0.7568197625632008,0.0,0.0,-15.143105727959027,1.0730607109169528,25.64155216498896,2.71750954577852,0.5390625
23,20260934,Largest-site-1SE,0,3,7,4,0.8571428571428571,0.75,3695.30088201373,3070.416862259749,1995.3806004439107,324,True,6.180330572886557,19.239250943891648,0,{},,0,0,,,0.0,0.0,0.5390625,0.0,0.0,20.984708695914684,0.0,0.0,0.0,-5.308796028788778,0.0,19.06687765810578,0.0,0.5390625
23,20260934,One-shot,0,9,1,4,0.6153846153846154,0.4444444444444444,3337.0739928322614,2690.099515646669,1939.1626686196678,991,True,6.180330572886557,6.180330572886557,0,{},,1,1,,,0.234375,0.0,0.5390625,-0.19301099818245815,-7.56798032490026,23.712036551209266,7.578737975537289,-2.34884705330745,0.0,-10.3493669803042,0.5365303554584764,23.606344352055594,2.023783187997859,0.7734375
23,20260934,ADMM,0,5,5,4,0.8888888888888888,0.8,3405.783739671924,2825.3615318498755,1907.1140169193466,334,True,6.180330572886557,6.180330572886557,0,{},,146,146,,,34.21875,0.0,0.5390625,0.0,-0.8512279552995077,24.361380435553997,5.695584407329267,-0.0,-0.0,-9.201388962561715,0.0,24.508926020116775,0.0,34.7578125
23,20260934,FedAvg,1,10,0,4,0.5714285714285714,0.4,3336.541698450963,2705.18929927505,1931.078290970991,1023,True,6.180330572886557,6.180330572886557,0,"{""fit_converged"": true, ""final_update_norm"": 6.541615974404305e-06, ""fit_tolerance"": 1e-05, ""hit_round_cap"": false}",,22,22,22.0,22.0,5.15625,0.0,0.5390625,0.04059127977804908,-6.118245970733998,23.528641795022033,7.484471866508725,-2.4869540285343885,-0.014697714059850677,-9.853784118408461,0.4600833161589554,24.010356974204296,1.5664975189878825,5.6953125
23,20260934,FedAvg-ST,1,5,5,4,0.8888888888888888,0.8,3655.5892657781746,3072.9051746480104,2010.9930937409024,334,True,6.180330572886557,6.180330572886557,0,"{""fit_converged"": true, ""final_update_norm"": 6.541615974404305e-06, ""fit_tolerance"": 1e-05, ""hit_round_cap"": false}",5.143410443116761,22,22,22.0,22.0,5.15625,2.8125,0.5390625,0.0,-0.9748355276172367,18.385231351905272,2.341061423391964,-0.0,-0.0,-4.7103736752917,0.0,18.866946531087535,0.0,8.5078125
23,20260934,FedAvg-P,1,4,6,4,1.0,1.0,3554.202804053196,3074.6134007884734,2025.4515274111943,332,True,6.180330572886557,6.180330572886557,0,"{""selected_candidate"": 0, ""candidate_rounds"": [20, 18, 19, 19, 23], ""candidate_diagnostics"": [{""fit_converged"": true, ""final_update_norm"": 9.424640457764503e-06, ""fit_tolerance"": 1e-05, ""hit_round_cap"": false}, {""fit_converged"": true, ""final_update_norm"": 7.10875347038498e-06, ""fit_tolerance"": 1e-05, ""hit_round_cap"": false}, {""fit_converged"": true, ""final_update_norm"": 3.886189466103852e-06, ""fit_tolerance"": 1e-05, ""hit_round_cap"": false}, {""fit_converged"": true, ""final_update_norm"": 4.493062131775118e-06, ""fit_tolerance"": 1e-05, ""hit_round_cap"": false}, {""fit_converged"": true, ""final_update_norm"": 6.890671615358302e-06, ""fit_tolerance"": 1e-05, ""hit_round_cap"": false}]}",6.180330572886557,20,99,20.0,99.0,23.203125,0.3515625,0.5390625,0.0,-0.0,24.454255510181223,4.199935807242614,-0.0,-0.0,-6.075480063249849,0.0,11.309451684706957,0.0,24.09375
23,20260934,FedAvg,3,9,1,4,0.6153846153846154,0.4444444444444444,3336.767703821149,2684.534801683593,1942.9298843284014,991,True,6.180330572886557,6.180330572886557,0,"{""fit_converged"": true, ""final_update_norm"": 3.513325651728232e-06, ""fit_tolerance"": 1e-05, ""hit_round_cap"": false}",,9,9,27.0,27.0,2.109375,0.0,0.5390625,-0.38774187713251224,-7.70364601361335,23.73716817491286,7.799630828395382,-2.6083664411489322,0.0,-10.159805788657454,0.9118791030358526,23.75676245042864,1.8856112210406786,2.6484375
23,20260934,FedAvg-ST,3,5,5,4,0.8888888888888888,0.8,3637.130208703302,3043.0278941683123,2013.6681228572675,334,True,6.180330572886557,6.180330572886557,0,"{""fit_converged"": true, ""final_update_norm"": 3.513325651728232e-06, ""fit_tolerance"": 1e-05, ""hit_round_cap"": false}",5.143410443116761,9,9,27.0,27.0,2.109375,2.8125,0.5390625,-0.0,-2.560235570496589,18.5937577317961,2.656220385278621,-0.0,0.0,-5.016395345540693,0.0,18.613352007311878,0.0,5.4609375
23,20260934,FedAvg-P,3,5,5,4,0.8888888888888888,0.8,3456.8330959573277,2869.3840493084876,1955.2102394049416,334,True,6.180330572886557,6.180330572886557,0,"{""selected_candidate"": 1, ""candidate_rounds"": [8, 8, 8, 9, 9], ""candidate_diagnostics"": [{""fit_converged"": true, ""final_update_norm"": 2.389444743835807e-06, ""fit_tolerance"": 1e-05, ""hit_round_cap"": false}, {""fit_converged"": true, ""final_update_norm"": 1.3076426595511186e-06, ""fit_tolerance"": 1e-05, ""hit_round_cap"": false}, {""fit_converged"": true, ""final_update_norm"": 1.7837875636780286e-06, ""fit_tolerance"": 1e-05, ""hit_round_cap"": false}, {""fit_converged"": true, ""final_update_norm"": 3.0619994264871705e-06, ""fit_tolerance"": 1e-05, ""hit_round_cap"": false}, {""fit_converged"": true, ""final_update_norm"": 3.1787589300788434e-06, ""fit_tolerance"": 1e-05, ""hit_round_cap"": false}]}",3.0901652864432787,8,42,24.0,126.0,9.84375,0.3515625,0.5390625,-0.0,-4.9389613400350285,20.396221292929226,5.186525300801758,-0.0,0.0,-7.389892785778509,0.0,20.480805495174913,0.0,10.734375
23,20260934,FedAvg,20,9,1,4,0.6153846153846154,0.4444444444444444,3337.0739104150225,2690.099765338871,1939.1626086819479,991,True,6.180330572886557,6.180330572886557,0,"{""fit_converged"": true, ""final_update_norm"": 1.7606058801677083e-08, ""fit_tolerance"": 1e-05, ""hit_round_cap"": false}",,3,3,60.0,60.0,0.703125,0.0,0.5390625,-0.1930147783660176,-7.567951614013051,23.71205392300095,7.578730762031045,-2.34884725999687,0.0,-10.349268935388265,0.5365953342367866,23.60635245786088,2.0237718781114005,1.2421875
23,20260934,FedAvg-ST,20,5,5,4,0.8888888888888888,0.8,3649.1073316203237,3052.016791953939,2015.0236316031132,334,True,6.180330572886557,6.180330572886557,0,"{""fit_converged"": true, ""final_update_norm"": 1.7606058801677083e-08, ""fit_tolerance"": 1e-05, ""hit_round_cap"": false}",5.143410443116761,3,3,60.0,60.0,0.703125,2.8125,0.5390625,-0.0,-2.4245411708962896,18.56864347988419,2.4353203189142834,-0.0,0.0,-5.205858492271504,0.0,18.46294201474412,0.0,4.0546875
23,20260934,FedAvg-P,20,5,5,4,0.8888888888888888,0.8,3478.3605492832066,2882.552977731061,1955.4993405690716,334,True,6.180330572886557,6.180330572886557,0,"{""selected_candidate"": 1, ""candidate_rounds"": [3, 3, 3, 3, 3], ""candidate_diagnostics"": [{""fit_converged"": true, ""final_update_norm"": 2.568699178841606e-09, ""fit_tolerance"": 1e-05, ""hit_round_cap"": false}, {""fit_converged"": true, ""final_update_norm"": 2.906715180119464e-09, ""fit_tolerance"": 1e-05, ""hit_round_cap"": false}, {""fit_converged"": true, ""final_update_norm"": 2.3106782583490685e-09, ""fit_tolerance"": 1e-05, ""hit_round_cap"": false}, {""fit_converged"": true, ""final_update_norm"": 2.3609773218781056e-09, ""fit_tolerance"": 1e-05, ""hit_round_cap"": false}, {""fit_converged"": true, ""final_update_norm"": 1.762373266975616e-08, ""fit_tolerance"": 1e-05, ""hit_round_cap"": false}]}",3.0901652864432787,3,15,60.0,300.0,3.515625,0.3515625,0.5390625,-0.0,-4.477757605374009,20.62190593899132,4.48855793420937,-0.0,0.0,-7.259007197289334,0.0,20.516195101199287,0.0,4.40625
24,20260935,Pooled,0,8,2,3,0.5454545454545454,0.375,3193.762977492495,2562.23708387653,1679.7922277230884,863,True,2.355274376733022,0.19983465865498004,0,{},,0,0,,,0.0,0.0,0.5390625,0.2630401957071018,-10.554635254021822,25.806538892979226,16.15652632381208,-8.34988467812704,0.0,-6.200179640504449,0.0,29.560499167269377,2.72364907978389,0.5390625
24,20260935,Pooled-1SE,0,3,7,3,1.0,1.0,3415.7293270111813,2887.3666836857024,1759.8996666609298,268,True,2.355274376733022,11.46282078918419,0,{},,0,0,,,0.0,0.0,0.5390625,0.0,-0.0,23.908297566352875,7.24269244866128,-0.0,-0.0,-0.0,0.0,19.963511814446107,0.0,0.5390625
24,20260935,Largest-site,0,9,1,3,0.5,0.3333333333333333,3427.2750568743118,2522.246218178484,1714.3309983246113,895,True,2.355274376733022,0.44762596362405704,0,{},,0,0,,,0.0,0.0,0.5390625,-0.3524214646791977,-6.201061991735582,18.586759456459667,13.9042981620861,-2.0833577340491938,-7.919179791178766,-6.146009208584293,0.0,29.620554997501706,9.080260553894403,0.5390625
24,20260935,Largest-site-1SE,0,4,6,3,0.8571428571428571,0.75,3805.148771987561,3220.619443472996,1986.0909637243612,780,True,2.355274376733022,15.945546445464899,0,{},,0,0,,,0.0,0.0,0.5390625,0.0,-0.0,11.398011501628742,3.0958531474236968,-0.0,-0.0,-0.0,0.0,21.20100342949626,1.2905820863287623,0.5390625
24,20260935,One-shot,0,10,0,3,0.46153846153846156,0.3,3259.8153212118827,2554.8640420046017,1671.0110924938078,1023,True,2.355274376733022,2.355274376733022,0,{},,1,1,,,0.234375,0.0,0.5390625,0.4529620204724233,-6.450155953947272,26.821954655541877,11.686219941858374,-1.0745330914151545,-3.975839163773309,-4.683995763126443,0.6418351431258896,24.040667708099846,4.919060410617233,0.7734375
24,20260935,ADMM,0,8,2,3,0.5454545454545454,0.375,3192.97394631466,2605.742386068186,1662.1626120331434,894,True,2.355274376733022,2.355274376733022,0,{},,3980,3980,,,932.8125,0.0,0.5390625,0.0,-6.665835153818153,25.98358018698258,14.259902564515372,-2.1570000040114583,-1.7706916472174958,-5.4546877924023045,0.0,25.82706716732241,1.1003289183316887,933.3515625
24,20260935,FedAvg,1,10,0,3,0.46153846153846156,0.3,3256.6544833746957,2549.434801657889,1671.4941720094391,1023,True,2.355274376733022,2.355274376733022,0,"{""fit_converged"": true, ""final_update_norm"": 6.8885156921410496e-06, ""fit_tolerance"": 1e-05, ""hit_round_cap"": false}",,35,35,35.0,35.0,8.203125,0.0,0.5390625,1.1441506393546403,-6.447650564315701,25.63672016746589,12.489246763313623,-2.7537012898167132,-3.7332101163353197,-4.1901296853992225,1.0167422995792634,25.713724955840863,4.035861000029939,8.7421875
24,20260935,FedAvg-ST,1,4,6,3,0.8571428571428571,0.75,3438.1730418707657,2905.40530937323,1777.4608953495804,270,True,2.355274376733022,2.355274376733022,0,"{""fit_converged"": true, ""final_update_norm"": 6.8885156921410496e-06, ""fit_tolerance"": 1e-05, ""hit_round_cap"": false}",4.80447843178123,35,35,35.0,35.0,8.203125,2.8125,0.5390625,0.0,-1.6431721325344713,20.832241735684658,7.684768331532394,-0.0,-0.0,-0.0,0.0,20.909246524059633,0.0,11.5546875
24,20260935,FedAvg-P,1,7,3,3,0.6,0.42857142857142855,3278.9171790603536,2737.565025645742,1689.0289296484225,862,True,2.355274376733022,2.355274376733022,0,"{""selected_candidate"": 0, ""candidate_rounds"": [20, 25, 48, 185, 35], ""candidate_diagnostics"": [{""fit_converged"": true, ""final_update_norm"": 8.067941409669953e-06, ""fit_tolerance"": 1e-05, ""hit_round_cap"": false}, {""fit_converged"": true, ""final_update_norm"": 8.514875349541248e-06, ""fit_tolerance"": 1e-05, ""hit_round_cap"": false}, {""fit_converged"": true, ""final_update_norm"": 9.756273456158163e-06, ""fit_tolerance"": 1e-05, ""hit_round_cap"": false}, {""fit_converged"": true, ""final_update_norm"": 9.687348220666575e-06, ""fit_tolerance"": 1e-05, ""hit_round_cap"": false}, {""fit_converged"": true, ""final_update_norm"": 7.269120500082006e-06, ""fit_tolerance"": 1e-05, ""hit_round_cap"": false}]}",2.355274376733022,20,313,20.0,313.0,73.359375,0.3515625,0.5390625,0.0,-1.7109775307022206,27.561779928489493,10.057746013774082,-1.7440108920252486,-0.0,-1.7164186223230145,0.0,22.676153843748747,0.068986033321905,74.25
24,20260935,FedAvg,3,10,0,3,0.46153846153846156,0.3,3276.506811997739,2558.42346202966,1671.1457328850452,1023,True,2.355274376733022,2.355274376733022,0,"{""fit_converged"": true, ""final_update_norm"": 6.195152042313894e-06, ""fit_tolerance"": 1e-05, ""hit_round_cap"": false}",,19,19,57.0,57.0,4.453125,0.0,0.5390625,0.37791372315923427,-6.340554922072359,26.910224783785146,11.460138606299772,-2.4772765572547826,-3.1278341404813923,-3.7015924863229692,0.46562842601837595,25.167372491970337,4.906507614483678,4.9921875
24,20260935,FedAvg-ST,3,5,5,3,0.75,0.6,3434.2500905794914,2911.253215317036,1778.135012984579,782,True,2.355274376733022,2.355274376733022,0,"{""fit_converged"": true, ""final_update_norm"": 6.195152042313894e-06, ""fit_tolerance"": 1e-05, ""hit_round_cap"": false}",4.80447843178123,19,19,57.0,57.0,4.453125,2.8125,0.5390625,0.0,-1.536076490291129,22.105746352003916,6.655660174518542,-0.0,-0.0,-0.0,0.0,20.362894060189106,0.10202918270244776,7.8046875
24,20260935,FedAvg-P,3,7,3,3,0.6,0.42857142857142855,3319.778817529421,2699.485567060927,1696.9166722455846,862,True,2.355274376733022,2.355274376733022,0,"{""selected_candidate"": 0, ""candidate_rounds"": [12, 24, 19, 19, 19], ""candidate_diagnostics"": [{""fit_converged"": true, ""final_update_norm"": 4.345226164866949e-06, ""fit_tolerance"": 1e-05, ""hit_round_cap"": false}, {""fit_converged"": true, ""final_update_norm"": 6.4593018291700096e-06, ""fit_tolerance"": 1e-05, ""hit_round_cap"": false}, {""fit_converged"": true, ""final_update_norm"": 7.93066754560361e-06, ""fit_tolerance"": 1e-05, ""hit_round_cap"": false}, {""fit_converged"": true, ""final_update_norm"": 7.033655837513498e-06, ""fit_tolerance"": 1e-05, ""hit_round_cap"": false}, {""fit_converged"": true, ""final_update_norm"": 6.291840189201322e-06, ""fit_tolerance"": 1e-05, ""hit_round_cap"": false}]}",2.355274376733022,12,93,36.0,279.0,21.796875,0.3515625,0.5390625,0.0,-4.123173461992262,24.710890818841598,9.265892631759598,-1.3912980861454738,-0.0,-0.9145117548082564,0.0,23.238377661118125,2.3385997742036064,22.6875
24,20260935,FedAvg,20,10,0,3,0.46153846153846156,0.3,3257.4712051115216,2554.788221307082,1670.994263143224,1023,True,2.355274376733022,2.355274376733022,0,"{""fit_converged"": true, ""final_update_norm"": 6.367033453421137e-06, ""fit_tolerance"": 1e-05, ""hit_round_cap"": false}",,13,13,260.0,260.0,3.046875,0.0,0.5390625,0.45982441841477406,-6.460297268637591,26.81063874036126,11.703461513061562,-1.8337061308889122,-3.3351536225946807,-4.422463424427515,0.6370080632417375,24.34456311408395,4.916509746735845,3.5859375
24,20260935,FedAvg-ST,20,5,5,3,0.75,0.6,3442.5928046265244,2930.227468702923,1785.110236954841,782,True,2.355274376733022,2.355274376733022,0,"{""fit_converged"": true, ""final_update_norm"": 6.367033453421137e-06, ""fit_tolerance"": 1e-05, ""hit_round_cap"": false}",4.80447843178123,13,13,260.0,260.0,3.046875,2.8125,0.5390625,0.0,-1.655818836856361,22.00616030858003,6.898983081280332,-0.0,-0.0,-0.0,0.0,19.54008468230272,0.11203131495461527,6.3984375
24,20260935,FedAvg-P,20,8,2,3,0.5454545454545454,0.375,3306.4281344190617,2694.940473991884,1697.8619806441857,894,True,2.355274376733022,2.355274376733022,0,"{""selected_candidate"": 0, ""candidate_rounds"": [13, 13, 13, 13, 13], ""candidate_diagnostics"": [{""fit_converged"": true, ""final_update_norm"": 9.879934443277793e-06, ""fit_tolerance"": 1e-05, ""hit_round_cap"": false}, {""fit_converged"": true, ""final_update_norm"": 7.963440411161987e-06, ""fit_tolerance"": 1e-05, ""hit_round_cap"": false}, {""fit_converged"": true, ""final_update_norm"": 6.8501089931988585e-06, ""fit_tolerance"": 1e-05, ""hit_round_cap"": false}, {""fit_converged"": true, ""final_update_norm"": 6.609145317004006e-06, ""fit_tolerance"": 1e-05, ""hit_round_cap"": false}, {""fit_converged"": true, ""final_update_norm"": 6.488089382560161e-06, ""fit_tolerance"": 1e-05, ""hit_round_cap"": false}]}",2.355274376733022,13,65,260.0,1300.0,15.234375,0.3515625,0.5390625,0.0,-4.113324545441835,24.448499757636277,9.36266698372826,-0.19018266067831924,-0.38316776359608706,-1.8147250512250315,0.0,22.27542189241666,2.5574120241876406,16.125
25,20260936,Pooled,0,8,2,4,0.6666666666666666,0.5,2661.401422459873,2717.23120561355,1846.5685382363845,863,True,3.1945925589804545,0.3165238241930874,0,{},,0,0,,,0.0,0.0,0.5390625,-3.934517627907905,-11.365586074803682,25.294030454187975,12.550432181132006,-2.9149001095397122,0.0,-12.708558159707358,0.0,23.557990750555184,4.362471973341117,0.5390625
25,20260936,Pooled-1SE,0,4,6,4,1.0,1.0,2852.791293861129,2993.0553477872004,1841.5662510196871,332,True,3.1945925589804545,7.002191603918669,0,{},,0,0,,,0.0,0.0,0.5390625,-0.0,-0.0,24.031201469612096,5.270486352821008,-0.0,0.0,-6.042247916847639,0.0,21.176504221181087,0.0,0.5390625
25,20260936,Largest-site,0,10,0,4,0.5714285714285714,0.4,2733.660261176206,2722.7605972475617,1940.976288220681,1023,True,3.1945925589804545,0.05138881970036859,0,{},,0,0,,,0.0,0.0,0.5390625,-1.71761315819285,-4.745631033801311,20.264878444117073,10.350248469373895,-17.148074398249864,6.9201463876357225,-2.07617943469625,6.861311954735507,37.99120987980732,0.1410435572567099,0.5390625
25,20260936,Largest-site-1SE,0,4,6,4,1.0,1.0,2955.2378933773653,3011.8144182757324,1865.1728239838694,332,True,3.1945925589804545,4.746635514248749,0,{},,0,0,,,0.0,0.0,0.5390625,-0.0,-0.0,17.352504697522352,4.765446811485159,-0.0,-0.0,-8.824480775605231,0.0,31.491686416937142,0.0,0.5390625
25,20260936,One-shot,0,10,0,4,0.5714285714285714,0.4,2717.30380885515,2848.204104813436,1874.7446671834746,1023,True,3.1945925589804545,3.1945925589804545,0,{},,1,1,,,0.234375,0.0,0.5390625,-4.457449232144243,-7.079541759293175,23.999287667853828,10.098681708853704,-6.585587671851847,6.718692935575519,-11.056428209439211,-2.1981918281904944,24.748498722679265,1.9150552161686192,0.7734375
25,20260936,ADMM,0,6,4,4,0.8,0.6666666666666666,2711.7251693250496,2771.344676666533,1810.0711009180422,846,True,3.1945925589804545,3.1945925589804545,0,{},,124,124,,,29.0625,0.0,0.5390625,-0.0,-6.562150386134742,24.55487199506047,8.85223878974763,-0.0,-0.0,-10.515357769635392,0.0,21.479938135006098,1.769220221612268,29.6015625
25,20260936,FedAvg,1,10,0,4,0.5714285714285714,0.4,2736.0778720115973,2816.7596927716686,1829.2849581466114,1023,True,3.1945925589804545,3.1945925589804545,0,"{""fit_converged"": true, ""final_update_norm"": 8.676181577225484e-06, ""fit_tolerance"": 1e-05, ""hit_round_cap"": false}",,37,37,37.0,37.0,8.671875,0.0,0.5390625,-3.3341931116846464,-6.099722564108223,23.98569094140334,9.899939892412938,-1.3054262789097337,1.6988849998479072,-9.026701016693767,-0.389347040019963,23.436311240759782,1.2899460245103385,9.2109375
25,20260936,FedAvg-ST,1,6,4,4,0.8,0.6666666666666666,2868.5892089362114,3065.44190812823,1857.3214814684745,335,True,3.1945925589804545,3.1945925589804545,0,"{""fit_converged"": true, ""final_update_norm"": 8.676181577225484e-06, ""fit_tolerance"": 1e-05, ""hit_round_cap"": false}",3.3265669525805577,37,37,37.0,37.0,8.671875,2.8125,0.5390625,-0.007626159104088703,-2.7731556115276654,20.659123988822785,6.57337293983238,-0.0,0.0,-5.700134064113209,-0.0,20.109744288179225,0.0,12.0234375
25,20260936,FedAvg-P,1,5,5,4,0.8888888888888888,0.8,2857.7292906928724,2999.278064504563,1850.178750225297,334,True,3.1945925589804545,3.1945925589804545,0,"{""selected_candidate"": 0, ""candidate_rounds"": [19, 19, 20, 39, 39], ""candidate_diagnostics"": [{""fit_converged"": true, ""final_update_norm"": 6.316375234058842e-06, ""fit_tolerance"": 1e-05, ""hit_round_cap"": false}, {""fit_converged"": true, ""final_update_norm"": 8.254126669159934e-06, ""fit_tolerance"": 1e-05, ""hit_round_cap"": false}, {""fit_converged"": true, ""final_update_norm"": 8.47867203467325e-06, ""fit_tolerance"": 1e-05, ""hit_round_cap"": false}, {""fit_converged"": true, ""final_update_norm"": 7.216159687209285e-06, ""fit_tolerance"": 1e-05, ""hit_round_cap"": false}, {""fit_converged"": true, ""final_update_norm"": 9.544171753691258e-06, ""fit_tolerance"": 1e-05, ""hit_round_cap"": false}]}",3.1945925589804545,19,136,19.0,136.0,31.875,0.3515625,0.5390625,-0.0,-1.116780182544193,27.127307241768325,7.147815296879502,0.0,0.0,-6.358398836836976,0.0,15.573572262594462,-0.0,32.765625
25,20260936,FedAvg,3,10,0,4,0.5714285714285714,0.4,2735.0109913404317,2838.7568787696378,1832.0863333872808,1023,True,3.1945925589804545,3.1945925589804545,0,"{""fit_converged"": true, ""final_update_norm"": 8.930620508546828e-06, ""fit_tolerance"": 1e-05, ""hit_round_cap"": false}",,34,34,102.0,102.0,7.96875,0.0,0.5390625,-4.527798097274013,-6.821294738597384,24.298535091566904,9.694525849185128,-1.6620098203327305,1.560145074034046,-10.489146046720679,-0.09064543591803176,23.44287580128552,1.6668671188483082,8.5078125
25,20260936,FedAvg-ST,3,6,4,4,0.8,0.6666666666666666,2907.977600322045,3150.436026919566,1870.9971812722695,335,True,3.1945925589804545,3.1945925589804545,0,"{""fit_converged"": true, ""final_update_norm"": 8.930620508546828e-06, ""fit_tolerance"": 1e-05, ""hit_round_cap"": false}",4.162340307324327,34,34,102.0,102.0,7.96875,2.8125,0.5390625,-0.36545778994968536,-2.658954431273057,20.136194784242576,5.532185541860801,-0.0,0.0,-6.3268057393963515,-0.0,19.280535493961192,0.0,11.3203125
25,20260936,FedAvg-P,3,6,4,4,0.8,0.6666666666666666,2831.2507118989706,3037.77360551487,1844.3371000528507,335,True,3.1945925589804545,3.1945925589804545,0,"{""selected_candidate"": 0, ""candidate_rounds"": [10, 10, 10, 30, 33], ""candidate_diagnostics"": [{""fit_converged"": true, ""final_update_norm"": 1.6803201666155657e-06, ""fit_tolerance"": 1e-05, ""hit_round_cap"": false}, {""fit_converged"": true, ""final_update_norm"": 2.6676333209900983e-06, ""fit_tolerance"": 1e-05, ""hit_round_cap"": false}, {""fit_converged"": true, ""final_update_norm"": 6.545862008287881e-06, ""fit_tolerance"": 1e-05, ""hit_round_cap"": false}, {""fit_converged"": true, ""final_update_norm"": 9.642566043921823e-06, ""fit_tolerance"": 1e-05, ""hit_round_cap"": false}, {""fit_converged"": true, ""final_update_norm"": 6.906533086589187e-06, ""fit_tolerance"": 1e-05, ""hit_round_cap"": false}]}",3.1945925589804545,10,93,30.0,279.0,21.796875,0.3515625,0.5390625,-1.695779409806963,-3.641356636702666,21.824088619024543,7.189107073604042,-0.0,0.0,-7.908852455557289,0.0,19.388465194922457,0.0,22.6875
25,20260936,FedAvg,20,10,0,4,0.5714285714285714,0.4,2726.1175008747937,2848.1066580522393,1855.8366943159604,1023,True,3.1945925589804545,3.1945925589804545,0,"{""fit_converged"": true, ""final_update_norm"": 9.64817868204478e-06, ""fit_tolerance"": 1e-05, ""hit_round_cap"": false}",,22,22,440.0,440.0,5.15625,0.0,0.5390625,-4.420655173750239,-6.9890181392889605,24.040375690618767,9.959035878231395,-3.179606504252019,3.800153869790019,-12.248181935164105,-2.3324450284916556,23.698687351477943,1.9113748502779067,5.6953125
25,20260936,FedAvg-ST,20,6,4,4,0.8,0.6666666666666666,2876.4033998932505,3110.606950481499,1858.5791031041422,335,True,3.1945925589804545,3.1945925589804545,0,"{""fit_converged"": true, ""final_update_norm"": 9.64817868204478e-06, ""fit_tolerance"": 1e-05, ""hit_round_cap"": false}",4.162340307324327,22,22,440.0,440.0,5.15625,2.8125,0.5390625,-0.25831486642591184,-2.8266778319646333,19.87803538329444,5.796695570907068,-0.0,0.0,-8.085841627839777,-0.0,19.536347044153615,0.0,8.5078125
25,20260936,FedAvg-P,20,6,4,4,0.8,0.6666666666666666,2824.415429245401,3038.0627365179234,1840.7087895853201,335,True,3.1945925589804545,3.1945925589804545,0,"{""selected_candidate"": 0, ""candidate_rounds"": [8, 23, 23, 17, 17], ""candidate_diagnostics"": [{""fit_converged"": true, ""final_update_norm"": 3.352845398251897e-06, ""fit_tolerance"": 1e-05, ""hit_round_cap"": false}, {""fit_converged"": true, ""final_update_norm"": 6.66649087910175e-06, ""fit_tolerance"": 1e-05, ""hit_round_cap"": false}, {""fit_converged"": true, ""final_update_norm"": 9.18219747392207e-06, ""fit_tolerance"": 1e-05, ""hit_round_cap"": false}, {""fit_converged"": true, ""final_update_norm"": 8.749259247453744e-06, ""fit_tolerance"": 1e-05, ""hit_round_cap"": false}, {""fit_converged"": true, ""final_update_norm"": 6.707344835417414e-06, ""fit_tolerance"": 1e-05, ""hit_round_cap"": false}]}",3.1945925589804545,8,88,160.0,1760.0,20.625,0.3515625,0.5390625,-1.2312302238374406,-3.7556838222088245,20.85352057666544,6.750308926993794,-0.0,0.0,-9.748762930368938,-0.0,19.839436070945776,0.0,21.515625
26,20260937,Pooled,0,10,0,5,0.6666666666666666,0.5,2758.5137430018935,3144.6887952404677,1499.4467503687868,1023,True,0.5614769645645875,0.043745428960416374,0,{},,0,0,,,0.0,0.0,0.5390625,-0.18281959654035715,-9.367106633567618,25.054110132612564,15.278909189949088,-4.370511428265404,-2.0701544628119235,-7.66898128124486,-0.15670358342782414,24.36317851408824,6.720351819374175,0.5390625
26,20260937,Pooled-1SE,0,5,5,5,1.0,1.0,3070.621629316967,3614.48800873331,1603.5983049938914,844,True,0.5614769645645875,8.256476487568175,0,{},,0,0,,,0.0,0.0,0.5390625,0.0,-0.0,22.18666441391077,9.696140733246676,-0.0,-0.0,-0.11291266110122239,0.0,19.780529393178956,2.1016789631859814,0.5390625
26,20260937,Largest-site,0,10,0,5,0.6666666666666666,0.5,2867.123660762589,3048.321824315917,1544.6612534981336,1023,True,0.5614769645645875,0.04938144431574638,0,{},,0,0,,,0.0,0.0,0.5390625,-5.324648689633235,-7.659075172470913,22.167886553821788,19.945039962702335,-1.3423170745564772,-5.669063144520244,-10.473495671251078,-2.539465020349427,30.178637185522152,2.4611130316440963,0.5390625
26,20260937,Largest-site-1SE,0,3,7,5,0.75,0.6,3237.2229672288254,3913.2620237133533,1693.5778070561948,268,True,0.5614769645645875,15.007985753637263,0,{},,0,0,,,0.0,0.0,0.5390625,0.0,-0.0,14.519911840972965,10.520044065426733,0.0,0.0,-0.0,0.0,21.161334784032046,0.0,0.5390625
26,20260937,One-shot,0,10,0,5,0.6666666666666666,0.5,2740.6922956019316,3148.660592602801,1503.4302349242957,1023,True,0.5614769645645875,0.5614769645645875,0,{},,1,1,,,0.234375,0.0,0.5390625,-0.10677863846477909,-8.676112449860991,25.96275550045202,13.983986282882139,-1.1445922232498698,-6.762144030205045,-5.842222984867898,4.895910951214344,22.06968505120414,5.489629022258115,0.7734375
26,20260937,ADMM,0,7,3,5,0.8333333333333334,0.7142857142857143,2761.380788633837,3189.900304110556,1498.0585919041687,878,True,0.5614769645645875,0.5614769645645875,0,{},,242,242,,,56.71875,0.0,0.5390625,-0.0,-8.547377768208337,24.83167628949496,14.829749048019435,-0.0,-4.9392108825737555,-8.546897868698098,0.0,22.23941779881644,6.309158530552163,57.2578125
26,20260937,FedAvg,1,10,0,5,0.6666666666666666,0.5,2762.218567515365,3153.46518109611,1503.257192218117,1023,True,0.5614769645645875,0.5614769645645875,0,"{""fit_converged"": true, ""final_update_norm"": 9.191070525747627e-06, ""fit_tolerance"": 1e-05, ""hit_round_cap"": false}",,35,35,35.0,35.0,8.203125,0.0,0.5390625,1.575169413009153,-8.705634904351841,27.133158398703635,13.426316634438162,-2.866528283106361,-3.26703193627209,-6.538000936860788,1.4062786461773114,23.01972430221838,5.069937154072961,8.7421875
26,20260937,FedAvg-ST,1,8,2,5,0.7692307692307693,0.625,2901.3802185395034,3362.552759388105,1546.682288016326,894,True,0.5614769645645875,0.5614769645645875,0,"{""fit_converged"": true, ""final_update_norm"": 9.191070525747627e-06, ""fit_tolerance"": 1e-05, ""hit_round_cap"": false}",2.8073848228229377,35,35,35.0,35.0,8.203125,2.8125,0.5390625,0.0,-5.898250081528904,24.325773575880696,10.618931811615225,-0.05914346028342354,-0.4596471134491522,-3.7306161140378507,0.0,20.21233947939544,2.2625523312500233,11.5546875
26,20260937,FedAvg-P,1,9,1,5,0.7142857142857143,0.5555555555555556,2751.389248401213,3175.132862746375,1505.9468480281212,991,True,0.5614769645645875,0.5614769645645875,0,"{""selected_candidate"": 0, ""candidate_rounds"": [153, 25, 26, 27, 29], ""candidate_diagnostics"": [{""fit_converged"": true, ""final_update_norm"": 5.1263427805018654e-06, ""fit_tolerance"": 1e-05, ""hit_round_cap"": false}, {""fit_converged"": true, ""final_update_norm"": 5.602204929040706e-06, ""fit_tolerance"": 1e-05, ""hit_round_cap"": false}, {""fit_converged"": true, ""final_update_norm"": 6.183970031483e-06, ""fit_tolerance"": 1e-05, ""hit_round_cap"": false}, {""fit_converged"": true, ""final_update_norm"": 6.1702156663802285e-06, ""fit_tolerance"": 1e-05, ""hit_round_cap"": false}, {""fit_converged"": true, ""final_update_norm"": 5.523561881425556e-06, ""fit_tolerance"": 1e-05, ""hit_round_cap"": false}]}",0.5614769645645875,153,260,153.0,260.0,60.9375,0.3515625,0.5390625,1.3436149246363462,-7.715344322325707,27.20810972106205,13.092431125663467,-4.844667338638843,-0.0,-5.7381491231547,0.6333880321918729,23.11300590455156,3.8733796258739015,61.828125
26,20260937,FedAvg,3,10,0,5,0.6666666666666666,0.5,2744.345565299211,3128.509187201238,1502.2162926482724,1023,True,0.5614769645645875,0.5614769645645875,0,"{""fit_converged"": true, ""final_update_norm"": 9.176982904847745e-06, ""fit_tolerance"": 1e-05, ""hit_round_cap"": false}",,31,31,93.0,93.0,7.265625,0.0,0.5390625,0.37936893632450275,-8.472209849758546,26.660997157962868,14.331950361339924,-3.1306707535836207,-3.9533622245013156,-6.340466141165788,2.5450408979864196,23.247999687679535,4.533297812118649,7.8046875
26,20260937,FedAvg-ST,3,8,2,5,0.7692307692307693,0.625,2909.487366204012,3355.224512515547,1546.153645923192,894,True,0.5614769645645875,0.5614769645645875,0,"{""fit_converged"": true, ""final_update_norm"": 9.176982904847745e-06, ""fit_tolerance"": 1e-05, ""hit_round_cap"": false}",2.8073848228229377,31,31,93.0,93.0,7.265625,2.8125,0.5390625,0.0,-5.664825026935608,23.85361233513993,11.524565538516987,-0.323285930760683,-1.145977401678378,-3.53308131834285,0.0,20.4406148648566,1.7259129892957112,10.6171875
26,20260937,FedAvg-P,3,9,1,5,0.7142857142857143,0.5555555555555556,2759.013062232598,3151.8259550559037,1502.8327604727483,1022,True,0.5614769645645875,0.5614769645645875,0,"{""selected_candidate"": 0, ""candidate_rounds"": [22, 26, 31, 31, 31], ""candidate_diagnostics"": [{""fit_converged"": true, ""final_update_norm"": 9.960174640606744e-06, ""fit_tolerance"": 1e-05, ""hit_round_cap"": false}, {""fit_converged"": true, ""final_update_norm"": 8.65712508933428e-06, ""fit_tolerance"": 1e-05, ""hit_round_cap"": false}, {""fit_converged"": true, ""final_update_norm"": 9.496621494471706e-06, ""fit_tolerance"": 1e-05, ""hit_round_cap"": false}, {""fit_converged"": true, ""final_update_norm"": 9.338712682133277e-06, ""fit_tolerance"": 1e-05, ""hit_round_cap"": false}, {""fit_converged"": true, ""final_update_norm"": 9.257847794048395e-06, ""fit_tolerance"": 1e-05, ""hit_round_cap"": false}]}",0.5614769645645875,22,141,66.0,423.0,33.046875,0.3515625,0.5390625,0.0,-8.009539447852287,26.059887204191995,13.870355962065684,-2.7532197253572908,-3.1219409907606273,-5.924310153973793,1.8867395584925233,22.792963419260815,3.9071211865022906,33.9375
26,20260937,FedAvg,20,10,0,5,0.6666666666666666,0.5,2738.444222283135,3149.2997432100774,1503.3704832706412,1023,True,0.5614769645645875,0.5614769645645875,0,"{""fit_converged"": true, ""final_update_norm"": 5.2050926388438135e-06, ""fit_tolerance"": 1e-05, ""hit_round_cap"": false}",,13,13,260.0,260.0,3.046875,0.0,0.5390625,-0.10344588949206246,-8.707617635802487,25.958712264762955,14.034550726528945,-1.23068635476828,-6.658410245136673,-5.878131469608937,4.872202446050323,22.021849097484612,5.463167342266907,3.5859375
26,20260937,FedAvg-ST,20,8,2,5,0.7692307692307693,0.625,2908.6439807084134,3375.466063184179,1548.1834539548852,1006,True,0.5614769645645875,0.5614769645645875,0,"{""fit_converged"": true, ""final_update_norm"": 5.2050926388438135e-06, ""fit_tolerance"": 1e-05, ""hit_round_cap"": false}",2.8073848228229377,13,13,260.0,260.0,3.046875,2.8125,0.5390625,-0.0,-5.900232812979549,23.15132744194002,11.227165903706007,-0.0,-3.851025422313735,-3.0707466467859996,2.064817623227385,19.214464274661673,2.655782519443969,6.3984375
26,20260937,FedAvg-P,20,9,1,5,0.7142857142857143,0.5555555555555556,2755.4223430704483,3182.575087370053,1503.8673877722997,1022,True,0.5614769645645875,0.5614769645645875,0,"{""selected_candidate"": 0, ""candidate_rounds"": [13, 13, 13, 13, 13], ""candidate_diagnostics"": [{""fit_converged"": true, ""final_update_norm"": 6.611014012698533e-06, ""fit_tolerance"": 1e-05, ""hit_round_cap"": false}, {""fit_converged"": true, ""final_update_norm"": 6.017808560961241e-06, ""fit_tolerance"": 1e-05, ""hit_round_cap"": false}, {""fit_converged"": true, ""final_update_norm"": 5.2530626235746155e-06, ""fit_tolerance"": 1e-05, ""hit_round_cap"": false}, {""fit_converged"": true, ""final_update_norm"": 5.210421920085626e-06, ""fit_tolerance"": 1e-05, ""hit_round_cap"": false}, {""fit_converged"": true, ""final_update_norm"": 5.1957805975522935e-06, ""fit_tolerance"": 1e-05, ""hit_round_cap"": false}]}",0.5614769645645875,13,65,260.0,1300.0,15.234375,0.3515625,0.5390625,-0.0,-8.144140713424445,25.397853557886062,13.474759844827723,-0.7561173263293249,-6.030005751542772,-5.278857742575001,4.322401332465398,21.49102018190281,4.90158054122621,16.125
27,20260938,Pooled,0,5,5,3,0.75,0.6,3225.5542030450515,2626.6315778122594,2000.9728437033052,334,True,6.406757160297688,8.150295012256793,0,{},,0,0,,,0.0,0.0,0.5390625,0.0,-1.8566004577762294,22.407821821378143,9.098685866812264,-0.0,-0.0,-3.774023993667965,0.0,20.26349522241777,0.0,0.5390625
27,20260938,Pooled-1SE,0,3,7,3,1.0,1.0,3808.4464352436703,2930.883692753824,2102.5706669269325,268,True,6.406757160297688,16.653984516695886,0,{},,0,0,,,0.0,0.0,0.5390625,0.0,-0.0,18.821632604029944,3.165574389900668,0.0,0.0,-0.0,0.0,16.18676851692815,0.0,0.5390625
27,20260938,Largest-site,0,4,6,3,0.8571428571428571,0.75,3381.242872694605,2670.65166118787,2023.5966749180652,332,True,6.406757160297688,10.994992561666034,0,{},,0,0,,,0.0,0.0,0.5390625,0.0,-0.0,21.38101950958717,5.654271365314769,-0.0,-0.0,-0.8985223296639138,0.0,22.049090914777434,0.0,0.5390625
27,20260938,Largest-site-1SE,0,2,8,3,0.8,0.6666666666666666,4191.635512467966,3178.439785235469,2198.4915203145238,260,True,6.406757160297688,22.46672489864508,0,{},,0,0,,,0.0,0.0,0.5390625,0.0,-0.0,14.7140936104499,0.0,0.0,0.0,-0.0,0.0,15.93066734836685,0.0,0.5390625
27,20260938,One-shot,0,10,0,3,0.46153846153846156,0.3,3120.4082240269922,2659.275533556439,2031.0786372067967,1023,True,6.406757160297688,6.406757160297688,0,{},,1,1,,,0.234375,0.0,0.5390625,-1.4834359580807133,-5.7831958414875935,23.188971670540646,9.34234409513253,-1.4551519156338726,-1.9072912259875725,-3.922635202874413,3.5236288898966857,20.445560942824834,1.4883474472100904,0.7734375
27,20260938,ADMM,0,5,5,3,0.75,0.6,3117.626753013285,2630.4552843930983,1993.8608973895446,334,True,6.406757160297688,6.406757160297688,0,{},,120,120,,,28.125,0.0,0.5390625,-0.0,-4.912463968738933,22.544091929431477,10.89300824904812,-0.0,-0.0,-6.223759509470069,0.0,20.985367447519266,0.0,28.6640625
27,20260938,FedAvg,1,9,1,3,0.5,0.3333333333333333,3123.336545731571,2649.9411244038342,2011.0379160126618,991,True,6.406757160297688,6.406757160297688,0,"{""fit_converged"": true, ""final_update_norm"": 7.521818537030354e-06, ""fit_tolerance"": 1e-05, ""hit_round_cap"": false}",,17,17,17.0,17.0,3.984375,0.0,0.5390625,-1.3020697884807446,-4.826847475176397,22.803018850626366,10.132034289715552,-2.1579864999181853,0.0,-5.418414231719334,0.09294277551899743,21.638642256087067,0.9366173680095617,4.5234375
27,20260938,FedAvg-ST,1,4,6,3,0.8571428571428571,0.75,3809.2192016270624,2916.3076098346783,2099.206028130736,332,True,6.406757160297688,6.406757160297688,0,"{""fit_converged"": true, ""final_update_norm"": 7.521818537030354e-06, ""fit_tolerance"": 1e-05, ""hit_round_cap"": false}",5.331847754123861,17,17,17.0,17.0,3.984375,2.8125,0.5390625,-0.0,-0.0,17.471171096502506,4.800186535591691,-0.0,0.0,-0.08656647759547287,0.0,16.306794501963207,0.0,7.3359375
27,20260938,FedAvg-P,1,3,7,3,1.0,1.0,3809.6593718805816,2976.5450526798713,2117.9697587956966,268,True,6.406757160297688,6.406757160297688,0,"{""selected_candidate"": 0, ""candidate_rounds"": [16, 16, 18, 17, 17], ""candidate_diagnostics"": [{""fit_converged"": true, ""final_update_norm"": 4.441905241989468e-06, ""fit_tolerance"": 1e-05, ""hit_round_cap"": false}, {""fit_converged"": true, ""final_update_norm"": 5.6888775083164e-06, ""fit_tolerance"": 1e-05, ""hit_round_cap"": false}, {""fit_converged"": true, ""final_update_norm"": 3.989729859269244e-06, ""fit_tolerance"": 1e-05, ""hit_round_cap"": false}, {""fit_converged"": true, ""final_update_norm"": 5.376710484357705e-06, ""fit_tolerance"": 1e-05, ""hit_round_cap"": false}, {""fit_converged"": true, ""final_update_norm"": 2.9836433424651575e-06, ""fit_tolerance"": 1e-05, ""hit_round_cap"": false}]}",6.406757160297688,16,84,16.0,84.0,19.6875,0.3515625,0.5390625,0.0,-0.0,23.933456052898713,4.114009422819486,-0.0,0.0,-0.0,0.0,10.393381820476012,-0.0,20.578125
27,20260938,FedAvg,3,9,1,3,0.5,0.3333333333333333,3119.512822095454,2662.1405525682508,2018.3449196219283,991,True,6.406757160297688,6.406757160297688,0,"{""fit_converged"": true, ""final_update_norm"": 5.529997123978424e-06, ""fit_tolerance"": 1e-05, ""hit_round_cap"": false}",,14,14,42.0,42.0,3.28125,0.0,0.5390625,-1.8595783673196824,-5.455109572873532,22.987177250530205,9.636610828242073,-1.970219417782228,0.0,-5.259471817105038,0.8636119740169392,21.531289390206414,1.2065506503541426,3.8203125
27,20260938,FedAvg-ST,3,3,7,3,1.0,1.0,4016.608318740587,3058.3845960956546,2149.558842289701,268,True,6.406757160297688,6.406757160297688,0,"{""fit_converged"": true, ""final_update_norm"": 5.529997123978424e-06, ""fit_tolerance"": 1e-05, ""hit_round_cap"": false}",6.67143188033249,14,14,42.0,42.0,3.28125,2.8125,0.5390625,-0.0,-0.0,16.315745370197718,2.9651789479095836,-0.0,0.0,-0.0,0.0,14.859857509873924,0.0,6.6328125
27,20260938,FedAvg-P,3,3,7,3,1.0,1.0,3980.477893500258,3033.913460676647,2140.151105827831,268,True,6.406757160297688,6.406757160297688,0,"{""selected_candidate"": 0, ""candidate_rounds"": [7, 6, 7, 8, 14], ""candidate_diagnostics"": [{""fit_converged"": true, ""final_update_norm"": 7.503967770479685e-07, ""fit_tolerance"": 1e-05, ""hit_round_cap"": false}, {""fit_converged"": true, ""final_update_norm"": 6.092953611264641e-06, ""fit_tolerance"": 1e-05, ""hit_round_cap"": false}, {""fit_converged"": true, ""final_update_norm"": 8.077424906141965e-07, ""fit_tolerance"": 1e-05, ""hit_round_cap"": false}, {""fit_converged"": true, ""final_update_norm"": 9.341949331463152e-07, ""fit_tolerance"": 1e-05, ""hit_round_cap"": false}, {""fit_converged"": true, ""final_update_norm"": 8.109877126435262e-06, ""fit_tolerance"": 1e-05, ""hit_round_cap"": false}]}",6.406757160297688,7,42,21.0,126.0,9.84375,0.3515625,0.5390625,-0.0,-0.0,16.680532490868828,3.671246216354283,-0.0,-0.0,-0.0,0.0,14.588212598227383,0.0,10.734375
27,20260938,FedAvg,20,10,0,3,0.46153846153846156,0.3,3119.975790994107,2660.3435381606914,2029.2508781085671,1023,True,6.406757160297688,6.406757160297688,0,"{""fit_converged"": true, ""final_update_norm"": 8.784689052760945e-07, ""fit_tolerance"": 1e-05, ""hit_round_cap"": false}",,6,6,120.0,120.0,1.40625,0.0,0.5390625,-1.4925952786275543,-5.793496410578144,23.151369385680265,9.352079754594635,-1.402732920995838,-1.7719134112620119,-4.164335799428987,3.195533614636787,20.510501747347146,1.4798995334586202,1.9453125
27,20260938,FedAvg-ST,20,4,6,3,0.8571428571428571,0.75,3880.1040156577387,2974.1016743919354,2115.5251020152386,270,True,6.406757160297688,6.406757160297688,0,"{""fit_converged"": true, ""final_update_norm"": 8.784689052760945e-07, ""fit_tolerance"": 1e-05, ""hit_round_cap"": false}",5.331847754123861,6,6,120.0,120.0,1.40625,2.8125,0.5390625,-0.0,-0.4616486564542832,17.819521631556405,4.020232000470775,-0.0,-0.0,-0.0,0.0,15.178653993223286,0.0,4.7578125
27,20260938,FedAvg-P,20,5,5,3,0.75,0.6,3583.8625564020003,2816.3520121511456,2050.3640030928414,334,True,6.406757160297688,6.406757160297688,0,"{""selected_candidate"": 1, ""candidate_rounds"": [4, 4, 6, 6, 6], ""candidate_diagnostics"": [{""fit_converged"": true, ""final_update_norm"": 3.483367692381538e-08, ""fit_tolerance"": 1e-05, ""hit_round_cap"": false}, {""fit_converged"": true, ""final_update_norm"": 5.8590776589180545e-06, ""fit_tolerance"": 1e-05, ""hit_round_cap"": false}, {""fit_converged"": true, ""final_update_norm"": 1.0143699872825006e-06, ""fit_tolerance"": 1e-05, ""hit_round_cap"": false}, {""fit_converged"": true, ""final_update_norm"": 1.0040838366453752e-06, ""fit_tolerance"": 1e-05, ""hit_round_cap"": false}, {""fit_converged"": true, ""final_update_norm"": 9.46855131963134e-07, ""fit_tolerance"": 1e-05, ""hit_round_cap"": false}]}",3.203378580148844,4,26,80.0,520.0,6.09375,0.3515625,0.5390625,-0.0,-2.5919261855759133,19.94004908934577,6.153387102634381,-0.0,-0.0,-1.0240419663783853,0.0,17.306613936273145,0.0,6.984375
28,20260939,Pooled,0,7,3,4,0.7272727272727273,0.5714285714285714,3313.782387256967,2250.8781806495253,1855.7044618700809,862,True,4.319064966031349,1.9590714622276726,0,{},,0,0,,,0.0,0.0,0.5390625,-0.0,-7.970764457542425,22.897162908016064,13.275575397850131,-5.785933541456205,-0.0,-10.463101986655385,0.0,25.78265924578927,1.396817683300571,0.5390625
28,20260939,Pooled-1SE,0,4,6,4,1.0,1.0,3663.9512196581563,2495.8583070647655,1876.2810938991745,332,True,4.319064966031349,10.379781448938822,0,{},,0,0,,,0.0,0.0,0.5390625,0.0,-0.0,19.52275386086366,6.024122077609201,-0.0,-0.0,-3.7833535138848085,0.0,20.774603328720552,0.0,0.5390625
28,20260939,Largest-site,0,8,2,4,0.6666666666666666,0.5,3342.9551523916994,2434.1107733527815,1895.7967120518242,863,True,4.319064966031349,2.816292226299946,0,{},,0,0,,,0.0,0.0,0.5390625,-3.6823787887804373,-10.155958442072748,22.34306678881102,6.855367359829245,-2.9926390915352163,-0.0,-13.54569216289271,-0.0,23.301967204472216,6.0973399096326855,0.5390625
28,20260939,Largest-site-1SE,0,4,6,4,0.75,0.6,3883.1541709092494,2617.9297366274855,1930.0230810149312,836,True,4.319064966031349,14.921608715640394,0,{},,0,0,,,0.0,0.0,0.5390625,-0.0,-0.0,19.079741311400657,0.0,-0.0,0.0,-3.3751145770729365,0.0,21.619792739544984,0.0981461395288894,0.5390625
28,20260939,One-shot,0,10,0,4,0.5714285714285714,0.4,3334.857641738526,2358.890317489843,1859.5769828216398,1023,True,4.319064966031349,4.319064966031349,0,{},,1,1,,,0.234375,0.0,0.5390625,-1.4995742701729502,-6.8511696089450105,21.191301565914074,9.908045777835582,-1.533246242535767,-1.224794664936074,-6.772846081446355,4.1456072021519175,20.61867072336492,3.0486699548163427,0.7734375
28,20260939,ADMM,0,6,4,4,0.8,0.6666666666666666,3378.748573920696,2310.362174916878,1833.2782183652723,350,True,4.319064966031349,4.319064966031349,0,{},,190,190,,,44.53125,0.0,0.5390625,-0.0,-3.6961962157691524,21.861732554027395,10.866460846999498,-0.5706788434001568,-0.0,-9.09062347671312,0.0,22.694795303763556,0.0,45.0703125
28,20260939,FedAvg,1,10,0,4,0.5714285714285714,0.4,3331.038030239212,2314.378074922859,1841.1713145951535,1023,True,4.319064966031349,4.319064966031349,0,"{""fit_converged"": true, ""final_update_norm"": 9.316783958638216e-06, ""fit_tolerance"": 1e-05, ""hit_round_cap"": false}",,17,17,17.0,17.0,3.984375,0.0,0.5390625,0.026796862897072726,-5.703182277688163,22.075015215313844,10.342800044850485,-1.8234727467741538,-0.43562111789748975,-8.612386970381266,1.1347375117005873,20.96193687800823,1.7395784764485323,4.5234375
28,20260939,FedAvg-ST,1,5,5,4,0.8888888888888888,0.8,3680.1660448022735,2582.910168815942,1899.1138880878507,334,True,4.319064966031349,4.319064966031349,0,"{""fit_converged"": true, ""final_update_norm"": 9.316783958638216e-06, ""fit_tolerance"": 1e-05, ""hit_round_cap"": false}",3.5944232414108352,17,17,17.0,17.0,3.984375,2.8125,0.5390625,0.0,-2.108759036277328,18.48059197390301,6.748376803439649,-0.0,-0.0,-5.017963728970431,0.0,17.367513636597394,0.0,7.3359375
28,20260939,FedAvg-P,1,4,6,4,1.0,1.0,3658.3878863883947,2584.109767616661,1916.799018914016,332,True,4.319064966031349,4.319064966031349,0,"{""selected_candidate"": 0, ""candidate_rounds"": [18, 19, 16, 18, 17], ""candidate_diagnostics"": [{""fit_converged"": true, ""final_update_norm"": 4.749124095736803e-06, ""fit_tolerance"": 1e-05, ""hit_round_cap"": false}, {""fit_converged"": true, ""final_update_norm"": 5.532579325827867e-06, ""fit_tolerance"": 1e-05, ""hit_round_cap"": false}, {""fit_converged"": true, ""final_update_norm"": 5.515184459303771e-06, ""fit_tolerance"": 1e-05, ""hit_round_cap"": false}, {""fit_converged"": true, ""final_update_norm"": 8.789732252543921e-06, ""fit_tolerance"": 1e-05, ""hit_round_cap"": false}, {""fit_converged"": true, ""final_update_norm"": 7.961411868955102e-06, ""fit_tolerance"": 1e-05, ""hit_round_cap"": false}]}",4.319064966031349,18,88,18.0,88.0,20.625,0.3515625,0.5390625,0.0,-0.0,24.090713626279857,7.554246639814173,-0.0,-0.0,-4.731486024014932,0.0,11.905535319023286,-0.0,21.515625
28,20260939,FedAvg,3,10,0,4,0.5714285714285714,0.4,3323.6755481766168,2358.138030658766,1855.349920457013,1023,True,4.319064966031349,4.319064966031349,0,"{""fit_converged"": true, ""final_update_norm"": 5.022769268182936e-06, ""fit_tolerance"": 1e-05, ""hit_round_cap"": false}",,8,8,24.0,24.0,1.875,0.0,0.5390625,-1.6663898819146608,-7.086921082719538,21.254065549703352,10.17665628778289,-1.5648251425149329,-0.24231993330855234,-8.332865589173714,2.5371246314618943,20.739646498749387,2.9163928687564846,2.4140625
28,20260939,FedAvg-ST,3,5,5,4,0.8888888888888888,0.8,3723.3100161896755,2619.5733776134603,1915.742714735015,334,True,4.319064966031349,4.319064966031349,0,"{""fit_converged"": true, ""final_update_norm"": 5.022769268182936e-06, ""fit_tolerance"": 1e-05, ""hit_round_cap"": false}",3.5944232414108352,8,8,24.0,24.0,1.875,2.8125,0.5390625,-0.0,-3.492497841308703,17.65964230829252,6.582233046372055,-0.0,-0.0,-4.738442347762879,0.0,17.14522325733855,0.0,5.2265625
28,20260939,FedAvg-P,3,7,3,4,0.7272727272727273,0.5714285714285714,3522.5462698797674,2465.5504961790502,1870.7259259985717,974,True,4.319064966031349,4.319064966031349,0,"{""selected_candidate"": 1, ""candidate_rounds"": [8, 8, 8, 8, 8], ""candidate_diagnostics"": [{""fit_converged"": true, ""final_update_norm"": 7.966041672432721e-06, ""fit_tolerance"": 1e-05, ""hit_round_cap"": false}, {""fit_converged"": true, ""final_update_norm"": 2.251708051186647e-06, ""fit_tolerance"": 1e-05, ""hit_round_cap"": false}, {""fit_converged"": true, ""final_update_norm"": 5.412172755469491e-06, ""fit_tolerance"": 1e-05, ""hit_round_cap"": false}, {""fit_converged"": true, ""final_update_norm"": 5.491649915575271e-06, ""fit_tolerance"": 1e-05, ""hit_round_cap"": false}, {""fit_converged"": true, ""final_update_norm"": 5.624749177670598e-06, ""fit_tolerance"": 1e-05, ""hit_round_cap"": false}]}",2.1595324830156746,8,40,24.0,120.0,9.375,0.3515625,0.5390625,-0.0,-5.28507133282503,19.088592906102512,8.49531224084171,-0.0,-0.0,-6.6956780564174245,0.4918529504106992,18.272023991546398,0.36842147535171765,10.265625
28,20260939,FedAvg,20,10,0,4,0.5714285714285714,0.4,3334.86547024862,2359.330642031707,1859.0761859085283,1023,True,4.319064966031349,4.319064966031349,0,"{""fit_converged"": true, ""final_update_norm"": 8.77612120058228e-06, ""fit_tolerance"": 1e-05, ""hit_round_cap"": false}",,4,4,80.0,80.0,0.9375,0.0,0.5390625,-1.5223189389444256,-6.858460570440416,21.171886249544457,9.905654312258722,-1.8978262857570787,-0.8251063180793521,-6.772843609708429,3.9710210284788143,20.776679868901994,3.048669278666533,1.4765625
28,20260939,FedAvg-ST,20,6,4,4,0.8,0.6666666666666666,3776.3294125579505,2644.561330978656,1928.9834975301922,462,True,4.319064966031349,4.319064966031349,0,"{""fit_converged"": true, ""final_update_norm"": 8.77612120058228e-06, ""fit_tolerance"": 1e-05, ""hit_round_cap"": false}",3.5944232414108352,4,4,80.0,80.0,0.9375,2.8125,0.5390625,-0.0,-3.2640373290295805,17.57746300813362,6.311231070847887,-0.0,-0.0,-3.1784203682975933,0.3765977870679791,17.182256627491157,0.0,4.2890625
28,20260939,FedAvg-P,20,7,3,4,0.7272727272727273,0.5714285714285714,3550.910337546037,2479.129529893101,1876.9598043297087,974,True,4.319064966031349,4.319064966031349,0,"{""selected_candidate"": 1, ""candidate_rounds"": [4, 4, 4, 4, 4], ""candidate_diagnostics"": [{""fit_converged"": true, ""final_update_norm"": 8.778324436430211e-07, ""fit_tolerance"": 1e-05, ""hit_round_cap"": false}, {""fit_converged"": true, ""final_update_norm"": 3.904090117280364e-06, ""fit_tolerance"": 1e-05, ""hit_round_cap"": false}, {""fit_converged"": true, ""final_update_norm"": 6.41974766164749e-06, ""fit_tolerance"": 1e-05, ""hit_round_cap"": false}, {""fit_converged"": true, ""final_update_norm"": 8.697572424812186e-06, ""fit_tolerance"": 1e-05, ""hit_round_cap"": false}, {""fit_converged"": true, ""final_update_norm"": 8.736846812549821e-06, ""fit_tolerance"": 1e-05, ""hit_round_cap"": false}]}",2.1595324830156746,4,20,80.0,400.0,4.6875,0.3515625,0.5390625,-0.0,-4.698655609339115,19.012721517350204,7.746180526730985,-0.0,-0.0,-4.6133155951467675,1.8144865757704869,18.61421958998776,0.8891330580090644,5.578125
29,20260940,Pooled,0,10,0,3,0.46153846153846156,0.3,2385.16751305541,3249.784560427917,2594.518981536382,1023,True,8.78958323198395,0.23704401553319318,0,{},,0,0,,,0.0,0.0,0.5390625,3.0751646287553926,-9.683757327966598,24.20733156495724,17.346894134395857,-18.727468167617126,6.838106945049833,1.8043529290650016,12.409166417614529,27.153666111002586,3.364008971761923,0.5390625
29,20260940,Pooled-1SE,0,3,7,3,1.0,1.0,3078.262119494455,3661.5746905020046,2191.990105797331,268,True,8.78958323198395,17.25432448058539,0,{},,0,0,,,0.0,0.0,0.5390625,0.0,0.0,17.921347439082528,5.905077006383225,0.0,0.0,-0.0,0.0,16.795372294734793,0.0,0.5390625
29,20260940,Largest-site,0,10,0,3,0.46153846153846156,0.3,2549.48524081577,3473.3518378577864,2988.6895372461713,1023,True,8.78958323198395,0.04029780334231615,0,{},,0,0,,,0.0,0.0,0.5390625,3.462722779311171,-6.26009968960853,21.005498650045016,17.14514710267159,-35.878194781078584,16.837563898162642,7.696757832011709,24.449008620942916,22.67770528943668,7.607685034574719,0.5390625
29,20260940,Largest-site-1SE,0,5,5,3,0.75,0.6,3093.8876853222146,3676.1334128477947,2244.556088267595,844,True,8.78958323198395,15.54133312980061,0,{},,0,0,,,0.0,0.0,0.5390625,0.0,0.0,15.280817615914225,6.604035189866683,0.0,0.0,-9.244660838870567,0.0,8.867376118720456,3.259683310838463,0.5390625
29,20260940,One-shot,0,10,0,3,0.46153846153846156,0.3,2505.194625633683,3315.225456442012,2515.6140706559845,1023,True,8.78958323198395,8.78958323198395,0,{},,1,1,,,0.234375,0.0,0.5390625,1.7313613896555855,-5.366816963134119,18.67169031805566,11.269375562215423,-17.939097390539292,8.418781949081321,3.8483789160058546,12.224504310471458,24.319900263994008,4.061369768075201,0.7734375
29,20260940,ADMM,0,4,6,3,0.8571428571428571,0.75,2676.399421577449,3408.523427249642,2130.0560481586263,332,True,8.78958323198395,8.78958323198395,0,{},,107,107,,,25.078125,0.0,0.5390625,0.0,-0.0,21.883392069609915,10.831550121014,0.0,0.0,-2.242538672430769,0.0,20.857033710915978,0.0,25.6171875
29,20260940,FedAvg,1,10,0,3,0.46153846153846156,0.3,2594.5660895370693,3351.849223473525,2255.521010867451,1023,True,8.78958323198395,8.78958323198395,0,"{""fit_converged"": true, ""final_update_norm"": 5.314886066353348e-06, ""fit_tolerance"": 1e-05, ""hit_round_cap"": false}",,21,21,21.0,21.0,4.921875,0.0,0.5390625,3.4684227269395747,-2.767660570956533,20.299064243924295,9.647072113431873,-5.401068508703117,3.3821461066795977,-4.527430192790814,1.0708928965215974,21.807168133723557,3.8196698630344352,5.4609375
29,20260940,FedAvg-ST,1,4,6,3,0.8571428571428571,0.75,3198.5272046875643,3731.0514986925727,2231.062345948667,284,True,8.78958323198395,8.78958323198395,0,"{""fit_converged"": true, ""final_update_norm"": 5.314886066353348e-06, ""fit_tolerance"": 1e-05, ""hit_round_cap"": false}",4.672239839911597,21,21,21.0,21.0,4.921875,2.8125,0.5390625,0.0,-0.0,15.626824404012698,4.974832273520276,-0.72882866879152,0.0,-0.0,0.0,17.13492829381196,0.0,8.2734375
29,20260940,FedAvg-P,1,5,5,3,0.75,0.6,3001.153894459269,3669.3974970698605,2191.7926782999075,333,True,8.78958323198395,8.78958323198395,0,"{""selected_candidate"": 1, ""candidate_rounds"": [21, 16, 17, 21, 20], ""candidate_diagnostics"": [{""fit_converged"": true, ""final_update_norm"": 7.3095773187643595e-06, ""fit_tolerance"": 1e-05, ""hit_round_cap"": false}, {""fit_converged"": true, ""final_update_norm"": 6.703835873172634e-06, ""fit_tolerance"": 1e-05, ""hit_round_cap"": false}, {""fit_converged"": true, ""final_update_norm"": 6.475930191467156e-06, ""fit_tolerance"": 1e-05, ""hit_round_cap"": false}, {""fit_converged"": true, ""final_update_norm"": 5.787904148007134e-06, ""fit_tolerance"": 1e-05, ""hit_round_cap"": false}, {""fit_converged"": true, ""final_update_norm"": 9.669107400222074e-06, ""fit_tolerance"": 1e-05, ""hit_round_cap"": false}]}",4.394791615991975,16,95,16.0,95.0,22.265625,0.3515625,0.5390625,1.6869695185998959,0.0,22.810449941809026,5.825418933810459,-0.0,0.0,-1.1664749563667618,0.0,12.323734565087536,0.0,23.15625
29,20260940,FedAvg,3,10,0,3,0.46153846153846156,0.3,2525.434939134263,3275.3075884047958,2298.8227799008164,1023,True,8.78958323198395,8.78958323198395,0,"{""fit_converged"": true, ""final_update_norm"": 9.752556101692155e-06, ""fit_tolerance"": 1e-05, ""hit_round_cap"": false}",,19,19,57.0,57.0,4.453125,0.0,0.5390625,1.5635817386678748,-4.906988165262602,18.797955821508054,10.59022140317067,-7.365421944562427,3.768428046364086,-4.386568858295851,4.314970691747461,21.522354184290773,4.560900111475759,4.9921875
29,20260940,FedAvg-ST,3,9,1,3,0.5,0.3333333333333333,3089.229721682659,3592.721266397173,2259.7389936265736,1022,True,8.78958323198395,8.78958323198395,0,"{""fit_converged"": true, ""final_update_norm"": 9.752556101692155e-06, ""fit_tolerance"": 1e-05, ""hit_round_cap"": false}",3.7340816700236066,19,19,57.0,57.0,4.453125,2.8125,0.5390625,0.0,-1.1729064952389954,15.063874151484448,6.856139733147064,-3.6313402745388204,0.034346376340479434,-0.6524871882722443,0.5808890217238543,17.788272514267167,0.826818441452152,7.8046875
29,20260940,FedAvg-P,3,5,5,3,0.75,0.6,3158.2490297846603,3674.283776020084,2216.621666285636,334,True,8.78958323198395,8.78958323198395,0,"{""selected_candidate"": 1, ""candidate_rounds"": [8, 9, 14, 19, 19], ""candidate_diagnostics"": [{""fit_converged"": true, ""final_update_norm"": 5.482958063332499e-06, ""fit_tolerance"": 1e-05, ""hit_round_cap"": false}, {""fit_converged"": true, ""final_update_norm"": 2.931521065798537e-06, ""fit_tolerance"": 1e-05, ""hit_round_cap"": false}, {""fit_converged"": true, ""final_update_norm"": 9.085475940907831e-06, ""fit_tolerance"": 1e-05, ""hit_round_cap"": false}, {""fit_converged"": true, ""final_update_norm"": 4.702573856698354e-06, ""fit_tolerance"": 1e-05, ""hit_round_cap"": false}, {""fit_converged"": true, ""final_update_norm"": 7.22092866790351e-06, ""fit_tolerance"": 1e-05, ""hit_round_cap"": false}]}",4.394791615991975,9,69,27.0,207.0,16.171875,0.3515625,0.5390625,0.0,-0.45990288871588625,14.672375816428643,6.621197099765608,-0.0,0.0,-2.0554550347033285,0.0,16.047273773398544,0.0,17.0625
29,20260940,FedAvg,20,10,0,3,0.46153846153846156,0.3,2508.7857860249637,3311.3225242138783,2394.891678577139,1023,True,8.78958323198395,8.78958323198395,0,"{""fit_converged"": true, ""final_update_norm"": 8.137146506130385e-06, ""fit_tolerance"": 1e-05, ""hit_round_cap"": false}",,13,13,260.0,260.0,3.046875,0.0,0.5390625,1.8377373672628212,-5.328037330975411,18.726768991341014,11.115190375443776,-12.911193419214623,4.763855462071859,1.327540039954115,11.116943017519368,22.397916061691358,4.132279224219218,3.5859375
29,20260940,FedAvg-ST,20,5,5,3,0.75,0.6,3201.1086718925753,3749.9115366819533,2340.2025120118415,412,True,8.78958323198395,8.78958323198395,0,"{""fit_converged"": true, ""final_update_norm"": 8.137146506130385e-06, ""fit_tolerance"": 1e-05, ""hit_round_cap"": false}",5.846102750484068,13,13,260.0,260.0,3.046875,2.8125,0.5390625,0.0,-0.0,12.880666240856947,5.269087624959708,-7.065090668730555,0.0,0.0,5.2708402670353,16.55181331120729,0.0,6.3984375
29,20260940,FedAvg-P,20,6,4,3,0.6666666666666666,0.5,3009.5467228258653,3619.071678055957,2284.887015137856,414,True,8.78958323198395,8.78958323198395,0,"{""selected_candidate"": 1, ""candidate_rounds"": [7, 6, 11, 12, 13], ""candidate_diagnostics"": [{""fit_converged"": true, ""final_update_norm"": 1.026764417135349e-06, ""fit_tolerance"": 1e-05, ""hit_round_cap"": false}, {""fit_converged"": true, ""final_update_norm"": 4.461461645413615e-06, ""fit_tolerance"": 1e-05, ""hit_round_cap"": false}, {""fit_converged"": true, ""final_update_norm"": 3.1442937009164326e-06, ""fit_tolerance"": 1e-05, ""hit_round_cap"": false}, {""fit_converged"": true, ""final_update_norm"": 5.184964732750428e-06, ""fit_tolerance"": 1e-05, ""hit_round_cap"": false}, {""fit_converged"": true, ""final_update_norm"": 6.8390462688456555e-06, ""fit_tolerance"": 1e-05, ""hit_round_cap"": false}]}",4.394791615991975,6,49,120.0,980.0,11.484375,0.3515625,0.5390625,0.0,-0.9092505684301297,14.39213926896059,6.667211330725145,-6.048382128712117,0.0,0.0,6.453207319403912,17.00567717933292,0.0,12.375
30,20260941,Pooled,0,9,1,5,0.7142857142857143,0.5555555555555556,3353.958179405801,2731.8808939288174,1508.5560185189456,991,True,1.2924757073957513,0.042621217896203926,0,{},,0,0,,,0.0,0.0,0.5390625,-0.508373896628803,-11.802504488558206,26.79211453470224,12.937573475093188,-7.978698955330354,0.0,-8.749636078540883,1.1875240763896517,25.433008774591606,0.5084368702192321,0.5390625
30,20260941,Pooled-1SE,0,5,5,5,1.0,1.0,3499.0478677356155,3100.2068394954717,1566.958324412066,334,True,1.2924757073957513,6.339275825333483,0,{},,0,0,,,0.0,0.0,0.5390625,0.0,-0.767062845247349,23.90573030115806,6.3300501244506675,-0.0,-0.0,-4.268015766665713,0.0,20.567598272647437,0.0,0.5390625
30,20260941,Largest-site,0,10,0,5,0.6666666666666666,0.5,3348.515707524916,2640.715769753653,1539.5058847822597,1023,True,1.2924757073957513,0.047665324614006056,0,{},,0,0,,,0.0,0.0,0.5390625,0.4646472103617736,-12.770216576319283,28.02794380140003,16.64240468155604,-12.293282939418589,1.8273972763498387,-7.888349536671683,3.6609549000620865,24.900674323335608,1.3517493815203505,0.5390625
30,20260941,Largest-site-1SE,0,4,6,5,0.8888888888888888,0.8,3430.533973283309,3013.969303265435,1558.1480848424976,332,True,1.2924757073957513,7.089512100947119,0,{},,0,0,,,0.0,0.0,0.5390625,0.0,-0.0,25.581239611424124,8.879066004532392,-0.0,-0.0,-6.70675503665269,0.0,18.345888452935903,0.0,0.5390625
30,20260941,One-shot,0,10,0,5,0.6666666666666666,0.5,3342.0779857246152,2759.3855864892553,1508.0232919192767,1023,True,1.2924757073957513,1.2924757073957513,0,{},,1,1,,,0.234375,0.0,0.5390625,-0.6330343890475716,-10.86438842732651,25.451900166668437,12.522038584038995,-6.146641469709294,-2.347005652335041,-7.014758050045712,2.9569658128031198,24.6667334561377,0.6758746907601753,0.7734375
30,20260941,ADMM,0,6,4,5,0.9090909090909091,0.8333333333333334,3358.235841417739,2792.540417781592,1500.5360501390887,366,True,1.2924757073957513,1.2924757073957513,0,{},,180,180,,,42.1875,0.0,0.5390625,-0.0,-9.610170622502107,26.19299700928293,11.58076201628959,-0.0,-4.176486984425662,-10.923413782334546,0.0,22.08932277353897,0.0,42.7265625
30,20260941,FedAvg,1,10,0,5,0.6666666666666666,0.5,3340.1291062103,2766.8559102545246,1507.208349572222,1023,True,1.2924757073957513,1.2924757073957513,0,"{""fit_converged"": true, ""final_update_norm"": 9.038599703120609e-06, ""fit_tolerance"": 1e-05, ""hit_round_cap"": false}",,39,39,39.0,39.0,9.140625,0.0,0.5390625,-0.1764857148864879,-9.560037702916684,25.63208102147715,12.489868378530776,-9.06494829347147,0.7083169495890738,-6.280440869041744,1.1684684063532331,25.994854202231426,0.28506782983919304,9.6796875
30,20260941,FedAvg-ST,1,6,4,5,0.9090909090909091,0.8333333333333334,3526.2950543160746,3168.8624892847592,1566.970427553579,350,True,1.2924757073957513,1.2924757073957513,0,"{""fit_converged"": true, ""final_update_norm"": 9.038599703120609e-06, ""fit_tolerance"": 1e-05, ""hit_round_cap"": false}",4.1277155516447674,39,39,39.0,39.0,9.140625,2.8125,0.5390625,-0.0,-5.432322151271917,21.50436546983238,8.362152826886009,-4.937232741826703,0.0,-2.1527253173969765,0.0,21.86713865058666,0.0,12.4921875
30,20260941,FedAvg-P,1,6,4,5,0.9090909090909091,0.8333333333333334,3362.0261536527923,2871.832668827672,1508.6389565961376,350,True,1.2924757073957513,1.2924757073957513,0,"{""selected_candidate"": 0, ""candidate_rounds"": [20, 20, 28, 34, 36], ""candidate_diagnostics"": [{""fit_converged"": true, ""final_update_norm"": 5.143157331128082e-06, ""fit_tolerance"": 1e-05, ""hit_round_cap"": false}, {""fit_converged"": true, ""final_update_norm"": 7.721991343660806e-06, ""fit_tolerance"": 1e-05, ""hit_round_cap"": false}, {""fit_converged"": true, ""final_update_norm"": 4.911179093404959e-06, ""fit_tolerance"": 1e-05, ""hit_round_cap"": false}, {""fit_converged"": true, ""final_update_norm"": 9.748215126751605e-06, ""fit_tolerance"": 1e-05, ""hit_round_cap"": false}, {""fit_converged"": true, ""final_update_norm"": 7.365745991891918e-06, ""fit_tolerance"": 1e-05, ""hit_round_cap"": false}]}",1.2924757073957513,20,138,20.0,138.0,32.34375,0.3515625,0.5390625,0.0,-7.0075157707198885,25.924212001216677,11.198125039813995,-5.983208098028457,0.0,-5.787972719415296,0.0,23.243444203664396,-0.0,33.234375
30,20260941,FedAvg,3,10,0,5,0.6666666666666666,0.5,3334.8245249385986,2758.9256051722527,1508.0648159347145,1023,True,1.2924757073957513,1.2924757073957513,0,"{""fit_converged"": true, ""final_update_norm"": 9.056996709991472e-06, ""fit_tolerance"": 1e-05, ""hit_round_cap"": false}",,47,47,141.0,141.0,11.015625,0.0,0.5390625,-0.8154999224133286,-10.700953671143193,25.538449255299884,12.664929377436156,-8.690873274222701,0.3216653559000711,-6.58667032569862,2.09284454961748,25.621357116884912,0.591631021328872,11.5546875
30,20260941,FedAvg-ST,3,6,4,5,0.9090909090909091,0.8333333333333334,3474.3747018619556,3090.1531773354436,1545.6237764571702,350,True,1.2924757073957513,1.2924757073957513,0,"{""fit_converged"": true, ""final_update_norm"": 9.056996709991472e-06, ""fit_tolerance"": 1e-05, ""hit_round_cap"": false}",3.298894643379381,47,47,141.0,141.0,11.015625,2.8125,0.5390625,-0.0,-7.402059027763812,22.239554611920504,9.366034734056775,-5.391978630843321,0.0,-3.287775682319239,0.0,22.32246247350553,0.0,14.3671875
30,20260941,FedAvg-P,3,6,4,5,0.9090909090909091,0.8333333333333334,3368.7440938357877,2870.9538892347737,1507.9656179576232,350,True,1.2924757073957513,1.2924757073957513,0,"{""selected_candidate"": 0, ""candidate_rounds"": [11, 20, 20, 20, 34], ""candidate_diagnostics"": [{""fit_converged"": true, ""final_update_norm"": 2.6261101450421585e-06, ""fit_tolerance"": 1e-05, ""hit_round_cap"": false}, {""fit_converged"": true, ""final_update_norm"": 5.513438335352935e-06, ""fit_tolerance"": 1e-05, ""hit_round_cap"": false}, {""fit_converged"": true, ""final_update_norm"": 5.684296216756903e-06, ""fit_tolerance"": 1e-05, ""hit_round_cap"": false}, {""fit_converged"": true, ""final_update_norm"": 6.138835496042925e-06, ""fit_tolerance"": 1e-05, ""hit_round_cap"": false}, {""fit_converged"": true, ""final_update_norm"": 8.009837748595888e-06, ""fit_tolerance"": 1e-05, ""hit_round_cap"": false}]}",1.2924757073957513,11,105,33.0,315.0,24.609375,0.3515625,0.5390625,-0.0,-9.493581322325237,24.305758773996324,11.566688922618486,-6.0415822730635655,-0.0,-6.585989549200991,0.0,23.880732733613534,0.0,25.5
30,20260941,FedAvg,20,10,0,5,0.6666666666666666,0.5,3343.6562399424893,2760.608125119006,1507.6625983427357,1023,True,1.2924757073957513,1.2924757073957513,0,"{""fit_converged"": true, ""final_update_norm"": 4.138076959218882e-06, ""fit_tolerance"": 1e-05, ""hit_round_cap"": false}",,16,16,320.0,320.0,3.75,0.0,0.5390625,-0.6447540874068853,-10.855237063472089,25.4962004223823,12.514816190735905,-5.626095976174277,-2.6566850886488425,-7.333739294772235,2.776014802491584,24.435239714170418,0.6881276900726718,4.2890625
30,20260941,FedAvg-ST,20,6,4,5,0.9090909090909091,0.8333333333333334,3462.4953889361605,3093.8474401802923,1545.562800340731,350,True,1.2924757073957513,1.2924757073957513,0,"{""fit_converged"": true, ""final_update_norm"": 4.138076959218882e-06, ""fit_tolerance"": 1e-05, ""hit_round_cap"": false}",3.298894643379381,16,16,320.0,320.0,3.75,2.8125,0.5390625,-0.0,-7.556342420092708,22.19730577900292,9.215921547356524,-2.3272013327948957,-0.0,-4.034844651392854,0.0,21.136345070791037,0.0,7.1015625
30,20260941,FedAvg-P,20,8,2,5,0.7692307692307693,0.625,3364.9895194356304,2878.209229119815,1509.4954545119886,510,True,1.2924757073957513,1.2924757073957513,0,"{""selected_candidate"": 0, ""candidate_rounds"": [14, 15, 15, 15, 16], ""candidate_diagnostics"": [{""fit_converged"": true, ""final_update_norm"": 4.1675126559435915e-06, ""fit_tolerance"": 1e-05, ""hit_round_cap"": false}, {""fit_converged"": true, ""final_update_norm"": 4.345549438960656e-06, ""fit_tolerance"": 1e-05, ""hit_round_cap"": false}, {""fit_converged"": true, ""final_update_norm"": 6.994081378663245e-06, ""fit_tolerance"": 1e-05, ""hit_round_cap"": false}, {""fit_converged"": true, ""final_update_norm"": 7.592596172736761e-06, ""fit_tolerance"": 1e-05, ""hit_round_cap"": false}, {""fit_converged"": true, ""final_update_norm"": 4.601298290690819e-06, ""fit_tolerance"": 1e-05, ""hit_round_cap"": false}]}",1.2924757073957513,14,75,280.0,1500.0,17.578125,0.3515625,0.5390625,-0.0,-9.560566177210859,24.207074434506893,11.222524876087828,-4.715226072804826,-1.0609579204388369,-5.871361801551507,1.524740063189264,23.262757898023388,0.0,18.46875
31,20260942,Pooled,0,9,1,4,0.46153846153846156,0.3,3084.4961314334855,2517.689818659465,1847.2380553013904,959,True,2.9453288657942753,0.04657149508514949,0,{},,0,0,,,0.0,0.0,0.5390625,-0.2075941179783374,-13.77683176621777,22.174352942664513,14.552624519818108,-20.944725276122558,4.300738297714905,-0.0,17.56366555101004,28.281121569232496,4.782898871566798,0.5390625
31,20260942,Pooled-1SE,0,4,6,4,1.0,1.0,3221.89387399918,2771.8037787983085,1854.7102608754176,332,True,2.9453288657942753,11.15399704615494,0,{},,0,0,,,0.0,0.0,0.5390625,0.0,-0.0,20.511498460673906,3.9467627613650307,0.0,0.0,-4.3516939758174,0.0,22.199858685091616,0.0,0.5390625
31,20260942,Largest-site,0,7,3,4,0.7272727272727273,0.5714285714285714,3090.411756622058,2641.799399788385,1806.2811814461913,847,True,2.9453288657942753,2.6521246196652215,0,{},,0,0,,,0.0,0.0,0.5390625,-0.4471371597051059,-7.159674302307911,17.269527216549836,11.18379279880652,0.0,0.0,-9.665030998165536,0.0,20.51932833187773,11.813388573254464,0.5390625
31,20260942,Largest-site-1SE,0,4,6,4,0.75,0.6,3736.775211748596,3003.9857836278725,2044.6148979202903,780,True,2.9453288657942753,17.831182049361608,0,{},,0,0,,,0.0,0.0,0.5390625,0.0,-0.0,12.881966988940158,3.1024725950348073,0.0,0.0,-0.0,0.0,19.159180621159326,1.5515916082160037,0.5390625
31,20260942,One-shot,0,10,0,4,0.5714285714285714,0.4,3007.4689450984506,2582.6182545900424,1775.3177592009365,1023,True,2.9453288657942753,2.9453288657942753,0,{},,1,1,,,0.234375,0.0,0.5390625,-0.22356857985255296,-8.504916394253483,20.633115350940628,10.504730223522067,-2.8431825066466936,-3.274313081581632,-10.277304099527804,4.897828542485725,25.194252757769245,5.522933631965804,0.7734375
31,20260942,ADMM,0,7,3,4,0.7272727272727273,0.5714285714285714,2922.9121213692374,2617.7880395302373,1762.3342310828725,878,True,2.9453288657942753,2.9453288657942753,0,{},,171,171,,,40.078125,0.0,0.5390625,-0.0,-8.309107675980256,21.63393690499311,10.940751963392714,-0.0,-0.2874564421005804,-13.004912021164152,0.0,23.39860429738015,2.388133105128409,40.6171875
31,20260942,FedAvg,1,10,0,4,0.5714285714285714,0.4,2985.0103968595295,2570.3180773422414,1771.6515024868017,1023,True,2.9453288657942753,2.9453288657942753,0,"{""fit_converged"": true, ""final_update_norm"": 9.857933357993223e-06, ""fit_tolerance"": 1e-05, ""hit_round_cap"": false}",,36,36,36.0,36.0,8.4375,0.0,0.5390625,-0.050828340555311206,-8.884211572543812,20.270492836483918,10.770187142052055,-2.863744372669342,-1.90318438539195,-12.542455464835186,1.539705976486966,25.58536064488587,5.028870192154035,8.9765625
31,20260942,FedAvg-ST,1,5,5,4,0.8888888888888888,0.8,3502.6272294354862,2825.2241822225997,1921.5643942525498,334,True,2.9453288657942753,2.9453288657942753,0,"{""fit_converged"": true, ""final_update_norm"": 9.857933357993223e-06, ""fit_tolerance"": 1e-05, ""hit_round_cap"": false}",6.008119117671403,36,36,36.0,36.0,8.4375,2.8125,0.5390625,-0.0,-2.876092454872409,14.262373718812515,4.762068024380652,-0.0,-0.0,-6.534336347163783,0.0,19.57724152721447,0.0,11.7890625
31,20260942,FedAvg-P,1,6,4,4,0.8,0.6666666666666666,3037.757173373837,2606.570794504621,1786.3756211506595,846,True,2.9453288657942753,2.9453288657942753,0,"{""selected_candidate"": 0, ""candidate_rounds"": [25, 22, 28, 37, 36], ""candidate_diagnostics"": [{""fit_converged"": true, ""final_update_norm"": 9.819633935969108e-06, ""fit_tolerance"": 1e-05, ""hit_round_cap"": false}, {""fit_converged"": true, ""final_update_norm"": 3.567824359595496e-06, ""fit_tolerance"": 1e-05, ""hit_round_cap"": false}, {""fit_converged"": true, ""final_update_norm"": 7.0037250008782576e-06, ""fit_tolerance"": 1e-05, ""hit_round_cap"": false}, {""fit_converged"": true, ""final_update_norm"": 6.5462116165961595e-06, ""fit_tolerance"": 1e-05, ""hit_round_cap"": false}, {""fit_converged"": true, ""final_update_norm"": 9.990092234121129e-06, ""fit_tolerance"": 1e-05, ""hit_round_cap"": false}]}",2.9453288657942753,25,148,25.0,148.0,34.6875,0.3515625,0.5390625,0.0,-3.340364308435351,22.337697110439194,8.345714832831748,-0.0,-0.0,-11.166343468989032,0.0,20.170393843412178,0.3408675245278552,35.578125
31,20260942,FedAvg,3,10,0,4,0.5714285714285714,0.4,3000.3399927877713,2600.0073379285227,1775.3267800986569,1023,True,2.9453288657942753,2.9453288657942753,0,"{""fit_converged"": true, ""final_update_norm"": 7.393074524527179e-06, ""fit_tolerance"": 1e-05, ""hit_round_cap"": false}",,15,15,45.0,45.0,3.515625,0.0,0.5390625,-0.3717853984545383,-8.9396238738816,20.271829530156474,10.28658747794409,-1.4141217469611058,-3.368623466820886,-12.737540039463285,2.371950612139882,25.434164270464237,5.81991006320884,4.0546875
31,20260942,FedAvg-ST,3,5,5,4,0.8888888888888888,0.8,3522.7811007666037,2836.318146098259,1927.0678191818215,334,True,2.9453288657942753,2.9453288657942753,0,"{""fit_converged"": true, ""final_update_norm"": 7.393074524527179e-06, ""fit_tolerance"": 1e-05, ""hit_round_cap"": false}",6.008119117671403,15,15,45.0,45.0,3.515625,2.8125,0.5390625,-0.0,-2.931504756210196,14.263710412485072,4.278468360272687,-0.0,-0.0,-6.729420921791882,0.0,19.426045152792835,0.0,6.8671875
31,20260942,FedAvg-P,3,6,4,4,0.8,0.6666666666666666,3137.0327253799246,2656.7115409021544,1792.878021655958,846,True,2.9453288657942753,2.9453288657942753,0,"{""selected_candidate"": 0, ""candidate_rounds"": [9, 15, 15, 15, 15], ""candidate_diagnostics"": [{""fit_converged"": true, ""final_update_norm"": 6.454050706785317e-06, ""fit_tolerance"": 1e-05, ""hit_round_cap"": false}, {""fit_converged"": true, ""final_update_norm"": 6.9156253536871354e-06, ""fit_tolerance"": 1e-05, ""hit_round_cap"": false}, {""fit_converged"": true, ""final_update_norm"": 5.670727699283382e-06, ""fit_tolerance"": 1e-05, ""hit_round_cap"": false}, {""fit_converged"": true, ""final_update_norm"": 5.509848864570962e-06, ""fit_tolerance"": 1e-05, ""hit_round_cap"": false}, {""fit_converged"": true, ""final_update_norm"": 5.405208208645379e-06, ""fit_tolerance"": 1e-05, ""hit_round_cap"": false}]}",2.9453288657942753,9,69,27.0,207.0,16.171875,0.3515625,0.5390625,-0.0,-6.177078702892828,17.21152317072795,7.728029828849468,-0.0,-0.0,-10.287539080098346,0.0,22.597561611635292,2.672115219429025,17.0625
31,20260942,FedAvg,20,10,0,4,0.5714285714285714,0.4,3005.0903488098006,2584.7526790336346,1774.9428531919853,1023,True,2.9453288657942753,2.9453288657942753,0,"{""fit_converged"": true, ""final_update_norm"": 2.1773647870082776e-06, ""fit_tolerance"": 1e-05, ""hit_round_cap"": false}",,5,5,100.0,100.0,1.171875,0.0,0.5390625,-0.2235674353744536,-8.548592335140992,20.60805721491892,10.49165392326594,-2.581194278780848,-3.274300455265126,-10.728625266886583,4.474515190531294,25.176025019651657,5.522919130670747,1.7109375
31,20260942,FedAvg-ST,20,5,5,4,0.8888888888888888,0.8,3529.3283452476926,2866.2128708374303,1945.941593372592,334,True,2.9453288657942753,2.9453288657942753,0,"{""fit_converged"": true, ""final_update_norm"": 2.1773647870082776e-06, ""fit_tolerance"": 1e-05, ""hit_round_cap"": false}",6.008119117671403,5,5,100.0,100.0,1.171875,2.8125,0.5390625,-0.0,-2.5404732174695885,14.599938097247517,4.4835348055945365,-0.0,-0.0,-4.72050614921518,0.0,19.167905901980255,0.0,4.5234375
31,20260942,FedAvg-P,20,8,2,4,0.6666666666666666,0.5,3142.436225482054,2672.4440757487464,1799.6567372891577,1006,True,2.9453288657942753,2.9453288657942753,0,"{""selected_candidate"": 0, ""candidate_rounds"": [5, 5, 5, 5, 5], ""candidate_diagnostics"": [{""fit_converged"": true, ""final_update_norm"": 1.924215288092794e-06, ""fit_tolerance"": 1e-05, ""hit_round_cap"": false}, {""fit_converged"": true, ""final_update_norm"": 1.7111716586671769e-06, ""fit_tolerance"": 1e-05, ""hit_round_cap"": false}, {""fit_converged"": true, ""final_update_norm"": 1.946306662332035e-06, ""fit_tolerance"": 1e-05, ""hit_round_cap"": false}, {""fit_converged"": true, ""final_update_norm"": 2.0615995874469994e-06, ""fit_tolerance"": 1e-05, ""hit_round_cap"": false}, {""fit_converged"": true, ""final_update_norm"": 2.1195344467899307e-06, ""fit_tolerance"": 1e-05, ""hit_round_cap"": false}]}",2.9453288657942753,5,25,100.0,500.0,5.859375,0.3515625,0.5390625,-0.0,-5.606620306298854,17.661058859912345,7.545252583641702,-0.0,-0.3285374360749045,-7.819147834157684,1.4960878403888582,22.228523591419673,2.577269105999859,6.75
32,20260943,Pooled,0,8,2,3,0.5454545454545454,0.375,3054.927493766159,3127.0878132300713,2436.3891979628424,927,True,9.843278598810828,0.3239826953888108,0,{},,0,0,,,0.0,0.0,0.5390625,0.5110550052640895,-10.812395797104317,27.763679773431093,17.393305865539148,-11.840814369430971,0.0,0.0,14.637252508888853,21.973421007693922,1.9560582824406345,0.5390625
32,20260943,Pooled-1SE,0,3,7,3,1.0,1.0,3481.386301190943,3513.576671043812,2109.09057530898,268,True,9.843278598810828,14.645163616982579,0,{},,0,0,,,0.0,0.0,0.5390625,0.0,-0.0,24.35760362535099,6.395211809396478,0.0,0.0,-0.0,0.0,14.494285270187186,0.0,0.5390625
32,20260943,Largest-site,0,3,7,3,1.0,1.0,3604.6753734929184,3624.8756149649403,2140.8142562653593,268,True,9.843278598810828,19.357257630397882,0,{},,0,0,,,0.0,0.0,0.5390625,0.0,-0.0,19.687306401119084,9.755235753774535,0.0,-0.0,-0.0,0.0,12.329197442786157,0.0,0.5390625
32,20260943,Largest-site-1SE,0,3,7,3,1.0,1.0,4506.649862025009,4379.071062292713,2398.531577303876,268,True,9.843278598810828,31.170256919943956,0,{},,0,0,,,0.0,0.0,0.5390625,0.0,0.0,15.946602102673213,1.2280362649204748,0.0,0.0,-0.0,0.0,4.325253182242114,0.0,0.5390625
32,20260943,One-shot,0,10,0,3,0.46153846153846156,0.3,3159.939574012591,3302.1628085667644,2248.1266164856765,1023,True,9.843278598810828,9.843278598810828,0,{},,1,1,,,0.234375,0.0,0.5390625,2.5931177420822467,-5.548311531084671,22.614500744161905,10.225181349374544,-5.689485902766609,-0.729930383607806,-2.381813028624861,11.088522317756786,12.960180784034751,2.3621318741620048,0.7734375
32,20260943,ADMM,0,5,5,3,0.75,0.6,3245.3943485546174,3386.268253914635,2087.9406436865656,460,True,9.843278598810828,9.843278598810828,0,{},,224,224,,,52.5,0.0,0.5390625,0.0,-0.0,26.110041999295298,9.315896196148767,-0.0,0.0,-2.1353704714796926,0.15534421638088824,16.52228081781294,0.0,53.0390625
32,20260943,FedAvg,1,10,0,3,0.46153846153846156,0.3,3158.034644535385,3433.1330032477613,2149.0473881572116,1023,True,9.843278598810828,9.843278598810828,0,"{""fit_converged"": true, ""final_update_norm"": 6.1819603348696646e-06, ""fit_tolerance"": 1e-05, ""hit_round_cap"": false}",,18,18,18.0,18.0,4.21875,0.0,0.5390625,3.2083655430647995,-1.5938318664786606,24.369247688272416,8.667330668149926,-0.541684760233232,0.5044631497951552,-6.443298992667598,3.104559303831653,13.56812075904921,1.036657508590853,4.7578125
32,20260943,FedAvg-ST,1,4,6,3,0.8571428571428571,0.75,3787.846514495418,3765.6986949745165,2185.834332255227,332,True,9.843278598810828,9.843278598810828,0,"{""fit_converged"": true, ""final_update_norm"": 6.1819603348696646e-06, ""fit_tolerance"": 1e-05, ""hit_round_cap"": false}",4.1817234354192285,18,18,18.0,18.0,4.21875,2.8125,0.5390625,0.0,-0.0,20.187524252853187,4.485607232730698,-0.0,0.0,-2.26157555724837,0.0,9.386397323629982,0.0,7.5703125
32,20260943,FedAvg-P,1,5,5,3,0.75,0.6,3497.626558089627,3689.0728844230116,2138.0842372409584,333,True,9.843278598810828,9.843278598810828,0,"{""selected_candidate"": 2, ""candidate_rounds"": [6, 16, 15, 17, 18], ""candidate_diagnostics"": [{""fit_converged"": true, ""final_update_norm"": 2.521700160684759e-06, ""fit_tolerance"": 1e-05, ""hit_round_cap"": false}, {""fit_converged"": true, ""final_update_norm"": 4.6923907632458435e-06, ""fit_tolerance"": 1e-05, ""hit_round_cap"": false}, {""fit_converged"": true, ""final_update_norm"": 5.521851861925975e-06, ""fit_tolerance"": 1e-05, ""hit_round_cap"": false}, {""fit_converged"": true, ""final_update_norm"": 6.469080966747482e-06, ""fit_tolerance"": 1e-05, ""hit_round_cap"": false}, {""fit_converged"": true, ""final_update_norm"": 4.864415851220228e-06, ""fit_tolerance"": 1e-05, ""hit_round_cap"": false}]}",2.460819649702707,15,72,15.0,72.0,16.875,0.3515625,0.5390625,2.4074899138632495,-0.0,27.622226650144974,6.557990812401021,0.0,0.0,-4.7900323251439385,0.0,7.466695605630051,0.0,17.765625
32,20260943,FedAvg,3,10,0,3,0.46153846153846156,0.3,3132.762350214199,3320.254787504823,2194.7930146661433,1023,True,9.843278598810828,9.843278598810828,0,"{""fit_converged"": true, ""final_update_norm"": 4.089024187861936e-06, ""fit_tolerance"": 1e-05, ""hit_round_cap"": false}",,14,14,42.0,42.0,3.28125,0.0,0.5390625,2.3187441962571165,-4.9132701126787195,22.76892572421266,10.001083836770258,-2.2618132296818327,-0.05184992887510837,-6.78973496674679,6.19228101910587,12.738702316193137,1.7776092563924872,3.8203125
32,20260943,FedAvg-ST,3,6,4,3,0.6666666666666666,0.5,3598.323347742631,3623.9384723104727,2167.348815791496,462,True,9.843278598810828,9.843278598810828,0,"{""fit_converged"": true, ""final_update_norm"": 4.089024187861936e-06, ""fit_tolerance"": 1e-05, ""hit_round_cap"": false}",3.3420580630129924,14,14,42.0,42.0,3.28125,2.8125,0.5390625,0.0,-1.5712120496657271,19.42686766119967,6.659025773757266,-0.0,-0.0,-3.447676903733798,2.850222956092878,9.396644253180146,0.0,6.6328125
32,20260943,FedAvg-P,3,6,4,3,0.6666666666666666,0.5,3447.164182727325,3510.553622652327,2151.3582041425843,462,True,9.843278598810828,9.843278598810828,0,"{""selected_candidate"": 2, ""candidate_rounds"": [7, 12, 10, 11, 9], ""candidate_diagnostics"": [{""fit_converged"": true, ""final_update_norm"": 4.19114926207972e-06, ""fit_tolerance"": 1e-05, ""hit_round_cap"": false}, {""fit_converged"": true, ""final_update_norm"": 4.102410072820707e-06, ""fit_tolerance"": 1e-05, ""hit_round_cap"": false}, {""fit_converged"": true, ""final_update_norm"": 6.904711610649539e-06, ""fit_tolerance"": 1e-05, ""hit_round_cap"": false}, {""fit_converged"": true, ""final_update_norm"": 6.4701646839933064e-06, ""fit_tolerance"": 1e-05, ""hit_round_cap"": false}, {""fit_converged"": true, ""final_update_norm"": 9.833346817604379e-06, ""fit_tolerance"": 1e-05, ""hit_round_cap"": false}]}",2.460819649702707,10,49,30.0,147.0,11.484375,0.3515625,0.5390625,0.0,-2.535903515757505,20.59973834439766,7.851878808371842,-0.0,-0.0,-5.402441735232294,3.118406060619247,9.75402600203323,0.0,12.375
32,20260943,FedAvg,20,10,0,3,0.46153846153846156,0.3,3157.3655478362834,3301.8162738272354,2244.8444411641185,1023,True,9.843278598810828,9.843278598810828,0,"{""fit_converged"": true, ""final_update_norm"": 3.4148990005451897e-06, ""fit_tolerance"": 1e-05, ""hit_round_cap"": false}",,7,7,140.0,140.0,1.640625,0.0,0.5390625,2.583958443834392,-5.544457376180747,22.593299922791108,10.221255566616076,-5.594316255294,-0.5554686052701173,-2.669716425505773,10.717258461859545,13.002031152183326,2.334234770865872,2.1796875
32,20260943,FedAvg-ST,20,6,4,3,0.6666666666666666,0.5,3704.354105205355,3717.371298003468,2202.4308555645357,414,True,9.843278598810828,9.843278598810828,0,"{""fit_converged"": true, ""final_update_norm"": 3.4148990005451897e-06, ""fit_tolerance"": 1e-05, ""hit_round_cap"": false}",4.1817234354192285,7,7,140.0,140.0,1.640625,2.8125,0.5390625,0.0,-1.3627339407615189,18.411576487371878,6.0395321311968475,-1.4125928198747717,-0.0,-0.0,6.535535026440317,8.820307716764098,0.0,4.9921875
32,20260943,FedAvg-P,20,8,2,3,0.5454545454545454,0.375,3489.2446210059265,3521.6654467775793,2190.538438778728,479,True,9.843278598810828,9.843278598810828,0,"{""selected_candidate"": 2, ""candidate_rounds"": [6, 5, 7, 6, 7], ""candidate_diagnostics"": [{""fit_converged"": true, ""final_update_norm"": 2.4014807790425114e-06, ""fit_tolerance"": 1e-05, ""hit_round_cap"": false}, {""fit_converged"": true, ""final_update_norm"": 3.90543464737499e-06, ""fit_tolerance"": 1e-05, ""hit_round_cap"": false}, {""fit_converged"": true, ""final_update_norm"": 2.0989571729974683e-06, ""fit_tolerance"": 1e-05, ""hit_round_cap"": false}, {""fit_converged"": true, ""final_update_norm"": 7.091845751530397e-06, ""fit_tolerance"": 1e-05, ""hit_round_cap"": false}, {""fit_converged"": true, ""final_update_norm"": 7.489289432681444e-07, ""fit_tolerance"": 1e-05, ""hit_round_cap"": false}]}",2.460819649702707,7,31,140.0,620.0,7.265625,0.3515625,0.5390625,0.12120335717360708,-3.09134043346728,20.130845071480522,7.761263214138376,-2.9417748584401573,-0.0,-0.33543713563892696,8.174219823465641,10.478191848011909,0.0,8.15625
33,20260944,Pooled,0,7,3,3,0.6,0.42857142857142855,2644.1961848937003,3034.36532159155,1742.490195454501,878,True,2.7921583061535777,3.5510528073689733,0,{},,0,0,,,0.0,0.0,0.5390625,-0.0,-5.355762167665695,27.31827287340732,13.3555766257968,-0.0,-0.11637258151235337,-7.191040218519048,-0.0,22.453448838890683,0.7490571975112388,0.5390625
33,20260944,Pooled-1SE,0,3,7,3,1.0,1.0,3491.0498002450986,3380.774068203672,2136.89763240557,268,True,2.7921583061535777,23.87499765493132,0,{},,0,0,,,0.0,0.0,0.5390625,0.0,-0.0,18.517272617532676,1.03860893722115,0.0,0.0,-0.0,0.0,13.197173902987437,0.0,0.5390625
33,20260944,Largest-site,0,7,3,3,0.6,0.42857142857142855,2769.4898381633475,3034.0733306721654,1773.4666134888562,847,True,2.7921583061535777,3.555656749683473,0,{},,0,0,,,0.0,0.0,0.5390625,-3.4848885874030815,-6.453925453578281,24.221268318271903,20.30166287454861,-0.0,-0.0,-7.075623656516222,0.0,16.71992094012106,3.694964269060084,0.5390625
33,20260944,Largest-site-1SE,0,3,7,3,1.0,1.0,3576.373055121233,3396.3627437481687,2138.3630022974967,268,True,2.7921583061535777,23.90595160518912,0,{},,0,0,,,0.0,0.0,0.5390625,0.0,-0.0,15.915225112986505,9.263421156405327,0.0,0.0,-0.0,0.0,8.872456224207728,0.0,0.5390625
33,20260944,One-shot,0,8,2,3,0.5454545454545454,0.375,2627.6518398143353,3024.5329582557097,1746.2556738799256,879,True,2.7921583061535777,2.7921583061535777,0,{},,1,1,,,0.234375,0.0,0.5390625,-1.622329361964803,-7.494561304604942,28.038096813512425,14.075338257057721,0.0,-3.2736402223472885,-7.9750422883910606,0.0,21.300899714144574,3.0684474733619833,0.7734375
33,20260944,ADMM,0,8,2,3,0.5454545454545454,0.375,2623.3080462555436,3035.9182103271974,1740.577000595534,879,True,2.7921583061535777,2.7921583061535777,0,{},,126,126,,,29.53125,0.0,0.5390625,-0.5465436342000937,-6.5492856120802605,27.512521022721973,14.08054966129481,-0.0,-1.1212825442130705,-7.967430593930254,-0.0,22.967695479455188,1.1861088784765563,30.0703125
33,20260944,FedAvg,1,10,0,3,0.46153846153846156,0.3,2620.9870931633295,3019.3763089602844,1744.040729864594,1023,True,2.7921583061535777,2.7921583061535777,0,"{""fit_converged"": true, ""final_update_norm"": 5.579924549412962e-06, ""fit_tolerance"": 1e-05, ""hit_round_cap"": false}",,20,20,20.0,20.0,4.6875,0.0,0.5390625,-1.1466259448170943,-6.276899620737734,27.43082276864257,13.657633646401544,-1.0976602722891806,-1.760957534444135,-7.369421915422148,0.32383904374959266,22.713263512949048,3.0389990188555305,5.2265625
33,20260944,FedAvg-ST,1,3,7,3,1.0,1.0,3622.595425606835,3433.569907810053,2192.298083909125,268,True,2.7921583061535777,2.7921583061535777,0,"{""fit_converged"": true, ""final_update_norm"": 5.579924549412962e-06, ""fit_tolerance"": 1e-05, ""hit_round_cap"": false}",11.157547031029026,20,20,20.0,20.0,4.6875,2.8125,0.5390625,-0.0,-0.0,16.273275737613545,2.5000866153725188,-0.0,-0.0,-0.0,0.0,11.555716481920022,0.0,8.0390625
33,20260944,FedAvg-P,1,5,5,3,0.75,0.6,2742.9160118817617,3068.603792710919,1771.7700715133572,334,True,2.7921583061535777,2.7921583061535777,0,"{""selected_candidate"": 0, ""candidate_rounds"": [17, 19, 22, 19, 20], ""candidate_diagnostics"": [{""fit_converged"": true, ""final_update_norm"": 9.5339257894816e-06, ""fit_tolerance"": 1e-05, ""hit_round_cap"": false}, {""fit_converged"": true, ""final_update_norm"": 5.671425437412994e-06, ""fit_tolerance"": 1e-05, ""hit_round_cap"": false}, {""fit_converged"": true, ""final_update_norm"": 8.60934849462048e-06, ""fit_tolerance"": 1e-05, ""hit_round_cap"": false}, {""fit_converged"": true, ""final_update_norm"": 8.26521589292435e-06, ""fit_tolerance"": 1e-05, ""hit_round_cap"": false}, {""fit_converged"": true, ""final_update_norm"": 4.940345978203938e-06, ""fit_tolerance"": 1e-05, ""hit_round_cap"": false}]}",2.7921583061535777,17,97,17.0,97.0,22.734375,0.3515625,0.5390625,0.0,-1.531603923053182,28.75539785555488,11.46486461418838,-0.0,-0.0,-5.564852077663419,0.0,17.671412848296434,0.0,23.625
33,20260944,FedAvg,3,10,0,3,0.46153846153846156,0.3,2613.981722243795,3018.6294528362446,1749.1904398098998,1023,True,2.7921583061535777,2.7921583061535777,0,"{""fit_converged"": true, ""final_update_norm"": 4.364514990752556e-06, ""fit_tolerance"": 1e-05, ""hit_round_cap"": false}",,11,11,33.0,33.0,2.578125,0.0,0.5390625,-1.6654749765258368,-7.717626015609012,27.771143069630526,13.897940450112909,-0.15564996375105888,-3.835593555321005,-7.958033095839082,0.5502405089169736,21.507451214027864,3.145511688524009,3.1171875
33,20260944,FedAvg-ST,3,3,7,3,1.0,1.0,3382.8266459156985,3310.2053905767084,2067.0155087657845,268,True,2.7921583061535777,2.7921583061535777,0,"{""fit_converged"": true, ""final_update_norm"": 4.364514990752556e-06, ""fit_tolerance"": 1e-05, ""hit_round_cap"": false}",8.917177473444964,11,11,33.0,33.0,2.578125,2.8125,0.5390625,-0.0,-0.0,18.85396559618556,4.980762976667945,-0.0,-0.0,-0.0,0.0,12.5902737405829,0.0,5.9296875
33,20260944,FedAvg-P,3,7,3,3,0.6,0.42857142857142855,2734.22031902039,3013.517213912103,1777.5295945771265,878,True,2.7921583061535777,2.7921583061535777,0,"{""selected_candidate"": 0, ""candidate_rounds"": [11, 16, 10, 16, 14], ""candidate_diagnostics"": [{""fit_converged"": true, ""final_update_norm"": 6.018606639968116e-06, ""fit_tolerance"": 1e-05, ""hit_round_cap"": false}, {""fit_converged"": true, ""final_update_norm"": 8.669547613865737e-06, ""fit_tolerance"": 1e-05, ""hit_round_cap"": false}, {""fit_converged"": true, ""final_update_norm"": 9.45907712653907e-06, ""fit_tolerance"": 1e-05, ""hit_round_cap"": false}, {""fit_converged"": true, ""final_update_norm"": 5.6720922726258415e-06, ""fit_tolerance"": 1e-05, ""hit_round_cap"": false}, {""fit_converged"": true, ""final_update_norm"": 7.75563359833823e-06, ""fit_tolerance"": 1e-05, ""hit_round_cap"": false}]}",2.7921583061535777,11,67,33.0,201.0,15.703125,0.3515625,0.5390625,-0.0,-5.106973170353601,24.944175442638322,11.469664214319081,-0.0,-0.0636274119917406,-5.242139311019592,0.0,19.188130539009244,0.024967425026275247,16.59375
33,20260944,FedAvg,20,9,1,3,0.5,0.3333333333333333,2627.644734528654,3024.5088094864836,1746.2564453464365,895,True,2.7921583061535777,2.7921583061535777,0,"{""fit_converged"": true, ""final_update_norm"": 2.1839357193806868e-07, ""fit_tolerance"": 1e-05, ""hit_round_cap"": false}",,4,4,80.0,80.0,0.9375,0.0,0.5390625,-1.6221999625021093,-7.494226657644232,28.037949679051962,14.075469519484097,-0.011285875565752763,-3.263900827682899,-7.970393170639788,0.0,21.305343788038254,3.068574152057565,1.4765625
33,20260944,FedAvg-ST,20,3,7,3,1.0,1.0,3377.046369616284,3308.5570378486955,2062.8773672058446,268,True,2.7921583061535777,2.7921583061535777,0,"{""fit_converged"": true, ""final_update_norm"": 2.1839357193806868e-07, ""fit_tolerance"": 1e-05, ""hit_round_cap"": false}",8.917177473444964,4,4,80.0,80.0,0.9375,2.8125,0.5390625,-0.0,-0.0,19.120772205606997,5.158292046039133,-0.0,-0.0,-0.0,0.0,12.38816631459329,0.0,4.2890625
33,20260944,FedAvg-P,20,7,3,3,0.6,0.42857142857142855,2744.8073649953208,3015.4471844070445,1780.531535603437,878,True,2.7921583061535777,2.7921583061535777,0,"{""selected_candidate"": 0, ""candidate_rounds"": [8, 4, 4, 4, 4], ""candidate_diagnostics"": [{""fit_converged"": true, ""final_update_norm"": 4.9208737538925615e-06, ""fit_tolerance"": 1e-05, ""hit_round_cap"": false}, {""fit_converged"": true, ""final_update_norm"": 5.31711271788992e-07, ""fit_tolerance"": 1e-05, ""hit_round_cap"": false}, {""fit_converged"": true, ""final_update_norm"": 5.1934266367944e-08, ""fit_tolerance"": 1e-05, ""hit_round_cap"": false}, {""fit_converged"": true, ""final_update_norm"": 4.1809838111635134e-08, ""fit_tolerance"": 1e-05, ""hit_round_cap"": false}, {""fit_converged"": true, ""final_update_norm"": 4.2527218594880646e-08, ""fit_tolerance"": 1e-05, ""hit_round_cap"": false}]}",2.7921583061535777,8,24,160.0,480.0,5.625,0.3515625,0.5390625,-0.0,-4.700098879577384,25.244308366989497,11.284440372438794,-0.0,-0.38575519454536744,-5.139617884232794,0.0,18.551773221843114,0.2772273453944121,6.515625
34,20260945,Pooled,0,9,1,4,0.6153846153846154,0.4444444444444444,3316.6800471932,2754.1668935495363,1544.0549411898041,895,True,1.1384730302517432,0.07807916068280701,0,{},,0,0,,,0.0,0.0,0.5390625,0.20495965103144434,-10.431331575659586,27.01163033480397,14.846909609870856,-30.65383857621491,21.467289033823644,-0.3160981187349762,-0.0,37.43543314823744,2.4527082464496277,0.5390625
34,20260945,Pooled-1SE,0,4,6,4,1.0,1.0,3423.070448171347,3079.189253048743,1589.342307772688,332,True,1.1384730302517432,9.151676362580387,0,{},,0,0,,,0.0,0.0,0.5390625,0.0,-0.0,25.341580991813544,7.564525604973064,-0.0,0.0,-2.1691668912128543,0.0,21.51274866185516,0.0,0.5390625
34,20260945,Largest-site,0,10,0,4,0.5714285714285714,0.4,3579.91719383203,2819.284430219742,1702.9977131988214,1023,True,1.1384730302517432,0.050547432555196815,0,{},,0,0,,,0.0,0.0,0.5390625,1.032140995204477,-13.732940192821518,23.403732794161794,11.644326526601635,-44.205117860957515,29.414439684430267,15.784366030860895,20.289028099668318,42.6073269690435,8.209127302369508,0.5390625
34,20260945,Largest-site-1SE,0,3,7,4,0.5714285714285714,0.4,3593.0104274594746,3586.5687879793486,1819.8924167396424,388,True,1.1384730302517432,19.494226062975525,0,{},,0,0,,,0.0,0.0,0.5390625,0.0,-0.0,15.106260477809833,0.0,0.0,0.0,-0.0,3.9608805813304646,22.374430203277218,0.0,0.5390625
34,20260945,One-shot,0,10,0,4,0.5714285714285714,0.4,3347.4592099003535,2728.6115484663324,1550.9419874951825,1023,True,1.1384730302517432,1.1384730302517432,0,{},,1,1,,,0.234375,0.0,0.5390625,0.5160704976022386,-8.801835945992194,27.686684719315735,13.044822756759892,-25.271288418331515,14.707219842215133,5.159760888751456,6.307787469737656,33.56358947733916,4.120600608193355,0.7734375
34,20260945,ADMM,0,7,3,4,0.7272727272727273,0.5714285714285714,3292.2453949119663,2790.262112180016,1495.3723713545787,862,True,1.1384730302517432,1.1384730302517432,0,{},,212,212,,,49.6875,0.0,0.5390625,0.0,-8.298639187664346,27.040458064829192,13.943805429038648,-3.6222823253144125,-0.0,-9.016007205571755,0.0,26.26223270063668,1.9046895369106478,50.2265625
34,20260945,FedAvg,1,10,0,4,0.5714285714285714,0.4,3318.027963983718,2775.8163193497858,1503.338410335576,1023,True,1.1384730302517432,1.1384730302517432,0,"{""fit_converged"": true, ""final_update_norm"": 8.617133472765572e-06, ""fit_tolerance"": 1e-05, ""hit_round_cap"": false}",,41,41,41.0,41.0,9.609375,0.0,0.5390625,1.0894277651637663,-8.36959727170493,27.287585093894766,13.426320595513277,-7.121547237898051,1.49212433081158,-5.27541831375697,2.4705730095677643,27.279746857916688,2.963614900987505,10.1484375
34,20260945,FedAvg-ST,1,6,4,4,0.8,0.6666666666666666,3336.6704749944824,3105.3814328553685,1609.6104275262896,350,True,1.1384730302517432,1.1384730302517432,0,"{""fit_converged"": true, ""final_update_norm"": 8.617133472765572e-06, ""fit_tolerance"": 1e-05, ""hit_round_cap"": false}",4.549371842777342,41,41,41.0,41.0,9.609375,2.8125,0.5390625,0.0,-3.8202254289275874,22.738213251117422,8.876948752735935,-2.572175395120709,0.0,-0.7260464709796279,0.0,22.730375015139344,0.0,12.9609375
34,20260945,FedAvg-P,1,8,2,4,0.6666666666666666,0.5,3319.824330526968,2848.406228731632,1504.7334977319153,863,True,1.1384730302517432,1.1384730302517432,0,"{""selected_candidate"": 0, ""candidate_rounds"": [24, 31, 46, 51, 41], ""candidate_diagnostics"": [{""fit_converged"": true, ""final_update_norm"": 6.3111374254737304e-06, ""fit_tolerance"": 1e-05, ""hit_round_cap"": false}, {""fit_converged"": true, ""final_update_norm"": 7.3970973687639285e-06, ""fit_tolerance"": 1e-05, ""hit_round_cap"": false}, {""fit_converged"": true, ""final_update_norm"": 9.019963782475701e-06, ""fit_tolerance"": 1e-05, ""hit_round_cap"": false}, {""fit_converged"": true, ""final_update_norm"": 7.710174764953647e-06, ""fit_tolerance"": 1e-05, ""hit_round_cap"": false}, {""fit_converged"": true, ""final_update_norm"": 9.916864346196116e-06, ""fit_tolerance"": 1e-05, ""hit_round_cap"": false}]}",1.1384730302517432,24,193,24.0,193.0,45.234375,0.3515625,0.5390625,0.5168967156136515,-5.759882316490215,28.25247022254217,12.268258368925139,-1.495863955491512,0.0,-6.906274271721504,0.0,23.508957734937525,0.9690283917531759,46.125
34,20260945,FedAvg,3,10,0,4,0.5714285714285714,0.4,3345.708599339644,2769.750381011299,1503.740861410257,1023,True,1.1384730302517432,1.1384730302517432,0,"{""fit_converged"": true, ""final_update_norm"": 6.68176292044951e-06, ""fit_tolerance"": 1e-05, ""hit_round_cap"": false}",,24,24,72.0,72.0,5.625,0.0,0.5390625,0.6789835273477527,-8.51742929278079,27.378841069283773,12.813470484017655,-5.75808062017687,0.5226215023210322,-4.6323905315917635,2.640461914598947,26.99559110082802,4.005973133796185,6.1640625
34,20260945,FedAvg-ST,3,6,4,4,0.8,0.6666666666666666,3375.4658795204905,3139.8152854631626,1621.3546337972793,350,True,1.1384730302517432,1.1384730302517432,0,"{""fit_converged"": true, ""final_update_norm"": 6.68176292044951e-06, ""fit_tolerance"": 1e-05, ""hit_round_cap"": false}",4.549371842777342,24,24,72.0,72.0,5.625,2.8125,0.5390625,0.0,-3.968057450003448,22.829469226506433,8.264098641240313,-1.2087087773995284,0.0,-0.08301868881442154,0.0,22.446219258050675,0.0,8.9765625
34,20260945,FedAvg-P,3,8,2,4,0.6666666666666666,0.5,3308.613000805255,2819.884572708247,1508.3896049813097,990,True,1.1384730302517432,1.1384730302517432,0,"{""selected_candidate"": 0, ""candidate_rounds"": [17, 16, 16, 23, 23], ""candidate_diagnostics"": [{""fit_converged"": true, ""final_update_norm"": 5.553828236978155e-06, ""fit_tolerance"": 1e-05, ""hit_round_cap"": false}, {""fit_converged"": true, ""final_update_norm"": 3.785195796142452e-06, ""fit_tolerance"": 1e-05, ""hit_round_cap"": false}, {""fit_converged"": true, ""final_update_norm"": 4.817673347565761e-06, ""fit_tolerance"": 1e-05, ""hit_round_cap"": false}, {""fit_converged"": true, ""final_update_norm"": 6.692717176218161e-06, ""fit_tolerance"": 1e-05, ""hit_round_cap"": false}, {""fit_converged"": true, ""final_update_norm"": 8.600851884864505e-06, ""fit_tolerance"": 1e-05, ""hit_round_cap"": false}]}",1.1384730302517432,17,95,51.0,285.0,22.265625,0.3515625,0.5390625,0.0,-7.360649433537393,26.339807172830753,11.86271912421182,-3.5161459961812107,0.0,-4.501168443634715,0.8600362301860023,25.383183654995438,2.735990014107673,23.15625
34,20260945,FedAvg,20,10,0,4,0.5714285714285714,0.4,3342.787114614733,2747.198637877096,1513.6388022747265,1023,True,1.1384730302517432,1.1384730302517432,0,"{""fit_converged"": true, ""final_update_norm"": 4.424125462248745e-06, ""fit_tolerance"": 1e-05, ""hit_round_cap"": false}",,16,16,320.0,320.0,3.75,0.0,0.5390625,0.7252276672085687,-8.610547888900522,27.764946307634077,13.046938776837983,-11.138000656247844,2.9735560328146295,-0.8492035793753121,5.423115746971283,28.390303542895197,4.121359618642575,4.2890625
34,20260945,FedAvg-ST,20,6,4,4,0.6,0.42857142857142855,3285.6044126496895,3078.9249197979143,1614.9621438405763,414,True,1.1384730302517432,1.1384730302517432,0,"{""fit_converged"": true, ""final_update_norm"": 4.424125462248745e-06, ""fit_tolerance"": 1e-05, ""hit_round_cap"": false}",4.549371842777342,16,16,320.0,320.0,3.75,2.8125,0.5390625,0.0,-4.06117604612318,23.215574464856736,8.497566934060641,-6.5886288134705016,0.0,-0.0,0.8737439041939412,23.840931700117856,0.0,7.1015625
34,20260945,FedAvg-P,20,9,1,4,0.6153846153846154,0.4444444444444444,3292.5508750679655,2789.900662084186,1519.408766302785,1022,True,1.1384730302517432,1.1384730302517432,0,"{""selected_candidate"": 0, ""candidate_rounds"": [15, 15, 15, 16, 16], ""candidate_diagnostics"": [{""fit_converged"": true, ""final_update_norm"": 5.1061928011003115e-06, ""fit_tolerance"": 1e-05, ""hit_round_cap"": false}, {""fit_converged"": true, ""final_update_norm"": 8.341067082310923e-06, ""fit_tolerance"": 1e-05, ""hit_round_cap"": false}, {""fit_converged"": true, ""final_update_norm"": 8.7327414997582e-06, ""fit_tolerance"": 1e-05, ""hit_round_cap"": false}, {""fit_converged"": true, ""final_update_norm"": 4.0151928813899325e-06, ""fit_tolerance"": 1e-05, ""hit_round_cap"": false}, {""fit_converged"": true, ""final_update_norm"": 4.20652477061281e-06, ""fit_tolerance"": 1e-05, ""hit_round_cap"": false}]}",1.1384730302517432,15,77,300.0,1540.0,18.046875,0.3515625,0.5390625,0.0,-7.460145830356959,26.632333459562897,11.908932325366818,-9.154239988044452,1.1271392433289487,-0.06293779300877489,4.242141828775091,26.94052122538059,2.9825046463241818,18.9375
35,20260946,Pooled,0,10,0,4,0.5714285714285714,0.4,2676.878177142577,3041.075261643958,1765.1342238968123,1023,True,2.5516230552298977,0.04772338833998236,0,{},,0,0,,,0.0,0.0,0.5390625,0.9092492285874717,-12.237514280804145,28.872413922719197,11.740520100384725,-16.561370173932303,7.490199742048389,-7.42142509634604,2.618254945349156,24.24127523268153,4.622943535568892,0.5390625
35,20260946,Pooled-1SE,0,4,6,4,1.0,1.0,3278.5986727276427,3454.7205373731385,1797.0440163284577,332,True,2.5516230552298977,11.429878547025815,0,{},,0,0,,,0.0,0.0,0.5390625,0.0,-0.0,27.688205123892416,1.4686431134997944,-0.0,-0.0,-2.1962602174944315,0.0,15.802218544616569,0.0,0.5390625
35,20260946,Largest-site,0,9,1,4,0.6153846153846154,0.4444444444444444,2958.6547688715023,3094.7141428370405,1770.776436999334,1007,True,2.5516230552298977,1.5014409687098433,0,{},,0,0,,,0.0,0.0,0.5390625,6.085505441845681,-8.687651753436995,34.96489919310548,9.112618011577483,-0.0,-3.2986878826513744,-16.25765745659351,1.538753277287947,16.91697734964173,2.0096716496498774,0.5390625
35,20260946,Largest-site-1SE,0,4,6,4,1.0,1.0,3136.639747081908,3232.7594066544584,1734.9618120184527,332,True,2.5516230552298977,7.955110068302352,0,{},,0,0,,,0.0,0.0,0.5390625,0.0,-0.0,34.5132376099186,4.309758459303764,-0.0,0.0,-9.748073862447876,0.0,14.491821633773407,0.0,0.5390625
35,20260946,One-shot,0,10,0,4,0.5714285714285714,0.4,2738.513634175685,3030.813520125454,1750.1641969004481,1023,True,2.5516230552298977,2.5516230552298977,0,{},,1,1,,,0.234375,0.0,0.5390625,-0.6866146232270283,-6.432856335667095,27.507375619625083,8.613274801556129,-13.777697887181807,8.793343573234429,-7.385153476447064,-0.4506150247569942,24.603394346825638,4.33062612064248,0.7734375
35,20260946,ADMM,0,7,3,4,0.7272727272727273,0.5714285714285714,2785.8627650361204,3056.8392311280795,1696.0026574776107,862,True,2.5516230552298977,2.5516230552298977,0,{},,355,355,,,83.203125,0.0,0.5390625,0.0,-7.325165333016549,28.905252217750853,8.948252217369763,-2.013499411174136,-0.0,-10.383571683707661,0.0,18.52868678531128,3.035332307125806,83.7421875
35,20260946,FedAvg,1,10,0,4,0.5714285714285714,0.4,2716.9043647222343,3037.7397278728226,1700.7884714069899,1023,True,2.5516230552298977,2.5516230552298977,0,"{""fit_converged"": true, ""final_update_norm"": 7.039061613719986e-06, ""fit_tolerance"": 1e-05, ""hit_round_cap"": false}",,23,23,23.0,23.0,5.390625,0.0,0.5390625,-0.30278349914048075,-7.788836542123343,27.19054952314368,9.652775169787084,-3.2845320886140197,-0.23939977083928857,-11.691278139402412,-0.09845722838499084,20.309223647779607,3.854312773556991,5.9296875
35,20260946,FedAvg-ST,1,5,5,4,0.8888888888888888,0.8,3111.3669998429878,3427.8007096656,1800.1677923001855,334,True,2.5516230552298977,2.5516230552298977,0,"{""fit_converged"": true, ""final_update_norm"": 7.039061613719986e-06, ""fit_tolerance"": 1e-05, ""hit_round_cap"": false}",5.205006285464036,23,23,23.0,23.0,5.390625,2.8125,0.5390625,-0.0,-2.583830256659307,21.985543237679643,4.447768884323048,-0.0,-0.0,-6.4862718539383755,-0.0,15.10421736231557,0.0,8.7421875
35,20260946,FedAvg-P,1,5,5,4,0.8888888888888888,0.8,2957.417286373303,3129.947952693867,1714.9653485899512,334,True,2.5516230552298977,2.5516230552298977,0,"{""selected_candidate"": 0, ""candidate_rounds"": [24, 22, 22, 22, 24], ""candidate_diagnostics"": [{""fit_converged"": true, ""final_update_norm"": 9.825855617733856e-06, ""fit_tolerance"": 1e-05, ""hit_round_cap"": false}, {""fit_converged"": true, ""final_update_norm"": 5.845874712258782e-06, ""fit_tolerance"": 1e-05, ""hit_round_cap"": false}, {""fit_converged"": true, ""final_update_norm"": 5.63922696519532e-06, ""fit_tolerance"": 1e-05, ""hit_round_cap"": false}, {""fit_converged"": true, ""final_update_norm"": 6.863954718000151e-06, ""fit_tolerance"": 1e-05, ""hit_round_cap"": false}, {""fit_converged"": true, ""final_update_norm"": 8.736150112826184e-06, ""fit_tolerance"": 1e-05, ""hit_round_cap"": false}]}",2.5516230552298977,24,114,24.0,114.0,26.71875,0.3515625,0.5390625,0.0,-2.5948440124793595,29.22432719465383,6.851303705999561,-0.0,-0.0,-8.467393043730784,0.0,16.542928257991466,0.0,27.609375
35,20260946,FedAvg,3,10,0,4,0.5714285714285714,0.4,2724.448175231338,3052.310864531949,1706.538133067175,1023,True,2.5516230552298977,2.5516230552298977,0,"{""fit_converged"": true, ""final_update_norm"": 5.9715028014665184e-06, ""fit_tolerance"": 1e-05, ""hit_round_cap"": false}",,14,14,42.0,42.0,3.28125,0.0,0.5390625,-0.8011984450717287,-6.371528584497421,26.65798091454248,8.927856343050347,-3.6460532160405994,0.28675225548008054,-11.108175157483528,-0.41119120881183335,20.817343953075348,4.613565185673744,3.8203125
35,20260946,FedAvg-ST,3,5,5,4,0.8888888888888888,0.8,3153.017180806544,3452.1473812915865,1814.151227957884,334,True,2.5516230552298977,2.5516230552298977,0,"{""fit_converged"": true, ""final_update_norm"": 5.9715028014665184e-06, ""fit_tolerance"": 1e-05, ""hit_round_cap"": false}",5.205006285464036,14,14,42.0,42.0,3.28125,2.8125,0.5390625,-0.0,-1.1665222990333843,21.452974629078444,3.722850057586311,-0.0,0.0,-5.903168872019491,-0.0,15.61233766761131,0.0,6.6328125
35,20260946,FedAvg-P,3,7,3,4,0.7272727272727273,0.5714285714285714,2870.9131583736607,3167.0896598304294,1722.5674678919115,862,True,2.5516230552298977,2.5516230552298977,0,"{""selected_candidate"": 0, ""candidate_rounds"": [9, 9, 10, 10, 11], ""candidate_diagnostics"": [{""fit_converged"": true, ""final_update_norm"": 6.654115899046331e-06, ""fit_tolerance"": 1e-05, ""hit_round_cap"": false}, {""fit_converged"": true, ""final_update_norm"": 8.977661155541596e-06, ""fit_tolerance"": 1e-05, ""hit_round_cap"": false}, {""fit_converged"": true, ""final_update_norm"": 2.3843783984365123e-06, ""fit_tolerance"": 1e-05, ""hit_round_cap"": false}, {""fit_converged"": true, ""final_update_norm"": 1.3497958795125883e-06, ""fit_tolerance"": 1e-05, ""hit_round_cap"": false}, {""fit_converged"": true, ""final_update_norm"": 5.047381336664572e-06, ""fit_tolerance"": 1e-05, ""hit_round_cap"": false}]}",2.5516230552298977,9,49,27.0,147.0,11.484375,0.3515625,0.5390625,-0.0,-3.786683665286271,24.454117381880646,6.483094885360845,-0.6634113802117549,0.0,-8.559977097707037,-0.0,18.096299842421175,1.860955560910464,12.375
35,20260946,FedAvg,20,10,0,4,0.5714285714285714,0.4,2752.923951492202,3051.4121371257097,1720.586925477889,1023,True,2.5516230552298977,2.5516230552298977,0,"{""fit_converged"": true, ""final_update_norm"": 3.962381517228431e-06, ""fit_tolerance"": 1e-05, ""hit_round_cap"": false}",,14,14,280.0,280.0,3.28125,0.0,0.5390625,-0.5196072280260302,-6.305434454969734,27.46497361496497,8.321457485750066,-6.223151342818924,2.828443773738632,-10.539137636077113,-1.2899120957111485,21.765027044461988,4.530678481083449,3.8203125
35,20260946,FedAvg-ST,20,6,4,4,0.8,0.6666666666666666,3150.193865804147,3447.836205432114,1808.1485430212706,350,True,2.5516230552298977,2.5516230552298977,0,"{""fit_converged"": true, ""final_update_norm"": 3.962381517228431e-06, ""fit_tolerance"": 1e-05, ""hit_round_cap"": false}",5.205006285464036,14,14,280.0,280.0,3.28125,2.8125,0.5390625,-0.0,-1.1004281695056974,22.25996732950093,3.11645120028603,-1.0181450573548876,0.0,-5.3341313506130765,-0.0,16.56002075899795,0.0,6.6328125
35,20260946,FedAvg-P,20,7,3,4,0.7272727272727273,0.5714285714285714,2870.027562829558,3196.7337705467294,1723.4740852288935,862,True,2.5516230552298977,2.5516230552298977,0,"{""selected_candidate"": 0, ""candidate_rounds"": [7, 13, 14, 14, 14], ""candidate_diagnostics"": [{""fit_converged"": true, ""final_update_norm"": 2.90359191379265e-06, ""fit_tolerance"": 1e-05, ""hit_round_cap"": false}, {""fit_converged"": true, ""final_update_norm"": 8.876815834626361e-06, ""fit_tolerance"": 1e-05, ""hit_round_cap"": false}, {""fit_converged"": true, ""final_update_norm"": 6.848562609719987e-06, ""fit_tolerance"": 1e-05, ""hit_round_cap"": false}, {""fit_converged"": true, ""final_update_norm"": 7.353327013834309e-06, ""fit_tolerance"": 1e-05, ""hit_round_cap"": false}, {""fit_converged"": true, ""final_update_norm"": 7.005060949940742e-06, ""fit_tolerance"": 1e-05, ""hit_round_cap"": false}]}",2.5516230552298977,7,62,140.0,1240.0,14.53125,0.3515625,0.5390625,-0.0,-3.7443905415710836,24.912122357655072,5.749796139057425,-2.9257027507304776,0.0,-8.312768446609006,-0.0,18.93115656611652,1.9971351769038628,15.421875
36,20260947,Pooled,0,10,0,3,0.46153846153846156,0.3,2816.7750580647107,3365.6056432797886,2736.8483272714943,1023,True,9.208432485068643,0.04693767577712604,0,{},,0,0,,,0.0,0.0,0.5390625,1.2918272428546393,-11.28599473346474,26.07983314814867,11.124041272797331,-27.288384371686888,11.698460194373176,6.021154212360058,15.19771044944715,30.095314686534678,5.48089065171648,0.5390625
36,20260947,Pooled-1SE,0,3,7,3,1.0,1.0,3322.2445304275075,3808.954783601958,2066.463395651988,268,True,9.208432485068643,14.26527674783555,0,{},,0,0,,,0.0,0.0,0.5390625,0.0,-0.0,23.240997682740606,0.375359659588449,0.0,0.0,-0.0,0.0,19.37585425360276,0.0,0.5390625
36,20260947,Largest-site,0,7,3,3,0.6,0.42857142857142855,3068.4689834104443,3624.3163386148008,2230.623245802835,463,True,9.208432485068643,3.304278105950264,0,{},,0,0,,,0.0,0.0,0.5390625,3.8923196933557582,-9.463153047853949,18.131319698156304,8.886181465033136,0.0,0.0,-6.0556924207484855,14.975324444774333,12.960116677414325,0.0,0.5390625
36,20260947,Largest-site-1SE,0,3,7,3,0.6666666666666666,0.5,3782.830003540849,4034.9676197672,2196.1358466119286,388,True,9.208432485068643,17.5071125518194,0,{},,0,0,,,0.0,0.0,0.5390625,0.0,-0.0,13.309853541840832,0.0,0.0,0.0,-0.0,8.747397615842507,12.712424426237037,0.0,0.5390625
36,20260947,One-shot,0,10,0,3,0.46153846153846156,0.3,3094.6405471751887,3532.131263949542,2271.965056767429,1023,True,9.208432485068643,9.208432485068643,0,{},,1,1,,,0.234375,0.0,0.5390625,3.08141988140897,-4.604233985136027,21.900566821805278,4.4619430881089555,-9.180529733069278,7.766959342264453,-0.28488180836536037,6.126173081129678,19.562619131652106,4.285372920491,0.7734375
36,20260947,ADMM,0,5,5,3,0.75,0.6,3073.4280957314168,3612.965557035619,2042.3078329953757,844,True,9.208432485068643,9.208432485068643,0,{},,117,117,,,27.421875,0.0,0.5390625,0.0,-0.0,24.834186511718247,3.362950351980872,-0.0,-0.0,-2.9629915017213153,0.0,21.186976524284063,0.4015589656826437,27.9609375
36,20260947,FedAvg,1,10,0,3,0.46153846153846156,0.3,3117.622323745493,3568.351392295376,2132.5895725500686,1023,True,9.208432485068643,9.208432485068643,0,"{""fit_converged"": true, ""final_update_norm"": 9.890041847076975e-06, ""fit_tolerance"": 1e-05, ""hit_round_cap"": false}",,35,35,35.0,35.0,8.203125,0.0,0.5390625,4.198871989000338,-2.2525700549270633,22.153342118936127,4.376733559601597,1.3103753597529013,0.958689021142449,-7.275202315885068,2.8928436118090706,16.0313891134626,2.400026632999942,8.7421875
36,20260947,FedAvg-ST,1,5,5,3,0.75,0.6,3690.339318408561,3961.6884411025835,2157.4798720964895,333,True,9.208432485068643,9.208432485068643,0,"{""fit_converged"": true, ""final_update_norm"": 9.890041847076975e-06, ""fit_tolerance"": 1e-05, ""hit_round_cap"": false}",3.9120215423892737,35,35,35.0,35.0,8.203125,2.8125,0.5390625,0.2868504466110644,-0.0,18.241320576546855,0.46471201721232314,0.0,0.0,-3.363180773495794,0.0,12.119367571073324,0.0,11.5546875
36,20260947,FedAvg-P,1,4,6,3,0.5714285714285714,0.4,3713.362891003988,3966.697526614538,2169.6800913256866,325,True,9.208432485068643,9.208432485068643,0,"{""selected_candidate"": 1, ""candidate_rounds"": [6, 19, 18, 27, 26], ""candidate_diagnostics"": [{""fit_converged"": true, ""final_update_norm"": 2.714352994814817e-06, ""fit_tolerance"": 1e-05, ""hit_round_cap"": false}, {""fit_converged"": true, ""final_update_norm"": 8.496886809481812e-06, ""fit_tolerance"": 1e-05, ""hit_round_cap"": false}, {""fit_converged"": true, ""final_update_norm"": 4.807474820100149e-06, ""fit_tolerance"": 1e-05, ""hit_round_cap"": false}, {""fit_converged"": true, ""final_update_norm"": 6.532518157732656e-06, ""fit_tolerance"": 1e-05, ""hit_round_cap"": false}, {""fit_converged"": true, ""final_update_norm"": 9.384983687837934e-06, ""fit_tolerance"": 1e-05, ""hit_round_cap"": false}]}",4.604216242534322,19,96,19.0,96.0,22.5,0.3515625,0.5390625,2.3403324153265084,0.0,27.22360191443515,0.0,0.0,0.0,-3.7530193128209772,0.0,5.874567511974653,0.0,23.390625
36,20260947,FedAvg,3,10,0,3,0.46153846153846156,0.3,3068.516856747165,3535.473208556718,2126.114383166653,1023,True,9.208432485068643,9.208432485068643,0,"{""fit_converged"": true, ""final_update_norm"": 7.1184076420595675e-06, ""fit_tolerance"": 1e-05, ""hit_round_cap"": false}",,16,16,48.0,48.0,3.75,0.0,0.5390625,2.880302689420214,-5.180166748586608,21.760207057951018,4.298949268763721,-0.19178077805446703,0.24623400207906054,-5.451020952722003,5.463167314225295,17.136875203319125,4.186147746490851,4.2890625
36,20260947,FedAvg-ST,3,7,3,3,0.6,0.42857142857142855,3644.7353501680973,3976.468306864814,2157.8267457154443,974,True,9.208432485068643,9.208432485068643,0,"{""fit_converged"": true, ""final_update_norm"": 7.1184076420595675e-06, ""fit_tolerance"": 1e-05, ""hit_round_cap"": false}",3.9120215423892737,16,16,48.0,48.0,3.75,2.8125,0.5390625,0.0,-1.268145206197334,17.848185515561745,0.3869277263744473,-0.0,0.0,-1.5389994103327296,1.5511457718360213,13.22485366092985,0.27412620410157773,7.1015625
36,20260947,FedAvg-P,3,8,2,3,0.5454545454545454,0.375,3329.1533383876827,3702.752759526389,2108.00384005429,975,True,9.208432485068643,9.208432485068643,0,"{""selected_candidate"": 2, ""candidate_rounds"": [9, 10, 16, 16, 16], ""candidate_diagnostics"": [{""fit_converged"": true, ""final_update_norm"": 2.970398677448556e-06, ""fit_tolerance"": 1e-05, ""hit_round_cap"": false}, {""fit_converged"": true, ""final_update_norm"": 4.572575670048239e-06, ""fit_tolerance"": 1e-05, ""hit_round_cap"": false}, {""fit_converged"": true, ""final_update_norm"": 4.498554183249806e-06, ""fit_tolerance"": 1e-05, ""hit_round_cap"": false}, {""fit_converged"": true, ""final_update_norm"": 3.903314568698573e-06, ""fit_tolerance"": 1e-05, ""hit_round_cap"": false}, {""fit_converged"": true, ""final_update_norm"": 5.146084436220287e-06, ""fit_tolerance"": 1e-05, ""hit_round_cap"": false}]}",2.302108121267161,16,67,48.0,201.0,15.703125,0.3515625,0.5390625,0.3776802700589261,-3.0114846297667515,19.556443456733515,2.162411797129663,0.0,0.0,-4.932376275236514,1.7855001928354075,14.245557538105203,1.8334677543935904,16.59375
36,20260947,FedAvg,20,10,0,3,0.46153846153846156,0.3,3085.106902140818,3553.7223623326136,2135.8097985629197,1023,True,9.208432485068643,9.208432485068643,0,"{""fit_converged"": true, ""final_update_norm"": 4.326058456162607e-06, ""fit_tolerance"": 1e-05, ""hit_round_cap"": false}",,9,9,180.0,180.0,2.109375,0.0,0.5390625,3.042579435145811,-4.6853879771979186,21.859354716645147,4.509081881394959,-1.0624878265109585,0.9202175302463096,-3.464400130938398,5.8071456550992,17.061912480525656,4.391424846456224,2.6484375
36,20260947,FedAvg-ST,20,7,3,3,0.6,0.42857142857142855,3508.027657998429,3891.846793189748,2128.8280249355653,974,True,9.208432485068643,9.208432485068643,0,"{""fit_converged"": true, ""final_update_norm"": 4.326058456162607e-06, ""fit_tolerance"": 1e-05, ""hit_round_cap"": false}",3.1265107174912616,9,9,180.0,180.0,2.109375,2.8125,0.5390625,0.0,-1.558877259706657,18.732843999153886,1.3825711639036973,-0.0,0.0,-0.3378894134471362,2.6806349376079384,13.935401763034395,1.2649141289649624,5.4609375
36,20260947,FedAvg-P,20,8,2,3,0.5454545454545454,0.375,3352.726760327085,3763.6699415775847,2107.3494886253075,975,True,9.208432485068643,9.208432485068643,0,"{""selected_candidate"": 2, ""candidate_rounds"": [5, 4, 5, 6, 6], ""candidate_diagnostics"": [{""fit_converged"": true, ""final_update_norm"": 5.147663742025403e-07, ""fit_tolerance"": 1e-05, ""hit_round_cap"": false}, {""fit_converged"": true, ""final_update_norm"": 4.287058970097862e-06, ""fit_tolerance"": 1e-05, ""hit_round_cap"": false}, {""fit_converged"": true, ""final_update_norm"": 4.026516174715043e-06, ""fit_tolerance"": 1e-05, ""hit_round_cap"": false}, {""fit_converged"": true, ""final_update_norm"": 5.820167125039972e-07, ""fit_tolerance"": 1e-05, ""hit_round_cap"": false}, {""fit_converged"": true, ""final_update_norm"": 5.2934399483382114e-06, ""fit_tolerance"": 1e-05, ""hit_round_cap"": false}]}",2.302108121267161,5,26,100.0,520.0,6.09375,0.3515625,0.5390625,0.7385840241785253,-2.3869225224248543,19.554151400650866,2.2065734513097985,-0.0,0.0,-1.2687336337682065,3.4761806508630095,14.688277078560468,2.0927079074831796,6.984375
37,20260948,Pooled,0,5,5,4,0.8888888888888888,0.8,2998.265005922789,2761.8646799398425,2014.3327826307104,364,True,6.506250141557807,5.527764022325823,0,{},,0,0,,,0.0,0.0,0.5390625,0.0,-0.0,29.258436561131866,7.819886894569959,-0.0,-2.6221148243111556,-5.7403916943529145,0.0,19.6571045225623,0.0,0.5390625
37,20260948,Pooled-1SE,0,4,6,4,1.0,1.0,3341.0722557814047,3043.4725641629448,2074.508642752228,332,True,6.506250141557807,14.33318143520642,0,{},,0,0,,,0.0,0.0,0.5390625,0.0,0.0,25.34865792747856,2.491444256698049,-0.0,-0.0,-0.033045638843054774,0.0,15.6129071963426,0.0,0.5390625
37,20260948,Largest-site,0,3,7,4,0.8571428571428571,0.75,3114.782188651401,2849.0518104158646,2038.61939980102,324,True,6.506250141557807,7.52410080964679,0,{},,0,0,,,0.0,0.0,0.5390625,-0.0,-0.0,30.376021746487726,0.0,-0.0,-0.0,-7.978517667784886,0.0,20.78243175623012,-0.0,0.5390625
37,20260948,Largest-site-1SE,0,2,8,4,0.6666666666666666,0.5,3970.1242695328574,3690.754531352692,2272.164698532004,260,True,6.506250141557807,24.756884185313663,0,{},,0,0,,,0.0,0.0,0.5390625,0.0,0.0,21.885587138108008,0.0,0.0,0.0,-0.0,0.0,6.314618233248283,0.0,0.5390625
37,20260948,One-shot,0,10,0,4,0.5714285714285714,0.4,2981.604379754415,2727.09073063686,2109.6971853183427,1023,True,6.506250141557807,6.506250141557807,0,{},,1,1,,,0.234375,0.0,0.5390625,0.612179831814052,-0.6958808124825143,27.174099270166405,7.423209615376742,-9.835955304401987,4.0725489599836635,-3.79750076364521,-1.7430023827125871,23.814085078907247,3.0604471015752135,0.7734375
37,20260948,ADMM,0,5,5,4,0.8888888888888888,0.8,3011.952762081297,2760.464210904915,2012.201560519044,364,True,6.506250141557807,6.506250141557807,0,{},,103,103,,,24.140625,0.0,0.5390625,0.0,-0.0,28.685418052874983,7.201158672995055,-0.0,-0.9903214079269715,-4.973398789843923,0.0,18.8914753628685,0.0,24.6796875
37,20260948,FedAvg,1,10,0,4,0.5714285714285714,0.4,3033.032353221244,2741.1228372516052,2045.717995399605,1023,True,6.506250141557807,6.506250141557807,0,"{""fit_converged"": true, ""final_update_norm"": 3.2423064972077154e-06, ""fit_tolerance"": 1e-05, ""hit_round_cap"": false}",,16,16,16.0,16.0,3.75,0.0,0.5390625,1.820223024451999,-0.8461575947759291,28.141576151272588,6.5313632750292925,-3.8393524246709614,-1.8933267833512888,-4.688172375011296,0.2965988357762645,19.540854473769535,2.979059819104661,4.2890625
37,20260948,FedAvg-ST,1,5,5,4,0.8888888888888888,0.8,3283.829923217344,2996.1020788458723,2064.2524064566655,348,True,6.506250141557807,6.506250141557807,0,"{""fit_converged"": true, ""final_update_norm"": 3.2423064972077154e-06, ""fit_tolerance"": 1e-05, ""hit_round_cap"": false}",3.45849857922733,16,16,16.0,16.0,3.75,2.8125,0.5390625,0.0,-0.0,24.683077572045256,3.0728646958019623,-0.3808538454436312,-0.0,-1.2296737957839654,0.0,16.082355894542204,0.0,7.1015625
37,20260948,FedAvg-P,1,5,5,4,0.8888888888888888,0.8,3242.2379714822255,2930.8107741049835,2039.9195571774258,348,True,6.506250141557807,6.506250141557807,0,"{""selected_candidate"": 1, ""candidate_rounds"": [14, 14, 15, 14, 15], ""candidate_diagnostics"": [{""fit_converged"": true, ""final_update_norm"": 7.1036873749641365e-06, ""fit_tolerance"": 1e-05, ""hit_round_cap"": false}, {""fit_converged"": true, ""final_update_norm"": 3.4079965061402247e-06, ""fit_tolerance"": 1e-05, ""hit_round_cap"": false}, {""fit_converged"": true, ""final_update_norm"": 2.591777400473478e-06, ""fit_tolerance"": 1e-05, ""hit_round_cap"": false}, {""fit_converged"": true, ""final_update_norm"": 9.056663350579772e-06, ""fit_tolerance"": 1e-05, ""hit_round_cap"": false}, {""fit_converged"": true, ""final_update_norm"": 6.334349429729761e-06, ""fit_tolerance"": 1e-05, ""hit_round_cap"": false}]}",3.2531250707789034,14,72,14.0,72.0,16.875,0.3515625,0.5390625,0.0,-0.0,28.50006010446766,3.7564138367536692,-0.16396318035542956,-0.0,-1.5405364801713626,0.0,15.40290789293466,0.0,17.765625
37,20260948,FedAvg,3,10,0,4,0.5714285714285714,0.4,3008.493636602052,2728.532372679266,2041.5755164968305,1023,True,6.506250141557807,6.506250141557807,0,"{""fit_converged"": true, ""final_update_norm"": 2.825832141497805e-06, ""fit_tolerance"": 1e-05, ""hit_round_cap"": false}",,12,12,36.0,36.0,2.8125,0.0,0.5390625,0.5981303306619893,-0.9419130361803429,27.830692593046717,7.2671371392421715,-4.8646950160663724,-1.657682766908622,-4.398982440071351,0.13992860661219492,21.06149931830317,3.293876067294382,3.3515625
37,20260948,FedAvg-ST,3,5,5,4,0.8888888888888888,0.8,3316.4395582063885,3040.5917789942832,2079.2728655174187,348,True,6.506250141557807,6.506250141557807,0,"{""fit_converged"": true, ""final_update_norm"": 2.825832141497805e-06, ""fit_tolerance"": 1e-05, ""hit_round_cap"": false}",4.327418700523878,12,12,36.0,36.0,2.8125,2.8125,0.5390625,0.0,-0.0,23.503273892522838,2.9397184387182937,-0.5372763155424947,-0.0,-0.0715637395474733,0.0,16.73408061777929,0.0,6.1640625
37,20260948,FedAvg-P,3,5,5,4,0.8888888888888888,0.8,3206.984272141784,2934.8220732462955,2049.917810621624,348,True,6.506250141557807,6.506250141557807,0,"{""selected_candidate"": 1, ""candidate_rounds"": [6, 6, 7, 12, 12], ""candidate_diagnostics"": [{""fit_converged"": true, ""final_update_norm"": 8.649643710041669e-06, ""fit_tolerance"": 1e-05, ""hit_round_cap"": false}, {""fit_converged"": true, ""final_update_norm"": 2.6880443536682063e-06, ""fit_tolerance"": 1e-05, ""hit_round_cap"": false}, {""fit_converged"": true, ""final_update_norm"": 5.416517078433351e-06, ""fit_tolerance"": 1e-05, ""hit_round_cap"": false}, {""fit_converged"": true, ""final_update_norm"": 3.0558050955887688e-06, ""fit_tolerance"": 1e-05, ""hit_round_cap"": false}, {""fit_converged"": true, ""final_update_norm"": 2.9359042270756306e-06, ""fit_tolerance"": 1e-05, ""hit_round_cap"": false}]}",3.2531250707789034,6,43,18.0,129.0,10.078125,0.3515625,0.5390625,0.0,-0.0,24.511071302015573,4.275342299501943,-1.4759580374537808,-0.0,-1.172816792049523,0.0,17.860536111683697,0.0,10.96875
37,20260948,FedAvg,20,10,0,4,0.5714285714285714,0.4,2994.939320328291,2731.30952440134,2072.092183072218,1023,True,6.506250141557807,6.506250141557807,0,"{""fit_converged"": true, ""final_update_norm"": 3.14202600529768e-07, ""fit_tolerance"": 1e-05, ""hit_round_cap"": false}",,6,6,120.0,120.0,1.40625,0.0,0.5390625,0.6731611401321405,-0.5672775349428526,27.48321813307857,7.373116270893914,-7.40566094467783,1.7294833885642478,-3.9892588339231216,-1.2007110870151818,22.66144073853536,3.0289031162366675,1.9453125
37,20260948,FedAvg-ST,20,4,6,4,0.75,0.6,3312.298397004499,3041.521599536424,2079.901358568652,284,True,6.506250141557807,6.506250141557807,0,"{""fit_converged"": true, ""final_update_norm"": 3.14202600529768e-07, ""fit_tolerance"": 1e-05, ""hit_round_cap"": false}",4.327418700523878,6,6,120.0,120.0,1.40625,2.8125,0.5390625,0.0,-0.0,23.15579943255469,3.045697570370036,-3.0782422441539525,0.0,-0.0,-0.0,18.334022038011483,0.0,4.7578125
37,20260948,FedAvg-P,20,5,5,4,0.8888888888888888,0.8,3226.226376253016,2958.1739154533084,2056.0068461189667,348,True,6.506250141557807,6.506250141557807,0,"{""selected_candidate"": 1, ""candidate_rounds"": [5, 6, 6, 8, 6], ""candidate_diagnostics"": [{""fit_converged"": true, ""final_update_norm"": 2.139052926300451e-07, ""fit_tolerance"": 1e-05, ""hit_round_cap"": false}, {""fit_converged"": true, ""final_update_norm"": 1.0747036175396658e-06, ""fit_tolerance"": 1e-05, ""hit_round_cap"": false}, {""fit_converged"": true, ""final_update_norm"": 1.134797829826225e-06, ""fit_tolerance"": 1e-05, ""hit_round_cap"": false}, {""fit_converged"": true, ""final_update_norm"": 5.354287357326192e-06, ""fit_tolerance"": 1e-05, ""hit_round_cap"": false}, {""fit_converged"": true, ""final_update_norm"": 8.709300050948146e-07, ""fit_tolerance"": 1e-05, ""hit_round_cap"": false}]}",3.2531250707789034,6,31,120.0,620.0,7.265625,0.3515625,0.5390625,0.0,-0.0,24.259434448053636,4.117138219064647,-3.9354568853246628,0.0,-0.7361337631442169,-0.0,19.30558590778971,0.0,8.15625
38,20260949,Pooled,0,7,3,4,0.7272727272727273,0.5714285714285714,3505.250176603937,3535.1940476457394,1765.0837695314206,862,True,5.8392354614275215,3.362142380308459,0,{},,0,0,,,0.0,0.0,0.5390625,0.0,-7.452978905766383,15.244845653039029,16.109013788092387,-1.5751954366129775,-0.0,-11.950853199783388,0.0,25.72801666449753,0.32433327086829816,0.5390625
38,20260949,Pooled-1SE,0,4,6,4,1.0,1.0,4206.703080643233,3918.569904007575,1889.3174365141858,332,True,5.8392354614275215,17.813695814921264,0,{},,0,0,,,0.0,0.0,0.5390625,0.0,-0.0,10.985316438931806,5.131511595204499,0.0,0.0,-0.5335071736061696,0.0,20.997789565926354,0.0,0.5390625
38,20260949,Largest-site,0,7,3,4,0.7272727272727273,0.5714285714285714,3475.9274003262713,3449.840001137369,1782.5714466756947,382,True,5.8392354614275215,3.534492862288279,0,{},,0,0,,,0.0,0.0,0.5390625,0.0,-9.389545407956998,17.69371259278532,15.082881127343395,-1.9463408303088892,-0.8757238900128551,-8.137291344543119,0.0,27.548690625662704,0.0,0.5390625
38,20260949,Largest-site-1SE,0,3,7,4,0.8571428571428571,0.75,4191.938697489883,3899.20254093188,1901.5136378564612,268,True,5.8392354614275215,18.72686328740109,0,{},,0,0,,,0.0,0.0,0.5390625,0.0,-0.0,12.502415335431646,2.5697709957456274,-0.0,-0.0,-0.0,0.0,21.793233025305366,0.0,0.5390625
38,20260949,One-shot,0,10,0,4,0.5714285714285714,0.4,3567.860197730934,3579.7670221424023,1821.587292238072,1023,True,5.8392354614275215,5.8392354614275215,0,{},,1,1,,,0.234375,0.0,0.5390625,1.5361297714482012,-6.668896504307155,14.45328900869325,14.235013033953745,-0.9731704151544446,1.4654345748415067,-13.94163273577584,-5.30780566439489,24.04886086307652,1.6002225858147496,0.7734375
38,20260949,ADMM,0,5,5,4,0.8888888888888888,0.8,3565.1934439625234,3577.776464841672,1746.9386323604133,334,True,5.8392354614275215,5.8392354614275215,0,{},,123,123,,,28.828125,0.0,0.5390625,0.0,-3.1773584775552726,14.89019508220623,13.386601888308167,-0.0,-0.0,-9.233662027350206,0.0,24.569829170462434,0.0,29.3671875
38,20260949,FedAvg,1,10,0,4,0.5714285714285714,0.4,3547.400708950255,3568.4862907890665,1770.2499365747694,1023,True,5.8392354614275215,5.8392354614275215,0,"{""fit_converged"": true, ""final_update_norm"": 5.213716240611206e-06, ""fit_tolerance"": 1e-05, ""hit_round_cap"": false}",,19,19,19.0,19.0,4.453125,0.0,0.5390625,1.7262063057421106,-6.11764212639614,14.721658015625717,14.321982776293495,-0.3187287315202425,-1.5027582588945463,-10.776131112344276,-0.7872023471705606,23.327130369083843,1.6189114307857746,4.9921875
38,20260949,FedAvg-ST,1,5,5,4,0.8888888888888888,0.8,4216.496082204774,4011.515222550546,1887.0290185506242,334,True,5.8392354614275215,5.8392354614275215,0,"{""fit_converged"": true, ""final_update_norm"": 5.213716240611206e-06, ""fit_tolerance"": 1e-05, ""hit_round_cap"": false}",6.0804648341510505,19,19,19.0,19.0,4.453125,2.8125,0.5390625,0.0,-0.037177292245089255,8.641193181474666,8.241517942142444,-0.0,-0.0,-4.695666278193225,-0.0,17.24666553493279,0.0,7.8046875
38,20260949,FedAvg-P,1,4,6,4,1.0,1.0,3713.60484434943,3814.951950289958,1848.7235183284263,332,True,5.8392354614275215,5.8392354614275215,0,"{""selected_candidate"": 0, ""candidate_rounds"": [18, 19, 19, 37, 27], ""candidate_diagnostics"": [{""fit_converged"": true, ""final_update_norm"": 9.191765974665656e-06, ""fit_tolerance"": 1e-05, ""hit_round_cap"": false}, {""fit_converged"": true, ""final_update_norm"": 4.554028334278735e-06, ""fit_tolerance"": 1e-05, ""hit_round_cap"": false}, {""fit_converged"": true, ""final_update_norm"": 5.702553087282249e-06, ""fit_tolerance"": 1e-05, ""hit_round_cap"": false}, {""fit_converged"": true, ""final_update_norm"": 9.076451449743173e-06, ""fit_tolerance"": 1e-05, ""hit_round_cap"": false}, {""fit_converged"": true, ""final_update_norm"": 9.13934685824076e-06, ""fit_tolerance"": 1e-05, ""hit_round_cap"": false}]}",5.8392354614275215,18,120,18.0,120.0,28.125,0.3515625,0.5390625,0.0,-0.0,16.841258809317,9.620897401543616,-0.0,-0.0,-4.914586509414764,-0.0,13.13558012803481,0.0,29.015625
38,20260949,FedAvg,3,9,1,4,0.6153846153846154,0.4444444444444444,3558.15985483043,3571.022635352335,1779.2699762044915,1007,True,5.8392354614275215,5.8392354614275215,0,"{""fit_converged"": true, ""final_update_norm"": 2.5142303248806893e-06, ""fit_tolerance"": 1e-05, ""hit_round_cap"": false}",,9,9,27.0,27.0,2.109375,0.0,0.5390625,1.4126220788337362,-6.3034826498126675,14.531139661178019,14.453327924470308,0.0,-1.171731698006898,-11.640371821632517,-2.0755665944206294,23.17706372651574,1.6463120628682382,2.6484375
38,20260949,FedAvg-ST,3,5,5,4,0.8888888888888888,0.8,4203.285160643998,4009.5821988314956,1882.2523022144342,334,True,5.8392354614275215,5.8392354614275215,0,"{""fit_converged"": true, ""final_update_norm"": 2.5142303248806893e-06, ""fit_tolerance"": 1e-05, ""hit_round_cap"": false}",6.0804648341510505,9,9,27.0,27.0,2.109375,2.8125,0.5390625,0.0,-0.22301781566161694,8.450674827026969,8.372863090319257,0.0,-0.0,-5.559906987481466,-0.0,17.09659889236469,0.0,5.4609375
38,20260949,FedAvg-P,3,5,5,4,0.8888888888888888,0.8,4138.073210785808,3972.55833476627,1867.5464912534896,334,True,5.8392354614275215,5.8392354614275215,0,"{""selected_candidate"": 0, ""candidate_rounds"": [7, 7, 8, 8, 8], ""candidate_diagnostics"": [{""fit_converged"": true, ""final_update_norm"": 2.5519473968998527e-06, ""fit_tolerance"": 1e-05, ""hit_round_cap"": false}, {""fit_converged"": true, ""final_update_norm"": 3.125824030978254e-06, ""fit_tolerance"": 1e-05, ""hit_round_cap"": false}, {""fit_converged"": true, ""final_update_norm"": 1.7505279502887073e-06, ""fit_tolerance"": 1e-05, ""hit_round_cap"": false}, {""fit_converged"": true, ""final_update_norm"": 2.8972520813944432e-06, ""fit_tolerance"": 1e-05, ""hit_round_cap"": false}, {""fit_converged"": true, ""final_update_norm"": 7.71426990414001e-06, ""fit_tolerance"": 1e-05, ""hit_round_cap"": false}]}",5.8392354614275215,7,38,21.0,114.0,8.90625,0.3515625,0.5390625,0.0,-0.38771591278193185,8.992055939364203,9.129243682477686,0.0,-0.0,-5.750806439248584,-0.0,16.99553519308191,0.0,9.796875
38,20260949,FedAvg,20,10,0,4,0.5714285714285714,0.4,3567.1898835915536,3577.041262864088,1806.5893477756022,1023,True,5.8392354614275215,5.8392354614275215,0,"{""fit_converged"": true, ""final_update_norm"": 1.3058441466289778e-06, ""fit_tolerance"": 1e-05, ""hit_round_cap"": false}",,5,5,100.0,100.0,1.171875,0.0,0.5390625,1.5214426370000602,-6.606928997483017,14.515280362443304,14.243946357773915,0.10046683688589497,0.3444350260000739,-14.055972070542444,-4.978520641750741,23.560719514992517,1.615833303687938,1.7109375
38,20260949,FedAvg-ST,20,5,5,4,0.8888888888888888,0.8,4132.111990629766,3976.195865753844,1860.8753195059442,334,True,5.8392354614275215,5.8392354614275215,0,"{""fit_converged"": true, ""final_update_norm"": 1.3058441466289778e-06, ""fit_tolerance"": 1e-05, ""hit_round_cap"": false}",6.0804648341510505,5,5,100.0,100.0,1.171875,2.8125,0.5390625,0.0,-0.5264641633319664,8.434815528292255,8.163481523622863,0.0,0.0,-7.975507236391393,-0.0,17.480254680841465,0.0,4.5234375
38,20260949,FedAvg-P,20,5,5,4,0.8888888888888888,0.8,4098.673482091882,3949.5970078945857,1851.48917526004,334,True,5.8392354614275215,5.8392354614275215,0,"{""selected_candidate"": 0, ""candidate_rounds"": [4, 5, 5, 5, 5], ""candidate_diagnostics"": [{""fit_converged"": true, ""final_update_norm"": 8.34292541026436e-07, ""fit_tolerance"": 1e-05, ""hit_round_cap"": false}, {""fit_converged"": true, ""final_update_norm"": 4.3614565352632235e-07, ""fit_tolerance"": 1e-05, ""hit_round_cap"": false}, {""fit_converged"": true, ""final_update_norm"": 4.3114841266552115e-07, ""fit_tolerance"": 1e-05, ""hit_round_cap"": false}, {""fit_converged"": true, ""final_update_norm"": 4.5616506221269915e-07, ""fit_tolerance"": 1e-05, ""hit_round_cap"": false}, {""fit_converged"": true, ""final_update_norm"": 4.687211933246507e-07, ""fit_tolerance"": 1e-05, ""hit_round_cap"": false}]}",5.8392354614275215,4,24,80.0,480.0,5.625,0.3515625,0.5390625,0.0,-0.7581733899535781,8.68110931083828,8.40939415228943,0.0,0.0,-8.120046949757754,-0.0,17.735178648870416,0.0,6.515625
39,20260950,Pooled,0,10,0,5,0.6666666666666666,0.5,2519.132178154958,3372.932883746295,1769.7973484581066,1023,True,2.6465915076443003,0.043204635948671535,0,{},,0,0,,,0.0,0.0,0.5390625,-0.1955556779738978,-10.926398647342342,25.113229767696808,13.497533337589806,-25.535660366204752,13.781001731831276,-2.303808188822995,6.662852415619284,28.661288184928413,2.686142758965876,0.5390625
39,20260950,Pooled-1SE,0,5,5,5,1.0,1.0,2604.128484950352,3749.240604121612,1670.2728954231957,334,True,2.6465915076443003,5.0640253059535505,0,{},,0,0,,,0.0,0.0,0.5390625,0.0,-1.7744140373479826,23.55838438209647,8.8679665692472,-0.0,-0.0,-9.36650851146903,0.0,19.27501087395768,0.0,0.5390625
39,20260950,Largest-site,0,10,0,5,0.6666666666666666,0.5,2628.5776149506514,3452.327870850719,2034.9626486313562,1023,True,2.6465915076443003,0.04226549606681335,0,{},,0,0,,,0.0,0.0,0.5390625,1.7187599499757575,-20.02860338960278,16.863205514397645,19.02398728469032,-53.14444695750603,31.56953920536666,6.6986083790079025,19.147848423705433,32.07719587700763,3.9144069509796946,0.5390625
39,20260950,Largest-site-1SE,0,7,3,5,0.8333333333333334,0.7142857142857143,2722.6101646299353,3931.6156495201126,1712.18625317685,974,True,2.6465915076443003,7.977155163498663,0,{},,0,0,,,0.0,0.0,0.5390625,0.0,-4.258345933641062,14.342219444921916,9.837737395946203,-0.0,0.0,-13.803109613893383,1.1355787032906097,17.47485357138967,1.1422969790533914,0.5390625
39,20260950,One-shot,0,10,0,5,0.6666666666666666,0.5,2547.2512711370896,3434.6289017534145,1809.3790749563,1023,True,2.6465915076443003,2.6465915076443003,0,{},,1,1,,,0.234375,0.0,0.5390625,-3.130722123977751,-10.142596937752346,25.27337490061999,13.271415624370157,-29.583001293324212,15.78476960268333,2.9952804296574946,10.499646856569436,27.903338565991987,0.8911181667968642,0.7734375
39,20260950,ADMM,0,7,3,5,0.8333333333333334,0.7142857142857143,2511.703326456116,3640.35718102584,1656.5844637982932,878,True,2.6465915076443003,2.6465915076443003,0,{},,134,134,,,31.40625,0.0,0.5390625,0.0,-6.153555150200937,24.222589857732373,11.00747538197021,-0.0,-0.14869462960181612,-12.629832679280398,0.0,19.590458154416755,0.773317974574194,31.9453125
39,20260950,FedAvg,1,10,0,5,0.6666666666666666,0.5,2525.8935061365387,3506.966369763378,1680.771674756355,1023,True,2.6465915076443003,2.6465915076443003,0,"{""fit_converged"": true, ""final_update_norm"": 9.22324008331293e-06, ""fit_tolerance"": 1e-05, ""hit_round_cap"": false}",,54,54,54.0,54.0,12.65625,0.0,0.5390625,-0.42912406997148755,-8.331762731837332,25.34225942491358,12.754746834916011,-7.749832049071081,2.027185368083808,-9.132403529896655,2.487859903904136,21.22311766518417,0.5068031003047394,13.1953125
39,20260950,FedAvg-ST,1,6,4,5,0.9090909090909091,0.8333333333333334,2761.3233482796836,3912.025732427492,1736.37969198657,350,True,2.6465915076443003,2.6465915076443003,0,"{""fit_converged"": true, ""final_update_norm"": 9.22324008331293e-06, ""fit_tolerance"": 1e-05, ""hit_round_cap"": false}",4.314697364327269,54,54,54.0,54.0,12.65625,2.8125,0.5390625,-0.0,-4.017065367510063,21.02756206058631,8.440049470588743,-3.4351346847438124,0.0,-4.817706165569386,0.0,16.9084203008569,0.0,16.0078125
39,20260950,FedAvg-P,1,6,4,5,0.9090909090909091,0.8333333333333334,2616.2024640188583,3791.920042235632,1679.1700034603057,350,True,2.6465915076443003,2.6465915076443003,0,"{""selected_candidate"": 0, ""candidate_rounds"": [19, 23, 24, 38, 51], ""candidate_diagnostics"": [{""fit_converged"": true, ""final_update_norm"": 5.1026300777872526e-06, ""fit_tolerance"": 1e-05, ""hit_round_cap"": false}, {""fit_converged"": true, ""final_update_norm"": 9.757811725636375e-06, ""fit_tolerance"": 1e-05, ""hit_round_cap"": false}, {""fit_converged"": true, ""final_update_norm"": 5.797809399530851e-06, ""fit_tolerance"": 1e-05, ""hit_round_cap"": false}, {""fit_converged"": true, ""final_update_norm"": 9.668963303232312e-06, ""fit_tolerance"": 1e-05, ""hit_round_cap"": false}, {""fit_converged"": true, ""final_update_norm"": 8.2907751209986e-06, ""fit_tolerance"": 1e-05, ""hit_round_cap"": false}]}",2.6465915076443003,19,155,19.0,155.0,36.328125,0.3515625,0.5390625,0.0,-4.277501192438493,25.856683374021234,9.830499454564972,-0.816891159243236,-0.0,-9.86415260257115,0.0,14.674382820405176,-0.0,37.21875
39,20260950,FedAvg,3,10,0,5,0.6666666666666666,0.5,2530.7580011788205,3510.263550884287,1706.4988753925882,1023,True,2.6465915076443003,2.6465915076443003,0,"{""fit_converged"": true, ""final_update_norm"": 5.8775443683209874e-06, ""fit_tolerance"": 1e-05, ""hit_round_cap"": false}",,24,24,72.0,72.0,5.625,0.0,0.5390625,-2.85870729339214,-9.956078413425319,25.357475703662544,12.93446219333624,-10.18721677154227,3.0687080910964415,-8.19808963313331,4.917556295251986,21.48003761951758,0.94831521744554,6.1640625
39,20260950,FedAvg-ST,3,7,3,5,0.8333333333333334,0.7142857142857143,2803.9410895933283,3899.058820066975,1754.6245056448602,478,True,2.6465915076443003,2.6465915076443003,0,"{""fit_converged"": true, ""final_update_norm"": 5.8775443683209874e-06, ""fit_tolerance"": 1e-05, ""hit_round_cap"": false}",4.314697364327269,24,24,72.0,72.0,5.625,2.8125,0.5390625,-0.0,-5.64138104909805,21.042778339335275,8.619764829008972,-5.872519407215001,0.0,-3.883392268806042,0.6028589309247172,17.165340255190312,0.0,8.9765625
39,20260950,FedAvg-P,3,8,2,5,0.7692307692307693,0.625,2586.439046829468,3752.662737571192,1687.2964966074076,479,True,2.6465915076443003,2.6465915076443003,0,"{""selected_candidate"": 0, ""candidate_rounds"": [13, 13, 44, 27, 24], ""candidate_diagnostics"": [{""fit_converged"": true, ""final_update_norm"": 5.739475812940979e-06, ""fit_tolerance"": 1e-05, ""hit_round_cap"": false}, {""fit_converged"": true, ""final_update_norm"": 4.695766197235608e-06, ""fit_tolerance"": 1e-05, ""hit_round_cap"": false}, {""fit_converged"": true, ""final_update_norm"": 8.069963098245437e-06, ""fit_tolerance"": 1e-05, ""hit_round_cap"": false}, {""fit_converged"": true, ""final_update_norm"": 6.9565611357468024e-06, ""fit_tolerance"": 1e-05, ""hit_round_cap"": false}, {""fit_converged"": true, ""final_update_norm"": 7.327357638459043e-06, ""fit_tolerance"": 1e-05, ""hit_round_cap"": false}]}",2.6465915076443003,13,121,39.0,363.0,28.359375,0.3515625,0.5390625,-0.41715742719095283,-7.503671627383744,22.813386404698214,10.60379948646428,-3.065898039598958,0.0,-8.40071515864336,1.4253110552724046,17.075789188091893,0.0,29.25
39,20260950,FedAvg,20,10,0,5,0.6666666666666666,0.5,2539.078548662741,3472.739328343646,1739.726640386615,1023,True,2.6465915076443003,2.6465915076443003,0,"{""fit_converged"": true, ""final_update_norm"": 4.876230690479455e-06, ""fit_tolerance"": 1e-05, ""hit_round_cap"": false}",,16,16,320.0,320.0,3.75,0.0,0.5390625,-3.0273354434741364,-10.063942515996025,25.382316274531707,13.039537267944791,-18.026065998751978,7.107271135640773,-2.3474103754243623,8.950893409838404,23.73428670410567,0.9979839599423523,4.2890625
39,20260950,FedAvg-ST,20,7,3,5,0.6666666666666666,0.5,2847.6272337274336,3793.2125018045604,1775.0343581415498,446,True,2.6465915076443003,2.6465915076443003,0,"{""fit_converged"": true, ""final_update_norm"": 4.876230690479455e-06, ""fit_tolerance"": 1e-05, ""hit_round_cap"": false}",4.314697364327269,16,16,320.0,320.0,3.75,2.8125,0.5390625,-0.0,-5.749245151668757,21.067618910204438,8.724839903617521,-13.711368634424709,2.7925737713135046,-0.0,4.636196045511135,19.4195893397784,0.0,7.1015625
39,20260950,FedAvg-P,20,9,1,5,0.7142857142857143,0.5555555555555556,2679.6224153373155,3664.0136607577574,1732.2538171845183,511,True,2.6465915076443003,2.6465915076443003,0,"{""selected_candidate"": 0, ""candidate_rounds"": [15, 16, 16, 16, 16], ""candidate_diagnostics"": [{""fit_converged"": true, ""final_update_norm"": 7.4750408448563045e-06, ""fit_tolerance"": 1e-05, ""hit_round_cap"": false}, {""fit_converged"": true, ""final_update_norm"": 4.025312586665377e-06, ""fit_tolerance"": 1e-05, ""hit_round_cap"": false}, {""fit_converged"": true, ""final_update_norm"": 4.4572686513797905e-06, ""fit_tolerance"": 1e-05, ""hit_round_cap"": false}, {""fit_converged"": true, ""final_update_norm"": 4.666749695819943e-06, ""fit_tolerance"": 1e-05, ""hit_round_cap"": false}, {""fit_converged"": true, ""final_update_norm"": 4.7714902125217905e-06, ""fit_tolerance"": 1e-05, ""hit_round_cap"": false}]}",2.6465915076443003,15,79,300.0,1580.0,18.515625,0.3515625,0.5390625,-0.35943085033424493,-7.403889952473207,22.75485950682373,10.342452751917955,-13.001393792658765,2.6903498456188033,-0.8304000086903094,5.953270299546638,20.235842679216656,0.0,19.40625
40,20260951,Pooled,0,7,3,5,0.8333333333333334,0.7142857142857143,2887.861602183094,2824.730780527115,1788.1512891322584,862,True,3.423014251432651,3.2050965085023506,0,{},,0,0,,,0.0,0.0,0.5390625,-0.0,-8.223210212838078,23.400981062952017,11.5334909892028,-6.8108039327527266,-0.0,-6.18179025414335,0.0,24.42575565183586,5.795698040960108,0.5390625
40,20260951,Pooled-1SE,0,5,5,5,1.0,1.0,3062.5941900396156,3158.318081569413,1879.5689368049798,844,True,3.423014251432651,10.545871868438027,0,{},,0,0,,,0.0,0.0,0.5390625,0.0,-0.0,22.215330123378738,6.2690069244389655,-0.0,-0.0,-1.2852697160176982,0.0,18.9943308346025,0.36978319095831835,0.5390625
40,20260951,Largest-site,0,8,2,5,0.7692307692307693,0.625,2849.860437393555,2850.746180097638,1823.5159941239058,894,True,3.423014251432651,5.012429403186805,0,{},,0,0,,,0.0,0.0,0.5390625,-0.0,-6.110061633594257,17.297269507145202,9.676140307368243,-0.22382553049220055,-1.7516077694989203,-13.025802526865581,0.0,23.352362606705416,2.3299662264915404,0.5390625
40,20260951,Largest-site-1SE,0,4,6,5,0.8888888888888888,0.8,3401.865690530005,3498.619500836999,2004.261416478018,332,True,3.423014251432651,16.49261983075184,0,{},,0,0,,,0.0,0.0,0.5390625,0.0,-0.0,14.466882404065261,0.8245992479640867,-0.0,-0.0,-5.087305695039887,0.0,19.08068495359171,0.0,0.5390625
40,20260951,One-shot,0,10,0,5,0.6666666666666666,0.5,2876.309538845291,2818.6848124699595,1806.0780875146725,1023,True,3.423014251432651,3.423014251432651,0,{},,1,1,,,0.234375,0.0,0.5390625,-0.20906331972068526,-7.2097400276632175,24.779194659358087,10.734364365201218,-2.880960153688333,-1.1654177980040208,-8.656473134473227,-3.573875110122748,24.46310341644648,3.9546549542432463,0.7734375
40,20260951,ADMM,0,7,3,5,0.8333333333333334,0.7142857142857143,2881.6870533106057,2826.3990525261815,1787.965456174336,862,True,3.423014251432651,3.423014251432651,0,{},,268,268,,,62.8125,0.0,0.5390625,-0.0,-7.831377105003043,23.37521531243432,11.361073272553462,-6.338301517831549,-0.0,-6.079160937286054,0.0,24.121719817994276,5.559349010787884,63.3515625
40,20260951,FedAvg,1,10,0,5,0.6666666666666666,0.5,2877.408855151442,2820.8754035065663,1792.0935864244968,1023,True,3.423014251432651,3.423014251432651,0,"{""fit_converged"": true, ""final_update_norm"": 5.900745540558017e-06, ""fit_tolerance"": 1e-05, ""hit_round_cap"": false}",,23,23,23.0,23.0,5.390625,0.0,0.5390625,0.22354709400733286,-7.324427471656438,24.44956917169393,11.0778246308623,-6.6058091209434675,-0.3659808036814959,-5.297643821466652,-0.27112695369206136,25.465339480846268,4.007756865528264,5.9296875
40,20260951,FedAvg-ST,1,6,4,5,0.7272727272727273,0.5714285714285714,3140.729296316735,3191.126734812858,1881.5500401556642,350,True,3.423014251432651,3.423014251432651,0,"{""fit_converged"": true, ""final_update_norm"": 5.900745540558017e-06, ""fit_tolerance"": 1e-05, ""hit_round_cap"": false}",4.459958485544981,23,23,23.0,23.0,5.390625,2.8125,0.5390625,0.0,-2.864468986111457,19.98961068614895,6.617866145317319,-2.145850635398486,-0.0,-0.8376853359216705,-0.0,21.005380995301287,0.0,8.7421875
40,20260951,FedAvg-P,1,6,4,5,0.7272727272727273,0.5714285714285714,2921.434204987087,2998.168271674952,1843.9853456676394,350,True,3.423014251432651,3.423014251432651,0,"{""selected_candidate"": 0, ""candidate_rounds"": [18, 20, 21, 21, 22], ""candidate_diagnostics"": [{""fit_converged"": true, ""final_update_norm"": 9.968491630404245e-06, ""fit_tolerance"": 1e-05, ""hit_round_cap"": false}, {""fit_converged"": true, ""final_update_norm"": 9.28535749617603e-06, ""fit_tolerance"": 1e-05, ""hit_round_cap"": false}, {""fit_converged"": true, ""final_update_norm"": 6.265476515350941e-06, ""fit_tolerance"": 1e-05, ""hit_round_cap"": false}, {""fit_converged"": true, ""final_update_norm"": 6.813335704534252e-06, ""fit_tolerance"": 1e-05, ""hit_round_cap"": false}, {""fit_converged"": true, ""final_update_norm"": 6.519107400146405e-06, ""fit_tolerance"": 1e-05, ""hit_round_cap"": false}]}",3.423014251432651,18,102,18.0,102.0,23.90625,0.3515625,0.5390625,-0.0,-0.5484625947425967,25.539746803256595,7.981354654253039,-0.4075797432088262,-0.0,-2.425591291746879,-0.0,19.46733500345592,0.0,24.796875
40,20260951,FedAvg,3,10,0,5,0.6666666666666666,0.5,2868.5572104762914,2814.6882559599303,1794.330445636379,1023,True,3.423014251432651,3.423014251432651,0,"{""fit_converged"": true, ""final_update_norm"": 2.9601510185519983e-06, ""fit_tolerance"": 1e-05, ""hit_round_cap"": false}",,13,13,39.0,39.0,3.046875,0.0,0.5390625,-0.0459314610349479,-7.303530427738174,24.274222351861916,10.924500594462938,-5.143358626344723,-0.5228903634096126,-6.396242711096722,-1.0308185552238063,25.08265419743504,3.7216088770961444,3.5859375
40,20260951,FedAvg-ST,3,6,4,5,0.7272727272727273,0.5714285714285714,3101.7796328864847,3158.988624202516,1878.550984433566,350,True,3.423014251432651,3.423014251432651,0,"{""fit_converged"": true, ""final_update_norm"": 2.9601510185519983e-06, ""fit_tolerance"": 1e-05, ""hit_round_cap"": false}",4.459958485544981,13,13,39.0,39.0,3.046875,2.8125,0.5390625,-0.0,-2.8435719421931926,19.814263866316935,6.464542108917956,-0.6834001407997414,-0.0,-1.9362842255517405,-0.0,20.62269571189006,0.0,6.3984375
40,20260951,FedAvg-P,3,6,4,5,0.7272727272727273,0.5714285714285714,2998.281371877814,3035.596957817809,1845.5928386706737,350,True,3.423014251432651,3.423014251432651,0,"{""selected_candidate"": 0, ""candidate_rounds"": [8, 8, 8, 12, 12], ""candidate_diagnostics"": [{""fit_converged"": true, ""final_update_norm"": 2.314920694773338e-06, ""fit_tolerance"": 1e-05, ""hit_round_cap"": false}, {""fit_converged"": true, ""final_update_norm"": 5.152651081464246e-06, ""fit_tolerance"": 1e-05, ""hit_round_cap"": false}, {""fit_converged"": true, ""final_update_norm"": 7.565227175832224e-06, ""fit_tolerance"": 1e-05, ""hit_round_cap"": false}, {""fit_converged"": true, ""final_update_norm"": 7.157442376342456e-06, ""fit_tolerance"": 1e-05, ""hit_round_cap"": false}, {""fit_converged"": true, ""final_update_norm"": 9.557056613645334e-06, ""fit_tolerance"": 1e-05, ""hit_round_cap"": false}]}",3.423014251432651,8,48,24.0,144.0,11.25,0.3515625,0.5390625,-0.0,-3.868988581648935,20.94385429902082,7.868233478377537,-1.1353703493556395,-0.0,-3.1457929223739125,-0.0,21.444384313199297,0.0,12.140625
40,20260951,FedAvg,20,10,0,5,0.6666666666666666,0.5,2876.72544720267,2817.8397750153445,1805.9536512188934,1023,True,3.423014251432651,3.423014251432651,0,"{""fit_converged"": true, ""final_update_norm"": 1.14628850100199e-06, ""fit_tolerance"": 1e-05, ""hit_round_cap"": false}",,8,8,160.0,160.0,1.875,0.0,0.5390625,-0.20521806492014416,-7.218674676351613,24.758983319588747,10.741165536080493,-3.230881122296657,-0.8722634820784236,-8.536103217692386,-3.566939405042595,24.598812234270337,3.9550857056354096,2.4140625
40,20260951,FedAvg-ST,20,5,5,5,0.8,0.6666666666666666,3146.340572524225,3231.8082178879513,1902.463335949643,334,True,3.423014251432651,3.423014251432651,0,"{""fit_converged"": true, ""final_update_norm"": 1.14628850100199e-06, ""fit_tolerance"": 1e-05, ""hit_round_cap"": false}",5.5804874027790925,8,8,160.0,160.0,1.875,2.8125,0.5390625,-0.0,-1.6381872735725205,19.178495916809656,5.1606781333014,-0.0,-0.0,-2.955615814913293,-0.0,19.018324831491245,0.0,5.2265625
40,20260951,FedAvg-P,20,8,2,5,0.7692307692307693,0.625,2945.0248343325707,2976.636033690787,1837.353588447837,990,True,3.423014251432651,3.423014251432651,0,"{""selected_candidate"": 0, ""candidate_rounds"": [6, 6, 6, 8, 8], ""candidate_diagnostics"": [{""fit_converged"": true, ""final_update_norm"": 3.4844952293554264e-07, ""fit_tolerance"": 1e-05, ""hit_round_cap"": false}, {""fit_converged"": true, ""final_update_norm"": 3.571125164942673e-06, ""fit_tolerance"": 1e-05, ""hit_round_cap"": false}, {""fit_converged"": true, ""final_update_norm"": 6.845638641721646e-06, ""fit_tolerance"": 1e-05, ""hit_round_cap"": false}, {""fit_converged"": true, ""final_update_norm"": 1.1787382069513422e-06, ""fit_tolerance"": 1e-05, ""hit_round_cap"": false}, {""fit_converged"": true, ""final_update_norm"": 1.1453920345380518e-06, ""fit_tolerance"": 1e-05, ""hit_round_cap"": false}]}",3.423014251432651,6,34,120.0,680.0,7.96875,0.3515625,0.5390625,-0.0,-3.7954499967710724,21.32938746608045,7.322698385141093,-0.06249050855341132,-0.0,-5.010634133874644,-0.1424421519253194,21.27622468590282,0.52931971879838,8.859375
41,20260952,Pooled,0,7,3,4,0.7272727272727273,0.5714285714285714,2733.72712116612,3392.903589724049,1972.9321730715606,878,True,6.8986727532949015,4.1128763847772625,0,{},,0,0,,,0.0,0.0,0.5390625,-0.0,-5.512851240347126,23.72268567319748,8.805149753758576,-0.0,-0.4843493340957427,-9.496757613320415,0.0,19.435902286935956,4.370778604023278,0.5390625
41,20260952,Pooled-1SE,0,4,6,4,1.0,1.0,3185.708813385041,3738.83479753546,1996.310232559802,332,True,6.8986727532949015,13.532780448116055,0,{},,0,0,,,0.0,0.0,0.5390625,0.0,-0.0,21.219348923992058,2.567562492197585,0.0,0.0,-1.5016208045673847,0.0,17.957782643545187,0.0,0.5390625
41,20260952,Largest-site,0,5,5,4,0.6666666666666666,0.5,2917.0281405947803,3671.2120126055197,1980.2736601971087,868,True,6.8986727532949015,8.846993684886856,0,{},,0,0,,,0.0,0.0,0.5390625,0.0,-0.0,29.40924584390714,0.0,-0.0,-1.5704041725248044,-5.83032951274864,0.0,18.471325661838616,3.737728243137955,0.5390625
41,20260952,Largest-site-1SE,0,2,8,4,0.6666666666666666,0.5,3651.879331977884,4229.886785625603,2122.9446947886686,260,True,6.8986727532949015,22.939757400905638,0,{},,0,0,,,0.0,0.0,0.5390625,0.0,-0.0,21.677334853513575,0.0,-0.0,-0.0,-0.0,0.0,9.860723185034944,0.0,0.5390625
41,20260952,One-shot,0,9,1,4,0.6153846153846154,0.4444444444444444,2820.9633610322385,3428.1925922508613,1967.3095278617525,895,True,6.8986727532949015,6.8986727532949015,0,{},,1,1,,,0.234375,0.0,0.5390625,-0.15694043132771865,-3.079276640648333,22.968125627569307,8.53541696220553,0.6661132269405546,-0.7852020862624022,-7.666094189466833,0.0,17.454515592636177,3.2681794199767014,0.7734375
41,20260952,ADMM,0,6,4,4,0.8,0.6666666666666666,2890.764792928791,3470.5160267471642,1951.2468574650538,846,True,6.8986727532949015,6.8986727532949015,0,{},,143,143,,,33.515625,0.0,0.5390625,0.0,-0.01955933150790301,23.394440301961666,6.0094430000843975,-0.0,-0.0,-5.478797679242408,0.0,19.437505630097128,2.571966678618299,34.0546875
41,20260952,FedAvg,1,9,1,4,0.6153846153846154,0.4444444444444444,2851.7896329829055,3450.4820342604044,1958.2942017903306,1022,True,6.8986727532949015,6.8986727532949015,0,"{""fit_converged"": true, ""final_update_norm"": 7.278819364856452e-06, ""fit_tolerance"": 1e-05, ""hit_round_cap"": false}",,18,18,18.0,18.0,4.21875,0.0,0.5390625,0.0,-1.6388554409109974,22.674071386791574,7.395303967192188,-0.06940765219377436,0.07754615620992136,-7.119082206485779,-0.3904995158456133,18.47704473898503,3.4366347462163365,4.7578125
41,20260952,FedAvg-ST,1,4,6,4,1.0,1.0,3278.921132818202,3821.1368275664413,2018.2316894547396,332,True,6.8986727532949015,6.8986727532949015,0,"{""fit_converged"": true, ""final_update_norm"": 7.278819364856452e-06, ""fit_tolerance"": 1e-05, ""hit_round_cap"": false}",3.6670969293707625,18,18,18.0,18.0,4.21875,2.8125,0.5390625,0.0,-0.0,19.00697445742081,3.7282070378214254,-0.0,0.0,-3.451985277115017,-0.0,14.809947809614266,0.0,7.5703125
41,20260952,FedAvg-P,1,4,6,4,1.0,1.0,3119.282683954688,3726.3238699618064,1993.152630136314,332,True,6.8986727532949015,6.8986727532949015,0,"{""selected_candidate"": 1, ""candidate_rounds"": [18, 15, 15, 16, 16], ""candidate_diagnostics"": [{""fit_converged"": true, ""final_update_norm"": 7.849453323734218e-06, ""fit_tolerance"": 1e-05, ""hit_round_cap"": false}, {""fit_converged"": true, ""final_update_norm"": 4.004724717758889e-06, ""fit_tolerance"": 1e-05, ""hit_round_cap"": false}, {""fit_converged"": true, ""final_update_norm"": 9.008721588887706e-06, ""fit_tolerance"": 1e-05, ""hit_round_cap"": false}, {""fit_converged"": true, ""final_update_norm"": 2.8465631814055015e-06, ""fit_tolerance"": 1e-05, ""hit_round_cap"": false}, {""fit_converged"": true, ""final_update_norm"": 6.2193242334710046e-06, ""fit_tolerance"": 1e-05, ""hit_round_cap"": false}]}",3.4493363766474507,15,80,15.0,80.0,18.75,0.3515625,0.5390625,0.0,-0.0,25.22608826160365,4.541967511837052,0.0,0.0,-2.9199110479479264,-0.0,13.004469036854804,0.0,19.640625
41,20260952,FedAvg,3,10,0,4,0.5714285714285714,0.4,2825.364604215368,3430.159327555569,1963.929467470738,1023,True,6.8986727532949015,6.8986727532949015,0,"{""fit_converged"": true, ""final_update_norm"": 5.064251832144997e-06, ""fit_tolerance"": 1e-05, ""hit_round_cap"": false}",,10,10,30.0,30.0,2.34375,0.0,0.5390625,-0.3857489828955018,-2.9069507660053824,22.928406178621657,8.585055987026022,-0.03209687190460869,0.004550964790331791,-7.4705287764861374,-0.4234901414452754,17.74915589514523,3.419088396553968,2.8828125
41,20260952,FedAvg-ST,3,4,6,4,1.0,1.0,3246.115046426303,3785.4181033824266,2012.6161182091569,332,True,6.8986727532949015,6.8986727532949015,0,"{""fit_converged"": true, ""final_update_norm"": 5.064251832144997e-06, ""fit_tolerance"": 1e-05, ""hit_round_cap"": false}",3.6670969293707625,10,10,30.0,30.0,2.34375,2.8125,0.5390625,-0.0,-0.0,19.261309249250893,4.91795905765526,-0.0,0.0,-3.803431847115375,-0.0,14.082058965774467,0.0,5.6953125
41,20260952,FedAvg-P,3,4,6,4,1.0,1.0,3199.2820673385067,3740.7132997993567,2002.7354255452158,332,True,6.8986727532949015,6.8986727532949015,0,"{""selected_candidate"": 1, ""candidate_rounds"": [6, 7, 6, 7, 7], ""candidate_diagnostics"": [{""fit_converged"": true, ""final_update_norm"": 2.924413118281288e-06, ""fit_tolerance"": 1e-05, ""hit_round_cap"": false}, {""fit_converged"": true, ""final_update_norm"": 4.918207183837135e-07, ""fit_tolerance"": 1e-05, ""hit_round_cap"": false}, {""fit_converged"": true, ""final_update_norm"": 7.176918491447446e-06, ""fit_tolerance"": 1e-05, ""hit_round_cap"": false}, {""fit_converged"": true, ""final_update_norm"": 1.5111548074284188e-06, ""fit_tolerance"": 1e-05, ""hit_round_cap"": false}, {""fit_converged"": true, ""final_update_norm"": 1.944568709687778e-06, ""fit_tolerance"": 1e-05, ""hit_round_cap"": false}]}",3.4493363766474507,7,33,21.0,99.0,7.734375,0.3515625,0.5390625,-0.0,-0.0,19.68505177798878,5.450457991033763,-0.0,0.0,-4.072072009189278,-0.0,14.269199738747268,0.0,8.625
41,20260952,FedAvg,20,9,1,4,0.6153846153846154,0.4444444444444444,2820.9634075248664,3428.1924045669416,1967.309701631577,895,True,6.8986727532949015,6.8986727532949015,0,"{""fit_converged"": true, ""final_update_norm"": 2.4082212076864165e-10, ""fit_tolerance"": 1e-05, ""hit_round_cap"": false}",,3,3,60.0,60.0,0.703125,0.0,0.5390625,-0.15694365846527658,-3.0792869506898186,22.968114964708057,8.535424209864452,0.666125485272033,-0.7852020895433363,-7.6661070669261235,0.0,17.454509677420585,3.2681781912701764,1.2421875
41,20260952,FedAvg-ST,20,4,6,4,1.0,1.0,3251.823071240784,3794.3257181696727,2014.2333570960686,332,True,6.8986727532949015,6.8986727532949015,0,"{""fit_converged"": true, ""final_update_norm"": 2.4082212076864165e-10, ""fit_tolerance"": 1e-05, ""hit_round_cap"": false}",3.6670969293707625,3,3,60.0,60.0,0.703125,2.8125,0.5390625,-0.0,-0.0,19.301018035337293,4.8683272804936895,0.0,-0.0,-3.999010137555361,0.0,13.787412748049823,0.0,4.0546875
41,20260952,FedAvg-P,20,4,6,4,1.0,1.0,3222.542229284739,3767.1031388797373,2007.713452151342,332,True,6.8986727532949015,6.8986727532949015,0,"{""selected_candidate"": 1, ""candidate_rounds"": [2, 3, 3, 3, 3], ""candidate_diagnostics"": [{""fit_converged"": true, ""final_update_norm"": 5.961402337850489e-06, ""fit_tolerance"": 1e-05, ""hit_round_cap"": false}, {""fit_converged"": true, ""final_update_norm"": 9.470389482940819e-11, ""fit_tolerance"": 1e-05, ""hit_round_cap"": false}, {""fit_converged"": true, ""final_update_norm"": 2.75436323770705e-10, ""fit_tolerance"": 1e-05, ""hit_round_cap"": false}, {""fit_converged"": true, ""final_update_norm"": 2.851699900084592e-10, ""fit_tolerance"": 1e-05, ""hit_round_cap"": false}, {""fit_converged"": true, ""final_update_norm"": 3.976036820696225e-11, ""fit_tolerance"": 1e-05, ""hit_round_cap"": false}]}",3.4493363766474507,3,14,60.0,280.0,3.28125,0.3515625,0.5390625,-0.0,-0.0,19.51877676576367,5.086088081756057,0.0,-0.0,-4.2167721659735085,0.0,14.00517303824298,0.0,4.171875
42,20260953,Pooled,0,10,0,3,0.46153846153846156,0.3,3311.5775776327496,2860.8649348402205,2885.4628369469306,1023,True,10.036124408533219,0.1519043234219781,0,{},,0,0,,,0.0,0.0,0.5390625,0.690345140490291,-9.061655098123556,24.582524749319816,17.071454909156213,-30.47459953148345,12.339093382497554,7.510657983712818,15.581259438417538,30.966540199784788,3.603802968651531,0.5390625
42,20260953,Pooled-1SE,0,3,7,3,1.0,1.0,3826.420073200365,3237.4761266108994,2085.713122481255,268,True,10.036124408533219,14.03095966256485,0,{},,0,0,,,0.0,0.0,0.5390625,0.0,-0.0,20.846711164528028,5.741662243346304,0.0,0.0,-0.0,0.0,19.136720921397846,0.0,0.5390625
42,20260953,Largest-site,0,5,5,3,0.75,0.6,3696.156102354546,3489.9795087578605,2134.3622262022145,460,True,10.036124408533219,12.836788410158398,0,{},,0,0,,,0.0,0.0,0.5390625,-0.0,0.0,13.502498245313875,3.8935312154219055,0.0,0.0,-7.266814593152169,2.66755774896645,19.757103046934866,0.0,0.5390625
42,20260953,Largest-site-1SE,0,0,10,3,0.0,0.0,6624.542567583246,5074.47674556213,2967.5331656804733,0,True,10.036124408533219,42.23745694292298,0,{},,0,0,,,0.0,0.0,0.5390625,0.0,0.0,0.0,0.0,0.0,0.0,0.0,0.0,0.0,0.0,0.5390625
42,20260953,One-shot,0,10,0,3,0.46153846153846156,0.3,3504.293888021719,3153.353075641314,2131.9190047393768,1023,True,10.036124408533219,10.036124408533219,0,{},,1,1,,,0.234375,0.0,0.5390625,-0.22206594528403228,-1.9157524956138094,20.0894822383025,9.19695258584214,-0.8359444345333795,-2.154400687259449,-3.6334072965760846,4.782224055259872,18.609214272843715,-0.03719850382514668,0.7734375
42,20260953,ADMM,0,4,6,3,0.8571428571428571,0.75,3605.3086999626007,3141.5242294816017,2071.220433834802,332,True,10.036124408533219,10.036124408533219,0,{},,116,116,,,27.1875,0.0,0.5390625,0.0,-0.0,22.50491232442587,8.132064450616452,-0.0,-0.0,-2.0307348633699163,0.0,20.471457892005237,0.0,27.7265625
42,20260953,FedAvg,1,9,1,3,0.5,0.3333333333333333,3486.201720865318,3130.9033579333873,2116.2264767949096,991,True,10.036124408533219,10.036124408533219,0,"{""fit_converged"": true, ""final_update_norm"": 8.37812684731568e-06, ""fit_tolerance"": 1e-05, ""hit_round_cap"": false}",,22,22,22.0,22.0,5.15625,0.0,0.5390625,0.15506816925039796,-2.2575037512921883,20.01037153020679,9.24090882151666,-1.4601350080439193,0.0,-5.753046210192137,1.576436504653167,19.292745649698823,-0.13341605181248098,5.6953125
42,20260953,FedAvg-ST,1,4,6,3,0.8571428571428571,0.75,4119.274819997138,3456.3873671172105,2149.9856035961607,332,True,10.036124408533219,10.036124408533219,0,"{""fit_converged"": true, ""final_update_norm"": 8.37812684731568e-06, ""fit_tolerance"": 1e-05, ""hit_round_cap"": false}",4.263650187145626,22,22,22.0,22.0,5.15625,2.8125,0.5390625,0.0,-0.0,15.746721343061164,4.977258634371034,-0.0,0.0,-1.4893960230465106,0.0,15.029095462553197,-0.0,8.5078125
42,20260953,FedAvg-P,1,2,8,3,0.8,0.6666666666666666,5095.47135533796,3503.591002540318,2360.995593493258,12,True,10.036124408533219,10.036124408533219,0,"{""selected_candidate"": 0, ""candidate_rounds"": [10, 16, 17, 17, 22], ""candidate_diagnostics"": [{""fit_converged"": true, ""final_update_norm"": 1.765436259494547e-06, ""fit_tolerance"": 1e-05, ""hit_round_cap"": false}, {""fit_converged"": true, ""final_update_norm"": 8.615383671984713e-06, ""fit_tolerance"": 1e-05, ""hit_round_cap"": false}, {""fit_converged"": true, ""final_update_norm"": 5.612368795189666e-06, ""fit_tolerance"": 1e-05, ""hit_round_cap"": false}, {""fit_converged"": true, ""final_update_norm"": 4.748712120423082e-06, ""fit_tolerance"": 1e-05, ""hit_round_cap"": false}, {""fit_converged"": true, ""final_update_norm"": 8.829665140725444e-06, ""fit_tolerance"": 1e-05, ""hit_round_cap"": false}]}",10.036124408533219,10,82,10.0,82.0,19.21875,0.3515625,0.5390625,0.0,-0.0,24.146970479382922,1.6205803109085082,-0.0,-0.0,-0.0,0.0,0.0,-0.0,20.109375
42,20260953,FedAvg,3,10,0,3,0.46153846153846156,0.3,3494.1116190281887,3151.0377851336343,2119.247030486299,1023,True,10.036124408533219,10.036124408533219,0,"{""fit_converged"": true, ""final_update_norm"": 4.655581988254445e-06, ""fit_tolerance"": 1e-05, ""hit_round_cap"": false}",,13,13,39.0,39.0,3.046875,0.0,0.5390625,-0.1915430895954478,-1.8233676210041,20.02278624036331,9.241882985615657,-1.5183480325429812,-0.25030550712137173,-4.772889289424155,2.6851397228486933,19.312243137246522,-0.21508459070296881,3.5859375
42,20260953,FedAvg-ST,3,3,7,3,1.0,1.0,4338.112818719478,3567.6043651221416,2195.6885525356197,268,True,10.036124408533219,10.036124408533219,0,"{""fit_converged"": true, ""final_update_norm"": 4.655581988254445e-06, ""fit_tolerance"": 1e-05, ""hit_round_cap"": false}",5.334858213666867,13,13,39.0,39.0,3.046875,2.8125,0.5390625,-0.0,-0.0,14.687928026696444,3.90702477194879,-0.0,-0.0,-0.0,0.0,13.977384923579656,-0.0,6.3984375
42,20260953,FedAvg-P,3,4,6,3,0.8571428571428571,0.75,4257.344220522244,3508.603312654725,2177.442997160792,332,True,10.036124408533219,10.036124408533219,0,"{""selected_candidate"": 1, ""candidate_rounds"": [7, 7, 8, 13, 13], ""candidate_diagnostics"": [{""fit_converged"": true, ""final_update_norm"": 8.154288197423674e-07, ""fit_tolerance"": 1e-05, ""hit_round_cap"": false}, {""fit_converged"": true, ""final_update_norm"": 6.18168269545908e-07, ""fit_tolerance"": 1e-05, ""hit_round_cap"": false}, {""fit_converged"": true, ""final_update_norm"": 5.722092880953933e-07, ""fit_tolerance"": 1e-05, ""hit_round_cap"": false}, {""fit_converged"": true, ""final_update_norm"": 5.290337517618632e-06, ""fit_tolerance"": 1e-05, ""hit_round_cap"": false}, {""fit_converged"": true, ""final_update_norm"": 4.982074508273258e-06, ""fit_tolerance"": 1e-05, ""hit_round_cap"": false}]}",5.018062204266609,7,48,21.0,144.0,11.25,0.3515625,0.5390625,-0.0,-0.0,15.404246214800583,4.74441011483254,-0.0,-0.0,-0.8105015247484584,0.0,13.525954027081735,-0.0,12.140625
42,20260953,FedAvg,20,10,0,3,0.46153846153846156,0.3,3501.4637340290383,3151.41744893948,2130.7403043988634,1023,True,10.036124408533219,10.036124408533219,0,"{""fit_converged"": true, ""final_update_norm"": 1.5322453458794438e-06, ""fit_tolerance"": 1e-05, ""hit_round_cap"": false}",,8,8,160.0,160.0,1.875,0.0,0.5390625,-0.2017851582873547,-1.9318226727412857,20.041612145937396,9.220739635337761,-1.5425581176386158,-1.3632876107072365,-3.632727582493258,4.433603154288455,18.97610039447345,-0.0672391223792865,2.4140625
42,20260953,FedAvg-ST,20,3,7,3,1.0,1.0,4358.168448547287,3572.2139785769386,2200.0354363785095,268,True,10.036124408533219,10.036124408533219,0,"{""fit_converged"": true, ""final_update_norm"": 1.5322453458794438e-06, ""fit_tolerance"": 1e-05, ""hit_round_cap"": false}",5.334858213666867,8,8,160.0,160.0,1.875,2.8125,0.5390625,-0.0,-0.0,14.70675393227053,3.885881421670894,-0.0,-0.0,-0.0,0.0,13.641242180806582,-0.0,5.2265625
42,20260953,FedAvg-P,20,3,7,3,1.0,1.0,4319.313890301032,3547.527506966157,2189.905745835497,268,True,10.036124408533219,10.036124408533219,0,"{""selected_candidate"": 1, ""candidate_rounds"": [5, 5, 5, 6, 8], ""candidate_diagnostics"": [{""fit_converged"": true, ""final_update_norm"": 6.829921178074353e-07, ""fit_tolerance"": 1e-05, ""hit_round_cap"": false}, {""fit_converged"": true, ""final_update_norm"": 4.026931197621991e-06, ""fit_tolerance"": 1e-05, ""hit_round_cap"": false}, {""fit_converged"": true, ""final_update_norm"": 4.681174464479867e-07, ""fit_tolerance"": 1e-05, ""hit_round_cap"": false}, {""fit_converged"": true, ""final_update_norm"": 3.5213834378095e-07, ""fit_tolerance"": 1e-05, ""hit_round_cap"": false}, {""fit_converged"": true, ""final_update_norm"": 1.584362865530663e-06, ""fit_tolerance"": 1e-05, ""hit_round_cap"": false}]}",5.018062204266609,5,29,100.0,580.0,6.796875,0.3515625,0.5390625,-0.0,-0.0,15.037651990010676,4.192541127491106,-0.0,-0.0,-0.0,0.0,13.842131972596516,-0.0,7.6875
43,20260954,Pooled,0,7,3,2,0.4444444444444444,0.2857142857142857,2993.101897814868,3574.2811113869284,1540.234838149343,862,True,1.7932406901010944,3.361921192027178,0,{},,0,0,,,0.0,0.0,0.5390625,-0.0,-5.961328399188611,25.668206869649545,5.548274318685968,-1.9513991458324829,-0.0,-8.587309939310263,0.0,21.55587238767513,6.551137364351324,0.5390625
43,20260954,Pooled-1SE,0,2,8,2,1.0,1.0,3640.0016983928426,4016.85426920625,1797.5804587082716,260,True,1.7932406901010944,17.81252388931108,0,{},,0,0,,,0.0,0.0,0.5390625,0.0,-0.0,20.52999270710139,0.0,0.0,0.0,-0.0,0.0,16.453937468675647,0.0,0.5390625
43,20260954,Largest-site,0,6,4,2,0.5,0.3333333333333333,3079.2971787283623,3698.6934594993086,1552.9263432969494,846,True,1.7932406901010944,3.2214679833510065,0,{},,0,0,,,0.0,0.0,0.5390625,-0.0,-7.549028504907211,25.682913440675133,2.864412116874456,-0.0,-0.0,-8.808641502554382,0.0,19.901511241069773,7.554999519426744,0.5390625
43,20260954,Largest-site-1SE,0,2,8,2,1.0,1.0,4497.562263222399,4542.643840460599,2134.778231492818,260,True,1.7932406901010944,27.48452920986607,0,{},,0,0,,,0.0,0.0,0.5390625,0.0,-0.0,10.394313113950037,0.0,0.0,0.0,-0.0,0.0,11.195733130679052,0.0,0.5390625
43,20260954,One-shot,0,10,0,2,0.3333333333333333,0.2,2976.266600315409,3642.243922910093,1547.0817064881683,1023,True,1.7932406901010944,1.7932406901010944,0,{},,1,1,,,0.234375,0.0,0.5390625,-0.7403410223823337,-8.747600444390534,26.65114822470307,6.089940118714702,-9.453909350622355,3.8748298171044824,-5.522541865240757,0.6761531334800941,25.38881704767229,9.233760683757952,0.7734375
43,20260954,ADMM,0,7,3,2,0.4444444444444444,0.2857142857142857,2946.8806455970443,3605.5063385818626,1530.7097624884495,862,True,1.7932406901010944,1.7932406901010944,0,{},,238,238,,,55.78125,0.0,0.5390625,-0.0,-8.73698452277021,25.905375248019745,6.629332080609664,-5.356115021530993,-0.0,-9.449663809163226,0.0,23.49748936828309,8.39262904367461,56.3203125
43,20260954,FedAvg,1,10,0,2,0.3333333333333333,0.2,2977.7932589499674,3585.9908079091824,1532.7179424703036,1023,True,1.7932406901010944,1.7932406901010944,0,"{""fit_converged"": true, ""final_update_norm"": 7.580455576068632e-06, ""fit_tolerance"": 1e-05, ""hit_round_cap"": false}",,22,22,22.0,22.0,5.15625,0.0,0.5390625,0.07441593759640042,-8.762423049378231,25.532593291718698,6.726650799693122,-3.8779709730917142,-0.135362299967668,-9.005499221229833,0.3453242248203331,22.550508841569936,8.997963558250383,5.6953125
43,20260954,FedAvg-ST,1,5,5,2,0.5714285714285714,0.4,3667.3398924963467,4040.229743982613,1799.0178190025654,838,True,1.7932406901010944,1.7932406901010944,0,"{""fit_converged"": true, ""final_update_norm"": 7.580455576068632e-06, ""fit_tolerance"": 1e-05, ""hit_round_cap"": false}",7.165842743823776,22,22,22.0,22.0,5.15625,2.8125,0.5390625,0.0,-1.596580305554455,18.36675054789492,0.0,-0.0,-0.0,-1.8396564774060566,0.0,15.384666097746159,1.8321208144266068,8.5078125
43,20260954,FedAvg-P,1,7,3,2,0.4444444444444444,0.2857142857142857,3043.570408727735,3539.615101552892,1553.501869211192,862,True,1.7932406901010944,1.7932406901010944,0,"{""selected_candidate"": 0, ""candidate_rounds"": [23, 23, 24, 23, 23], ""candidate_diagnostics"": [{""fit_converged"": true, ""final_update_norm"": 7.539920082126676e-06, ""fit_tolerance"": 1e-05, ""hit_round_cap"": false}, {""fit_converged"": true, ""final_update_norm"": 6.230968545473293e-06, ""fit_tolerance"": 1e-05, ""hit_round_cap"": false}, {""fit_converged"": true, ""final_update_norm"": 4.820445308274859e-06, ""fit_tolerance"": 1e-05, ""hit_round_cap"": false}, {""fit_converged"": true, ""final_update_norm"": 6.5406865871756234e-06, ""fit_tolerance"": 1e-05, ""hit_round_cap"": false}, {""fit_converged"": true, ""final_update_norm"": 7.086132399992679e-06, ""fit_tolerance"": 1e-05, ""hit_round_cap"": false}]}",1.7932406901010944,23,116,23.0,116.0,27.1875,0.3515625,0.5390625,0.0,-5.0478645072040385,27.153234976105793,5.658331340058718,-0.37313691565050977,-0.0,-7.943342707934968,0.0,18.964740561026616,4.899962434503834,28.078125
43,20260954,FedAvg,3,10,0,2,0.3333333333333333,0.2,2986.864850901712,3627.5894648161907,1535.1658413725286,1023,True,1.7932406901010944,1.7932406901010944,0,"{""fit_converged"": true, ""final_update_norm"": 5.2113032652581145e-06, ""fit_tolerance"": 1e-05, ""hit_round_cap"": false}",,14,14,42.0,42.0,3.28125,0.0,0.5390625,-0.7852932924139258,-8.730503119355348,26.59785764765231,6.2613506497340765,-4.321113576198203,0.008503227363974597,-7.684225560887948,0.8976154501177085,22.794010548832173,9.288050613136654,3.8203125
43,20260954,FedAvg-ST,3,5,5,2,0.5714285714285714,0.4,3657.2755936772573,4026.598153975808,1791.40622249634,838,True,1.7932406901010944,1.7932406901010944,0,"{""fit_converged"": true, ""final_update_norm"": 5.2113032652581145e-06, ""fit_tolerance"": 1e-05, ""hit_round_cap"": false}",7.165842743823776,14,14,42.0,42.0,3.28125,2.8125,0.5390625,-0.0,-1.5646603755315711,19.432014903828534,0.0,-0.0,0.0,-0.5183828170641718,0.0,15.628167805008395,2.122207869312878,6.6328125
43,20260954,FedAvg-P,3,7,3,2,0.4444444444444444,0.2857142857142857,3054.8723501444124,3613.4436415787686,1551.832218173823,862,True,1.7932406901010944,1.7932406901010944,0,"{""selected_candidate"": 0, ""candidate_rounds"": [9, 9, 11, 11, 11], ""candidate_diagnostics"": [{""fit_converged"": true, ""final_update_norm"": 3.3751965339327297e-06, ""fit_tolerance"": 1e-05, ""hit_round_cap"": false}, {""fit_converged"": true, ""final_update_norm"": 4.797209562419039e-06, ""fit_tolerance"": 1e-05, ""hit_round_cap"": false}, {""fit_converged"": true, ""final_update_norm"": 4.868646684684208e-06, ""fit_tolerance"": 1e-05, ""hit_round_cap"": false}, {""fit_converged"": true, ""final_update_norm"": 4.597220097295525e-06, ""fit_tolerance"": 1e-05, ""hit_round_cap"": false}, {""fit_converged"": true, ""final_update_norm"": 8.69756436434638e-06, ""fit_tolerance"": 1e-05, ""hit_round_cap"": false}]}",1.7932406901010944,9,51,27.0,153.0,11.953125,0.3515625,0.5390625,-0.0,-7.022447861363623,24.90536894450825,4.8227936265827696,-1.7990012761258276,0.0,-6.450842444702368,0.0,20.580120957102096,7.094912094280839,12.84375
43,20260954,FedAvg,20,10,0,2,0.3333333333333333,0.2,2976.887322288634,3639.9072033048824,1543.4254027797865,1023,True,1.7932406901010944,1.7932406901010944,0,"{""fit_converged"": true, ""final_update_norm"": 5.309837165669494e-06, ""fit_tolerance"": 1e-05, ""hit_round_cap"": false}",,12,12,240.0,240.0,2.8125,0.0,0.5390625,-0.7270195976409597,-8.734604165597375,26.681740857157166,6.113162763663649,-8.000841524854964,2.5529308769921855,-5.823169048983006,1.036165842425846,24.69057533301719,9.226750043696828,3.3515625
43,20260954,FedAvg-ST,20,3,7,2,0.8,0.6666666666666666,3788.817463610903,4105.195732886046,1855.3841981617236,772,True,1.7932406901010944,1.7932406901010944,0,"{""fit_converged"": true, ""final_update_norm"": 5.309837165669494e-06, ""fit_tolerance"": 1e-05, ""hit_round_cap"": false}",8.966203450505471,12,12,240.0,240.0,2.8125,2.8125,0.5390625,-0.0,-0.0,17.715537406651695,0.0,-0.0,0.0,-0.0,0.0,15.724371882511718,0.2605465931913571,6.1640625
43,20260954,FedAvg-P,20,8,2,2,0.4,0.25,3038.8152065870477,3689.696555488711,1555.1750172015602,894,True,1.7932406901010944,1.7932406901010944,0,"{""selected_candidate"": 0, ""candidate_rounds"": [6, 11, 11, 12, 12], ""candidate_diagnostics"": [{""fit_converged"": true, ""final_update_norm"": 2.8771540040522297e-07, ""fit_tolerance"": 1e-05, ""hit_round_cap"": false}, {""fit_converged"": true, ""final_update_norm"": 3.4719443239360643e-06, ""fit_tolerance"": 1e-05, ""hit_round_cap"": false}, {""fit_converged"": true, ""final_update_norm"": 6.137785189506339e-06, ""fit_tolerance"": 1e-05, ""hit_round_cap"": false}, {""fit_converged"": true, ""final_update_norm"": 4.784001392030101e-06, ""fit_tolerance"": 1e-05, ""hit_round_cap"": false}, {""fit_converged"": true, ""final_update_norm"": 4.9426633358386835e-06, ""fit_tolerance"": 1e-05, ""hit_round_cap"": false}]}",1.7932406901010944,6,52,120.0,1040.0,12.1875,0.3515625,0.5390625,-0.0,-6.9335075048279675,24.896649507530995,4.3153605752166895,-5.4937938859542,0.1724680443413915,-4.3014755471739194,0.0,22.62217229411041,7.42957862141886,13.078125
44,20260955,Pooled,0,10,0,3,0.46153846153846156,0.3,3294.799469457475,3123.1538125924926,1482.0970485818664,1023,True,1.3244604711926415,0.04368764784418886,0,{},,0,0,,,0.0,0.0,0.5390625,0.02323215692312262,-11.827594617490531,25.552856784630347,16.610168336829574,-13.463495674641138,0.5036515786068176,-1.7036434840291346,7.035071475563602,26.39519444115605,-0.8123492696118353,0.5390625
44,20260955,Pooled-1SE,0,3,7,3,1.0,1.0,3775.1098453740765,3519.5795724980053,1603.9641267175969,268,True,1.3244604711926415,10.463307955147117,0,{},,0,0,,,0.0,0.0,0.5390625,0.0,-0.0,20.5273544790081,8.236037031052426,-0.0,-0.0,-0.0,0.0,18.591612759886043,0.0,0.5390625
44,20260955,Largest-site,0,6,4,3,0.6666666666666666,0.5,3281.114565949457,3241.4896105002285,1487.5587938998322,366,True,1.3244604711926415,2.6004570817420616,0,{},,0,0,,,0.0,0.0,0.5390625,-0.0,-9.504530044164998,28.614344721261336,14.18836203464845,-0.0,-3.3967546791044914,-11.473519850112261,0.0,15.27968320441562,-0.0,0.5390625
44,20260955,Largest-site-1SE,0,3,7,3,1.0,1.0,4123.616164980995,3891.184636649922,1744.467273520697,268,True,1.3244604711926415,17.483802718873566,0,{},,0,0,,,0.0,0.0,0.5390625,0.0,-0.0,21.39977720166436,4.968921286030516,0.0,0.0,-0.0,0.0,10.585454030345403,0.0,0.5390625
44,20260955,One-shot,0,10,0,3,0.46153846153846156,0.3,3298.0884328281377,3175.9807984034423,1473.4288664474416,1023,True,1.3244604711926415,1.3244604711926415,0,{},,1,1,,,0.234375,0.0,0.5390625,0.7950097067292679,-10.20418266039307,24.949575852644756,15.167234067091476,-5.276006356816734,-3.0857365191975488,-3.654349532172171,4.897191712167717,22.086795599069486,0.21205987056314513,0.7734375
44,20260955,ADMM,0,6,4,3,0.6666666666666666,0.5,3307.4760257113044,3164.0779528027315,1468.183882740885,366,True,1.3244604711926415,1.3244604711926415,0,{},,148,148,,,34.6875,0.0,0.5390625,0.0,-9.905119492340964,24.694648983021878,15.06594565106888,-0.0,-5.468143730846319,-8.809810470770456,0.0,22.196877534053815,-0.0,35.2265625
44,20260955,FedAvg,1,10,0,3,0.46153846153846156,0.3,3299.900818757865,3165.13485102488,1474.4241098887906,1023,True,1.3244604711926415,1.3244604711926415,0,"{""fit_converged"": true, ""final_update_norm"": 8.395982645821399e-06, ""fit_tolerance"": 1e-05, ""hit_round_cap"": false}",,29,29,29.0,29.0,6.796875,0.0,0.5390625,1.3602228458743908,-10.110763696191311,24.8163595247859,15.099362439298108,0.5746149652201619,-6.725402027200339,-9.052152891765314,1.805807608229634,19.4157833177496,0.3730726363926733,7.3359375
44,20260955,FedAvg-ST,1,6,4,3,0.6666666666666666,0.5,3779.1422517111187,3632.6772669658835,1599.853798041509,366,True,1.3244604711926415,1.3244604711926415,0,"{""fit_converged"": true, ""final_update_norm"": 8.395982645821399e-06, ""fit_tolerance"": 1e-05, ""hit_round_cap"": false}",5.292583148133986,29,29,29.0,29.0,6.796875,2.8125,0.5390625,0.0,-4.818180548057326,19.523776376651913,9.806779291164123,0.0,-1.4328188790663532,-3.759569743631328,0.0,14.123200169615615,0.0,10.1484375
44,20260955,FedAvg-P,1,6,4,3,0.6666666666666666,0.5,3307.286092332129,3251.4860644803975,1483.3855656488438,350,True,1.3244604711926415,1.3244604711926415,0,"{""selected_candidate"": 0, ""candidate_rounds"": [57, 30, 27, 28, 28], ""candidate_diagnostics"": [{""fit_converged"": true, ""final_update_norm"": 8.587822353550818e-06, ""fit_tolerance"": 1e-05, ""hit_round_cap"": false}, {""fit_converged"": true, ""final_update_norm"": 7.217077716243703e-06, ""fit_tolerance"": 1e-05, ""hit_round_cap"": false}, {""fit_converged"": true, ""final_update_norm"": 7.021968634864827e-06, ""fit_tolerance"": 1e-05, ""hit_round_cap"": false}, {""fit_converged"": true, ""final_update_norm"": 6.027648206138511e-06, ""fit_tolerance"": 1e-05, ""hit_round_cap"": false}, {""fit_converged"": true, ""final_update_norm"": 9.057037621677127e-06, ""fit_tolerance"": 1e-05, ""hit_round_cap"": false}]}",1.3244604711926415,57,170,57.0,170.0,39.84375,0.3515625,0.5390625,0.0,-8.237936284892324,24.854703097601867,13.804787306039572,-2.780882319381657,-0.0,-7.92689518662831,0.0,18.40097614988058,0.0,40.734375
44,20260955,FedAvg,3,10,0,3,0.46153846153846156,0.3,3288.239442236531,3176.050249309207,1474.0094112163697,1023,True,1.3244604711926415,1.3244604711926415,0,"{""fit_converged"": true, ""final_update_norm"": 6.479514568511563e-06, ""fit_tolerance"": 1e-05, ""hit_round_cap"": false}",,18,18,54.0,54.0,4.21875,0.0,0.5390625,0.6949737624203628,-9.639955059114918,25.137713650765885,15.549676138204921,0.3748461817406775,-6.867836061518613,-7.1428713478296295,3.499581815584203,19.104576564770667,0.5260603061960558,4.7578125
44,20260955,FedAvg-ST,3,6,4,3,0.6666666666666666,0.5,3756.871962821563,3563.533600347496,1570.6501863143706,366,True,1.3244604711926415,1.3244604711926415,0,"{""fit_converged"": true, ""final_update_norm"": 6.479514568511563e-06, ""fit_tolerance"": 1e-05, ""hit_round_cap"": false}",4.229863705133956,18,18,54.0,54.0,4.21875,2.8125,0.5390625,0.0,-5.410091353980962,20.90784994563193,11.319812433070965,0.0,-2.6379723563846573,-2.913007642695674,0.0,14.874712859636713,0.0,7.5703125
44,20260955,FedAvg-P,3,8,2,3,0.5454545454545454,0.375,3359.4202114443588,3283.8411321141116,1481.9040949996888,510,True,1.3244604711926415,1.3244604711926415,0,"{""selected_candidate"": 0, ""candidate_rounds"": [198, 17, 17, 18, 18], ""candidate_diagnostics"": [{""fit_converged"": true, ""final_update_norm"": 9.760091754725103e-06, ""fit_tolerance"": 1e-05, ""hit_round_cap"": false}, {""fit_converged"": true, ""final_update_norm"": 9.739603526806952e-06, ""fit_tolerance"": 1e-05, ""hit_round_cap"": false}, {""fit_converged"": true, ""final_update_norm"": 9.050979504906336e-06, ""fit_tolerance"": 1e-05, ""hit_round_cap"": false}, {""fit_converged"": true, ""final_update_norm"": 4.801756150367812e-06, ""fit_tolerance"": 1e-05, ""hit_round_cap"": false}, {""fit_converged"": true, ""final_update_norm"": 5.313798994766926e-06, ""fit_tolerance"": 1e-05, ""hit_round_cap"": false}]}",1.3244604711926415,198,268,594.0,804.0,62.8125,0.3515625,0.5390625,0.0,-8.60905527954144,23.6768495958738,14.317895330299415,-1.6454887752529492,-2.318204147668768,-5.399116202091726,1.6860333019862535,19.048113483633937,0.0,63.703125
44,20260955,FedAvg,20,10,0,3,0.46153846153846156,0.3,3310.872802703124,3183.4569433195493,1474.235969747913,1023,True,1.3244604711926415,1.3244604711926415,0,"{""fit_converged"": true, ""final_update_norm"": 1.870630434320063e-06, ""fit_tolerance"": 1e-05, ""hit_round_cap"": false}",,9,9,180.0,180.0,2.109375,0.0,0.5390625,0.9663411058145328,-9.959849165852027,25.23358875648774,15.282419420709608,-1.7220661608847239,-6.266681331731604,-4.512241011199806,5.151025251396662,20.37812977112575,0.3289947971672307,2.6484375
44,20260955,FedAvg-ST,20,7,3,3,0.6,0.42857142857142855,3762.3948716028112,3617.73072222917,1574.8069721413185,494,True,1.3244604711926415,1.3244604711926415,0,"{""fit_converged"": true, ""final_update_norm"": 1.870630434320063e-06, ""fit_tolerance"": 1e-05, ""hit_round_cap"": false}",4.229863705133956,9,9,180.0,180.0,2.109375,2.8125,0.5390625,0.0,-5.729985460718072,21.003725051353786,11.052555715575654,-0.0,-2.0368176265976485,-0.2823773060658503,0.9211615462627067,16.148266065991795,0.0,5.4609375
44,20260955,FedAvg-P,20,8,2,3,0.5454545454545454,0.375,3395.6945257168986,3307.8748728698106,1484.1122108241366,510,True,1.3244604711926415,1.3244604711926415,0,"{""selected_candidate"": 0, ""candidate_rounds"": [13, 13, 13, 13, 12], ""candidate_diagnostics"": [{""fit_converged"": true, ""final_update_norm"": 9.69544745840255e-06, ""fit_tolerance"": 1e-05, ""hit_round_cap"": false}, {""fit_converged"": true, ""final_update_norm"": 8.866322751110048e-06, ""fit_tolerance"": 1e-05, ""hit_round_cap"": false}, {""fit_converged"": true, ""final_update_norm"": 7.83763854930088e-06, ""fit_tolerance"": 1e-05, ""hit_round_cap"": false}, {""fit_converged"": true, ""final_update_norm"": 3.4439033332405513e-06, ""fit_tolerance"": 1e-05, ""hit_round_cap"": false}, {""fit_converged"": true, ""final_update_norm"": 7.972047260971757e-06, ""fit_tolerance"": 1e-05, ""hit_round_cap"": false}]}",1.3244604711926415,13,64,260.0,1280.0,15.0,0.3515625,0.5390625,0.0,-8.642045206355164,23.901741988925792,13.9542361562894,-0.673772835327888,-4.690447056768842,-3.1196622041991295,3.7933354543471784,19.167413593155405,0.0,15.890625
45,20260956,Pooled,0,10,0,4,0.5714285714285714,0.4,2994.5290070356837,3489.571867273822,1381.2633268056147,1023,True,0.17424039438526204,0.046700381191597265,0,{},,0,0,,,0.0,0.0,0.5390625,1.7557493779442452,-7.309959566698996,25.620721359563877,14.69556285329177,-13.267062981546651,3.6310991264295467,-1.8467522955926685,9.917154991089028,22.881445375922993,4.159291631908751,0.5390625
45,20260956,Pooled-1SE,0,4,6,4,1.0,1.0,3332.2991886157743,3921.916604362933,1526.5944195880961,332,True,0.17424039438526204,11.184865611743836,0,{},,0,0,,,0.0,0.0,0.5390625,0.0,-0.0,22.55697828953592,7.819487662534326,0.0,0.0,-2.4488939880537024,0.0,17.920371959162388,0.0,0.5390625
45,20260956,Largest-site,0,10,0,4,0.5714285714285714,0.4,3246.3855839828493,3895.689715046495,1436.279484154629,1023,True,0.17424039438526204,0.04677620520450677,0,{},,0,0,,,0.0,0.0,0.5390625,4.597611345704926,-4.2915941900366175,24.612927885181314,17.312527468895905,-36.215210761730845,18.84956993322898,13.452734707482547,25.669954602563173,26.480756433278156,4.963790476080067,0.5390625
45,20260956,Largest-site-1SE,0,4,6,4,0.75,0.6,3532.1210778195714,4237.498269401312,1641.6351902709703,396,True,0.17424039438526204,18.03980682162339,0,{},,0,0,,,0.0,0.0,0.5390625,0.0,0.0,16.183765232770345,8.590190806832117,0.0,0.0,-0.0,5.231455692062533,13.353419877275423,0.0,0.5390625
45,20260956,One-shot,0,10,0,4,0.5714285714285714,0.4,3014.792771657523,3497.678483527183,1389.6909585276176,1023,True,0.17424039438526204,0.17424039438526204,0,{},,1,1,,,0.234375,0.0,0.5390625,2.901670779882472,-7.957784068724164,25.554637578796324,14.499565927056393,-18.107605380865422,5.672181497590853,2.9493913430885423,15.553694852289757,25.94023824242697,3.2579708137837646,0.7734375
45,20260956,ADMM,0,9,1,4,0.6153846153846154,0.4444444444444444,2991.8098982144634,3519.5402566831654,1380.2637510580912,991,True,0.17424039438526204,0.17424039438526204,0,{},,1042,1042,,,244.21875,0.0,0.5390625,1.6159992814357884,-7.036659558698096,25.655845502721018,14.58024649678203,-7.737824412523785,-0.0,-4.550669143023253,8.360816295524044,21.017123466180703,4.132192758804027,244.7578125
45,20260956,FedAvg,1,10,0,4,0.5714285714285714,0.4,3009.9930869933196,3538.27285024299,1384.983451883444,1023,False,0.17424039438526204,0.17424039438526204,0,"{""fit_converged"": false, ""final_update_norm"": 5.3824951523544336e-05, ""fit_tolerance"": 1e-05, ""hit_round_cap"": true}",,500,500,500.0,500.0,117.1875,0.0,0.5390625,1.1809536024717406,-6.5229995651421175,25.56838398670299,14.02504506970276,-12.842858226210499,6.068724151909892,-2.3286126652619643,8.058285976942114,24.455871930420052,4.732965000540285,117.7265625
45,20260956,FedAvg-ST,1,10,0,4,0.5714285714285714,0.4,3010.4719758610227,3515.137005561778,1387.3216160796496,1023,False,0.17424039438526204,0.17424039438526204,0,"{""fit_converged"": false, ""final_update_norm"": 5.3824951523544336e-05, ""fit_tolerance"": 1e-05, ""hit_round_cap"": true}",0.8712019719263102,500,500,500.0,500.0,117.1875,2.8125,0.5390625,0.3097516305454304,-5.651797593215807,24.69718201477668,13.153843097776448,-11.971656254284188,5.197522179983582,-1.457410693335654,7.187084005015804,23.58466995849374,3.861763028613975,120.5390625
45,20260956,FedAvg-P,1,9,1,4,0.6153846153846154,0.4444444444444444,3007.0448843411955,3594.1336248495836,1383.77826246778,991,True,0.17424039438526204,0.17424039438526204,4,"{""selected_candidate"": 0, ""candidate_rounds"": [73, 500, 500, 500, 500], ""candidate_diagnostics"": [{""fit_converged"": true, ""final_update_norm"": 9.760501845443243e-06, ""fit_tolerance"": 1e-05, ""hit_round_cap"": false}, {""fit_converged"": false, ""final_update_norm"": 1.5113915718794304e-05, ""fit_tolerance"": 1e-05, ""hit_round_cap"": true}, {""fit_converged"": false, ""final_update_norm"": 1.3744140343095236e-05, ""fit_tolerance"": 1e-05, ""hit_round_cap"": true}, {""fit_converged"": false, ""final_update_norm"": 3.666666820498686e-05, ""fit_tolerance"": 1e-05, ""hit_round_cap"": true}, {""fit_converged"": false, ""final_update_norm"": 4.5444275037947936e-05, ""fit_tolerance"": 1e-05, ""hit_round_cap"": true}]}",0.17424039438526204,73,2073,73.0,2073.0,485.859375,0.3515625,0.5390625,1.130257018801822,-6.1413495117376895,25.854062860968785,13.811274114346942,-3.516741434264977,0.0,-7.03862097326683,5.363443214487407,20.984107301732596,4.389877280296727,486.75
45,20260956,FedAvg,3,10,0,4,0.5714285714285714,0.4,3007.6037492158252,3562.9145782041246,1384.3507468275134,1023,True,0.17424039438526204,0.17424039438526204,0,"{""fit_converged"": true, ""final_update_norm"": 8.663717464501314e-06, ""fit_tolerance"": 1e-05, ""hit_round_cap"": false}",,82,82,246.0,246.0,19.21875,0.0,0.5390625,2.5731410381012254,-7.184312562745549,26.120790302532765,14.355950147002284,-10.667016747578758,2.8203348210896895,-2.138475293088428,10.162801126431358,23.09104992097568,4.017427929795236,19.7578125
45,20260956,FedAvg-ST,3,10,0,4,0.5714285714285714,0.4,3005.490187715358,3531.9757249913173,1384.1677315936854,1023,True,0.17424039438526204,0.17424039438526204,0,"{""fit_converged"": true, ""final_update_norm"": 8.663717464501314e-06, ""fit_tolerance"": 1e-05, ""hit_round_cap"": false}",0.8712019719263102,82,82,246.0,246.0,19.21875,2.8125,0.5390625,1.7019390661749152,-6.313110590819239,25.249588330606453,13.484748175075975,-9.795814775652449,1.9491328491633793,-1.2672733211621177,9.291599154505047,22.21984794904937,3.146225957868926,22.5703125
45,20260956,FedAvg-P,3,10,0,4,0.5714285714285714,0.4,3001.9695772400314,3565.705851619995,1383.0414689435547,1023,True,0.17424039438526204,0.17424039438526204,0,"{""selected_candidate"": 0, ""candidate_rounds"": [85, 66, 65, 63, 80], ""candidate_diagnostics"": [{""fit_converged"": true, ""final_update_norm"": 9.503616976449641e-06, ""fit_tolerance"": 1e-05, ""hit_round_cap"": false}, {""fit_converged"": true, ""final_update_norm"": 8.270191102558247e-06, ""fit_tolerance"": 1e-05, ""hit_round_cap"": false}, {""fit_converged"": true, ""final_update_norm"": 8.70560588815066e-06, ""fit_tolerance"": 1e-05, ""hit_round_cap"": false}, {""fit_converged"": true, ""final_update_norm"": 8.155196804637002e-06, ""fit_tolerance"": 1e-05, ""hit_round_cap"": false}, {""fit_converged"": true, ""final_update_norm"": 9.472079485769602e-06, ""fit_tolerance"": 1e-05, ""hit_round_cap"": false}]}",0.17424039438526204,85,359,255.0,1077.0,84.140625,0.3515625,0.5390625,2.3559304544431847,-7.03292724689044,25.950685884963594,14.216788825000007,-8.878878103823618,1.9345724113581624,-3.017024940710386,9.181477697065677,22.392930851672173,3.8104544991692797,85.03125
45,20260956,FedAvg,20,10,0,4,0.5714285714285714,0.4,3005.5578665808534,3527.775722825701,1386.6284651808814,1023,True,0.17424039438526204,0.17424039438526204,0,"{""fit_converged"": true, ""final_update_norm"": 7.92061836502598e-06, ""fit_tolerance"": 1e-05, ""hit_round_cap"": false}",,28,28,560.0,560.0,6.5625,0.0,0.5390625,2.802826161871804,-7.869851426438409,25.77889473389333,14.53018860228684,-12.283205799458731,1.7881227594221443,0.043285355714643536,13.794067580392888,23.889985636060334,3.4969393561269304,7.1015625
45,20260956,FedAvg-ST,20,9,1,4,0.46153846153846156,0.3,3003.457573254967,3484.4776399160182,1383.891929910949,959,True,0.17424039438526204,0.17424039438526204,0,"{""fit_converged"": true, ""final_update_norm"": 7.92061836502598e-06, ""fit_tolerance"": 1e-05, ""hit_round_cap"": false}",0.8712019719263102,28,28,560.0,560.0,6.5625,2.8125,0.5390625,1.9316241899454938,-6.9986494545120985,24.90769276196702,13.65898663036053,-11.41200382753242,0.916920787495834,0.0,12.922865608466577,23.018783664134023,2.62573738420062,9.9140625
45,20260956,FedAvg-P,20,9,1,4,0.46153846153846156,0.3,3002.117972951754,3519.8462454111805,1384.963102751924,959,True,0.17424039438526204,0.17424039438526204,0,"{""selected_candidate"": 0, ""candidate_rounds"": [22, 26, 22, 22, 23], ""candidate_diagnostics"": [{""fit_converged"": true, ""final_update_norm"": 5.996601752183646e-06, ""fit_tolerance"": 1e-05, ""hit_round_cap"": false}, {""fit_converged"": true, ""final_update_norm"": 6.657185594679518e-06, ""fit_tolerance"": 1e-05, ""hit_round_cap"": false}, {""fit_converged"": true, ""final_update_norm"": 8.576439715785798e-06, ""fit_tolerance"": 1e-05, ""hit_round_cap"": false}, {""fit_converged"": true, ""final_update_norm"": 5.844539129674587e-06, ""fit_tolerance"": 1e-05, ""hit_round_cap"": false}, {""fit_converged"": true, ""final_update_norm"": 7.2033160059460245e-06, ""fit_tolerance"": 1e-05, ""hit_round_cap"": false}]}",0.17424039438526204,22,115,440.0,2300.0,26.953125,0.3515625,0.5390625,2.6280476453497013,-7.695628770311463,25.611079369968902,14.355944752820193,-11.709846604697484,1.3291909481494084,-0.0,13.53810898595551,23.56793683598954,3.32442098417871,27.84375
46,20260957,Pooled,0,9,1,5,0.7142857142857143,0.5555555555555556,3524.607302545642,3379.5692725843355,1316.5857567187004,991,True,0.5518374944298421,0.4041173983007219,0,{},,0,0,,,0.0,0.0,0.5390625,-1.2680137369847437,-5.551368341148088,25.50998040395015,16.644544245899745,-5.726382055795289,-0.0,-8.554687075845573,-0.06293088395391948,24.1059398584837,4.714975762476483,0.5390625
46,20260957,Pooled-1SE,0,5,5,5,1.0,1.0,3574.557826744064,3774.8594552192676,1354.5539026143674,844,True,0.5518374944298421,4.3751234019797405,0,{},,0,0,,,0.0,0.0,0.5390625,-0.0,-0.0,24.583968681666097,13.426323091115155,-0.0,-0.0,-5.700153895221976,0.0,19.821083088437785,1.693383720405438,0.5390625
46,20260957,Largest-site,0,10,0,5,0.6666666666666666,0.5,3587.7833973552383,3129.4248901595934,1377.4027123117335,1023,True,0.5518374944298421,0.04911656602654168,0,{},,0,0,,,0.0,0.0,0.5390625,-0.54957666430193,-8.476040160931237,23.33870054562176,17.796554384816165,-35.822698513970366,24.016346014579497,-5.099084721243331,2.3615383005032577,36.524185220307025,0.2876546805554873,0.5390625
46,20260957,Largest-site-1SE,0,5,5,5,0.8,0.6666666666666666,3633.3883453063545,3549.8029446943947,1364.3458827724114,334,True,0.5518374944298421,3.575172170821477,0,{},,0,0,,,0.0,0.0,0.5390625,-0.0,-1.281533890122026,21.461468858412715,12.937500728863576,-0.0,-0.0,-14.181982879650626,0.0,21.00646752500336,0.0,0.5390625
46,20260957,One-shot,0,10,0,5,0.6666666666666666,0.5,3528.6349112076055,3341.5179786166577,1328.0831991942202,1023,True,0.5518374944298421,0.5518374944298421,0,{},,1,1,,,0.234375,0.0,0.5390625,-1.2791819923442735,-6.128632818686515,25.060713197466725,18.095399104166212,-17.161110726435435,9.82168204661797,-4.681347829658741,1.1807691502516289,27.88463265799762,4.317607138128142,0.7734375
46,20260957,ADMM,0,8,2,5,0.7692307692307693,0.625,3525.8012825106575,3387.872432959147,1316.4691199616375,863,True,0.5518374944298421,0.5518374944298421,0,{},,263,263,,,61.640625,0.0,0.5390625,-1.05024695742351,-5.327395620873811,25.475885757796192,16.4894013246537,-5.4417525987846656,-0.0,-8.430802449567711,-0.0,23.86270620350927,4.547107479501106,62.1796875
46,20260957,FedAvg,1,10,0,5,0.6666666666666666,0.5,3546.2493256949783,3384.1712009184544,1317.7007486151226,1023,True,0.5518374944298421,0.5518374944298421,0,"{""fit_converged"": true, ""final_update_norm"": 9.775952185242722e-06, ""fit_tolerance"": 1e-05, ""hit_round_cap"": false}",,57,57,57.0,57.0,13.359375,0.0,0.5390625,-1.156696571666901,-5.567076660993597,25.75139886969083,17.04372312030054,-3.9452491602816115,0.030257901942466914,-10.473909925275722,-0.9905871172130734,22.309276586258886,4.448246407265076,13.8984375
46,20260957,FedAvg-ST,1,7,3,5,0.8333333333333334,0.7142857142857143,3508.3663467255874,3674.5009245689143,1346.2313541852532,862,True,0.5518374944298421,0.5518374944298421,0,"{""fit_converged"": true, ""final_update_norm"": 9.775952185242722e-06, ""fit_tolerance"": 1e-05, ""hit_round_cap"": false}",2.7591874721492102,57,57,57.0,57.0,13.359375,2.8125,0.5390625,-0.0,-2.8078891888443867,22.99221139754162,14.28453564815133,-1.1860616881324013,0.0,-7.7147224531265115,-0.0,19.550089114109674,1.6890589351158658,16.7109375
46,20260957,FedAvg-P,1,8,2,5,0.7692307692307693,0.625,3552.859862738893,3407.2014673189306,1319.1022831236692,863,True,0.5518374944298421,0.5518374944298421,0,"{""selected_candidate"": 0, ""candidate_rounds"": [27, 40, 41, 41, 44], ""candidate_diagnostics"": [{""fit_converged"": true, ""final_update_norm"": 7.164826595451832e-06, ""fit_tolerance"": 1e-05, ""hit_round_cap"": false}, {""fit_converged"": true, ""final_update_norm"": 5.6970957280740966e-06, ""fit_tolerance"": 1e-05, ""hit_round_cap"": false}, {""fit_converged"": true, ""final_update_norm"": 8.232730010565476e-06, ""fit_tolerance"": 1e-05, ""hit_round_cap"": false}, {""fit_converged"": true, ""final_update_norm"": 6.728427085614626e-06, ""fit_tolerance"": 1e-05, ""hit_round_cap"": false}, {""fit_converged"": true, ""final_update_norm"": 8.226314909429547e-06, ""fit_tolerance"": 1e-05, ""hit_round_cap"": false}]}",0.5518374944298421,27,193,27.0,193.0,45.234375,0.3515625,0.5390625,-0.2871772369804535,-4.633294031066166,25.943046850322045,16.45183573079398,-3.415018553808401,-0.0,-9.409692230946222,-0.0,21.580054542238084,3.377964854580413,46.125
46,20260957,FedAvg,3,10,0,5,0.6666666666666666,0.5,3551.9828574072003,3361.831931256334,1319.452443586096,1023,True,0.5518374944298421,0.5518374944298421,0,"{""fit_converged"": true, ""final_update_norm"": 9.516437875322552e-06, ""fit_tolerance"": 1e-05, ""hit_round_cap"": false}",,38,38,114.0,114.0,8.90625,0.0,0.5390625,-1.1523021221430012,-5.908544351323822,25.585561451412033,17.664238219271066,-5.408039959340212,1.1926575330348959,-10.428253607979398,-0.866397399826392,22.946732051614948,4.213472032268182,9.4453125
46,20260957,FedAvg-ST,3,7,3,5,0.8333333333333334,0.7142857142857143,3492.7545185741915,3654.6905729064697,1343.2860124250737,862,True,0.5518374944298421,0.5518374944298421,0,"{""fit_converged"": true, ""final_update_norm"": 9.516437875322552e-06, ""fit_tolerance"": 1e-05, ""hit_round_cap"": false}",2.7591874721492102,38,38,114.0,114.0,8.90625,2.8125,0.5390625,-0.0,-3.1493568791746114,22.826373979262822,14.905050747121855,-2.648852487191002,0.0,-7.669066135830188,-0.0,20.187544579465737,1.454284560118972,12.2578125
46,20260957,FedAvg-P,3,9,1,5,0.7142857142857143,0.5555555555555556,3543.878046210499,3387.342819677342,1318.154201877447,991,True,0.5518374944298421,0.5518374944298421,0,"{""selected_candidate"": 0, ""candidate_rounds"": [16, 26, 43, 39, 38], ""candidate_diagnostics"": [{""fit_converged"": true, ""final_update_norm"": 4.2676662814322305e-06, ""fit_tolerance"": 1e-05, ""hit_round_cap"": false}, {""fit_converged"": true, ""final_update_norm"": 6.890291706755589e-06, ""fit_tolerance"": 1e-05, ""hit_round_cap"": false}, {""fit_converged"": true, ""final_update_norm"": 9.665601974632547e-06, ""fit_tolerance"": 1e-05, ""hit_round_cap"": false}, {""fit_converged"": true, ""final_update_norm"": 6.2374343913181554e-06, ""fit_tolerance"": 1e-05, ""hit_round_cap"": false}, {""fit_converged"": true, ""final_update_norm"": 7.643777439743902e-06, ""fit_tolerance"": 1e-05, ""hit_round_cap"": false}]}",0.5518374944298421,16,162,48.0,486.0,37.96875,0.3515625,0.5390625,-0.6282916993036975,-5.341046664932646,25.128301282524355,17.158770315729658,-3.93676022571609,0.0,-9.898798296502617,-0.005128162629020272,22.037027046763573,3.6034170763867888,38.859375
46,20260957,FedAvg,20,9,1,5,0.7142857142857143,0.5555555555555556,3540.200332268799,3353.06717008478,1321.7157493131533,895,True,0.5518374944298421,0.5518374944298421,0,"{""fit_converged"": true, ""final_update_norm"": 5.158694005421842e-06, ""fit_tolerance"": 1e-05, ""hit_round_cap"": false}",,15,15,300.0,300.0,3.515625,0.0,0.5390625,-1.1850016326832886,-6.0638274252399,25.212509738504906,17.94124094408404,-9.765693115689253,4.3367456179773525,-8.176939348440754,0.0,24.90786164778214,4.196372896300554,4.0546875
46,20260957,FedAvg-ST,20,8,2,5,0.7692307692307693,0.625,3460.880912421511,3694.5622422290166,1350.3990772945024,894,True,0.5518374944298421,0.5518374944298421,0,"{""fit_converged"": true, ""final_update_norm"": 5.158694005421842e-06, ""fit_tolerance"": 1e-05, ""hit_round_cap"": false}",2.7591874721492102,15,15,300.0,300.0,3.515625,2.8125,0.5390625,-0.0,-3.30463995309069,22.453322266355695,15.182053471934829,-7.006505643540042,1.5775581458281422,-5.417751876291544,0.0,22.14867417563293,1.4371854241513438,6.8671875
46,20260957,FedAvg-P,20,9,1,5,0.7142857142857143,0.5555555555555556,3519.9846899583226,3398.6755051306354,1320.7707697471171,895,True,0.5518374944298421,0.5518374944298421,0,"{""selected_candidate"": 0, ""candidate_rounds"": [14, 15, 15, 15, 15], ""candidate_diagnostics"": [{""fit_converged"": true, ""final_update_norm"": 9.447308076749842e-06, ""fit_tolerance"": 1e-05, ""hit_round_cap"": false}, {""fit_converged"": true, ""final_update_norm"": 4.730344355131121e-06, ""fit_tolerance"": 1e-05, ""hit_round_cap"": false}, {""fit_converged"": true, ""final_update_norm"": 4.302655948219807e-06, ""fit_tolerance"": 1e-05, ""hit_round_cap"": false}, {""fit_converged"": true, ""final_update_norm"": 4.471984850865877e-06, ""fit_tolerance"": 1e-05, ""hit_round_cap"": false}, {""fit_converged"": true, ""final_update_norm"": 4.57709123771068e-06, ""fit_tolerance"": 1e-05, ""hit_round_cap"": false}]}",0.5518374944298421,14,74,280.0,1480.0,17.34375,0.3515625,0.5390625,-0.6309202317383389,-5.5159376020925395,24.665194975141002,17.386733129554784,-8.820829909502713,3.461513458870699,-7.783655502282281,0.0,24.18498502890939,3.638303639722043,18.234375
47,20260958,Pooled,0,7,3,4,0.7272727272727273,0.5714285714285714,3330.9887833779976,4006.9024310321556,1438.2204149571812,367,True,2.599357694498738,2.677781332864462,0,{},,0,0,,,0.0,0.0,0.5390625,1.4244361089602213,-5.613292980354543,23.711777668787246,12.874058026138243,-0.0,-1.2119812045390297,-10.978352983657459,0.0,23.954000252150728,0.0,0.5390625
47,20260958,Pooled-1SE,0,4,6,4,1.0,1.0,3612.0162387750256,4400.103963818512,1577.3753214555302,332,True,2.599357694498738,14.187734107246706,0,{},,0,0,,,0.0,0.0,0.5390625,0.0,-0.0,19.584002700616757,5.506825359611599,0.0,0.0,-1.771375488436163,0.0,20.51735171145826,0.0,0.5390625
47,20260958,Largest-site,0,6,4,4,0.8,0.6666666666666666,3393.0095823999413,3992.158760777359,1452.833056767886,366,True,2.599357694498738,2.1518949921407557,0,{},,0,0,,,0.0,0.0,0.5390625,-0.0,-2.1255849953067223,25.541187965976643,10.220807692703678,-0.0,-4.234808935404823,-8.082686199822328,0.0,28.60891121370545,0.0,0.5390625
47,20260958,Largest-site-1SE,0,3,7,4,0.8571428571428571,0.75,3796.339460862434,4668.729191173804,1698.0235303293193,268,True,2.599357694498738,18.359276290722303,0,{},,0,0,,,0.0,0.0,0.5390625,0.0,0.0,18.940423497947695,0.21684491142135273,0.0,0.0,-0.0,0.0,19.76130863629657,0.0,0.5390625
47,20260958,One-shot,0,10,0,4,0.5714285714285714,0.4,3304.179880170356,4014.67329191091,1443.0662182745446,1023,True,2.599357694498738,2.599357694498738,0,{},,1,1,,,0.234375,0.0,0.5390625,2.8697512922934894,-6.76975182896385,24.45224893391479,13.740888274584997,-1.0602212372622313,-2.1174044677024115,-9.823068495376758,0.4897991665249455,23.47775533023401,1.2902749965624831,0.7734375
47,20260958,ADMM,0,7,3,4,0.7272727272727273,0.5714285714285714,3328.733865993151,4006.821377555505,1438.1947629991712,367,True,2.599357694498738,2.599357694498738,0,{},,144,144,,,33.75,0.0,0.5390625,1.5250155188874528,-5.7570079331042505,23.755390138592414,12.926161799038194,-0.0,-1.3637077280496332,-11.100714248057837,0.0,23.99409139508307,0.0,34.2890625
47,20260958,FedAvg,1,9,1,4,0.6153846153846154,0.4444444444444444,3305.6098341856678,4013.6690773161026,1440.7337763402213,895,True,2.599357694498738,2.599357694498738,0,"{""fit_converged"": true, ""final_update_norm"": 8.689334594479504e-06, ""fit_tolerance"": 1e-05, ""hit_round_cap"": false}",,19,19,19.0,19.0,4.453125,0.0,0.5390625,2.651568437900388,-6.626579804600679,24.302306202544596,13.32554623260016,-1.3983560871816094,-1.68606350016369,-10.214364657040964,0.0,24.129120805874685,1.0015894242105143,4.9921875
47,20260958,FedAvg-ST,1,4,6,4,1.0,1.0,3630.231608801461,4492.858596344544,1605.4730841911442,332,True,2.599357694498738,2.599357694498738,0,"{""fit_converged"": true, ""final_update_norm"": 8.689334594479504e-06, ""fit_tolerance"": 1e-05, ""hit_round_cap"": false}",6.634559648232704,19,19,19.0,19.0,4.453125,2.8125,0.5390625,0.0,-0.0,17.66774655431189,6.690986584367456,-0.0,-0.0,-3.5798050088082594,0.0,17.494561157641982,0.0,7.8046875
47,20260958,FedAvg-P,1,6,4,4,0.8,0.6666666666666666,3428.610428406497,4022.6741242601092,1461.387516260202,335,True,2.599357694498738,2.599357694498738,0,"{""selected_candidate"": 0, ""candidate_rounds"": [21, 21, 28, 27, 25], ""candidate_diagnostics"": [{""fit_converged"": true, ""final_update_norm"": 5.867881963722436e-06, ""fit_tolerance"": 1e-05, ""hit_round_cap"": false}, {""fit_converged"": true, ""final_update_norm"": 9.992492012775538e-06, ""fit_tolerance"": 1e-05, ""hit_round_cap"": false}, {""fit_converged"": true, ""final_update_norm"": 8.267436224084167e-06, ""fit_tolerance"": 1e-05, ""hit_round_cap"": false}, {""fit_converged"": true, ""final_update_norm"": 6.656298593291547e-06, ""fit_tolerance"": 1e-05, ""hit_round_cap"": false}, {""fit_converged"": true, ""final_update_norm"": 8.085449730940015e-06, ""fit_tolerance"": 1e-05, ""hit_round_cap"": false}]}",2.599357694498738,21,122,21.0,122.0,28.59375,0.3515625,0.5390625,0.25756719317956867,-1.9153635470774724,25.014020117172585,10.710170144375343,-0.0,-0.0,-7.465669529358942,0.0,19.87493029618965,0.0,29.484375
47,20260958,FedAvg,3,10,0,4,0.5714285714285714,0.4,3301.9964151130393,4013.5648481579824,1442.8767580138287,1023,True,2.599357694498738,2.599357694498738,0,"{""fit_converged"": true, ""final_update_norm"": 4.477420988552196e-06, ""fit_tolerance"": 1e-05, ""hit_round_cap"": false}",,8,8,24.0,24.0,1.875,0.0,0.5390625,2.842599527291499,-6.673493658555548,24.538332047207597,13.60836747668434,-1.5389903363265236,-2.082070849684715,-9.822830961423497,0.2134873178386584,23.937266499047322,1.3805298589225725,2.4140625
47,20260958,FedAvg-ST,3,5,5,4,0.8888888888888888,0.8,3632.7277163978642,4486.450305861817,1606.2084026015812,334,True,2.599357694498738,2.599357694498738,0,"{""fit_converged"": true, ""final_update_norm"": 4.477420988552196e-06, ""fit_tolerance"": 1e-05, ""hit_round_cap"": false}",6.634559648232704,8,8,24.0,24.0,1.875,2.8125,0.5390625,0.0,-0.03893401032284416,17.903772398974894,6.973807828451635,-0.0,-0.0,-3.1882713131907927,0.0,17.302706850814616,0.0,5.2265625
47,20260958,FedAvg-P,3,6,4,4,0.8,0.6666666666666666,3382.1483768169583,4074.5925629337,1463.39495240411,335,True,2.599357694498738,2.599357694498738,0,"{""selected_candidate"": 0, ""candidate_rounds"": [8, 7, 7, 7, 8], ""candidate_diagnostics"": [{""fit_converged"": true, ""final_update_norm"": 1.3377677649654586e-06, ""fit_tolerance"": 1e-05, ""hit_round_cap"": false}, {""fit_converged"": true, ""final_update_norm"": 7.487589658011264e-06, ""fit_tolerance"": 1e-05, ""hit_round_cap"": false}, {""fit_converged"": true, ""final_update_norm"": 6.058161946953833e-06, ""fit_tolerance"": 1e-05, ""hit_round_cap"": false}, {""fit_converged"": true, ""final_update_norm"": 7.561319232391794e-06, ""fit_tolerance"": 1e-05, ""hit_round_cap"": false}, {""fit_converged"": true, ""final_update_norm"": 4.302932765124946e-06, ""fit_tolerance"": 1e-05, ""hit_round_cap"": false}]}",2.599357694498738,8,37,24.0,111.0,8.671875,0.3515625,0.5390625,0.18441236385485338,-4.135277843862156,22.034969270368002,11.14843361397806,-0.0,-0.0,-7.2779788251318545,0.0,21.206950051958152,0.0,9.5625
47,20260958,FedAvg,20,10,0,4,0.5714285714285714,0.4,3304.1715923154106,4014.681741366411,1443.0647308803598,1023,True,2.599357694498738,2.599357694498738,0,"{""fit_converged"": true, ""final_update_norm"": 1.1689955835526544e-06, ""fit_tolerance"": 1e-05, ""hit_round_cap"": false}",,3,3,60.0,60.0,0.703125,0.0,0.5390625,2.8697670465035583,-6.770051737925673,24.451839813771876,13.740899115602598,-1.0602238116779774,-2.117404467899345,-9.823943296112095,0.48926924243422143,23.47789875300455,1.2902762031052004,1.2421875
47,20260958,FedAvg-ST,20,5,5,4,0.8888888888888888,0.8,3639.2104695100634,4498.609571507803,1612.527879033943,334,True,2.599357694498738,2.599357694498738,0,"{""fit_converged"": true, ""final_update_norm"": 1.1689955835526544e-06, ""fit_tolerance"": 1e-05, ""hit_round_cap"": false}",6.634559648232704,3,3,60.0,60.0,0.703125,2.8125,0.5390625,0.0,-0.13549208969296878,17.817280165539174,7.106339467369894,-0.0,-0.0,-3.1893836478793904,0.0,16.843339104771843,0.0,4.0546875
47,20260958,FedAvg-P,20,6,4,4,0.8,0.6666666666666666,3384.452160098484,4086.0359907446314,1466.335163483858,335,True,2.599357694498738,2.599357694498738,0,"{""selected_candidate"": 0, ""candidate_rounds"": [3, 3, 3, 3, 3], ""candidate_diagnostics"": [{""fit_converged"": true, ""final_update_norm"": 8.120057581225113e-08, ""fit_tolerance"": 1e-05, ""hit_round_cap"": false}, {""fit_converged"": true, ""final_update_norm"": 6.421636992314473e-08, ""fit_tolerance"": 1e-05, ""hit_round_cap"": false}, {""fit_converged"": true, ""final_update_norm"": 3.540046290884163e-07, ""fit_tolerance"": 1e-05, ""hit_round_cap"": false}, {""fit_converged"": true, ""final_update_norm"": 1.0085026529076873e-06, ""fit_tolerance"": 1e-05, ""hit_round_cap"": false}, {""fit_converged"": true, ""final_update_norm"": 1.1686653602327575e-06, ""fit_tolerance"": 1e-05, ""hit_round_cap"": false}]}",2.599357694498738,3,15,60.0,300.0,3.515625,0.3515625,0.5390625,0.2703989507473712,-4.170552926184777,21.852661032915858,11.141534462982499,-0.0,-0.0,-7.224155958297406,0.0,20.87846324891547,0.0,4.40625
48,20260959,Pooled,0,10,0,6,0.75,0.6,3477.7546517488754,3039.9639467588786,1453.2749614651464,1023,True,0.8878214634249799,0.04351305216452169,0,{},,0,0,,,0.0,0.0,0.5390625,-0.07159742932563828,-11.546415450398385,21.522774564936014,19.975060534110803,-21.496976773903572,13.343417559399217,-5.2742011712907,0.7874734395656088,23.72320801228213,7.708203849525115,0.5390625
48,20260959,Pooled-1SE,0,6,4,6,1.0,1.0,3505.603728768328,3393.1560252626246,1459.8726257362016,846,True,0.8878214634249799,4.019173819164319,0,{},,0,0,,,0.0,0.0,0.5390625,-0.0,-3.2693530763260754,21.915774683909166,14.926249857259549,-0.0,-0.0,-6.613949184506947,0.0,14.417857570281285,5.343287868587259,0.5390625
48,20260959,Largest-site,0,10,0,6,0.75,0.6,3452.0012138285165,3204.4951823611686,1468.3532152795342,1023,True,0.8878214634249799,0.03872381943458476,0,{},,0,0,,,0.0,0.0,0.5390625,1.569514632366764,-9.73707919552442,18.548892377714008,18.58805157136945,-20.836024621204448,13.403361081807276,-5.929488143721105,4.095566787233163,20.29396427730122,5.1051043118815835,0.5390625
48,20260959,Largest-site-1SE,0,5,5,6,0.9090909090909091,0.8333333333333334,3604.92070109615,3686.048923787895,1527.0078349370867,844,True,0.8878214634249799,4.538827772854843,0,{},,0,0,,,0.0,0.0,0.5390625,0.0,-0.0,18.03078298490693,13.05679984790126,0.0,0.0,-8.280655378311307,0.0,12.528271103564323,2.697388215647774,0.5390625
48,20260959,One-shot,0,10,0,6,0.75,0.6,3403.152574638048,3122.2303759338242,1446.7827648266898,1023,True,0.8878214634249799,0.8878214634249799,0,{},,1,1,,,0.234375,0.0,0.5390625,-0.8158898216637572,-8.799737698498022,23.694194772431118,18.652494793152876,-14.249972398696368,6.128702477289119,-3.1303670055643558,6.295134991666188,18.195582514313585,6.410347831822737,0.7734375
48,20260959,ADMM,0,7,3,6,0.9230769230769231,0.8571428571428571,3476.4523959653548,3098.843431418803,1427.695672708028,862,True,0.8878214634249799,0.8878214634249799,0,{},,203,203,,,47.578125,0.0,0.5390625,-0.0,-9.694015880791882,21.74266128361896,18.884155272719422,-4.070405872185847,-0.0,-10.5725502066747,0.0,16.84654616906856,7.086041241211299,48.1171875
48,20260959,FedAvg,1,10,0,6,0.75,0.6,3448.7170082801294,3103.0097669469396,1435.1383985776297,1023,True,0.8878214634249799,0.8878214634249799,0,"{""fit_converged"": true, ""final_update_norm"": 9.222279266547364e-06, ""fit_tolerance"": 1e-05, ""hit_round_cap"": false}",,79,79,79.0,79.0,18.515625,0.0,0.5390625,-0.3943188198056117,-9.856517744573432,21.96028812808787,18.689934425614084,-8.427184905140209,3.071734370620027,-7.795052580666759,2.466302444909855,17.537414305016156,6.952168033721844,19.0546875
48,20260959,FedAvg-ST,1,7,3,6,0.9230769230769231,0.8571428571428571,3740.503031348235,3537.8359988986836,1515.3550073539818,862,True,0.8878214634249799,0.8878214634249799,0,"{""fit_converged"": true, ""final_update_norm"": 9.222279266547364e-06, ""fit_tolerance"": 1e-05, ""hit_round_cap"": false}",3.5477607811454694,79,79,79.0,79.0,18.515625,2.8125,0.5390625,-0.0,-6.308756963427963,18.4125273469424,15.142173644468613,-4.879424123994739,0.0,-4.24729179952129,0.0,13.989653523870686,3.404407252576375,21.8671875
48,20260959,FedAvg-P,1,8,2,6,0.8571428571428571,0.75,3441.0631379071006,3241.42990326525,1436.200683398095,990,True,0.8878214634249799,0.8878214634249799,0,"{""selected_candidate"": 0, ""candidate_rounds"": [31, 30, 65, 89, 81], ""candidate_diagnostics"": [{""fit_converged"": true, ""final_update_norm"": 7.331329228413954e-06, ""fit_tolerance"": 1e-05, ""hit_round_cap"": false}, {""fit_converged"": true, ""final_update_norm"": 9.190720237931555e-06, ""fit_tolerance"": 1e-05, ""hit_round_cap"": false}, {""fit_converged"": true, ""final_update_norm"": 8.709998213534201e-06, ""fit_tolerance"": 1e-05, ""hit_round_cap"": false}, {""fit_converged"": true, ""final_update_norm"": 9.185823614916947e-06, ""fit_tolerance"": 1e-05, ""hit_round_cap"": false}, {""fit_converged"": true, ""final_update_norm"": 8.619493049788023e-06, ""fit_tolerance"": 1e-05, ""hit_round_cap"": false}]}",0.8878214634249799,31,296,31.0,296.0,69.375,0.3515625,0.5390625,-0.0,-7.868859442343775,23.066371541001846,17.913338385982755,-1.4010922936807666,-0.0,-10.36039558932567,0.20055682569962596,13.65260874595026,4.824560897088974,70.265625
48,20260959,FedAvg,3,10,0,6,0.75,0.6,3409.5524287558032,3128.071533252719,1439.8905946610591,1023,True,0.8878214634249799,0.8878214634249799,0,"{""fit_converged"": true, ""final_update_norm"": 8.580509515429015e-06, ""fit_tolerance"": 1e-05, ""hit_round_cap"": false}",,52,52,156.0,156.0,12.1875,0.0,0.5390625,-1.205890937349511,-8.87060992704961,23.070583127698928,18.44666370054404,-9.183328185017942,2.9964031107504683,-6.143961973457479,4.5825497113679114,16.895417210128166,6.495862103567337,12.7265625
48,20260959,FedAvg-ST,3,9,1,6,0.8,0.6666666666666666,3646.8635768332233,3469.145349378934,1492.92939324304,1022,True,0.8878214634249799,0.8878214634249799,0,"{""fit_converged"": true, ""final_update_norm"": 8.580509515429015e-06, ""fit_tolerance"": 1e-05, ""hit_round_cap"": false}",2.835391366115012,52,52,156.0,156.0,12.1875,2.8125,0.5390625,-0.0,-6.035218560934599,20.235191761583916,15.611272334429028,-6.34793681890293,0.1610117446354562,-3.308570607342467,1.7471583452528994,14.060025844013154,3.6604707374523247,15.5390625
48,20260959,FedAvg-P,3,9,1,6,0.8,0.6666666666666666,3448.0493650751064,3216.6222012395497,1437.620595172686,991,True,0.8878214634249799,0.8878214634249799,0,"{""selected_candidate"": 0, ""candidate_rounds"": [19, 44, 53, 55, 52], ""candidate_diagnostics"": [{""fit_converged"": true, ""final_update_norm"": 6.898709697718621e-06, ""fit_tolerance"": 1e-05, ""hit_round_cap"": false}, {""fit_converged"": true, ""final_update_norm"": 8.860259056162393e-06, ""fit_tolerance"": 1e-05, ""hit_round_cap"": false}, {""fit_converged"": true, ""final_update_norm"": 8.381654391780923e-06, ""fit_tolerance"": 1e-05, ""hit_round_cap"": false}, {""fit_converged"": true, ""final_update_norm"": 8.209287194294287e-06, ""fit_tolerance"": 1e-05, ""hit_round_cap"": false}, {""fit_converged"": true, ""final_update_norm"": 9.527708028991289e-06, ""fit_tolerance"": 1e-05, ""hit_round_cap"": false}]}",0.8878214634249799,19,223,57.0,669.0,52.265625,0.3515625,0.5390625,-0.4967884387377475,-8.02533063843849,22.367004010882606,17.704946958143193,-4.141926329299766,0.0,-7.546094515901344,2.665566011141392,14.52896989877231,5.41720006938122,53.15625
48,20260959,FedAvg,20,10,0,6,0.75,0.6,3406.4548396215296,3123.8736850674245,1443.0306088790385,1023,True,0.8878214634249799,0.8878214634249799,0,"{""fit_converged"": true, ""final_update_norm"": 5.082920796280178e-06, ""fit_tolerance"": 1e-05, ""hit_round_cap"": false}",,16,16,320.0,320.0,3.75,0.0,0.5390625,-0.7909816699057773,-8.744317729379063,23.690120113527062,18.633427742347614,-11.57945877852012,3.9376590765386847,-4.2131142632325185,6.086897396974066,17.23439791715551,6.367314524575615,4.2890625
48,20260959,FedAvg-ST,20,9,1,6,0.8,0.6666666666666666,3636.8814507804877,3471.2014472739343,1496.4167346146119,1022,True,0.8878214634249799,0.8878214634249799,0,"{""fit_converged"": true, ""final_update_norm"": 5.082920796280178e-06, ""fit_tolerance"": 1e-05, ""hit_round_cap"": false}",2.835391366115012,16,16,320.0,320.0,3.75,2.8125,0.5390625,-0.0,-5.908926363264051,20.85472874741205,15.798036376232602,-8.744067412405109,1.1022677104236727,-1.3777228971175064,3.2515060308590535,14.399006551040497,3.5319231584606032,7.1015625
48,20260959,FedAvg-P,20,9,1,6,0.8,0.6666666666666666,3448.8064957604956,3200.364382419644,1444.2345695923443,1022,True,0.8878214634249799,0.8878214634249799,0,"{""selected_candidate"": 0, ""candidate_rounds"": [14, 14, 15, 15, 15], ""candidate_diagnostics"": [{""fit_converged"": true, ""final_update_norm"": 3.1900128616829838e-06, ""fit_tolerance"": 1e-05, ""hit_round_cap"": false}, {""fit_converged"": true, ""final_update_norm"": 7.388816656329711e-06, ""fit_tolerance"": 1e-05, ""hit_round_cap"": false}, {""fit_converged"": true, ""final_update_norm"": 4.563224502641135e-06, ""fit_tolerance"": 1e-05, ""hit_round_cap"": false}, {""fit_converged"": true, ""final_update_norm"": 7.24052457952389e-06, ""fit_tolerance"": 1e-05, ""hit_round_cap"": false}, {""fit_converged"": true, ""final_update_norm"": 9.837422629384887e-06, ""fit_tolerance"": 1e-05, ""hit_round_cap"": false}]}",0.8878214634249799,14,73,280.0,1460.0,17.109375,0.3515625,0.5390625,-0.0,-7.852855154849629,22.79777532338,17.737575111715575,-9.985982245271252,2.559953236167434,-3.692984516677548,5.036446076882258,16.110542414241145,5.468224420717979,18.0
49,20260960,Pooled,0,6,4,2,0.5,0.3333333333333333,2756.6021956013547,2781.9421258583234,2077.3720620387503,846,True,6.868800462323078,3.571530638387624,0,{},,0,0,,,0.0,0.0,0.5390625,-0.0,-6.05387939903945,28.580437519559435,7.79400336546361,-0.0,-0.0,-8.746277891952888,0.0,22.95832587551517,1.4381566171434568,0.5390625
49,20260960,Pooled-1SE,0,2,8,2,1.0,1.0,3382.563562385634,3045.6431147256817,2169.498328586208,260,True,6.868800462323078,18.9231011626794,0,{},,0,0,,,0.0,0.0,0.5390625,0.0,-0.0,22.5600306329539,0.0,0.0,0.0,-0.0,0.0,16.768092281614543,0.0,0.5390625
49,20260960,Largest-site,0,6,4,2,0.5,0.3333333333333333,2775.855954550453,2769.954829102687,2079.457017405464,846,True,6.868800462323078,7.272757334466179,0,{},,0,0,,,0.0,0.0,0.5390625,0.0,-3.65786340175325,20.968811246274154,7.396996579784485,-0.0,-0.0,-6.970075736789385,0.0,25.327031797586272,3.563899958407856,0.5390625
49,20260960,Largest-site-1SE,0,2,8,2,1.0,1.0,3715.4689346118844,3187.068197919198,2333.6405330419025,260,True,6.868800462323078,23.929877548480366,0,{},,0,0,,,0.0,0.0,0.5390625,0.0,-0.0,10.009403495120687,0.0,0.0,0.0,-0.0,0.0,20.98720981649544,0.0,0.5390625
49,20260960,One-shot,0,8,2,2,0.4,0.25,2825.640076991144,2772.2307919237637,2062.0240373456722,975,True,6.868800462323078,6.868800462323078,0,{},,1,1,,,0.234375,0.0,0.5390625,0.40787204411804906,-3.5870363541592614,26.220481341027337,5.888312265770375,0.0,0.0,-7.388862747934784,0.20155093295571946,21.739382336759505,1.2573535979773311,0.7734375
49,20260960,ADMM,0,5,5,2,0.5714285714285714,0.4,2897.478203950201,2816.176297176067,2053.0975146397004,334,True,6.868800462323078,6.868800462323078,0,{},,133,133,,,31.171875,0.0,0.5390625,0.0,-0.44126513758454555,28.3122027377681,4.835686100443507,-0.0,-0.0,-4.715589967761527,0.0,22.58736368036216,0.0,31.7109375
49,20260960,FedAvg,1,10,0,2,0.3333333333333333,0.2,2788.9707074877992,2770.6200273769705,2070.2890078058062,1023,True,6.868800462323078,6.868800462323078,0,"{""fit_converged"": true, ""final_update_norm"": 7.979134929384522e-06, ""fit_tolerance"": 1e-05, ""hit_round_cap"": false}",,22,22,22.0,22.0,5.15625,0.0,0.5390625,0.7474251318037922,-3.486735490665086,25.871992027383655,6.524219059164534,-0.5999885971493697,-0.499669854638254,-6.538240364117645,0.20352824996451818,22.702206264128414,0.6635920452826329,5.6953125
49,20260960,FedAvg-ST,1,2,8,2,1.0,1.0,3541.8466229224955,3134.785349839565,2240.7154151671093,260,True,6.868800462323078,6.868800462323078,0,"{""fit_converged"": true, ""final_update_norm"": 7.979134929384522e-06, ""fit_tolerance"": 1e-05, ""hit_round_cap"": false}",7.152563026418107,22,22,22.0,22.0,5.15625,2.8125,0.5390625,0.0,-0.0,18.719429000965548,0.0,-0.0,-0.0,-0.0,0.0,15.549643237710306,0.0,8.5078125
49,20260960,FedAvg-P,1,4,6,2,0.6666666666666666,0.5,3060.442820170157,2899.550489722423,2088.6108357335384,332,True,6.868800462323078,6.868800462323078,0,"{""selected_candidate"": 1, ""candidate_rounds"": [16, 19, 20, 21, 20], ""candidate_diagnostics"": [{""fit_converged"": true, ""final_update_norm"": 9.893917380994095e-06, ""fit_tolerance"": 1e-05, ""hit_round_cap"": false}, {""fit_converged"": true, ""final_update_norm"": 4.7737121531516605e-06, ""fit_tolerance"": 1e-05, ""hit_round_cap"": false}, {""fit_converged"": true, ""final_update_norm"": 4.23525097091841e-06, ""fit_tolerance"": 1e-05, ""hit_round_cap"": false}, {""fit_converged"": true, ""final_update_norm"": 4.396545630590799e-06, ""fit_tolerance"": 1e-05, ""hit_round_cap"": false}, {""fit_converged"": true, ""final_update_norm"": 8.049220181828364e-06, ""fit_tolerance"": 1e-05, ""hit_round_cap"": false}]}",3.434400231161539,19,96,19.0,96.0,22.5,0.3515625,0.5390625,0.0,-0.0,28.13869269071416,3.9676303717887214,-0.0,-0.0,-3.5199428550979723,0.0,15.097537294518855,-0.0,23.390625
49,20260960,FedAvg,3,10,0,2,0.3333333333333333,0.2,2817.251938901985,2768.9179949263053,2065.1230171733637,1023,True,6.868800462323078,6.868800462323078,0,"{""fit_converged"": true, ""final_update_norm"": 6.496150724458928e-06, ""fit_tolerance"": 1e-05, ""hit_round_cap"": false}",,12,12,36.0,36.0,2.8125,0.0,0.5390625,0.2958481135427987,-3.583535855187656,26.005674106629964,6.016706847114033,-0.07426636515735145,-0.5107558806408999,-7.044401359910659,0.5318883381028929,21.87590526308552,1.2324809568906565,3.3515625
49,20260960,FedAvg-ST,3,2,8,2,1.0,1.0,3568.3722258984003,3157.1006399821317,2251.219757637194,260,True,6.868800462323078,6.868800462323078,0,"{""fit_converged"": true, ""final_update_norm"": 6.496150724458928e-06, ""fit_tolerance"": 1e-05, ""hit_round_cap"": false}",7.152563026418107,12,12,36.0,36.0,2.8125,2.8125,0.5390625,0.0,-0.0,18.853111080211857,0.0,-0.0,-0.0,-0.0,0.0,14.723342236667413,0.0,6.1640625
49,20260960,FedAvg-P,3,3,7,2,0.8,0.6666666666666666,3533.8682081273028,3133.5974324717477,2235.0657591145505,324,True,6.868800462323078,6.868800462323078,0,"{""selected_candidate"": 0, ""candidate_rounds"": [8, 7, 8, 8, 11], ""candidate_diagnostics"": [{""fit_converged"": true, ""final_update_norm"": 1.2753121007920401e-06, ""fit_tolerance"": 1e-05, ""hit_round_cap"": false}, {""fit_converged"": true, ""final_update_norm"": 3.051277103608218e-07, ""fit_tolerance"": 1e-05, ""hit_round_cap"": false}, {""fit_converged"": true, ""final_update_norm"": 6.408236296218818e-07, ""fit_tolerance"": 1e-05, ""hit_round_cap"": false}, {""fit_converged"": true, ""final_update_norm"": 4.329753937323073e-06, ""fit_tolerance"": 1e-05, ""hit_round_cap"": false}, {""fit_converged"": true, ""final_update_norm"": 5.759296980708453e-06, ""fit_tolerance"": 1e-05, ""hit_round_cap"": false}]}",6.868800462323078,8,42,24.0,126.0,9.84375,0.3515625,0.5390625,0.0,-0.0,19.686642642158183,0.0,0.0,-0.0,-0.5502702897431409,0.0,14.481799398286219,0.0,10.734375
49,20260960,FedAvg,20,8,2,2,0.4,0.25,2825.64066409246,2772.229740742,2062.023570393545,975,True,6.868800462323078,6.868800462323078,0,"{""fit_converged"": true, ""final_update_norm"": 8.060599759744713e-09, ""fit_tolerance"": 1e-05, ""hit_round_cap"": false}",,3,3,60.0,60.0,0.703125,0.0,0.5390625,0.40782358748712366,-3.586976442575294,26.220445840557254,5.888279390657521,0.0,0.0,-7.38897139522882,0.20143762564947876,21.73941135053776,1.2573631473863796,1.2421875
49,20260960,FedAvg-ST,20,3,7,2,0.8,0.6666666666666666,3559.5683766577586,3150.4311291306776,2247.000616495358,324,True,6.868800462323078,6.868800462323078,0,"{""fit_converged"": true, ""final_update_norm"": 8.060599759744713e-09, ""fit_tolerance"": 1e-05, ""hit_round_cap"": false}",7.152563026418107,3,3,60.0,60.0,0.703125,2.8125,0.5390625,0.0,-0.0,19.067882814139146,0.0,0.0,0.0,-0.23640836881071348,0.0,14.586848324119654,0.0,4.0546875
49,20260960,FedAvg-P,20,3,7,2,0.8,0.6666666666666666,3531.416252717429,3128.6218643613233,2234.756068418098,324,True,6.868800462323078,6.868800462323078,0,"{""selected_candidate"": 0, ""candidate_rounds"": [3, 3, 3, 3, 3], ""candidate_diagnostics"": [{""fit_converged"": true, ""final_update_norm"": 1.4774441335002067e-09, ""fit_tolerance"": 1e-05, ""hit_round_cap"": false}, {""fit_converged"": true, ""final_update_norm"": 1.1862201180737157e-09, ""fit_tolerance"": 1e-05, ""hit_round_cap"": false}, {""fit_converged"": true, ""final_update_norm"": 1.3845100708567977e-09, ""fit_tolerance"": 1e-05, ""hit_round_cap"": false}, {""fit_converged"": true, ""final_update_norm"": 1.4510832216265378e-09, ""fit_tolerance"": 1e-05, ""hit_round_cap"": false}, {""fit_converged"": true, ""final_update_norm"": 1.4725456253206682e-09, ""fit_tolerance"": 1e-05, ""hit_round_cap"": false}]}",6.868800462323078,3,15,60.0,300.0,3.515625,0.3515625,0.5390625,0.0,-0.0,19.351706482817107,0.0,0.0,0.0,-0.5200450778852836,0.0,14.870604713248207,0.0,4.40625
50,20260961,Pooled,0,7,3,4,0.7272727272727273,0.5714285714285714,2813.492912092876,3012.5523904909687,1995.847365682989,862,True,6.279562844243393,4.231586501565981,0,{},,0,0,,,0.0,0.0,0.5390625,0.0,-6.35481430312849,19.215878503075274,8.645127016480876,-3.5341232704882386,-0.0,-11.881594645327988,0.0,26.962276944056352,0.7605934030572814,0.5390625
50,20260961,Pooled-1SE,0,4,6,4,1.0,1.0,3128.373926795469,3390.666238439039,2039.3886669713484,332,True,6.279562844243393,13.923377635383316,0,{},,0,0,,,0.0,0.0,0.5390625,0.0,-0.0,15.487441457480486,2.029734604835578,-0.0,-0.0,-4.618301156399762,0.0,22.482795585004386,0.0,0.5390625
50,20260961,Largest-site,0,7,3,4,0.7272727272727273,0.5714285714285714,3210.2300577006986,3301.4131957327713,2069.2584711368872,847,True,6.279562844243393,2.389238869971331,0,{},,0,0,,,0.0,0.0,0.5390625,7.685360868566967,-9.697414291481131,14.574562103274245,5.10717107425058,-0.0,-0.0,-17.723776192957647,-0.0,30.072471926975826,0.4314373316094096,0.5390625
50,20260961,Largest-site-1SE,0,3,7,4,0.8571428571428571,0.75,3391.8051896849215,3651.5811454227455,2078.8212766053693,324,True,6.279562844243393,16.063707162918913,0,{},,0,0,,,0.0,0.0,0.5390625,0.0,-0.0,11.27899478678771,0.0,0.0,0.0,-7.398185284469835,0.0,22.4781973542546,0.0,0.5390625
50,20260961,One-shot,0,8,2,4,0.6666666666666666,0.5,2945.3445284075992,3125.1445683871943,2008.3028866508803,863,True,6.279562844243393,6.279562844243393,0,{},,1,1,,,0.234375,0.0,0.5390625,3.8426804342834835,-5.690682407823488,15.752740426984147,8.47905935083925,-3.0121375862424333,0.0,-13.801349162178212,0.0,25.605968342055778,0.8325766531136788,0.7734375
50,20260961,ADMM,0,5,5,4,0.8888888888888888,0.8,2856.472023653655,3042.813702628348,1980.1460586895769,334,True,6.279562844243393,6.279562844243393,0,{},,129,129,,,30.234375,0.0,0.5390625,0.0,-2.9332752268764595,18.54075035017662,6.682176048938933,-0.0,-0.0,-10.27843298855458,0.0,24.860742572380623,0.0,30.7734375
50,20260961,FedAvg,1,8,2,4,0.6666666666666666,0.5,2925.967802401143,3112.968287383631,2003.2716073484366,863,True,6.279562844243393,6.279562844243393,0,"{""fit_converged"": true, ""final_update_norm"": 7.5896942795642e-06, ""fit_tolerance"": 1e-05, ""hit_round_cap"": false}",,16,16,16.0,16.0,3.75,0.0,0.5390625,3.5973093605703337,-4.946496819465967,16.091291977599234,8.542666108731497,-3.0383542214215953,0.0,-12.591306960870739,0.0,25.804577930578468,0.40848258669334997,4.2890625
50,20260961,FedAvg-ST,1,5,5,4,0.8888888888888888,0.8,3170.4459990900646,3442.141260897371,2036.1420675441843,334,True,6.279562844243393,6.279562844243393,0,"{""fit_converged"": true, ""final_update_norm"": 7.5896942795642e-06, ""fit_tolerance"": 1e-05, ""hit_round_cap"": false}",4.176645086195126,16,16,16.0,16.0,3.75,2.8125,0.5390625,0.0,-0.7698517332708406,11.914646891404107,4.366021022536371,-0.0,0.0,-8.414661874675613,0.0,21.62793284438334,0.0,7.1015625
50,20260961,FedAvg-P,1,5,5,4,0.8888888888888888,0.8,3104.3934260374335,3467.2403873106405,2091.059870255407,333,True,6.279562844243393,6.279562844243393,0,"{""selected_candidate"": 0, ""candidate_rounds"": [16, 16, 16, 15, 15], ""candidate_diagnostics"": [{""fit_converged"": true, ""final_update_norm"": 3.87982312312396e-06, ""fit_tolerance"": 1e-05, ""hit_round_cap"": false}, {""fit_converged"": true, ""final_update_norm"": 4.083200996994841e-06, ""fit_tolerance"": 1e-05, ""hit_round_cap"": false}, {""fit_converged"": true, ""final_update_norm"": 7.593486710433354e-06, ""fit_tolerance"": 1e-05, ""hit_round_cap"": false}, {""fit_converged"": true, ""final_update_norm"": 7.821243234246172e-06, ""fit_tolerance"": 1e-05, ""hit_round_cap"": false}, {""fit_converged"": true, ""final_update_norm"": 8.120692455668741e-06, ""fit_tolerance"": 1e-05, ""hit_round_cap"": false}]}",6.279562844243393,16,78,16.0,78.0,18.28125,0.3515625,0.5390625,0.2346138351355611,-0.0,18.120803698146492,2.2146966259094727,-0.0,-0.0,-6.567791125866692,0.0,14.179286538636362,0.0,19.171875
50,20260961,FedAvg,3,8,2,4,0.6666666666666666,0.5,2939.665275183661,3121.4269113619675,2007.5701178440368,863,True,6.279562844243393,6.279562844243393,0,"{""fit_converged"": true, ""final_update_norm"": 2.71209080017119e-06, ""fit_tolerance"": 1e-05, ""hit_round_cap"": false}",,7,7,21.0,21.0,1.640625,0.0,0.5390625,3.66263290672547,-5.666927175440818,15.778723728655814,8.591809150283435,-3.167645251460857,0.0,-13.600373520340664,0.0,25.836248530935745,0.8015813058755415,2.1796875
50,20260961,FedAvg-ST,3,5,5,4,0.8888888888888888,0.8,3290.3205553976522,3581.9263734826613,2066.8434697273465,334,True,6.279562844243393,6.279562844243393,0,"{""fit_converged"": true, ""final_update_norm"": 2.71209080017119e-06, ""fit_tolerance"": 1e-05, ""hit_round_cap"": false}",5.22599377660867,7,7,21.0,21.0,1.640625,2.8125,0.5390625,0.0,-0.440933398832148,10.552729952047144,3.3658153736747654,-0.0,0.0,-8.374379743731994,0.0,20.610254754327073,0.0,4.9921875
50,20260961,FedAvg-P,3,6,4,4,0.8,0.6666666666666666,3069.9559066523784,3314.120163243154,2008.20354584017,335,True,6.279562844243393,6.279562844243393,0,"{""selected_candidate"": 1, ""candidate_rounds"": [7, 7, 7, 7, 7], ""candidate_diagnostics"": [{""fit_converged"": true, ""final_update_norm"": 8.708233549707975e-06, ""fit_tolerance"": 1e-05, ""hit_round_cap"": false}, {""fit_converged"": true, ""final_update_norm"": 5.732479327902829e-07, ""fit_tolerance"": 1e-05, ""hit_round_cap"": false}, {""fit_converged"": true, ""final_update_norm"": 2.0164373450444596e-06, ""fit_tolerance"": 1e-05, ""hit_round_cap"": false}, {""fit_converged"": true, ""final_update_norm"": 1.5769458632090193e-06, ""fit_tolerance"": 1e-05, ""hit_round_cap"": false}, {""fit_converged"": true, ""final_update_norm"": 2.8808583134306723e-06, ""fit_tolerance"": 1e-05, ""hit_round_cap"": false}]}",3.1397814221216964,7,35,21.0,105.0,8.203125,0.3515625,0.5390625,0.4352758899317366,-2.6378215414882074,12.761105723297177,5.608333150696263,-0.0,0.0,-10.808682676940656,0.0,22.476446384654135,0.0,9.09375
50,20260961,FedAvg,20,8,2,4,0.6666666666666666,0.5,2945.3444836459526,3125.1445125147543,2008.3028770266164,863,True,6.279562844243393,6.279562844243393,0,"{""fit_converged"": true, ""final_update_norm"": 1.4552533810661335e-07, ""fit_tolerance"": 1e-05, ""hit_round_cap"": false}",,3,3,60.0,60.0,0.703125,0.0,0.5390625,3.842680425227096,-5.690677692695912,15.752742373320043,8.479059410257547,-3.0121403856506883,0.0,-13.801343403339875,0.0,25.60597174700284,0.8325758775180547,1.2421875
50,20260961,FedAvg-ST,20,5,5,4,0.8888888888888888,0.8,3298.0033249502594,3591.549993528145,2069.091462025722,334,True,6.279562844243393,6.279562844243393,0,"{""fit_converged"": true, ""final_update_norm"": 1.4552533810661335e-07, ""fit_tolerance"": 1e-05, ""hit_round_cap"": false}",5.22599377660867,3,3,60.0,60.0,0.703125,2.8125,0.5390625,0.0,-0.46468391608724247,10.526748596711373,3.253065633648877,-0.0,0.0,-8.575349626731205,0.0,20.379977970394172,0.0,4.0546875
50,20260961,FedAvg-P,20,6,4,4,0.8,0.6666666666666666,3086.9036987798413,3329.969531240492,2010.9107409938315,335,True,6.279562844243393,6.279562844243393,0,"{""selected_candidate"": 1, ""candidate_rounds"": [3, 3, 3, 3, 3], ""candidate_diagnostics"": [{""fit_converged"": true, ""final_update_norm"": 3.477092907321803e-07, ""fit_tolerance"": 1e-05, ""hit_round_cap"": false}, {""fit_converged"": true, ""final_update_norm"": 1.31803149462903e-07, ""fit_tolerance"": 1e-05, ""hit_round_cap"": false}, {""fit_converged"": true, ""final_update_norm"": 1.1277951131726692e-07, ""fit_tolerance"": 1e-05, ""hit_round_cap"": false}, {""fit_converged"": true, ""final_update_norm"": 6.211256478158929e-08, ""fit_tolerance"": 1e-05, ""hit_round_cap"": false}, {""fit_converged"": true, ""final_update_norm"": 5.7672365047093545e-08, ""fit_tolerance"": 1e-05, ""hit_round_cap"": false}]}",3.1397814221216964,3,15,60.0,300.0,3.515625,0.3515625,0.5390625,0.7028989931486151,-2.5509007116141835,12.612958230343228,5.339277520213102,-0.0,0.0,-10.661566899277275,0.0,22.46618864550933,0.0,4.40625
51,20260962,Pooled,0,7,3,4,0.7272727272727273,0.5714285714285714,2693.3266680236875,3047.7074957978925,1718.6808602145552,862,True,2.5505668244926323,1.9957268625250915,0,{},,0,0,,,0.0,0.0,0.5390625,-0.0,-7.482933193667247,25.63504861159016,11.900573605656989,-11.026199913377734,-0.0,-8.887665653498694,0.0,26.25007894463525,2.052505125580884,0.5390625
51,20260962,Pooled-1SE,0,4,6,4,1.0,1.0,2793.779716528366,3382.745735012578,1836.969089102353,332,True,2.5505668244926323,10.573993376041237,0,{},,0,0,,,0.0,0.0,0.5390625,0.0,-0.0,22.313439238376176,4.432888467705685,-0.0,-0.0,-5.234475492690441,0.0,17.41425711033338,0.0,0.5390625
51,20260962,Largest-site,0,9,1,4,0.6153846153846154,0.4444444444444444,3002.1082449156092,3173.9841366182,2160.0479970123656,895,True,2.5505668244926323,0.13053982064284642,0,{},,0,0,,,0.0,0.0,0.5390625,-2.2843387247708096,-8.695657336966152,26.112121489177053,6.031543838271086,-82.19859689317404,58.52576116268466,13.004344469898824,0.0,54.20315728671225,8.63977855170559,0.5390625
51,20260962,Largest-site-1SE,0,7,3,4,0.7272727272727273,0.5714285714285714,2769.2506765734984,3098.1535743670856,1749.6263223720082,862,True,2.5505668244926323,2.8878231785951933,0,{},,0,0,,,0.0,0.0,0.5390625,-0.0,-5.261718801187618,27.907715426344357,4.06777658300782,-9.400147403499018,-0.0,-10.93744062484382,0.0,25.915786631703043,5.178859083359612,0.5390625
51,20260962,One-shot,0,10,0,4,0.5714285714285714,0.4,2728.858328104219,3015.237738521143,1884.932201180702,1023,True,2.5505668244926323,2.5505668244926323,0,{},,1,1,,,0.234375,0.0,0.5390625,-1.1421693623854048,-5.32788964131937,23.852307929728518,12.233323561099155,-41.09929844658702,26.36229834975826,3.500859999607356,2.5170795700818873,33.80540305762261,5.696932238015763,0.7734375
51,20260962,ADMM,0,7,3,4,0.7272727272727273,0.5714285714285714,2672.49962276738,3050.803036208006,1717.5329370215443,862,True,2.5505668244926323,2.5505668244926323,0,{},,286,286,,,67.03125,0.0,0.5390625,-0.0,-6.704310627048733,25.444170649381448,11.446607859680208,-9.750830306114507,-0.0,-8.806895430067643,0.0,25.46685552761693,1.47748116084514,67.5703125
51,20260962,FedAvg,1,10,0,4,0.5714285714285714,0.4,2715.8428895069437,3008.212108464167,1726.8837978927872,1023,True,2.5505668244926323,2.5505668244926323,0,"{""fit_converged"": true, ""final_update_norm"": 8.360763006052266e-06, ""fit_tolerance"": 1e-05, ""hit_round_cap"": false}",,52,52,52.0,52.0,12.1875,0.0,0.5390625,-1.2130555964635161,-7.423870116109656,24.04386032722365,11.697457590967472,-10.29354592373679,-0.0660218565056675,-9.361190151764411,0.02234601700193616,24.58954704877253,5.48714352447393,12.7265625
51,20260962,FedAvg-ST,1,7,3,4,0.7272727272727273,0.5714285714285714,2921.4569796969167,3429.414074299988,1834.0610002442988,862,True,2.5505668244926323,2.5505668244926323,0,"{""fit_converged"": true, ""final_update_norm"": 8.360763006052266e-06, ""fit_tolerance"": 1e-05, ""hit_round_cap"": false}",5.202851700908492,52,52,52.0,52.0,12.1875,2.8125,0.5390625,-0.0,-2.221018415201164,18.84100862631516,6.49460589005898,-5.090694222828298,-0.0,-4.158338450855919,0.0,19.386695347864038,0.2842918235654377,15.5390625
51,20260962,FedAvg-P,1,7,3,4,0.7272727272727273,0.5714285714285714,2652.016826487325,3124.1831996825854,1741.742248242303,862,True,2.5505668244926323,2.5505668244926323,0,"{""selected_candidate"": 0, ""candidate_rounds"": [23, 21, 21, 23, 25], ""candidate_diagnostics"": [{""fit_converged"": true, ""final_update_norm"": 9.302721206379162e-06, ""fit_tolerance"": 1e-05, ""hit_round_cap"": false}, {""fit_converged"": true, ""final_update_norm"": 9.956883978016018e-06, ""fit_tolerance"": 1e-05, ""hit_round_cap"": false}, {""fit_converged"": true, ""final_update_norm"": 9.109366117529233e-06, ""fit_tolerance"": 1e-05, ""hit_round_cap"": false}, {""fit_converged"": true, ""final_update_norm"": 5.1672333406092146e-06, ""fit_tolerance"": 1e-05, ""hit_round_cap"": false}, {""fit_converged"": true, ""final_update_norm"": 6.70215677135205e-06, ""fit_tolerance"": 1e-05, ""hit_round_cap"": false}]}",2.5505668244926323,23,113,23.0,113.0,26.484375,0.3515625,0.5390625,-0.0,-3.4522367862894887,24.773754839196442,10.06285884718058,-4.483957085758931,-0.0,-8.783794075915994,0.0,19.3265946476318,0.5048533257161658,27.375
51,20260962,FedAvg,3,10,0,4,0.5714285714285714,0.4,2722.83252152068,2998.4646793279376,1730.495215103068,1023,True,2.5505668244926323,2.5505668244926323,0,"{""fit_converged"": true, ""final_update_norm"": 8.865425462739559e-06, ""fit_tolerance"": 1e-05, ""hit_round_cap"": false}",,35,35,105.0,105.0,8.203125,0.0,0.5390625,-1.056942103940383,-5.769696570751091,24.644243725407613,12.464087863967565,-9.860463651134776,-0.3663592382990537,-8.602602941960159,0.45884726463527054,23.16874745100882,5.910311262612493,8.7421875
51,20260962,FedAvg-ST,3,7,3,4,0.7272727272727273,0.5714285714285714,2917.8428474322645,3419.237253338836,1843.853360167647,862,True,2.5505668244926323,2.5505668244926323,0,"{""fit_converged"": true, ""final_update_norm"": 8.865425462739559e-06, ""fit_tolerance"": 1e-05, ""hit_round_cap"": false}",5.202851700908492,35,35,105.0,105.0,8.203125,2.8125,0.5390625,-0.0,-0.5668448698425994,19.44139202449912,7.261236163059073,-4.657611950226284,-0.0,-3.399751241051667,0.0,17.965895750100326,0.7074595617040007,11.5546875
51,20260962,FedAvg-P,3,7,3,4,0.7272727272727273,0.5714285714285714,2738.7498249857254,3120.13138505702,1750.611762764233,862,True,2.5505668244926323,2.5505668244926323,0,"{""selected_candidate"": 0, ""candidate_rounds"": [9, 10, 10, 13, 36], ""candidate_diagnostics"": [{""fit_converged"": true, ""final_update_norm"": 1.4055782543228028e-06, ""fit_tolerance"": 1e-05, ""hit_round_cap"": false}, {""fit_converged"": true, ""final_update_norm"": 2.6582663736556403e-06, ""fit_tolerance"": 1e-05, ""hit_round_cap"": false}, {""fit_converged"": true, ""final_update_norm"": 4.9194042983713655e-06, ""fit_tolerance"": 1e-05, ""hit_round_cap"": false}, {""fit_converged"": true, ""final_update_norm"": 1.4976948310670637e-06, ""fit_tolerance"": 1e-05, ""hit_round_cap"": false}, {""fit_converged"": true, ""final_update_norm"": 7.969317408089242e-06, ""fit_tolerance"": 1e-05, ""hit_round_cap"": false}]}",2.5505668244926323,9,78,27.0,234.0,18.28125,0.3515625,0.5390625,-0.0,-3.255447592995986,21.99757892264283,10.125373404348379,-6.93910476870915,-0.0,-6.567611027134882,0.0,20.373554083158204,3.0020243139624343,19.171875
51,20260962,FedAvg,20,10,0,4,0.5714285714285714,0.4,2696.9637936329163,2999.5595336081415,1781.231471260195,1023,True,2.5505668244926323,2.5505668244926323,0,"{""fit_converged"": true, ""final_update_norm"": 5.52024669337051e-06, ""fit_tolerance"": 1e-05, ""hit_round_cap"": false}",,16,16,320.0,320.0,3.75,0.0,0.5390625,-1.0449914490987573,-5.410152816467542,24.264569584057085,12.470120826112444,-21.372318030859933,9.849203453725863,-3.781420794776751,2.0030985099707506,26.596338480571173,5.553443573005968,4.2890625
51,20260962,FedAvg-ST,20,7,3,4,0.5454545454545454,0.375,3031.3740982628196,3419.0484419347877,1854.0429121681757,830,True,2.5505668244926323,2.5505668244926323,0,"{""fit_converged"": true, ""final_update_norm"": 5.52024669337051e-06, ""fit_tolerance"": 1e-05, ""hit_round_cap"": false}",4.158149802639656,16,16,320.0,320.0,3.75,2.8125,0.5390625,-0.0,-1.2520030138278857,20.10641978141743,8.311971023472788,-17.214168228220277,5.691053651086207,-0.0,0.0,22.438188677931517,1.3952937703663117,7.1015625
51,20260962,FedAvg-P,20,8,2,4,0.6666666666666666,0.5,2872.040590465175,3202.894302713003,1793.9487362013426,894,True,2.5505668244926323,2.5505668244926323,0,"{""selected_candidate"": 0, ""candidate_rounds"": [16, 16, 16, 16, 16], ""candidate_diagnostics"": [{""fit_converged"": true, ""final_update_norm"": 4.821711662950022e-06, ""fit_tolerance"": 1e-05, ""hit_round_cap"": false}, {""fit_converged"": true, ""final_update_norm"": 6.576624329190809e-06, ""fit_tolerance"": 1e-05, ""hit_round_cap"": false}, {""fit_converged"": true, ""final_update_norm"": 5.258924749637139e-06, ""fit_tolerance"": 1e-05, ""hit_round_cap"": false}, {""fit_converged"": true, ""final_update_norm"": 5.367984793876906e-06, ""fit_tolerance"": 1e-05, ""hit_round_cap"": false}, {""fit_converged"": true, ""final_update_norm"": 5.444115724300937e-06, ""fit_tolerance"": 1e-05, ""hit_round_cap"": false}]}",2.5505668244926323,16,80,320.0,1600.0,18.75,0.3515625,0.5390625,-0.0,-2.8684709539406654,21.74708788806602,9.936092805588585,-16.88809473387991,5.710906731748313,-1.9969834692745714,0.0,23.354276850346814,2.9921994791009157,19.640625
52,20260963,Pooled,0,8,2,5,0.6153846153846154,0.4444444444444444,2853.000097578663,2717.981788121085,2505.1240129283256,958,True,7.2635931646786185,0.19958676097895936,0,{},,0,0,,,0.0,0.0,0.5390625,0.0,-11.761447368402832,26.149095655532886,14.780114569069474,-27.603882457926186,21.148020333813736,0.0,2.761470118603214,31.528346908116802,5.249720209117404,0.5390625
52,20260963,Pooled-1SE,0,5,5,5,1.0,1.0,2955.9024326651725,3015.767135051044,2044.229372874652,844,True,7.2635931646786185,9.022027447523369,0,{},,0,0,,,0.0,0.0,0.5390625,0.0,-0.0,26.320624439051812,7.286360195612311,0.0,0.0,-1.580619919831042,0.0,19.549197600331926,0.4507012884247796,0.5390625
52,20260963,Largest-site,0,8,2,5,0.7692307692307693,0.625,3008.61051988785,2652.865757473359,2249.108301756065,975,True,7.2635931646786185,1.8868552012596644,0,{},,0,0,,,0.0,0.0,0.5390625,-6.215449635066936,-13.092766934077583,30.425502369205557,15.256622357875138,-0.0,0.0,-11.963335165876373,0.4717893487207358,16.783598824662505,3.9165737044247733,0.5390625
52,20260963,Largest-site-1SE,0,4,6,5,0.8888888888888888,0.8,3121.829184244197,3047.76549494883,2060.592973089834,332,True,7.2635931646786185,9.99715681254343,0,{},,0,0,,,0.0,0.0,0.5390625,-0.0,-0.0,31.551347477040924,5.011186648222958,0.0,0.0,-1.2633346250774984,0.0,15.663810860440014,0.0,0.5390625
52,20260963,One-shot,0,8,2,5,0.7692307692307693,0.625,2921.6408919748096,2833.5419661925903,2095.4032896208,975,True,7.2635931646786185,7.2635931646786185,0,{},,1,1,,,0.234375,0.0,0.5390625,-1.7259354082034977,-7.137734838222276,24.824039649742936,11.171965965718918,0.0,0.0,-6.858770334001486,0.21984327962907663,15.040048329598637,4.5945172945995925,0.7734375
52,20260963,ADMM,0,5,5,5,1.0,1.0,2909.1790458297874,2978.488745781092,2041.0439526683274,844,True,7.2635931646786185,7.2635931646786185,0,{},,117,117,,,27.421875,0.0,0.5390625,0.0,-0.0,26.806251758117376,8.22096605678075,0.0,0.0,-2.5736915676159544,0.0,20.04562078573646,1.1639920650378333,27.9609375
52,20260963,FedAvg,1,7,3,5,0.8333333333333334,0.7142857142857143,2902.6911867215595,2883.078475961218,2071.2872463680096,847,True,7.2635931646786185,7.2635931646786185,0,"{""fit_converged"": true, ""final_update_norm"": 3.932030847985242e-06, ""fit_tolerance"": 1e-05, ""hit_round_cap"": false}",,17,17,17.0,17.0,3.984375,0.0,0.5390625,1.0131453575534526,-5.3217409270182205,25.32522349360672,10.938163556025415,0.0,0.0,-6.3410133292514805,0.0,15.025789241549742,2.4806114757349604,4.5234375
52,20260963,FedAvg-ST,1,5,5,5,0.8,0.6666666666666666,3255.7033217370445,3238.675635836961,2137.284225171416,334,True,7.2635931646786185,7.2635931646786185,0,"{""fit_converged"": true, ""final_update_norm"": 3.932030847985242e-06, ""fit_tolerance"": 1e-05, ""hit_round_cap"": false}",3.8610760566472067,17,17,17.0,17.0,3.984375,2.8125,0.5390625,0.0,-1.460664870371014,21.464147436959514,7.077087499378209,0.0,0.0,-2.479937272604274,0.0,11.164713184902535,0.0,7.3359375
52,20260963,FedAvg-P,1,5,5,5,0.8,0.6666666666666666,3223.5380183644056,3161.3181932275816,2106.601509511449,334,True,7.2635931646786185,7.2635931646786185,0,"{""selected_candidate"": 1, ""candidate_rounds"": [16, 15, 15, 17, 17], ""candidate_diagnostics"": [{""fit_converged"": true, ""final_update_norm"": 8.144516637271875e-06, ""fit_tolerance"": 1e-05, ""hit_round_cap"": false}, {""fit_converged"": true, ""final_update_norm"": 4.871343799539485e-06, ""fit_tolerance"": 1e-05, ""hit_round_cap"": false}, {""fit_converged"": true, ""final_update_norm"": 7.560206682568205e-06, ""fit_tolerance"": 1e-05, ""hit_round_cap"": false}, {""fit_converged"": true, ""final_update_norm"": 5.3227124836286504e-06, ""fit_tolerance"": 1e-05, ""hit_round_cap"": false}, {""fit_converged"": true, ""final_update_norm"": 5.447803952320166e-06, ""fit_tolerance"": 1e-05, ""hit_round_cap"": false}]}",3.6317965823393092,15,80,15.0,80.0,18.75,0.3515625,0.5390625,0.0,-0.3462829877034741,27.649746220905868,7.855815207430034,0.0,0.0,-2.831152301137521,0.0,8.934926759345842,0.0,19.640625
52,20260963,FedAvg,3,8,2,5,0.7692307692307693,0.625,2915.757198412265,2820.678802618433,2093.848595300283,975,True,7.2635931646786185,7.2635931646786185,0,"{""fit_converged"": true, ""final_update_norm"": 1.4439911041648176e-06, ""fit_tolerance"": 1e-05, ""hit_round_cap"": false}",,8,8,24.0,24.0,1.875,0.0,0.5390625,-1.6711316071313418,-7.088619577551881,25.198123338005697,11.295133124840952,0.0,0.0,-7.052489436618276,0.2535769711508564,15.167161379619634,4.130235192922019,2.4140625
52,20260963,FedAvg-ST,3,6,4,5,0.9090909090909091,0.8333333333333334,3233.474331502984,3183.821233059941,2136.66711480143,846,True,7.2635931646786185,7.2635931646786185,0,"{""fit_converged"": true, ""final_update_norm"": 1.4439911041648176e-06, ""fit_tolerance"": 1e-05, ""hit_round_cap"": false}",3.8610760566472067,8,8,24.0,24.0,1.875,2.8125,0.5390625,-0.0,-3.227543520904675,21.33704728135849,7.434057068193745,0.0,0.0,-3.1914133799710696,0.0,11.306085322972427,0.269159136274812,5.2265625
52,20260963,FedAvg-P,3,5,5,5,0.8,0.6666666666666666,3193.881888134971,3141.9646159974245,2126.451695394945,334,True,7.2635931646786185,7.2635931646786185,0,"{""selected_candidate"": 1, ""candidate_rounds"": [6, 6, 7, 7, 7], ""candidate_diagnostics"": [{""fit_converged"": true, ""final_update_norm"": 1.9019715738470574e-06, ""fit_tolerance"": 1e-05, ""hit_round_cap"": false}, {""fit_converged"": true, ""final_update_norm"": 5.690314779083905e-06, ""fit_tolerance"": 1e-05, ""hit_round_cap"": false}, {""fit_converged"": true, ""final_update_norm"": 4.428983980303549e-06, ""fit_tolerance"": 1e-05, ""hit_round_cap"": false}, {""fit_converged"": true, ""final_update_norm"": 2.289217183125019e-06, ""fit_tolerance"": 1e-05, ""hit_round_cap"": false}, {""fit_converged"": true, ""final_update_norm"": 3.310512294502792e-06, ""fit_tolerance"": 1e-05, ""hit_round_cap"": false}]}",3.6317965823393092,6,33,18.0,99.0,7.734375,0.3515625,0.5390625,-0.0,-3.52887263863223,21.775596356359095,8.073719801393281,0.0,0.0,-3.4641474186189636,0.0,11.648702193822166,0.0,8.625
52,20260963,FedAvg,20,8,2,5,0.7692307692307693,0.625,2921.6388289645024,2833.5415410774176,2095.403207831218,975,True,7.2635931646786185,7.2635931646786185,0,"{""fit_converged"": true, ""final_update_norm"": 2.9462239073093693e-09, ""fit_tolerance"": 1e-05, ""hit_round_cap"": false}",,3,3,60.0,60.0,0.703125,0.0,0.5390625,-1.7259519227336244,-7.137717130049908,24.823995591670545,11.171969986004996,0.0,0.0,-6.858856415692072,0.21971366961035907,15.040123259535301,4.594514432738022,1.2421875
52,20260963,FedAvg-ST,20,6,4,5,0.9090909090909091,0.8333333333333334,3245.0006248531217,3201.7793165522485,2140.815787726166,846,True,7.2635931646786185,7.2635931646786185,0,"{""fit_converged"": true, ""final_update_norm"": 2.9462239073093693e-09, ""fit_tolerance"": 1e-05, ""hit_round_cap"": false}",3.8610760566472067,3,3,60.0,60.0,0.703125,2.8125,0.5390625,-0.0,-3.2766410734027014,20.96291953502334,7.310893929357789,0.0,0.0,-2.9977803590448655,0.0,11.179047202888095,0.733438376090815,4.0546875
52,20260963,FedAvg-P,20,6,4,5,0.9090909090909091,0.8333333333333334,3214.9457926224973,3171.6765210139592,2132.2980049753983,846,True,7.2635931646786185,7.2635931646786185,0,"{""selected_candidate"": 1, ""candidate_rounds"": [3, 3, 3, 3, 3], ""candidate_diagnostics"": [{""fit_converged"": true, ""final_update_norm"": 1.6986536223108872e-09, ""fit_tolerance"": 1e-05, ""hit_round_cap"": false}, {""fit_converged"": true, ""final_update_norm"": 8.699576851080149e-09, ""fit_tolerance"": 1e-05, ""hit_round_cap"": false}, {""fit_converged"": true, ""final_update_norm"": 9.199646844060463e-09, ""fit_tolerance"": 1e-05, ""hit_round_cap"": false}, {""fit_converged"": true, ""final_update_norm"": 9.568014889308209e-09, ""fit_tolerance"": 1e-05, ""hit_round_cap"": false}, {""fit_converged"": true, ""final_update_norm"": 9.656838758654052e-09, ""fit_tolerance"": 1e-05, ""hit_round_cap"": false}]}",3.6317965823393092,3,15,60.0,300.0,3.515625,0.3515625,0.5390625,-0.0,-3.5058875239390823,21.192220504235152,7.540164658949935,0.0,0.0,-3.2269542799207867,0.0,11.408337474811699,0.9627131712302384,4.40625
53,20260964,Pooled,0,10,0,4,0.5714285714285714,0.4,2860.6352212377383,2196.9421630155193,2308.829441412726,1023,True,4.5555683875425155,0.04684112115903926,0,{},,0,0,,,0.0,0.0,0.5390625,-4.413781373348885,-6.871906299970668,23.247537021112137,17.48307974907963,-31.670487262591582,14.015743387399604,6.402997035520868,15.497284022300716,34.73855966013372,3.961944042745418,0.5390625
53,20260964,Pooled-1SE,0,4,6,4,1.0,1.0,2785.9324056182827,2412.744593435742,2078.2620055187126,332,True,4.5555683875425155,14.235931912892507,0,{},,0,0,,,0.0,0.0,0.5390625,0.0,0.0,19.265077715922505,6.158157717225793,0.0,0.0,-2.532483184167662,0.0,21.043680809517333,0.0,0.5390625
53,20260964,Largest-site,0,10,0,4,0.5714285714285714,0.4,3013.8835089631125,2215.6187518872484,2503.5285652417424,1023,True,4.5555683875425155,0.0459485778326807,0,{},,0,0,,,0.0,0.0,0.5390625,-5.8401735817404115,-9.066317827013208,22.285350036230437,18.219378374740668,-35.04891616406228,17.604430788531626,16.026190626800147,19.760848806397394,33.09691060279121,12.901455863135075,0.5390625
53,20260964,Largest-site-1SE,0,4,6,4,0.75,0.6,3100.1292633502835,2765.2359871453255,2239.2254205535346,780,True,4.5555683875425155,17.720622359293564,0,{},,0,0,,,0.0,0.0,0.5390625,0.0,-0.0,11.27716362928453,2.5463832255136225,0.0,0.0,-0.0,0.0,19.259245848457216,6.627393302962533,0.5390625
53,20260964,One-shot,0,10,0,4,0.5714285714285714,0.4,2764.9400174544517,2121.272039068436,2288.516635427289,1023,True,4.5555683875425155,4.5555683875425155,0,{},,1,1,,,0.234375,0.0,0.5390625,-3.1043889272260716,-4.533158913506604,23.44382006763273,14.956525866359563,-29.903178015836538,13.57586573840784,9.53129719664505,15.432577894025822,29.876016431192433,3.9779416933572103,0.7734375
53,20260964,ADMM,0,5,5,4,0.8888888888888888,0.8,2735.6847655061174,2337.809975231424,1986.6570395521248,844,True,4.5555683875425155,4.5555683875425155,0,{},,119,119,,,27.890625,0.0,0.5390625,-0.0,-0.0,22.729403041703264,11.664709147412957,-0.0,-0.0,-8.339092883698044,0.0,24.665046647992355,0.6755055326302979,28.4296875
53,20260964,FedAvg,1,10,0,4,0.5714285714285714,0.4,2758.7091754832545,2142.231520810822,2050.194969319475,1023,True,4.5555683875425155,4.5555683875425155,0,"{""fit_converged"": true, ""final_update_norm"": 8.34957833590641e-06, ""fit_tolerance"": 1e-05, ""hit_round_cap"": false}",,57,57,57.0,57.0,13.359375,0.0,0.5390625,-2.492473283549951,-4.787209636522549,22.546103173814227,15.382483198746058,-7.575406022919982,-2.6316757847254126,-1.9822097330799588,11.147429063339185,23.05243165205764,3.375392588894826,13.8984375
53,20260964,FedAvg-ST,1,5,5,4,0.6666666666666666,0.5,2919.4794836229653,2390.448077839306,2110.882290280436,412,True,4.5555683875425155,4.5555683875425155,0,"{""fit_converged"": true, ""final_update_norm"": 8.34957833590641e-06, ""fit_tolerance"": 1e-05, ""hit_round_cap"": false}",5.935600729093391,57,57,57.0,57.0,13.359375,2.8125,0.5390625,-0.0,-0.0,16.610502444720836,9.446882469652667,-1.6398052938265915,-0.0,-0.0,5.211828334245794,17.116830922964247,0.0,16.7109375
53,20260964,FedAvg-P,1,4,6,4,1.0,1.0,2716.638634391866,2269.3514018975256,2051.0347236947773,332,True,4.5555683875425155,4.5555683875425155,0,"{""selected_candidate"": 0, ""candidate_rounds"": [22, 46, 48, 57, 57], ""candidate_diagnostics"": [{""fit_converged"": true, ""final_update_norm"": 7.886035428006701e-06, ""fit_tolerance"": 1e-05, ""hit_round_cap"": false}, {""fit_converged"": true, ""final_update_norm"": 9.253686100597766e-06, ""fit_tolerance"": 1e-05, ""hit_round_cap"": false}, {""fit_converged"": true, ""final_update_norm"": 7.519494567592159e-06, ""fit_tolerance"": 1e-05, ""hit_round_cap"": false}, {""fit_converged"": true, ""final_update_norm"": 9.073293374368528e-06, ""fit_tolerance"": 1e-05, ""hit_round_cap"": false}, {""fit_converged"": true, ""final_update_norm"": 8.676799285753451e-06, ""fit_tolerance"": 1e-05, ""hit_round_cap"": false}]}",4.5555683875425155,22,230,22.0,230.0,53.90625,0.3515625,0.5390625,-0.0,-0.0,25.329491885466844,10.83093315224318,-0.0,-0.0,-6.234744086213847,0.0,13.942247628620649,0.0,54.796875
53,20260964,FedAvg,3,10,0,4,0.5714285714285714,0.4,2760.169492672421,2129.8837896324308,2067.813382404295,1023,True,4.5555683875425155,4.5555683875425155,0,"{""fit_converged"": true, ""final_update_norm"": 8.802126630222616e-06, ""fit_tolerance"": 1e-05, ""hit_round_cap"": false}",,47,47,141.0,141.0,11.015625,0.0,0.5390625,-3.3468001468443034,-5.132680107095115,23.247114537586697,15.062891503557214,-9.156550033955474,-3.1170136901755665,-0.0985808275967095,12.973800098827718,22.72670108581155,3.9253184836717168,11.5546875
53,20260964,FedAvg-ST,3,5,5,4,0.6666666666666666,0.5,2888.642001785616,2376.220994412044,2104.147261993536,412,True,4.5555683875425155,4.5555683875425155,0,"{""fit_converged"": true, ""final_update_norm"": 8.802126630222616e-06, ""fit_tolerance"": 1e-05, ""hit_round_cap"": false}",5.935600729093391,47,47,141.0,141.0,11.015625,2.8125,0.5390625,-0.0,-0.0,17.311513808493306,9.127290774463823,-3.220949304862083,-0.0,-0.0,7.038199369734327,16.791100356718157,0.0,14.3671875
53,20260964,FedAvg-P,3,6,4,4,0.6,0.42857142857142855,2837.029679100311,2284.368285871003,2079.854454240165,414,True,4.5555683875425155,4.5555683875425155,0,"{""selected_candidate"": 0, ""candidate_rounds"": [24, 22, 35, 36, 36], ""candidate_diagnostics"": [{""fit_converged"": true, ""final_update_norm"": 6.029396775161882e-06, ""fit_tolerance"": 1e-05, ""hit_round_cap"": false}, {""fit_converged"": true, ""final_update_norm"": 7.703303168105695e-06, ""fit_tolerance"": 1e-05, ""hit_round_cap"": false}, {""fit_converged"": true, ""final_update_norm"": 8.600435147923082e-06, ""fit_tolerance"": 1e-05, ""hit_round_cap"": false}, {""fit_converged"": true, ""final_update_norm"": 7.144046909892866e-06, ""fit_tolerance"": 1e-05, ""hit_round_cap"": false}, {""fit_converged"": true, ""final_update_norm"": 9.670890208471343e-06, ""fit_tolerance"": 1e-05, ""hit_round_cap"": false}]}",4.5555683875425155,24,153,72.0,459.0,35.859375,0.3515625,0.5390625,-0.0,-0.8384588964819635,18.568992087903663,10.790646782200923,-2.7776053761102224,-0.0,-0.0,4.913988089209801,18.157384602824642,0.0,36.75
53,20260964,FedAvg,20,10,0,4,0.5714285714285714,0.4,2765.130071045286,2129.5554647770527,2174.1410824188774,1023,True,4.5555683875425155,4.5555683875425155,0,"{""fit_converged"": true, ""final_update_norm"": 6.004626740768166e-06, ""fit_tolerance"": 1e-05, ""hit_round_cap"": false}",,28,28,560.0,560.0,6.5625,0.0,0.5390625,-3.0931473412115356,-4.569996018673032,23.528592005653806,14.991543163694036,-20.36076183472037,5.742984157020216,5.4744853581418615,14.60447123100359,26.5621752003853,3.951622589183233,7.1015625
53,20260964,FedAvg-ST,20,5,5,4,0.6666666666666666,0.5,2883.7073597233625,2370.2192972534976,2151.9061088325698,412,True,4.5555683875425155,4.5555683875425155,0,"{""fit_converged"": true, ""final_update_norm"": 6.004626740768166e-06, ""fit_tolerance"": 1e-05, ""hit_round_cap"": false}",5.935600729093391,28,28,560.0,560.0,6.5625,2.8125,0.5390625,-0.0,-0.0,17.592991276560415,9.055942434600645,-14.42516110562698,0.0,0.0,8.668870501910199,20.62657447129191,0.0,9.9140625
53,20260964,FedAvg-P,20,6,4,4,0.6,0.42857142857142855,2808.3458851833757,2287.4011258624614,2080.2486619491137,414,True,4.5555683875425155,4.5555683875425155,0,"{""selected_candidate"": 0, ""candidate_rounds"": [8, 8, 25, 27, 27], ""candidate_diagnostics"": [{""fit_converged"": true, ""final_update_norm"": 3.1930566267086006e-06, ""fit_tolerance"": 1e-05, ""hit_round_cap"": false}, {""fit_converged"": true, ""final_update_norm"": 7.909044022531937e-07, ""fit_tolerance"": 1e-05, ""hit_round_cap"": false}, {""fit_converged"": true, ""final_update_norm"": 8.941431514477206e-06, ""fit_tolerance"": 1e-05, ""hit_round_cap"": false}, {""fit_converged"": true, ""final_update_norm"": 6.9187087063211334e-06, ""fit_tolerance"": 1e-05, ""hit_round_cap"": false}, {""fit_converged"": true, ""final_update_norm"": 8.67804360244697e-06, ""fit_tolerance"": 1e-05, ""hit_round_cap"": false}]}",4.5555683875425155,8,95,160.0,1900.0,22.265625,0.3515625,0.5390625,-0.0,-0.025617914293075472,19.011442801116683,10.440334274063016,-10.244057394126987,0.0,0.0,9.275210055505763,20.124195225625968,0.0,23.15625
54,20260965,Pooled,0,6,4,4,0.8,0.6666666666666666,3217.732310560913,3594.5484149726763,1585.2274005525614,846,True,3.2412395616180136,3.1728433713371325,0,{},,0,0,,,0.0,0.0,0.5390625,0.0,-9.56107585315045,19.52666917638948,15.867600138116208,-0.0,-0.0,-15.525824752018453,0.0,18.33850241103031,1.883748685865569,0.5390625
54,20260965,Pooled-1SE,0,4,6,4,1.0,1.0,3642.564461409225,3930.361873729197,1800.8465458348662,332,True,3.2412395616180136,16.810729675345733,0,{},,0,0,,,0.0,0.0,0.5390625,0.0,-0.0,15.602615393268186,6.557561878641171,0.0,0.0,-3.3455458468162,0.0,15.214958729547012,0.0,0.5390625
54,20260965,Largest-site,0,7,3,4,0.7272727272727273,0.5714285714285714,3548.79628105031,4044.1621001624417,1665.0726680575222,974,True,3.2412395616180136,3.2501901274377425,0,{},,0,0,,,0.0,0.0,0.5390625,0.0,-10.957425960159474,13.303109904009224,21.104288229367356,-0.0,-0.0,-17.447246673894167,10.779865161788711,8.976558810575238,4.385894604254622,0.5390625
54,20260965,Largest-site-1SE,0,6,4,4,0.8,0.6666666666666666,4153.595339042971,4494.574397680019,1935.165996209107,972,True,3.2412395616180136,21.85219028836429,0,{},,0,0,,,0.0,0.0,0.5390625,0.0,-0.0,6.457074077997558,8.781292576026393,0.0,0.0,-5.603136870113051,5.812745130968947,7.157858914785642,2.731327260832469,0.5390625
54,20260965,One-shot,0,10,0,4,0.5714285714285714,0.4,3312.2839134168685,3636.614692147593,1656.5406126001362,1023,True,3.2412395616180136,3.2412395616180136,0,{},,1,1,,,0.234375,0.0,0.5390625,0.8704705319087356,-9.379425356285312,18.88747487911084,13.95144653239386,8.212042585247248,-4.66783900676343,-22.02172470574554,-3.743273123367133,14.896943749586379,2.874862186111403,0.7734375
54,20260965,ADMM,0,6,4,4,0.8,0.6666666666666666,3216.650197583362,3595.020725894928,1585.217280566967,846,True,3.2412395616180136,3.2412395616180136,0,{},,128,128,,,30.0,0.0,0.5390625,0.0,-9.447696129001155,19.516243335774917,15.81653840422419,-0.0,-0.0,-15.440939165319456,0.0,18.331241213372916,1.8548401300717314,30.5390625
54,20260965,FedAvg,1,10,0,4,0.5714285714285714,0.4,3192.0050343310336,3605.637691036833,1591.1154093625428,1023,True,3.2412395616180136,3.2412395616180136,0,"{""fit_converged"": true, ""final_update_norm"": 7.485438058639102e-06, ""fit_tolerance"": 1e-05, ""hit_round_cap"": false}",,23,23,23.0,23.0,5.390625,0.0,0.5390625,0.6150893601182772,-9.318030082468438,19.51374293186389,14.99165018738679,-0.7826773095903172,-1.2444639017907928,-14.278289565420579,1.798198267786472,18.568668694593118,1.9234883522161719,5.9296875
54,20260965,FedAvg-ST,1,5,5,4,0.8888888888888888,0.8,3786.0615241805513,4039.646171051839,1802.536882328713,334,True,3.2412395616180136,3.2412395616180136,0,"{""fit_converged"": true, ""final_update_norm"": 7.485438058639102e-06, ""fit_tolerance"": 1e-05, ""hit_round_cap"": false}",6.611741595741474,23,23,23.0,23.0,5.390625,2.8125,0.5390625,0.0,-2.7062884867269634,12.902001336122417,8.379908591645316,-0.0,-0.0,-7.666547969679105,0.0,11.956927098851644,0.0,8.7421875
54,20260965,FedAvg-P,1,5,5,4,0.8888888888888888,0.8,3305.695247679924,3741.897215855731,1637.2237329602717,334,True,3.2412395616180136,3.2412395616180136,0,"{""selected_candidate"": 0, ""candidate_rounds"": [19, 18, 25, 23, 23], ""candidate_diagnostics"": [{""fit_converged"": true, ""final_update_norm"": 8.650541239987553e-06, ""fit_tolerance"": 1e-05, ""hit_round_cap"": false}, {""fit_converged"": true, ""final_update_norm"": 7.6012039979647275e-06, ""fit_tolerance"": 1e-05, ""hit_round_cap"": false}, {""fit_converged"": true, ""final_update_norm"": 5.964966097721868e-06, ""fit_tolerance"": 1e-05, ""hit_round_cap"": false}, {""fit_converged"": true, ""final_update_norm"": 7.425158506200667e-06, ""fit_tolerance"": 1e-05, ""hit_round_cap"": false}, {""fit_converged"": true, ""final_update_norm"": 7.3842181510071e-06, ""fit_tolerance"": 1e-05, ""hit_round_cap"": false}]}",3.2412395616180136,19,108,19.0,108.0,25.3125,0.3515625,0.5390625,0.0,-4.019052356611354,21.73102578696307,12.304223764894164,-0.0,-0.0,-12.96283289741859,0.0,11.618955059629442,0.0,26.203125
54,20260965,FedAvg,3,10,0,4,0.5714285714285714,0.4,3232.5851145119627,3649.404009748761,1595.1451733527583,1023,True,3.2412395616180136,3.2412395616180136,0,"{""fit_converged"": true, ""final_update_norm"": 6.371793046709448e-06, ""fit_tolerance"": 1e-05, ""hit_round_cap"": false}",,13,13,39.0,39.0,3.046875,0.0,0.5390625,1.3365787311247652,-10.160034564147919,18.81695322655427,14.984804630930686,-0.6061521959704376,-1.7490880096500458,-15.14329448765552,2.9005296279549806,17.24161564077154,2.106230385966476,3.5859375
54,20260965,FedAvg-ST,3,5,5,4,0.8888888888888888,0.8,3877.1707273239003,4102.552506043465,1824.6582734918234,334,True,3.2412395616180136,3.2412395616180136,0,"{""fit_converged"": true, ""final_update_norm"": 6.371793046709448e-06, ""fit_tolerance"": 1e-05, ""hit_round_cap"": false}",6.611741595741474,13,13,39.0,39.0,3.046875,2.8125,0.5390625,0.0,-3.548292968406445,12.205211630812794,8.373063035189212,-0.0,-0.0,-8.531552891914046,0.0,10.629874045030064,0.0,6.3984375
54,20260965,FedAvg-P,3,5,5,4,0.8888888888888888,0.8,3482.6080526589194,3754.0179393136677,1652.4649541091003,334,True,3.2412395616180136,3.2412395616180136,0,"{""selected_candidate"": 0, ""candidate_rounds"": [8, 12, 13, 13, 13], ""candidate_diagnostics"": [{""fit_converged"": true, ""final_update_norm"": 1.9271343608362352e-06, ""fit_tolerance"": 1e-05, ""hit_round_cap"": false}, {""fit_converged"": true, ""final_update_norm"": 3.498862268390512e-06, ""fit_tolerance"": 1e-05, ""hit_round_cap"": false}, {""fit_converged"": true, ""final_update_norm"": 5.194536376681215e-06, ""fit_tolerance"": 1e-05, ""hit_round_cap"": false}, {""fit_converged"": true, ""final_update_norm"": 6.509963691470804e-06, ""fit_tolerance"": 1e-05, ""hit_round_cap"": false}, {""fit_converged"": true, ""final_update_norm"": 6.511280652286798e-06, ""fit_tolerance"": 1e-05, ""hit_round_cap"": false}]}",3.2412395616180136,8,59,24.0,177.0,13.828125,0.3515625,0.5390625,0.0,-7.295774156387616,15.674540084992753,12.320100229256763,-0.0,-0.0,-12.8244333631406,0.0,13.827961948246848,0.0,14.71875
54,20260965,FedAvg,20,10,0,4,0.5714285714285714,0.4,3289.936112474897,3630.0357853094124,1612.2257046241516,1023,True,3.2412395616180136,3.2412395616180136,0,"{""fit_converged"": true, ""final_update_norm"": 6.288352648693932e-06, ""fit_tolerance"": 1e-05, ""hit_round_cap"": false}",,9,9,180.0,180.0,2.109375,0.0,0.5390625,0.8745174788705073,-9.510199649814817,18.914304762789243,14.226434416592046,2.18272096700968,-0.12604522814248698,-19.060414998583234,-2.4513020801429297,16.824492260330082,2.7654640286428402,2.6484375
54,20260965,FedAvg-ST,20,5,5,4,0.8888888888888888,0.8,3822.5353964355563,4121.531950696224,1800.490113575088,334,True,3.2412395616180136,3.2412395616180136,0,"{""fit_converged"": true, ""final_update_norm"": 6.288352648693932e-06, ""fit_tolerance"": 1e-05, ""hit_round_cap"": false}",6.611741595741474,9,9,180.0,180.0,2.109375,2.8125,0.5390625,0.0,-2.898458054073343,12.302563167047769,7.614692820850571,0.0,-0.0,-12.44867340284176,-0.0,10.212750664588608,0.0,5.4609375
54,20260965,FedAvg-P,20,5,5,4,0.8888888888888888,0.8,3472.879485879826,3812.48856964846,1651.7902915780642,334,True,3.2412395616180136,3.2412395616180136,0,"{""selected_candidate"": 0, ""candidate_rounds"": [5, 6, 6, 6, 6], ""candidate_diagnostics"": [{""fit_converged"": true, ""final_update_norm"": 2.8198689587319887e-06, ""fit_tolerance"": 1e-05, ""hit_round_cap"": false}, {""fit_converged"": true, ""final_update_norm"": 1.5698485793659548e-06, ""fit_tolerance"": 1e-05, ""hit_round_cap"": false}, {""fit_converged"": true, ""final_update_norm"": 2.470241201097587e-06, ""fit_tolerance"": 1e-05, ""hit_round_cap"": false}, {""fit_converged"": true, ""final_update_norm"": 2.9847434070771787e-06, ""fit_tolerance"": 1e-05, ""hit_round_cap"": false}, {""fit_converged"": true, ""final_update_norm"": 2.165794973914222e-06, ""fit_tolerance"": 1e-05, ""hit_round_cap"": false}]}",3.2412395616180136,5,29,100.0,580.0,6.796875,0.3515625,0.5390625,0.0,-6.277693497839285,15.677929142397026,11.000625403494922,0.0,-0.0,-15.713226045349998,-0.0,13.592850771278233,0.0,7.6875
55,20260966,Pooled,0,7,3,4,0.7272727272727273,0.5714285714285714,3396.8634372336164,2826.9178732382234,1567.2039400449514,878,True,2.308296314467032,2.557048391313686,0,{},,0,0,,,0.0,0.0,0.5390625,-0.0,-6.652639957725222,23.182812179028797,13.549162333787068,-0.0,-1.9754338474501585,-10.903439457004392,0.0,23.36189906707539,2.5474177551654655,0.5390625
55,20260966,Pooled-1SE,0,4,6,4,1.0,1.0,3705.8497318416307,3149.249720471079,1716.0925541181678,332,True,2.308296314467032,13.548052721882867,0,{},,0,0,,,0.0,0.0,0.5390625,0.0,-0.0,19.912641598889167,5.670116928672497,0.0,0.0,-1.9379562344470418,0.0,19.69822794433525,0.0,0.5390625
55,20260966,Largest-site,0,7,3,4,0.5454545454545454,0.375,3456.3429681338957,3252.8563710674107,1638.2762558208588,942,True,2.308296314467032,2.0072837206602774,0,{},,0,0,,,0.0,0.0,0.5390625,-0.0,-0.5377296371838496,28.902869842672295,7.1805529942790765,-0.0,-6.378706120672993,-0.0,13.393606230043295,16.914228524003303,9.523326209627934,0.5390625
55,20260966,Largest-site-1SE,0,3,7,4,0.5714285714285714,0.4,4107.152921234816,3622.7571213574474,1929.27708494245,772,True,2.308296314467032,21.73159091294203,0,{},,0,0,,,0.0,0.0,0.5390625,0.0,0.0,17.460900431134238,0.0,0.0,0.0,-0.0,0.0,14.481982395831887,1.5659238412254377,0.5390625
55,20260966,One-shot,0,10,0,4,0.5714285714285714,0.4,3378.5137500128544,2891.5743078488767,1582.5202761292398,1023,True,2.308296314467032,2.308296314467032,0,{},,1,1,,,0.234375,0.0,0.5390625,1.1111953157174197,-6.860315942919981,23.29241220527221,12.463757179757586,-7.013101703889399,1.0954315478987944,-5.466002465845477,7.095458384228514,23.32653940479846,3.7719962345096407,0.7734375
55,20260966,ADMM,0,7,3,4,0.7272727272727273,0.5714285714285714,3395.7539126999277,2821.928524838132,1566.9727315366233,878,True,2.308296314467032,2.308296314467032,0,{},,244,244,,,57.1875,0.0,0.5390625,-0.0,-7.088500755237889,23.19964808214716,13.771222295101689,-0.0,-2.4276617725337437,-11.24047704956301,0.0,23.506102613163208,2.7981392368977054,57.7265625
55,20260966,FedAvg,1,10,0,4,0.5714285714285714,0.4,3377.706495168213,2860.6520611447204,1569.0759452917578,1023,True,2.308296314467032,2.308296314467032,0,"{""fit_converged"": true, ""final_update_norm"": 9.073712316762286e-06, ""fit_tolerance"": 1e-05, ""hit_round_cap"": false}",,29,29,29.0,29.0,6.796875,0.0,0.5390625,0.07194663865965112,-6.773591405857935,24.205222154841195,12.594185100125399,-1.6037498413380782,-1.543457685069268,-9.208046538660835,2.4682469919698886,23.16193032784458,3.282385700147316,7.3359375
55,20260966,FedAvg-ST,1,5,5,4,0.8888888888888888,0.8,3758.1023459007115,3163.0972373226346,1737.5755029784104,334,True,2.308296314467032,2.308296314467032,0,"{""fit_converged"": true, ""final_update_norm"": 9.073712316762286e-06, ""fit_tolerance"": 1e-05, ""hit_round_cap"": false}",5.891659165084821,29,29,29.0,29.0,6.796875,2.8125,0.5390625,0.0,-0.8819322407731143,18.313562989756374,6.702525935040578,-0.0,-0.0,-3.3163873735760134,0.0,17.27027116275976,0.0,10.1484375
55,20260966,FedAvg-P,1,5,5,4,0.8888888888888888,0.8,3441.2369603764837,2886.0434835101746,1595.8110516399936,334,True,2.308296314467032,2.308296314467032,0,"{""selected_candidate"": 0, ""candidate_rounds"": [17, 23, 27, 26, 29], ""candidate_diagnostics"": [{""fit_converged"": true, ""final_update_norm"": 2.379731967321726e-06, ""fit_tolerance"": 1e-05, ""hit_round_cap"": false}, {""fit_converged"": true, ""final_update_norm"": 7.731991917968465e-06, ""fit_tolerance"": 1e-05, ""hit_round_cap"": false}, {""fit_converged"": true, ""final_update_norm"": 6.6847618946052135e-06, ""fit_tolerance"": 1e-05, ""hit_round_cap"": false}, {""fit_converged"": true, ""final_update_norm"": 5.406241146816536e-06, ""fit_tolerance"": 1e-05, ""hit_round_cap"": false}, {""fit_converged"": true, ""final_update_norm"": 6.270875816039158e-06, ""fit_tolerance"": 1e-05, ""hit_round_cap"": false}]}",2.308296314467032,17,122,17.0,122.0,28.59375,0.3515625,0.5390625,0.0,-2.471186358848143,25.55558289996069,11.532090277085711,-0.0,0.0,-8.892607387651035,0.0,18.48233702916639,0.0,29.484375
55,20260966,FedAvg,3,10,0,4,0.5714285714285714,0.4,3383.2495478229985,2887.7193898380337,1576.3054976674214,1023,True,2.308296314467032,2.308296314467032,0,"{""fit_converged"": true, ""final_update_norm"": 7.946620668199995e-06, ""fit_tolerance"": 1e-05, ""hit_round_cap"": false}",,16,16,48.0,48.0,3.75,0.0,0.5390625,1.3665824095793473,-6.737893593193716,23.890917236156845,12.120923451338975,-1.3106146693014393,-2.859154886250604,-8.028690734758408,5.136558390766218,21.716756949519663,3.7991352445383186,4.2890625
55,20260966,FedAvg-ST,3,5,5,4,0.8888888888888888,0.8,3843.157477585717,3259.0339927179384,1783.5917235096433,334,True,2.308296314467032,2.308296314467032,0,"{""fit_converged"": true, ""final_update_norm"": 7.946620668199995e-06, ""fit_tolerance"": 1e-05, ""hit_round_cap"": false}",5.891659165084821,16,16,48.0,48.0,3.75,2.8125,0.5390625,0.0,-0.8462344281088949,17.999258071072024,6.229264286254153,-0.0,-0.0,-2.137031569673587,0.0,15.825097784434842,0.0,7.1015625
55,20260966,FedAvg-P,3,7,3,4,0.7272727272727273,0.5714285714285714,3470.347853567593,2916.898162332002,1604.082643263605,974,True,2.308296314467032,2.308296314467032,0,"{""selected_candidate"": 0, ""candidate_rounds"": [13, 16, 16, 16, 16], ""candidate_diagnostics"": [{""fit_converged"": true, ""final_update_norm"": 4.5683287612236866e-06, ""fit_tolerance"": 1e-05, ""hit_round_cap"": false}, {""fit_converged"": true, ""final_update_norm"": 9.553738520474118e-06, ""fit_tolerance"": 1e-05, ""hit_round_cap"": false}, {""fit_converged"": true, ""final_update_norm"": 8.69184869919892e-06, ""fit_tolerance"": 1e-05, ""hit_round_cap"": false}, {""fit_converged"": true, ""final_update_norm"": 6.4918767216715245e-06, ""fit_tolerance"": 1e-05, ""hit_round_cap"": false}, {""fit_converged"": true, ""final_update_norm"": 8.224335697599672e-06, ""fit_tolerance"": 1e-05, ""hit_round_cap"": false}]}",2.308296314467032,13,77,39.0,231.0,18.046875,0.3515625,0.5390625,0.0,-4.808308504718266,21.328701607413,10.11460055085239,-0.0,-0.0,-6.732769534222074,2.0288374407664294,19.702558552316166,1.2430195838360514,18.9375
55,20260966,FedAvg,20,10,0,4,0.5714285714285714,0.4,3389.436512679363,2897.1172448659945,1576.5446810265812,1023,True,2.308296314467032,2.308296314467032,0,"{""fit_converged"": true, ""final_update_norm"": 3.166056575040093e-06, ""fit_tolerance"": 1e-05, ""hit_round_cap"": false}",,9,9,180.0,180.0,2.109375,0.0,0.5390625,1.1442283163644456,-6.801787518620917,23.40605208114715,12.38704396381396,-2.378328305212983,-2.7092806258915645,-7.147922130033621,6.839349764432504,21.80082147903868,3.719225597222872,2.6484375
55,20260966,FedAvg-ST,20,6,4,4,0.8,0.6666666666666666,3702.79957578529,3132.293176191902,1711.6311825543435,462,True,2.308296314467032,2.308296314467032,0,"{""fit_converged"": true, ""final_update_norm"": 3.166056575040093e-06, ""fit_tolerance"": 1e-05, ""hit_round_cap"": false}",4.70864879547495,9,9,180.0,180.0,2.109375,2.8125,0.5390625,0.0,-2.093138723145967,18.6974032856722,7.67839516833901,-0.0,-0.0,-2.4392733345586706,2.1307009689575542,17.09217268356373,0.0,5.4609375
55,20260966,FedAvg-P,20,9,1,4,0.6153846153846154,0.4444444444444444,3479.8534255532786,2958.916124706499,1606.876854764108,1022,True,2.308296314467032,2.308296314467032,0,"{""selected_candidate"": 0, ""candidate_rounds"": [9, 9, 9, 8, 7], ""candidate_diagnostics"": [{""fit_converged"": true, ""final_update_norm"": 3.436309698137126e-06, ""fit_tolerance"": 1e-05, ""hit_round_cap"": false}, {""fit_converged"": true, ""final_update_norm"": 3.554774942139823e-06, ""fit_tolerance"": 1e-05, ""hit_round_cap"": false}, {""fit_converged"": true, ""final_update_norm"": 2.760632426131207e-06, ""fit_tolerance"": 1e-05, ""hit_round_cap"": false}, {""fit_converged"": true, ""final_update_norm"": 6.272401803614155e-06, ""fit_tolerance"": 1e-05, ""hit_round_cap"": false}, {""fit_converged"": true, ""final_update_norm"": 4.63901042280518e-06, ""fit_tolerance"": 1e-05, ""hit_round_cap"": false}]}",2.308296314467032,9,42,180.0,840.0,9.84375,0.3515625,0.5390625,0.0,-4.495848341046301,21.092806271841027,10.082050239461346,-0.2666704627790186,-0.23764299863825178,-4.769303756598665,4.5394542640186,19.557512475306208,1.4133646698572089,10.734375
56,20260967,Pooled,0,7,3,4,0.7272727272727273,0.5714285714285714,3129.2082846056473,2675.1702842309232,1934.4233911536205,862,True,5.7642361420882935,2.702671502851407,0,{},,0,0,,,0.0,0.0,0.5390625,0.0,-6.938747621934524,26.205083779264292,13.624609192364607,-3.7199472459275236,-0.0,-9.03763848180646,0.0,24.945695213324054,0.2363420818740347,0.5390625
56,20260967,Pooled-1SE,0,4,6,4,1.0,1.0,3266.625466720243,3030.3033965813283,1934.7638472154936,332,True,5.7642361420882935,11.284515505157636,0,{},,0,0,,,0.0,0.0,0.5390625,0.0,-0.0,23.136744237493073,6.207378609117904,-0.0,-0.0,-1.7592177101483324,0.0,20.976103707151253,0.0,0.5390625
56,20260967,Largest-site,0,8,2,4,0.6666666666666666,0.5,3143.920021149271,2962.3968873952467,1984.1017639451015,879,True,5.7642361420882935,2.246335275401365,0,{},,0,0,,,0.0,0.0,0.5390625,5.391900188755038,-3.14271444227055,26.812031971798937,11.660752719362188,-0.0,-7.2438689447082405,-2.8774821507743815,0.0,24.07491585419372,1.607612266469692,0.5390625
56,20260967,Largest-site-1SE,0,3,7,4,0.8571428571428571,0.75,3412.0224736705873,3287.912897158419,2008.1262325298826,268,True,5.7642361420882935,15.102915203374076,0,{},,0,0,,,0.0,0.0,0.5390625,0.0,-0.0,20.213540761880257,6.288258926520629,0.0,-0.0,-0.0,0.0,16.76717732008462,0.0,0.5390625
56,20260967,One-shot,0,9,1,4,0.6153846153846154,0.4444444444444444,3119.357637288807,2765.544893987277,1932.0373469526407,1007,True,5.7642361420882935,5.7642361420882935,0,{},,1,1,,,0.234375,0.0,0.5390625,2.2916858649389784,-5.571885674015254,24.566308433902897,10.836847330772665,0.0,-3.6219344723541202,-8.34563869417252,0.08149468063190513,21.93032792815201,0.22618263121646964,0.7734375
56,20260967,ADMM,0,5,5,4,0.8888888888888888,0.8,3182.0125184993494,2760.256087816414,1902.4059068812226,334,True,5.7642361420882935,5.7642361420882935,0,{},,128,128,,,30.0,0.0,0.5390625,0.0,-1.9900508782814423,25.13787885379513,10.215831834451079,-0.0,-0.0,-6.196603160875339,0.0,22.48787482255011,0.0,30.5390625
56,20260967,FedAvg,1,10,0,4,0.5714285714285714,0.4,3122.361105052504,2760.2713084676707,1923.2056053856998,1023,True,5.7642361420882935,5.7642361420882935,0,"{""fit_converged"": true, ""final_update_norm"": 8.008252413156754e-06, ""fit_tolerance"": 1e-05, ""hit_round_cap"": false}",,21,21,21.0,21.0,4.921875,0.0,0.5390625,1.2566226510068355,-4.6051525013726895,24.642379780143806,11.683968748275056,-1.6177836935997538,-1.9450598799102292,-6.795583364372808,0.011786258162680877,23.148061169039636,0.3662541617202464,5.4609375
56,20260967,FedAvg-ST,1,4,6,4,1.0,1.0,3339.0679620653123,3141.1906833350376,1973.500836449401,332,True,5.7642361420882935,5.7642361420882935,0,"{""fit_converged"": true, ""final_update_norm"": 8.008252413156754e-06, ""fit_tolerance"": 1e-05, ""hit_round_cap"": false}",4.797127276633814,21,21,21.0,21.0,4.921875,2.8125,0.5390625,0.0,-0.0,19.84525250350999,6.886841471641242,-0.0,-0.0,-1.9984560877389939,0.0,18.35093389240582,0.0,8.2734375
56,20260967,FedAvg-P,1,4,6,4,1.0,1.0,3404.527237206478,3180.200857796538,2000.6548095396113,332,True,5.7642361420882935,5.7642361420882935,0,"{""selected_candidate"": 0, ""candidate_rounds"": [18, 18, 19, 24, 24], ""candidate_diagnostics"": [{""fit_converged"": true, ""final_update_norm"": 5.142576101464854e-06, ""fit_tolerance"": 1e-05, ""hit_round_cap"": false}, {""fit_converged"": true, ""final_update_norm"": 8.014538830752398e-06, ""fit_tolerance"": 1e-05, ""hit_round_cap"": false}, {""fit_converged"": true, ""final_update_norm"": 6.259544375773098e-06, ""fit_tolerance"": 1e-05, ""hit_round_cap"": false}, {""fit_converged"": true, ""final_update_norm"": 8.753737504675728e-06, ""fit_tolerance"": 1e-05, ""hit_round_cap"": false}, {""fit_converged"": true, ""final_update_norm"": 6.432556828810348e-06, ""fit_tolerance"": 1e-05, ""hit_round_cap"": false}]}",5.7642361420882935,18,103,18.0,103.0,24.140625,0.3515625,0.5390625,0.0,-0.0,26.79331920784093,5.676577089705846,-0.0,-0.0,-2.2105227928450324,0.0,11.67104531391977,-0.0,25.03125
56,20260967,FedAvg,3,10,0,4,0.5714285714285714,0.4,3117.2615718017637,2764.709040356492,1929.9185548926416,1023,True,5.7642361420882935,5.7642361420882935,0,"{""fit_converged"": true, ""final_update_norm"": 6.738520121192652e-06, ""fit_tolerance"": 1e-05, ""hit_round_cap"": false}",,18,18,54.0,54.0,4.21875,0.0,0.5390625,1.921309961392712,-5.431485987352855,24.639198667932725,11.032196413373207,-0.7924530077246932,-2.9873644343006593,-7.757086615869265,0.008203072767636654,22.43594513249257,0.326756336157513,4.7578125
56,20260967,FedAvg-ST,3,5,5,4,0.8888888888888888,0.8,3340.263059574186,3142.991455208704,1979.1755515798718,334,True,5.7642361420882935,5.7642361420882935,0,"{""fit_converged"": true, ""final_update_norm"": 6.738520121192652e-06, ""fit_tolerance"": 1e-05, ""hit_round_cap"": false}",4.797127276633814,18,18,54.0,54.0,4.21875,2.8125,0.5390625,0.0,-0.6343587107190407,19.84207139129891,6.2350691367393924,-0.0,-0.0,-2.959959339235451,0.0,17.638817855858754,0.0,7.5703125
56,20260967,FedAvg-P,3,5,5,4,0.8888888888888888,0.8,3230.4632119396642,2908.2445747558786,1926.4391413140324,334,True,5.7642361420882935,5.7642361420882935,0,"{""selected_candidate"": 1, ""candidate_rounds"": [7, 9, 19, 19, 18], ""candidate_diagnostics"": [{""fit_converged"": true, ""final_update_norm"": 9.234776598890913e-06, ""fit_tolerance"": 1e-05, ""hit_round_cap"": false}, {""fit_converged"": true, ""final_update_norm"": 2.107728525721154e-06, ""fit_tolerance"": 1e-05, ""hit_round_cap"": false}, {""fit_converged"": true, ""final_update_norm"": 7.544294260188269e-06, ""fit_tolerance"": 1e-05, ""hit_round_cap"": false}, {""fit_converged"": true, ""final_update_norm"": 5.386257717445442e-06, ""fit_tolerance"": 1e-05, ""hit_round_cap"": false}, {""fit_converged"": true, ""final_update_norm"": 9.061665354519647e-06, ""fit_tolerance"": 1e-05, ""hit_round_cap"": false}]}",2.8821180710441467,9,72,27.0,216.0,16.875,0.3515625,0.5390625,0.0,-2.511085153372038,21.90551033334565,8.323022190826428,-0.0,-0.0,-4.638050387602616,0.0,19.904568870516478,0.0,17.765625
56,20260967,FedAvg,20,9,1,4,0.6153846153846154,0.4444444444444444,3119.356884895938,2765.545322899695,1932.0377447413528,1007,True,5.7642361420882935,5.7642361420882935,0,"{""fit_converged"": true, ""final_update_norm"": 7.52657561319319e-09, ""fit_tolerance"": 1e-05, ""hit_round_cap"": false}",,3,3,60.0,60.0,0.703125,0.0,0.5390625,2.291761252361182,-5.571906489250215,24.566260004063107,10.836817893737061,0.0,-3.6219341864566856,-8.345847652863434,0.08136226002741898,21.930334136617695,0.2261793024687606,1.2421875
56,20260967,FedAvg-ST,20,5,5,4,0.8888888888888888,0.8,3343.7796226298074,3142.133860711873,1982.8525109919092,334,True,5.7642361420882935,5.7642361420882935,0,"{""fit_converged"": true, ""final_update_norm"": 7.52657561319319e-09, ""fit_tolerance"": 1e-05, ""hit_round_cap"": false}",4.797127276633814,3,3,60.0,60.0,0.703125,2.8125,0.5390625,0.0,-0.7747792126164006,19.769132727429295,6.039690617103247,0.0,-0.0,-3.5487203762296193,0.0,17.13320685998388,0.0,4.0546875
56,20260967,FedAvg-P,20,6,4,4,0.8,0.6666666666666666,3227.166771461649,2928.065462655965,1935.3197094992984,366,True,5.7642361420882935,5.7642361420882935,0,"{""selected_candidate"": 1, ""candidate_rounds"": [3, 3, 3, 3, 3], ""candidate_diagnostics"": [{""fit_converged"": true, ""final_update_norm"": 6.297970714672698e-07, ""fit_tolerance"": 1e-05, ""hit_round_cap"": false}, {""fit_converged"": true, ""final_update_norm"": 2.2711881836859257e-07, ""fit_tolerance"": 1e-05, ""hit_round_cap"": false}, {""fit_converged"": true, ""final_update_norm"": 5.373055130928924e-08, ""fit_tolerance"": 1e-05, ""hit_round_cap"": false}, {""fit_converged"": true, ""final_update_norm"": 5.601870362608148e-08, ""fit_tolerance"": 1e-05, ""hit_round_cap"": false}, {""fit_converged"": true, ""final_update_norm"": 5.572793548749208e-08, ""fit_tolerance"": 1e-05, ""hit_round_cap"": false}]}",2.8821180710441467,3,15,60.0,300.0,3.515625,0.3515625,0.5390625,0.0,-2.689784297557499,21.68412838953399,7.954845415256008,0.0,-0.7397472706695507,-5.463652370184441,0.0,19.04824826680254,0.0,4.40625
57,20260968,Pooled,0,8,2,3,0.5454545454545454,0.375,3112.5499740436653,3182.937137596312,1518.5089644871225,383,True,1.326329697765121,2.647512651243867,0,{},,0,0,,,0.0,0.0,0.5390625,-0.3320431091278296,-5.3069809079294314,28.0542967591466,12.860378139516781,-3.56316228642221,-1.815269723814664,-3.845069280064095,0.0,25.392817436773747,0.0,0.5390625
57,20260968,Pooled-1SE,0,3,7,3,1.0,1.0,3327.0329812278055,3543.7000695350116,1647.0858863709286,268,True,1.326329697765121,11.05420970752175,0,{},,0,0,,,0.0,0.0,0.5390625,-0.0,-0.0,24.41417668177875,6.079630611667297,-0.0,-0.0,-0.0,0.0,18.97797703815942,0.0,0.5390625
57,20260968,Largest-site,0,10,0,3,0.46153846153846156,0.3,3079.706900251402,3297.6336829332513,1613.3832951402867,1023,True,1.326329697765121,0.10516363573736154,0,{},,0,0,,,0.0,0.0,0.5390625,3.1695916769804393,-4.065449257413533,21.183462037495346,14.359140014848679,-22.515569919888666,7.417451266555916,-7.176815267955381,-4.006637713910593,37.02696182654214,-0.5816939222464204,0.5390625
57,20260968,Largest-site-1SE,0,4,6,3,0.8571428571428571,0.75,3657.0285063477477,4003.5016336836065,1859.3750548769958,332,True,1.326329697765121,15.641535522461194,0,{},,0,0,,,0.0,0.0,0.5390625,0.0,0.0,13.887483294851977,4.434312930230734,-0.0,-0.0,-1.1187762490772226,0.0,16.273071325720693,0.0,0.5390625
57,20260968,One-shot,0,10,0,3,0.46153846153846156,0.3,3070.8683277084588,3169.194307003558,1520.0995578147667,1023,True,1.326329697765121,1.326329697765121,0,{},,1,1,,,0.234375,0.0,0.5390625,-2.92273998894669,-7.256083004637603,27.8810016414024,15.044411323139709,-11.257784959944333,2.8526707610042665,-3.5884076339776905,0.19862370548514052,29.770065993409506,1.479276613645792,0.7734375
57,20260968,ADMM,0,8,2,3,0.5454545454545454,0.375,3108.122424704197,3186.957259192698,1510.7221352048355,863,True,1.326329697765121,1.326329697765121,0,{},,395,395,,,92.578125,0.0,0.5390625,-1.8844016296760742,-7.246419089672013,28.4372237349525,14.546201702022927,-8.268294150809336,-0.0,-3.6533249327230095,0.0,28.400908990666313,0.497325699431786,93.1171875
57,20260968,FedAvg,1,10,0,3,0.46153846153846156,0.3,3048.527964922583,3122.6580770507053,1515.3769487480822,1023,True,1.326329697765121,1.326329697765121,0,"{""fit_converged"": true, ""final_update_norm"": 9.178924929177112e-06, ""fit_tolerance"": 1e-05, ""hit_round_cap"": false}",,53,53,53.0,53.0,12.421875,0.0,0.5390625,-2.0360587559266863,-8.14816559834173,27.67757469239531,15.145667960087566,-8.7733834260764,-0.18049066831559268,-4.627305248247485,2.082918463021051,26.915027333410116,1.850285002297556,12.9609375
57,20260968,FedAvg-ST,1,5,5,3,0.75,0.6,3316.13766652011,3525.4417833716006,1644.5428485972886,286,True,1.326329697765121,1.326329697765121,0,"{""fit_converged"": true, ""final_update_norm"": 9.178924929177112e-06, ""fit_tolerance"": 1e-05, ""hit_round_cap"": false}",6.631648488825606,53,53,53.0,53.0,12.421875,2.8125,0.5390625,-0.0,-1.5165171095161245,21.045926203569707,8.51401947126196,-2.141734937250794,-0.0,-0.0,0.0,20.28337884458451,0.0,15.7734375
57,20260968,FedAvg-P,1,7,3,3,0.6,0.42857142857142855,3106.1430935319913,3135.2347354620633,1518.5691743001958,351,True,1.326329697765121,1.326329697765121,0,"{""selected_candidate"": 0, ""candidate_rounds"": [19, 30, 32, 33, 37], ""candidate_diagnostics"": [{""fit_converged"": true, ""final_update_norm"": 5.756562627602595e-06, ""fit_tolerance"": 1e-05, ""hit_round_cap"": false}, {""fit_converged"": true, ""final_update_norm"": 8.803769668238592e-06, ""fit_tolerance"": 1e-05, ""hit_round_cap"": false}, {""fit_converged"": true, ""final_update_norm"": 6.293761263178044e-06, ""fit_tolerance"": 1e-05, ""hit_round_cap"": false}, {""fit_converged"": true, ""final_update_norm"": 7.766847453505157e-06, ""fit_tolerance"": 1e-05, ""hit_round_cap"": false}, {""fit_converged"": true, ""final_update_norm"": 7.91346687801238e-06, ""fit_tolerance"": 1e-05, ""hit_round_cap"": false}]}",1.326329697765121,19,151,19.0,151.0,35.390625,0.3515625,0.5390625,-0.26821316108752935,-5.406678761508637,28.5817496598363,13.909353346681643,-5.734298596328719,-0.0,-4.495335851733744,0.0,24.373720353356212,0.0,36.28125
57,20260968,FedAvg,3,9,1,3,0.5,0.3333333333333333,3064.71862275114,3146.941105491066,1513.944786418764,991,True,1.326329697765121,1.326329697765121,0,"{""fit_converged"": true, ""final_update_norm"": 6.183497761027952e-06, ""fit_tolerance"": 1e-05, ""hit_round_cap"": false}",,14,14,42.0,42.0,3.28125,0.0,0.5390625,-2.297328312148348,-7.823872309388508,28.01212725719586,15.064238847366527,-9.015640578386176,0.0,-3.865654103067774,1.9357403218050102,27.644382244212135,1.566323066395037,3.8203125
57,20260968,FedAvg-ST,3,5,5,3,0.75,0.6,3291.411725533152,3510.264222351319,1634.739435298267,286,True,1.326329697765121,1.326329697765121,0,"{""fit_converged"": true, ""final_update_norm"": 6.183497761027952e-06, ""fit_tolerance"": 1e-05, ""hit_round_cap"": false}",6.631648488825606,14,14,42.0,42.0,3.28125,2.8125,0.5390625,-0.0,-1.1922238205629023,21.380478768370253,8.43259035854092,-2.3839920895605697,0.0,-0.0,0.0,21.012733755386527,0.0,6.6328125
57,20260968,FedAvg-P,3,9,1,3,0.5,0.3333333333333333,3101.151759113566,3186.84936656088,1517.1166498731975,991,True,1.326329697765121,1.326329697765121,0,"{""selected_candidate"": 0, ""candidate_rounds"": [14, 16, 12, 13, 13], ""candidate_diagnostics"": [{""fit_converged"": true, ""final_update_norm"": 4.505815029900311e-06, ""fit_tolerance"": 1e-05, ""hit_round_cap"": false}, {""fit_converged"": true, ""final_update_norm"": 3.61226770202626e-06, ""fit_tolerance"": 1e-05, ""hit_round_cap"": false}, {""fit_converged"": true, ""final_update_norm"": 7.619281162847847e-06, ""fit_tolerance"": 1e-05, ""hit_round_cap"": false}, {""fit_converged"": true, ""final_update_norm"": 3.213970381612965e-06, ""fit_tolerance"": 1e-05, ""hit_round_cap"": false}, {""fit_converged"": true, ""final_update_norm"": 3.5338107757053004e-06, ""fit_tolerance"": 1e-05, ""hit_round_cap"": false}]}",1.326329697765121,14,68,42.0,204.0,15.9375,0.3515625,0.5390625,-1.1579967265952926,-6.543997649733427,26.759481416145693,13.949606396498552,-6.936672266366344,-0.0,-3.1126038771104505,0.45551578026027784,25.955638059542732,0.09396843325510074,16.828125
57,20260968,FedAvg,20,10,0,3,0.46153846153846156,0.3,3074.5444621645743,3164.049577354552,1515.3096758707661,1023,True,1.326329697765121,1.326329697765121,0,"{""fit_converged"": true, ""final_update_norm"": 8.424280811175344e-06, ""fit_tolerance"": 1e-05, ""hit_round_cap"": false}",,14,14,280.0,280.0,3.28125,0.0,0.5390625,-2.87783489709129,-7.275669104340136,27.908320816275033,15.05266730192003,-8.91922695906261,1.0123294894941792,-4.65915941117497,0.09232919699838771,28.663990634274,1.4438123671784648,3.8203125
57,20260968,FedAvg-ST,20,5,5,3,0.75,0.6,3266.0979544404954,3500.570413316207,1628.119624190254,286,True,1.326329697765121,1.326329697765121,0,"{""fit_converged"": true, ""final_update_norm"": 8.424280811175344e-06, ""fit_tolerance"": 1e-05, ""hit_round_cap"": false}",6.631648488825606,14,14,280.0,280.0,3.28125,2.8125,0.5390625,-0.0,-0.6440206155145303,21.276672327449425,8.421018813094424,-2.287578470237005,0.0,-0.0,0.0,22.032342145448396,0.0,6.6328125
57,20260968,FedAvg-P,20,8,2,3,0.5454545454545454,0.375,3089.5908418265335,3203.745139097066,1515.3358056513612,863,True,1.326329697765121,1.326329697765121,0,"{""selected_candidate"": 0, ""candidate_rounds"": [6, 8, 13, 14, 14], ""candidate_diagnostics"": [{""fit_converged"": true, ""final_update_norm"": 1.133154329099287e-06, ""fit_tolerance"": 1e-05, ""hit_round_cap"": false}, {""fit_converged"": true, ""final_update_norm"": 6.431034710947803e-06, ""fit_tolerance"": 1e-05, ""hit_round_cap"": false}, {""fit_converged"": true, ""final_update_norm"": 5.417371962769653e-06, ""fit_tolerance"": 1e-05, ""hit_round_cap"": false}, {""fit_converged"": true, ""final_update_norm"": 3.618120479454247e-06, ""fit_tolerance"": 1e-05, ""hit_round_cap"": false}, {""fit_converged"": true, ""final_update_norm"": 4.5030664109018885e-06, ""fit_tolerance"": 1e-05, ""hit_round_cap"": false}]}",1.326329697765121,6,55,120.0,1100.0,12.890625,0.3515625,0.5390625,-1.5486484704055665,-5.9481182956740835,26.586072368548734,13.72879616642267,-7.2108497197871255,0.0,-3.5137368203926784,0.0,27.172958717799418,0.11237557771596007,13.78125
58,20260969,Pooled,0,7,3,4,0.7272727272727273,0.5714285714285714,3016.0368330972915,3054.8405696618006,1726.367871988547,878,True,3.5725375082211452,2.4576487689168722,0,{},,0,0,,,0.0,0.0,0.5390625,0.0,-10.23316888359449,24.274162686818276,12.098054325695307,-0.0,-1.743419262768939,-11.21425030593616,0.0,21.074010511405554,1.7855002332520726,0.5390625
58,20260969,Pooled-1SE,0,4,6,4,1.0,1.0,3623.5338824050896,3435.2453787340173,1838.0796595461245,332,True,3.5725375082211452,13.021402022059611,0,{},,0,0,,,0.0,0.0,0.5390625,0.0,-0.0,20.56175869576905,3.7734472511742263,0.0,0.0,-1.091885891221975,0.0,17.930737838737617,0.0,0.5390625
58,20260969,Largest-site,0,5,5,4,0.8888888888888888,0.8,3246.2013001838313,3162.7523753800933,1760.0991117622916,334,True,3.5725375082211452,6.710438023809966,0,{},,0,0,,,0.0,0.0,0.5390625,0.0,-0.2644816270909493,23.12126845535089,8.936448973683614,-0.0,-0.0,-6.168522688023829,0.0,17.78121589177909,0.0,0.5390625
58,20260969,Largest-site-1SE,0,4,6,4,1.0,1.0,3900.5566073078603,3671.742568649724,1917.663952163273,332,True,3.5725375082211452,17.399788651706487,0,{},,0,0,,,0.0,0.0,0.5390625,0.0,-0.0,18.942669128970536,4.1945638420388,-0.0,0.0,-0.836519259862157,0.0,12.820479888821556,0.0,0.5390625
58,20260969,One-shot,0,10,0,4,0.5714285714285714,0.4,3063.841871586379,3063.1621060128386,1789.9017632362309,1023,True,3.5725375082211452,3.5725375082211452,0,{},,1,1,,,0.234375,0.0,0.5390625,2.1753893134598457,-7.655901138065723,23.103613210279715,10.984067187854041,5.651602193538213,-11.125792370528416,-8.298259617943593,8.46859865738629,18.09585532511034,0.8432182342932747,0.7734375
58,20260969,ADMM,0,6,4,4,0.8,0.6666666666666666,3058.736144675564,3073.5566103089827,1721.8506475759796,846,True,3.5725375082211452,3.5725375082211452,0,{},,109,109,,,25.546875,0.0,0.5390625,0.0,-8.279359333599002,23.892473177839765,11.131137553227534,-0.0,-0.0,-9.821187754104763,0.0,20.593908312289035,0.8101031502158258,26.0859375
58,20260969,FedAvg,1,10,0,4,0.5714285714285714,0.4,3050.1077449547574,3078.3468771742187,1735.2365329649779,1023,True,3.5725375082211452,3.5725375082211452,0,"{""fit_converged"": true, ""final_update_norm"": 5.4892261987926884e-06, ""fit_tolerance"": 1e-05, ""hit_round_cap"": false}",,21,21,21.0,21.0,4.921875,0.0,0.5390625,2.5957775200802855,-8.566855359616294,22.62046088593214,11.231898315021759,-1.3050067940567687,-0.9965279251612277,-8.163174974297092,2.523733119008333,22.083891928505913,0.6157680259543599,5.4609375
58,20260969,FedAvg-ST,1,5,5,4,0.8888888888888888,0.8,3588.039393172888,3422.9987370005992,1818.6143925657364,334,True,3.5725375082211452,3.5725375082211452,0,"{""fit_converged"": true, ""final_update_norm"": 5.4892261987926884e-06, ""fit_tolerance"": 1e-05, ""hit_round_cap"": false}",4.654777282346967,21,21,21.0,21.0,4.921875,2.8125,0.5390625,0.0,-3.912078077269327,17.965683603585173,6.577121032674792,-0.0,-0.0,-3.508397691950125,0.0,17.429114646158947,0.0,8.2734375
58,20260969,FedAvg-P,1,6,4,4,0.8,0.6666666666666666,3327.948752003559,3240.8914212427853,1771.2055814479804,335,True,3.5725375082211452,3.5725375082211452,0,"{""selected_candidate"": 0, ""candidate_rounds"": [17, 19, 20, 20, 20], ""candidate_diagnostics"": [{""fit_converged"": true, ""final_update_norm"": 3.686059543472713e-06, ""fit_tolerance"": 1e-05, ""hit_round_cap"": false}, {""fit_converged"": true, ""final_update_norm"": 4.461926808524757e-06, ""fit_tolerance"": 1e-05, ""hit_round_cap"": false}, {""fit_converged"": true, ""final_update_norm"": 6.461787700134816e-06, ""fit_tolerance"": 1e-05, ""hit_round_cap"": false}, {""fit_converged"": true, ""final_update_norm"": 8.024490199262575e-06, ""fit_tolerance"": 1e-05, ""hit_round_cap"": false}, {""fit_converged"": true, ""final_update_norm"": 9.160127439747867e-06, ""fit_tolerance"": 1e-05, ""hit_round_cap"": false}]}",3.5725375082211452,17,96,17.0,96.0,22.5,0.3515625,0.5390625,0.675514556323209,-2.2132550375174316,24.387654791395335,8.227513492830399,0.0,-0.0,-6.5052028813456175,0.0,14.162700675582954,0.0,23.390625
58,20260969,FedAvg,3,10,0,4,0.5714285714285714,0.4,3036.9825743705214,3049.4883551844428,1740.936884945505,1023,True,3.5725375082211452,3.5725375082211452,0,"{""fit_converged"": true, ""final_update_norm"": 9.754449653390541e-06, ""fit_tolerance"": 1e-05, ""hit_round_cap"": false}",,18,18,54.0,54.0,4.21875,0.0,0.5390625,2.0348825261798433,-7.566227037216155,23.089631607736365,11.008407611752238,-1.3624170688767276,-3.079165671902595,-7.543214517633691,5.217512142705367,21.290285865794097,0.7049149748496832,4.7578125
58,20260969,FedAvg-ST,3,6,4,4,0.8,0.6666666666666666,3600.088698749094,3430.3875061572944,1824.7137219846609,462,True,3.5725375082211452,3.5725375082211452,0,"{""fit_converged"": true, ""final_update_norm"": 9.754449653390541e-06, ""fit_tolerance"": 1e-05, ""hit_round_cap"": false}",4.654777282346967,18,18,54.0,54.0,4.21875,2.8125,0.5390625,0.0,-2.911449754869188,18.4348543253894,6.353630329405271,-0.0,-0.0,-2.888437235286724,0.5627348603583995,16.63550858344713,0.0,7.5703125
58,20260969,FedAvg-P,3,6,4,4,0.8,0.6666666666666666,3414.263342362868,3288.924356709861,1777.4979698897555,462,True,3.5725375082211452,3.5725375082211452,0,"{""selected_candidate"": 0, ""candidate_rounds"": [13, 15, 19, 19, 19], ""candidate_diagnostics"": [{""fit_converged"": true, ""final_update_norm"": 3.955435596207692e-06, ""fit_tolerance"": 1e-05, ""hit_round_cap"": false}, {""fit_converged"": true, ""final_update_norm"": 5.729721465068844e-06, ""fit_tolerance"": 1e-05, ""hit_round_cap"": false}, {""fit_converged"": true, ""final_update_norm"": 5.732130994103601e-06, ""fit_tolerance"": 1e-05, ""hit_round_cap"": false}, {""fit_converged"": true, ""final_update_norm"": 5.238946637976239e-06, ""fit_tolerance"": 1e-05, ""hit_round_cap"": false}, {""fit_converged"": true, ""final_update_norm"": 4.992735604847611e-06, ""fit_tolerance"": 1e-05, ""hit_round_cap"": false}]}",3.5725375082211452,13,85,39.0,255.0,19.921875,0.3515625,0.5390625,0.0,-4.153182566954332,19.653605135043467,7.706309368980101,-0.0,-0.0,-5.273799518569376,0.6935437433632221,17.38267114724467,0.0,20.8125
58,20260969,FedAvg,20,10,0,4,0.5714285714285714,0.4,3050.116460510068,3054.230093675535,1751.8862292842239,1023,True,3.5725375082211452,3.5725375082211452,0,"{""fit_converged"": true, ""final_update_norm"": 5.366012905390175e-06, ""fit_tolerance"": 1e-05, ""hit_round_cap"": false}",,10,10,200.0,200.0,2.34375,0.0,0.5390625,2.04493610481539,-7.708785113829256,23.0747596881724,10.964927383015969,-0.3053557411684811,-6.37795653140785,-5.6934814315336215,9.064743726710983,20.33065524357366,0.6010302717356023,2.8828125
58,20260969,FedAvg-ST,20,7,3,4,0.7272727272727273,0.5714285714285714,3593.944053395815,3416.3638366047117,1832.1138294530765,494,True,3.5725375082211452,3.5725375082211452,0,"{""fit_converged"": true, ""final_update_norm"": 5.366012905390175e-06, ""fit_tolerance"": 1e-05, ""hit_round_cap"": false}",4.654777282346967,10,10,200.0,200.0,2.34375,2.8125,0.5390625,0.0,-3.0540078314822887,18.419982405825433,6.310150100669001,-0.0,-1.723179249060883,-1.0387041491866542,4.409966444364016,15.675877961226693,0.0,5.6953125
58,20260969,FedAvg-P,20,7,3,4,0.7272727272727273,0.5714285714285714,3424.3640960131374,3288.025502668251,1791.4115993306975,494,True,3.5725375082211452,3.5725375082211452,0,"{""selected_candidate"": 0, ""candidate_rounds"": [11, 11, 8, 11, 11], ""candidate_diagnostics"": [{""fit_converged"": true, ""final_update_norm"": 6.428067944826969e-06, ""fit_tolerance"": 1e-05, ""hit_round_cap"": false}, {""fit_converged"": true, ""final_update_norm"": 3.924577072642777e-06, ""fit_tolerance"": 1e-05, ""hit_round_cap"": false}, {""fit_converged"": true, ""final_update_norm"": 5.717065670498713e-06, ""fit_tolerance"": 1e-05, ""hit_round_cap"": false}, {""fit_converged"": true, ""final_update_norm"": 2.9985723610616703e-06, ""fit_tolerance"": 1e-05, ""hit_round_cap"": false}, {""fit_converged"": true, ""final_update_norm"": 3.094698306126167e-06, ""fit_tolerance"": 1e-05, ""hit_round_cap"": false}]}",3.5725375082211452,11,52,220.0,1040.0,12.1875,0.3515625,0.5390625,0.0,-4.131241070245615,19.48879595021316,7.3861006614273155,-0.0,-2.2295647872537097,-1.9484522904395,5.406410541764696,17.019068393862987,0.0,13.078125
59,20260970,Pooled,0,9,1,5,0.7142857142857143,0.5555555555555556,3380.6579306220615,2363.4829329954778,1767.9477146503523,991,True,3.610437758021827,1.5541809113284393,0,{},,0,0,,,0.0,0.0,0.5390625,-2.992104150935392,-7.8076037380267955,24.5952288701581,13.359540634828797,-2.226972900168471,-0.0,-9.895219078717869,0.8006605207428511,21.436734948522968,4.170986618491357,0.5390625
59,20260970,Pooled-1SE,0,5,5,5,1.0,1.0,3537.943811652224,2643.4546166423597,1779.7264241579842,844,True,3.610437758021827,8.234542997914891,0,{},,0,0,,,0.0,0.0,0.5390625,-0.0,-0.0,23.819128138642437,6.612787571815051,-0.0,0.0,-3.875697717874922,0.0,19.06428457919031,0.6602077496158824,0.5390625
59,20260970,Largest-site,0,8,2,5,0.7692307692307693,0.625,3383.4086429112567,2651.537807266973,1848.95404066204,879,True,3.610437758021827,1.76234228464625,0,{},,0,0,,,0.0,0.0,0.5390625,-7.174657291107249,-4.016771765803422,23.93905722182394,14.57650028256475,-0.0,-7.78453575794928,-13.690531040432122,0.0,25.811696611103923,6.865062001147591,0.5390625
59,20260970,Largest-site-1SE,0,5,5,5,1.0,1.0,3750.063600662261,2877.8143314171516,1848.196298305284,844,True,3.610437758021827,15.035737822158056,0,{},,0,0,,,0.0,0.0,0.5390625,-0.0,0.0,22.202255167817324,3.9970650295192947,0.0,0.0,-1.0746313497426376,0.0,16.716562112336035,0.23131022789678196,0.5390625
59,20260970,One-shot,0,9,1,5,0.7142857142857143,0.5555555555555556,3344.6647155346886,2463.469083312181,1764.168755574744,1007,True,3.610437758021827,3.610437758021827,0,{},,1,1,,,0.234375,0.0,0.5390625,-1.795596655492446,-5.2051504999258915,23.55802387047016,10.383605723259,0.0,-2.61857875386163,-9.057743109461265,3.152727484327895,21.82562106664888,3.4325310005737957,0.7734375
59,20260970,ADMM,0,7,3,5,0.8333333333333334,0.7142857142857143,3420.597326751689,2400.3356177815763,1749.2133377636646,847,True,3.610437758021827,3.610437758021827,0,{},,119,119,,,27.890625,0.0,0.5390625,-0.45209931707942297,-4.3850620540367515,24.571397639903015,10.633596902150918,-0.0,-0.0,-8.529124582696857,0.0,19.83621977943633,2.6607528068941337,28.4296875
59,20260970,FedAvg,1,10,0,5,0.6666666666666666,0.5,3323.1396864117946,2494.0386656535434,1786.613764419203,1023,True,3.610437758021827,3.610437758021827,0,"{""fit_converged"": true, ""final_update_norm"": 7.372544375411184e-06, ""fit_tolerance"": 1e-05, ""hit_round_cap"": false}",,58,58,58.0,58.0,13.59375,0.0,0.5390625,-2.8965153369930383,-4.553191376761892,23.431365888009204,10.846717485610677,-7.655794969923723,2.6902061888417097,-5.133073285167609,3.024798121174552,25.18704028187627,2.7252523418408643,14.1328125
59,20260970,FedAvg-ST,1,6,4,5,0.7272727272727273,0.5714285714285714,3524.555980923019,2785.6466209543923,1832.3459254841173,350,True,3.610437758021827,3.610437758021827,0,"{""fit_converged"": true, ""final_update_norm"": 7.372544375411184e-06, ""fit_tolerance"": 1e-05, ""hit_round_cap"": false}",3.759591468533792,58,58,58.0,58.0,13.59375,2.8125,0.5390625,-0.0,-0.7935999082280998,19.671774419475412,7.087126017076885,-3.8962035013899308,0.0,-1.373481816633817,0.0,21.42744881334248,0.0,16.9453125
59,20260970,FedAvg-P,1,4,6,5,0.8888888888888888,0.8,3626.0553647541824,2552.888976332479,1784.4709644789186,332,True,3.610437758021827,3.610437758021827,0,"{""selected_candidate"": 0, ""candidate_rounds"": [22, 25, 37, 35, 31], ""candidate_diagnostics"": [{""fit_converged"": true, ""final_update_norm"": 7.123172589855912e-06, ""fit_tolerance"": 1e-05, ""hit_round_cap"": false}, {""fit_converged"": true, ""final_update_norm"": 5.1329172991328815e-06, ""fit_tolerance"": 1e-05, ""hit_round_cap"": false}, {""fit_converged"": true, ""final_update_norm"": 7.849036902182323e-06, ""fit_tolerance"": 1e-05, ""hit_round_cap"": false}, {""fit_converged"": true, ""final_update_norm"": 8.100221368733024e-06, ""fit_tolerance"": 1e-05, ""hit_round_cap"": false}, {""fit_converged"": true, ""final_update_norm"": 7.89300344414991e-06, ""fit_tolerance"": 1e-05, ""hit_round_cap"": false}]}",3.610437758021827,22,150,22.0,150.0,35.15625,0.3515625,0.5390625,-0.0,-0.0,25.581417441790233,8.073728015549818,0.0,0.0,-5.348482988504616,0.0,15.360779900403614,0.0,36.046875
59,20260970,FedAvg,3,10,0,5,0.6666666666666666,0.5,3344.3596217404943,2455.9363985899063,1784.819597040053,1023,True,3.610437758021827,3.610437758021827,0,"{""fit_converged"": true, ""final_update_norm"": 9.026812026650937e-06, ""fit_tolerance"": 1e-05, ""hit_round_cap"": false}",,19,19,57.0,57.0,4.453125,0.0,0.5390625,-1.866630768773779,-4.941102532156334,23.389916373035028,10.516241632463801,-6.498746793402673,2.9706397784283918,-6.254843893557335,3.2027016239890207,24.284607650917845,3.334601598216928,4.9921875
59,20260970,FedAvg-ST,3,6,4,5,0.7272727272727273,0.5714285714285714,3546.012893812648,2772.4193720341873,1825.3859978701344,350,True,3.610437758021827,3.610437758021827,0,"{""fit_converged"": true, ""final_update_norm"": 9.026812026650937e-06, ""fit_tolerance"": 1e-05, ""hit_round_cap"": false}",3.759591468533792,19,19,57.0,57.0,4.453125,2.8125,0.5390625,-0.0,-1.1815110636225419,19.630324904501236,6.75665016393001,-2.739155324868881,0.0,-2.495252425023543,0.0,20.525016182384054,0.0,7.8046875
59,20260970,FedAvg-P,3,5,5,5,0.8,0.6666666666666666,3536.031143028716,2685.54680513028,1794.272034271381,334,True,3.610437758021827,3.610437758021827,0,"{""selected_candidate"": 0, ""candidate_rounds"": [11, 31, 22, 19, 19], ""candidate_diagnostics"": [{""fit_converged"": true, ""final_update_norm"": 7.974357340919869e-06, ""fit_tolerance"": 1e-05, ""hit_round_cap"": false}, {""fit_converged"": true, ""final_update_norm"": 8.04445868843277e-06, ""fit_tolerance"": 1e-05, ""hit_round_cap"": false}, {""fit_converged"": true, ""final_update_norm"": 5.3367667161592645e-06, ""fit_tolerance"": 1e-05, ""hit_round_cap"": false}, {""fit_converged"": true, ""final_update_norm"": 7.146897229313197e-06, ""fit_tolerance"": 1e-05, ""hit_round_cap"": false}, {""fit_converged"": true, ""final_update_norm"": 8.089880079392668e-06, ""fit_tolerance"": 1e-05, ""hit_round_cap"": false}]}",3.610437758021827,11,102,33.0,306.0,23.90625,0.3515625,0.5390625,-0.0,-1.6035726770585188,19.730599522864352,7.257470390063817,-0.0,0.0,-5.7755379017551345,0.0,19.356372042261935,0.0,24.796875
59,20260970,FedAvg,20,9,1,5,0.7142857142857143,0.5555555555555556,3344.6707367344657,2463.485382231299,1764.1688491597313,1007,True,3.610437758021827,3.610437758021827,0,"{""fit_converged"": true, ""final_update_norm"": 3.0640812824908786e-06, ""fit_tolerance"": 1e-05, ""hit_round_cap"": false}",,3,3,60.0,60.0,0.703125,0.0,0.5390625,-1.7960681296019652,-5.205255053784531,23.557662988397805,10.383650335113174,0.0,-2.6182042008667876,-9.057847064694718,3.1526970818583027,21.825786836363537,3.432603531886561,1.2421875
59,20260970,FedAvg-ST,20,5,5,5,0.8,0.6666666666666666,3601.4022973395167,2725.8583554926995,1808.4238627545187,334,True,3.610437758021827,3.610437758021827,0,"{""fit_converged"": true, ""final_update_norm"": 3.0640812824908786e-06, ""fit_tolerance"": 1e-05, ""hit_round_cap"": false}",3.759591468533792,3,3,60.0,60.0,0.703125,2.8125,0.5390625,-0.0,-1.4456635852507387,19.798071519864013,6.624058866579382,0.0,-0.0,-5.298255596160926,0.0,18.066195367829746,0.0,4.0546875
59,20260970,FedAvg-P,20,5,5,5,0.8,0.6666666666666666,3587.701610281192,2709.3325242166043,1804.2587856692007,334,True,3.610437758021827,3.610437758021827,0,"{""selected_candidate"": 0, ""candidate_rounds"": [3, 3, 3, 3, 3], ""candidate_diagnostics"": [{""fit_converged"": true, ""final_update_norm"": 4.23658342734625e-06, ""fit_tolerance"": 1e-05, ""hit_round_cap"": false}, {""fit_converged"": true, ""final_update_norm"": 9.016165631930327e-06, ""fit_tolerance"": 1e-05, ""hit_round_cap"": false}, {""fit_converged"": true, ""final_update_norm"": 5.87422713110423e-06, ""fit_tolerance"": 1e-05, ""hit_round_cap"": false}, {""fit_converged"": true, ""final_update_norm"": 3.055644965301522e-06, ""fit_tolerance"": 1e-05, ""hit_round_cap"": false}, {""fit_converged"": true, ""final_update_norm"": 3.059855083093382e-06, ""fit_tolerance"": 1e-05, ""hit_round_cap"": false}]}",3.610437758021827,3,15,60.0,300.0,3.515625,0.3515625,0.5390625,-0.0,-1.5933636905462225,19.949169981040544,6.773326612961382,0.0,-0.0,-5.445832800345119,0.0,18.214179945034257,0.0,4.40625
60,20260971,Pooled,0,8,2,4,0.6666666666666666,0.5,2919.1153764586247,3210.5999343503445,2968.5958386806087,990,True,15.479836409801424,0.4872239681282094,0,{},,0,0,,,0.0,0.0,0.5390625,0.0,-11.997254953845069,26.992747359454114,11.57107074868123,-11.086798480175187,0.0,-5.423310619549308,10.692779845239455,21.422888949283536,2.4630977752653758,0.5390625
60,20260971,Pooled-1SE,0,4,6,4,1.0,1.0,3486.4297406232827,3626.699580596626,2317.217468430967,332,True,15.479836409801424,13.677430182780283,0,{},,0,0,,,0.0,0.0,0.5390625,0.0,-0.0,22.682316840924166,0.6275706419215016,0.0,0.0,-4.106268353465786,0.0,15.40660445794452,0.0,0.5390625
60,20260971,Largest-site,0,3,7,4,0.5714285714285714,0.4,3918.389657876987,3829.8220488123916,2329.5856955645563,388,True,15.479836409801424,30.098496812726044,0,{},,0,0,,,0.0,0.0,0.5390625,0.0,0.0,20.147005324813644,0.0,0.0,0.0,-0.0,0.4332808818576782,12.137203073883553,0.0,0.5390625
60,20260971,Largest-site-1SE,0,1,9,4,0.4,0.25,5724.744732809171,4779.360617739385,2584.6863967350496,4,True,15.479836409801424,48.4664665041967,0,{},,0,0,,,0.0,0.0,0.5390625,0.0,0.0,11.130497170953756,0.0,0.0,0.0,-0.0,0.0,0.0,0.0,0.5390625
60,20260971,One-shot,0,10,0,4,0.5714285714285714,0.4,3432.7938702394267,3279.614983410271,2629.6865791167497,1023,True,15.479836409801424,15.479836409801424,0,{},,1,1,,,0.234375,0.0,0.5390625,-0.16935910177737362,-4.729458268603384,20.31004286997983,7.015614390620492,0.6059894003866295,-1.6512690432923667,-9.607945235491066,-4.955798213179212,15.589003995577173,-1.0700713299931777,0.7734375
60,20260971,ADMM,0,3,7,4,0.8571428571428571,0.75,3611.127202922827,3687.7169064160553,2314.262457924975,324,True,15.479836409801424,15.479836409801424,0,{},,99,99,,,23.203125,0.0,0.5390625,0.0,-0.0,21.88939680803015,0.0,0.0,0.0,-3.113309697484958,0.0,14.622880258683123,0.0,23.7421875
60,20260971,FedAvg,1,10,0,4,0.5714285714285714,0.4,3409.1075182611285,3297.263279965853,2516.954913525461,1023,True,15.479836409801424,15.479836409801424,0,"{""fit_converged"": true, ""final_update_norm"": 3.923664276245036e-06, ""fit_tolerance"": 1e-05, ""hit_round_cap"": false}",,19,19,19.0,19.0,4.453125,0.0,0.5390625,0.401885575920225,-2.2670029340417783,20.19284516744605,6.42089767975342,-3.979144528149327,0.4365207814450838,-3.803119294846299,-0.6134916782713067,18.00766033835535,-1.8135654341055298,4.9921875
60,20260971,FedAvg-ST,1,3,7,4,0.8571428571428571,0.75,3978.8510067021166,3707.787920658785,2342.089446737637,268,True,15.479836409801424,15.479836409801424,0,"{""fit_converged"": true, ""final_update_norm"": 3.923664276245036e-06, ""fit_tolerance"": 1e-05, ""hit_round_cap"": false}",4.200483318834086,19,19,19.0,19.0,4.453125,2.8125,0.5390625,0.0,-0.0,15.992361848611962,2.2204143609193334,-0.0,0.0,-0.0,-0.0,13.807177019521264,-0.0,7.8046875
60,20260971,FedAvg-P,1,3,7,4,0.8571428571428571,0.75,3934.959318329337,3833.592724958957,2338.902188921391,268,False,15.479836409801424,15.479836409801424,1,"{""selected_candidate"": 2, ""candidate_rounds"": [5, 18, 500, 19, 19], ""candidate_diagnostics"": [{""fit_converged"": true, ""final_update_norm"": 5.961929979036995e-06, ""fit_tolerance"": 1e-05, ""hit_round_cap"": false}, {""fit_converged"": true, ""final_update_norm"": 7.65810283304346e-06, ""fit_tolerance"": 1e-05, ""hit_round_cap"": false}, {""fit_converged"": false, ""final_update_norm"": 0.5613236154554426, ""fit_tolerance"": 1e-05, ""hit_round_cap"": true}, {""fit_converged"": true, ""final_update_norm"": 6.4038829644264585e-06, ""fit_tolerance"": 1e-05, ""hit_round_cap"": false}, {""fit_converged"": true, ""final_update_norm"": 6.181871149626656e-06, ""fit_tolerance"": 1e-05, ""hit_round_cap"": false}]}",3.869959102450356,500,561,500.0,561.0,131.484375,0.3515625,0.5390625,0.0,-0.0,21.56966880205243,2.569001777165989,-0.0,0.0,-0.0,0.0,8.94850968067254,-0.0,132.375
60,20260971,FedAvg,3,10,0,4,0.5714285714285714,0.4,3401.8640512020843,3262.0429003976665,2568.9536573217392,1023,True,15.479836409801424,15.479836409801424,0,"{""fit_converged"": true, ""final_update_norm"": 7.242456905521129e-06, ""fit_tolerance"": 1e-05, ""hit_round_cap"": false}",,17,17,51.0,51.0,3.984375,0.0,0.5390625,-0.4863403225639825,-4.645377525874894,20.49041451149534,7.5930463630383525,-3.0800951085866806,-0.004240276880477234,-6.172424300337884,-1.9354073663732392,16.689945576599587,-1.3652754911657063,4.5234375
60,20260971,FedAvg-ST,3,5,5,4,0.8888888888888888,0.8,3916.145045479751,3660.5522148839163,2342.3694244215767,334,True,15.479836409801424,15.479836409801424,0,"{""fit_converged"": true, ""final_update_norm"": 7.242456905521129e-06, ""fit_tolerance"": 1e-05, ""hit_round_cap"": false}",4.200483318834086,17,17,51.0,51.0,3.984375,2.8125,0.5390625,-0.0,-0.4448942070408073,16.289931192661257,3.392563044204266,-0.0,-0.0,-1.9719409815037974,-0.0,12.489462257765501,-0.0,7.3359375
60,20260971,FedAvg-P,3,5,5,4,0.8888888888888888,0.8,3846.166236554757,3626.1237919731657,2342.237752536869,334,True,15.479836409801424,15.479836409801424,0,"{""selected_candidate"": 2, ""candidate_rounds"": [4, 7, 8, 8, 10], ""candidate_diagnostics"": [{""fit_converged"": true, ""final_update_norm"": 1.2453912034970926e-07, ""fit_tolerance"": 1e-05, ""hit_round_cap"": false}, {""fit_converged"": true, ""final_update_norm"": 4.078038243156809e-06, ""fit_tolerance"": 1e-05, ""hit_round_cap"": false}, {""fit_converged"": true, ""final_update_norm"": 2.409898676916777e-06, ""fit_tolerance"": 1e-05, ""hit_round_cap"": false}, {""fit_converged"": true, ""final_update_norm"": 1.4221262054484813e-06, ""fit_tolerance"": 1e-05, ""hit_round_cap"": false}, {""fit_converged"": true, ""final_update_norm"": 1.689416101297592e-06, ""fit_tolerance"": 1e-05, ""hit_round_cap"": false}]}",3.869959102450356,8,37,24.0,111.0,8.671875,0.3515625,0.5390625,-0.0,-0.6877545334453887,17.042400536818825,3.882241237976556,-0.0,-0.0,-1.913457020942992,-0.0,12.521236465508736,-0.0,9.5625
60,20260971,FedAvg,20,10,0,4,0.5714285714285714,0.4,3428.5124072537096,3283.0586023071533,2605.398705629695,1023,True,15.479836409801424,15.479836409801424,0,"{""fit_converged"": true, ""final_update_norm"": 4.361680704198519e-06, ""fit_tolerance"": 1e-05, ""hit_round_cap"": false}",,10,10,200.0,200.0,2.34375,0.0,0.5390625,-0.17454702152597446,-4.744146541975934,20.349188579072024,7.065799500117436,-1.3100260541360715,-0.15506358583439422,-8.649698699376302,-4.544580621334259,16.130262847732745,-1.0996390035805212,2.8828125
60,20260971,FedAvg-ST,20,6,4,4,0.8,0.6666666666666666,3921.506162743672,3674.845776649966,2351.614960174977,462,True,15.479836409801424,15.479836409801424,0,"{""fit_converged"": true, ""final_update_norm"": 4.361680704198519e-06, ""fit_tolerance"": 1e-05, ""hit_round_cap"": false}",4.200483318834086,10,10,200.0,200.0,2.34375,2.8125,0.5390625,-0.0,-0.5436632231418477,16.14870526023794,2.865316181283349,-0.0,-0.0,-4.449215380542215,-0.344097302500173,11.929779528898658,-0.0,5.6953125
60,20260971,FedAvg-P,20,6,4,4,0.8,0.6666666666666666,3862.760378763169,3634.4033841506302,2360.1334815201058,462,True,15.479836409801424,15.479836409801424,0,"{""selected_candidate"": 2, ""candidate_rounds"": [4, 6, 6, 6, 6], ""candidate_diagnostics"": [{""fit_converged"": true, ""final_update_norm"": 5.23042271557026e-06, ""fit_tolerance"": 1e-05, ""hit_round_cap"": false}, {""fit_converged"": true, ""final_update_norm"": 7.851936996011777e-07, ""fit_tolerance"": 1e-05, ""hit_round_cap"": false}, {""fit_converged"": true, ""final_update_norm"": 1.0773599089470302e-06, ""fit_tolerance"": 1e-05, ""hit_round_cap"": false}, {""fit_converged"": true, ""final_update_norm"": 5.525363965667676e-07, ""fit_tolerance"": 1e-05, ""hit_round_cap"": false}, {""fit_converged"": true, ""final_update_norm"": 1.7837703711711762e-06, ""fit_tolerance"": 1e-05, ""hit_round_cap"": false}]}",3.869959102450356,6,28,120.0,560.0,6.5625,0.3515625,0.5390625,-0.0,-0.876640290310895,16.489200653381147,3.207138233241816,-0.0,0.0,-4.623229630368593,-0.5667394608852994,12.319690872780775,-0.0,7.453125
61,20260972,Pooled,0,5,5,3,0.75,0.6,3018.538013668336,2976.2942538394664,2104.2081818043507,334,True,8.59226381652984,5.577281458886254,0,{},,0,0,,,0.0,0.0,0.5390625,0.0,-2.414345791771624,24.69312447052504,10.836814637722503,-0.0,-0.0,-7.677886363654025,0.0,23.842868494675667,0.0,0.5390625
61,20260972,Pooled-1SE,0,3,7,3,1.0,1.0,3357.865359094261,3213.189432318676,2177.8290991801045,268,True,8.59226381652984,18.351177720733652,0,{},,0,0,,,0.0,0.0,0.5390625,0.0,-0.0,19.895236232476456,2.723562700891412,0.0,0.0,-0.0,0.0,19.22853359511265,0.0,0.5390625
61,20260972,Largest-site,0,4,6,3,0.8571428571428571,0.75,3284.786963930252,3199.2523486713303,2137.027524177126,396,True,8.59226381652984,8.540552073383386,0,{},,0,0,,,0.0,0.0,0.5390625,0.0,-0.0,18.85075189923558,9.043820029430922,0.0,0.0,-0.0,13.22060199955168,17.563835057430502,0.0,0.5390625
61,20260972,Largest-site-1SE,0,3,7,3,0.6666666666666666,0.5,4014.628515390609,3799.6305240158727,2460.9855068450397,388,True,8.59226381652984,28.101359073805213,0,{},,0,0,,,0.0,0.0,0.5390625,0.0,0.0,10.273553579150231,0.0,0.0,0.0,-0.0,2.324496834296043,11.637117154986402,0.0,0.5390625
61,20260972,One-shot,0,10,0,3,0.46153846153846156,0.3,3058.7991335946695,2950.157017354727,2218.7707774769024,1023,True,8.59226381652984,8.59226381652984,0,{},,1,1,,,0.234375,0.0,0.5390625,-0.15985983895993444,-3.76982301569649,23.433950362456212,9.85314788938809,-5.875723929531708,0.1729811126882269,1.78515941830895,11.619737864111556,20.390486515327716,2.7347064637350496,0.7734375
61,20260972,ADMM,0,4,6,3,0.8571428571428571,0.75,3079.952295323429,2994.2763989359955,2087.778391069934,332,True,8.59226381652984,8.59226381652984,0,{},,114,114,,,26.71875,0.0,0.5390625,0.0,-0.0,23.83011649727802,8.440914617636592,0.0,0.0,-5.3004038312378015,0.0,22.76095354203358,0.0,27.2578125
61,20260972,FedAvg,1,10,0,3,0.46153846153846156,0.3,3076.3311951648116,2976.6882499530157,2129.7998512861973,1023,True,8.59226381652984,8.59226381652984,0,"{""fit_converged"": true, ""final_update_norm"": 7.381094611809966e-06, ""fit_tolerance"": 1e-05, ""hit_round_cap"": false}",,21,21,21.0,21.0,4.921875,0.0,0.5390625,0.4060335619231382,-3.1410824521986416,22.50239459582879,9.543290239826586,-0.5196903649947119,-0.7786600866113282,-3.8842263041014573,6.159523418301406,19.329181512338153,1.7560347662284572,5.4609375
61,20260972,FedAvg-ST,1,4,6,3,0.8571428571428571,0.75,3597.4160350635248,3354.0652102370623,2271.489856769502,396,True,8.59226381652984,8.59226381652984,0,"{""fit_converged"": true, ""final_update_norm"": 7.381094611809966e-06, ""fit_tolerance"": 1e-05, ""hit_round_cap"": false}",5.714862218713165,21,21,21.0,21.0,4.921875,2.8125,0.5390625,0.0,-0.0,16.787532377115625,3.828428021113421,-0.0,-0.0,-0.0,0.444661199588241,13.614319293624987,0.0,8.2734375
61,20260972,FedAvg-P,1,4,6,3,0.8571428571428571,0.75,3368.483851011755,3010.813946207121,2176.2812865167284,332,True,8.59226381652984,8.59226381652984,0,"{""selected_candidate"": 1, ""candidate_rounds"": [12, 17, 20, 21, 21], ""candidate_diagnostics"": [{""fit_converged"": true, ""final_update_norm"": 2.8855807488086183e-06, ""fit_tolerance"": 1e-05, ""hit_round_cap"": false}, {""fit_converged"": true, ""final_update_norm"": 9.940777702829703e-06, ""fit_tolerance"": 1e-05, ""hit_round_cap"": false}, {""fit_converged"": true, ""final_update_norm"": 7.679893351532268e-06, ""fit_tolerance"": 1e-05, ""hit_round_cap"": false}, {""fit_converged"": true, ""final_update_norm"": 6.049807386846765e-06, ""fit_tolerance"": 1e-05, ""hit_round_cap"": false}, {""fit_converged"": true, ""final_update_norm"": 6.2001762084594955e-06, ""fit_tolerance"": 1e-05, ""hit_round_cap"": false}]}",4.29613190826492,17,91,17.0,91.0,21.328125,0.3515625,0.5390625,0.0,-0.0,25.616065249824608,7.309822580347225,0.0,-0.0,-4.569521808336583,0.0,9.547018315924818,0.0,22.21875
61,20260972,FedAvg,3,10,0,3,0.46153846153846156,0.3,3058.0929096707373,2956.0000322623678,2169.6812352915026,1023,True,8.59226381652984,8.59226381652984,0,"{""fit_converged"": true, ""final_update_norm"": 2.8967515220534445e-06, ""fit_tolerance"": 1e-05, ""hit_round_cap"": false}",,12,12,36.0,36.0,2.8125,0.0,0.5390625,-0.24346466740941125,-3.811519345309425,22.805272831089194,9.737662009481236,-2.160832665985904,-2.033966276480652,-1.3541710504843154,9.943980810696019,19.552880458484083,2.5597789195936786,3.3515625
61,20260972,FedAvg-ST,3,4,6,3,0.8571428571428571,0.75,3501.2623907180973,3304.3760930959734,2221.9712092792706,396,True,8.59226381652984,8.59226381652984,0,"{""fit_converged"": true, ""final_update_norm"": 2.8967515220534445e-06, ""fit_tolerance"": 1e-05, ""hit_round_cap"": false}",5.714862218713165,12,12,36.0,36.0,2.8125,2.8125,0.5390625,-0.0,-0.0,17.09041061237603,4.022799790768071,-0.0,-0.0,-0.0,4.229118591982854,13.838018239770918,0.0,6.1640625
61,20260972,FedAvg-P,3,4,6,3,0.8571428571428571,0.75,3396.8706556182055,3218.682704388753,2177.232051838224,396,True,8.59226381652984,8.59226381652984,0,"{""selected_candidate"": 1, ""candidate_rounds"": [11, 12, 12, 12, 12], ""candidate_diagnostics"": [{""fit_converged"": true, ""final_update_norm"": 9.78044920451681e-06, ""fit_tolerance"": 1e-05, ""hit_round_cap"": false}, {""fit_converged"": true, ""final_update_norm"": 2.6072950501992946e-06, ""fit_tolerance"": 1e-05, ""hit_round_cap"": false}, {""fit_converged"": true, ""final_update_norm"": 3.282427821908899e-06, ""fit_tolerance"": 1e-05, ""hit_round_cap"": false}, {""fit_converged"": true, ""final_update_norm"": 3.4872219333594546e-06, ""fit_tolerance"": 1e-05, ""hit_round_cap"": false}, {""fit_converged"": true, ""final_update_norm"": 3.270378017226729e-06, ""fit_tolerance"": 1e-05, ""hit_round_cap"": false}]}",4.29613190826492,12,59,36.0,177.0,13.828125,0.3515625,0.5390625,-0.0,-0.0,18.055953746138883,5.613966176094248,-0.0,-0.0,-0.0,5.175475243286957,14.882667270562672,0.0,14.71875
61,20260972,FedAvg,20,10,0,3,0.46153846153846156,0.3,3062.5673012490606,2951.7949236990594,2192.905214529308,1023,True,8.59226381652984,8.59226381652984,0,"{""fit_converged"": true, ""final_update_norm"": 2.789444117994954e-06, ""fit_tolerance"": 1e-05, ""hit_round_cap"": false}",,9,9,180.0,180.0,2.109375,0.0,0.5390625,-0.15160509563241828,-3.7248847116422477,23.408088035523633,9.770975498985276,-3.921789130156092,-1.2060006333819304,0.7898700766362998,11.123970888992336,19.77714567321522,2.762763983640884,2.6484375
61,20260972,FedAvg-ST,20,4,6,3,0.8571428571428571,0.75,3460.1231749479794,3276.8229206650067,2202.5650921589236,396,True,8.59226381652984,8.59226381652984,0,"{""fit_converged"": true, ""final_update_norm"": 2.789444117994954e-06, ""fit_tolerance"": 1e-05, ""hit_round_cap"": false}",5.714862218713165,9,9,180.0,180.0,2.109375,2.8125,0.5390625,-0.0,-0.0,17.693225816810468,4.056113280272111,-0.0,-0.0,0.0,5.409108670279171,14.062283454502055,0.0,5.4609375
61,20260972,FedAvg-P,20,4,6,3,0.8571428571428571,0.75,3350.1699790729526,3190.573556096122,2156.7726105761676,396,True,8.59226381652984,8.59226381652984,0,"{""selected_candidate"": 1, ""candidate_rounds"": [5, 6, 6, 9, 9], ""candidate_diagnostics"": [{""fit_converged"": true, ""final_update_norm"": 7.12542732907113e-06, ""fit_tolerance"": 1e-05, ""hit_round_cap"": false}, {""fit_converged"": true, ""final_update_norm"": 4.495136814556726e-07, ""fit_tolerance"": 1e-05, ""hit_round_cap"": false}, {""fit_converged"": true, ""final_update_norm"": 4.7883732329559055e-06, ""fit_tolerance"": 1e-05, ""hit_round_cap"": false}, {""fit_converged"": true, ""final_update_norm"": 1.7437947762300633e-06, ""fit_tolerance"": 1e-05, ""hit_round_cap"": false}, {""fit_converged"": true, ""final_update_norm"": 2.5352551335582653e-06, ""fit_tolerance"": 1e-05, ""hit_round_cap"": false}]}",4.29613190826492,6,35,120.0,700.0,8.203125,0.3515625,0.5390625,-0.0,-0.0,19.113007684314823,5.459127108028511,-0.0,-0.0,0.0,6.732852071438709,15.33706568313134,0.0,9.09375
62,20260973,Pooled,0,6,4,4,0.8,0.6666666666666666,3123.9919268473677,3260.9113924010317,2318.2727554003477,846,True,11.971521440288482,4.282965191665978,0,{},,0,0,,,0.0,0.0,0.5390625,-0.0,-7.403099774443163,24.812187511075024,14.886616088831815,-0.0,-0.0,-9.843901741478783,0.0,15.225898040576913,2.975210436365434,0.5390625
62,20260973,Pooled-1SE,0,4,6,4,1.0,1.0,3463.7559080380556,3558.571395215713,2201.082502362719,332,True,11.971521440288482,14.092431228972583,0,{},,0,0,,,0.0,0.0,0.5390625,0.0,-0.0,22.365454190272043,8.20053766786087,-0.0,-0.0,-1.4081212867061514,0.0,13.246830423624523,0.0,0.5390625
62,20260973,Largest-site,0,4,6,4,1.0,1.0,3710.6196453108723,4193.211237302897,2258.309881184019,332,True,11.971521440288482,19.145908174120315,0,{},,0,0,,,0.0,0.0,0.5390625,0.0,-0.0,20.87865375714978,11.347484756970887,-0.0,-0.0,-5.59131222360909,0.0,2.1972470943878517,0.0,0.5390625
62,20260973,Largest-site-1SE,0,1,9,4,0.4,0.25,4987.230822494535,5518.169476588135,2657.046080112021,4,True,11.971521440288482,39.1219775247854,0,{},,0,0,,,0.0,0.0,0.5390625,0.0,0.0,9.89789680725645,0.0,0.0,0.0,-0.0,0.0,0.0,0.0,0.5390625
62,20260973,One-shot,0,9,1,4,0.6153846153846154,0.4444444444444444,3329.3557830892014,3398.7978098836675,2249.6999272614057,991,True,11.971521440288482,11.971521440288482,0,{},,1,1,,,0.234375,0.0,0.5390625,-0.14459363363829109,-4.193940414027809,22.73864471083388,9.463300434577581,-1.329917099072275,0.0,-3.48304764938882,-0.13241198393718442,15.21016687630392,1.506989656332319,0.7734375
62,20260973,ADMM,0,4,6,4,1.0,1.0,3367.844114093033,3466.110489569768,2196.8947616775063,332,True,11.971521440288482,11.971521440288482,0,{},,115,115,,,26.953125,0.0,0.5390625,0.0,-0.0,23.249428683400247,9.361664523057659,-0.0,-0.0,-2.633672289054226,0.0,13.925182162164813,0.0,27.4921875
62,20260973,FedAvg,1,9,1,4,0.6153846153846154,0.4444444444444444,3348.6384329298467,3403.9403192922823,2255.249162642075,1022,True,11.971521440288482,11.971521440288482,0,"{""fit_converged"": true, ""final_update_norm"": 8.24726107114741e-06, ""fit_tolerance"": 1e-05, ""hit_round_cap"": false}",,21,21,21.0,21.0,4.921875,0.0,0.5390625,0.0,-4.024812960397942,22.229911592863193,9.922523470714781,0.6514660476729911,-1.3965124241488929,-3.1341499938424544,1.6024464993295293,13.996540379420765,0.40884244099507744,5.4609375
62,20260973,FedAvg-ST,1,5,5,4,0.8888888888888888,0.8,3667.982792227235,3768.4426145070493,2238.2147166109194,334,True,11.971521440288482,11.971521440288482,0,"{""fit_converged"": true, ""final_update_norm"": 8.24726107114741e-06, ""fit_tolerance"": 1e-05, ""hit_round_cap"": false}",2.596216641315999,21,21,21.0,21.0,4.921875,2.8125,0.5390625,0.0,-1.4285963190819433,19.633694951547195,7.326306829398781,0.0,-0.0,-0.5379333525264554,0.0,11.400323738104765,0.0,8.2734375
62,20260973,FedAvg-P,1,5,5,4,0.8888888888888888,0.8,3563.1628868899206,3935.5885402469225,2227.47708214753,334,True,11.971521440288482,11.971521440288482,0,"{""selected_candidate"": 2, ""candidate_rounds"": [5, 12, 17, 17, 21], ""candidate_diagnostics"": [{""fit_converged"": true, ""final_update_norm"": 1.5535498008034665e-06, ""fit_tolerance"": 1e-05, ""hit_round_cap"": false}, {""fit_converged"": true, ""final_update_norm"": 3.515004067566333e-06, ""fit_tolerance"": 1e-05, ""hit_round_cap"": false}, {""fit_converged"": true, ""final_update_norm"": 5.128782003328269e-06, ""fit_tolerance"": 1e-05, ""hit_round_cap"": false}, {""fit_converged"": true, ""final_update_norm"": 9.167331157696135e-06, ""fit_tolerance"": 1e-05, ""hit_round_cap"": false}, {""fit_converged"": true, ""final_update_norm"": 6.337132488771682e-06, ""fit_tolerance"": 1e-05, ""hit_round_cap"": false}]}",2.9928803600721205,17,72,17.0,72.0,16.875,0.3515625,0.5390625,0.0,-0.46741333090969306,23.780613829294218,8.435528441702512,0.0,-0.0,-2.7065490776396044,0.0,6.721743072738979,-0.0,17.765625
62,20260973,FedAvg,3,10,0,4,0.5714285714285714,0.4,3341.1898985842754,3396.7821342397774,2252.85460217901,1023,True,11.971521440288482,11.971521440288482,0,"{""fit_converged"": true, ""final_update_norm"": 5.9833512736622145e-06, ""fit_tolerance"": 1e-05, ""hit_round_cap"": false}",,12,12,36.0,36.0,2.8125,0.0,0.5390625,-0.18556147895812133,-4.474102465144434,22.65547834197422,9.666236176114761,0.00351762946552942,-1.3953484405446448,-3.2672075916896097,0.7483486571916637,14.532099942215916,1.4127647057890507,3.3515625
62,20260973,FedAvg-ST,3,5,5,4,0.8888888888888888,0.8,3633.955177933719,3730.63688346017,2237.235045519213,334,True,11.971521440288482,11.971521440288482,0,"{""fit_converged"": true, ""final_update_norm"": 5.9833512736622145e-06, ""fit_tolerance"": 1e-05, ""hit_round_cap"": false}",2.596216641315999,12,12,36.0,36.0,2.8125,2.8125,0.5390625,-0.0,-1.8778858238284353,20.059261700658222,7.070019534798762,0.0,-0.0,-0.6709909503736107,0.0,11.935883300899917,0.0,6.1640625
62,20260973,FedAvg-P,3,5,5,4,0.8888888888888888,0.8,3670.0719817995478,3781.3312166730384,2239.438395378965,334,True,11.971521440288482,11.971521440288482,0,"{""selected_candidate"": 2, ""candidate_rounds"": [7, 8, 9, 9, 12], ""candidate_diagnostics"": [{""fit_converged"": true, ""final_update_norm"": 4.866916303035437e-06, ""fit_tolerance"": 1e-05, ""hit_round_cap"": false}, {""fit_converged"": true, ""final_update_norm"": 4.21479725933837e-06, ""fit_tolerance"": 1e-05, ""hit_round_cap"": false}, {""fit_converged"": true, ""final_update_norm"": 1.8196430703070222e-06, ""fit_tolerance"": 1e-05, ""hit_round_cap"": false}, {""fit_converged"": true, ""final_update_norm"": 6.600070676524923e-06, ""fit_tolerance"": 1e-05, ""hit_round_cap"": false}, {""fit_converged"": true, ""final_update_norm"": 9.018160538162678e-06, ""fit_tolerance"": 1e-05, ""hit_round_cap"": false}]}",2.9928803600721205,9,45,27.0,135.0,10.546875,0.3515625,0.5390625,-0.0,-1.3943057427308312,19.714778415404265,7.048601279170342,0.0,-0.0,-0.5535923851445337,0.0,11.310211555029372,0.0,11.4375
62,20260973,FedAvg,20,9,1,4,0.6153846153846154,0.4444444444444444,3329.844818945186,3398.6156537733295,2250.9098034725957,991,True,11.971521440288482,11.971521440288482,0,"{""fit_converged"": true, ""final_update_norm"": 2.50144630446822e-06, ""fit_tolerance"": 1e-05, ""hit_round_cap"": false}",,4,4,80.0,80.0,0.9375,0.0,0.5390625,-0.14466860883539331,-4.193328507095491,22.726105544850906,9.457342043843433,-1.265263802139756,0.0,-3.5644672855233512,-0.22588416950329543,15.210318733587293,1.506989420602149,1.4765625
62,20260973,FedAvg-ST,20,5,5,4,0.8888888888888888,0.8,3678.837893261608,3772.955627162644,2239.407232443281,334,True,11.971521440288482,11.971521440288482,0,"{""fit_converged"": true, ""final_update_norm"": 2.50144630446822e-06, ""fit_tolerance"": 1e-05, ""hit_round_cap"": false}",3.2484953186686467,4,4,80.0,80.0,0.9375,2.8125,0.5390625,-0.0,-0.9448331884268444,19.47761022618226,6.208846725174785,-0.0,0.0,-0.3159719668547045,-0.0,11.961823414918646,0.0,4.2890625
62,20260973,FedAvg-P,20,5,5,4,0.8888888888888888,0.8,3646.9027447826165,3736.6988760285,2235.4927356271537,334,True,11.971521440288482,11.971521440288482,0,"{""selected_candidate"": 2, ""candidate_rounds"": [3, 3, 4, 4, 4], ""candidate_diagnostics"": [{""fit_converged"": true, ""final_update_norm"": 1.7705270465267094e-07, ""fit_tolerance"": 1e-05, ""hit_round_cap"": false}, {""fit_converged"": true, ""final_update_norm"": 1.5767083380842885e-06, ""fit_tolerance"": 1e-05, ""hit_round_cap"": false}, {""fit_converged"": true, ""final_update_norm"": 1.0071488330436655e-06, ""fit_tolerance"": 1e-05, ""hit_round_cap"": false}, {""fit_converged"": true, ""final_update_norm"": 1.9614793890501884e-07, ""fit_tolerance"": 1e-05, ""hit_round_cap"": false}, {""fit_converged"": true, ""final_update_norm"": 2.0676602940213134e-07, ""fit_tolerance"": 1e-05, ""hit_round_cap"": false}]}",2.9928803600721205,4,18,80.0,360.0,4.21875,0.3515625,0.5390625,-0.0,-1.2004841116790081,19.73361760068314,6.464633260331919,-0.0,0.0,-0.5690122423045283,-0.0,12.217426705724979,0.0,5.109375
63,20260974,Pooled,0,10,0,4,0.5714285714285714,0.4,3133.1977433680067,3100.732495223742,1915.2879247892345,1023,True,5.1930237747086565,0.41538559004627323,0,{},,0,0,,,0.0,0.0,0.5390625,-2.469290771773081,-10.15079802724478,29.882858450130534,12.338207578813371,-9.419634994588463,0.16426987013149338,-6.598849491834279,7.93431631558329,22.64653340810241,1.901943674372647,0.5390625
63,20260974,Pooled-1SE,0,4,6,4,1.0,1.0,3513.752851743988,3493.947662062448,1897.2635011532736,332,True,5.1930237747086565,14.797064417877566,0,{},,0,0,,,0.0,0.0,0.5390625,0.0,-0.0,25.084045043580577,0.6796537804302418,0.0,0.0,-1.9471488037126894,0.0,16.831767755704252,0.0,0.5390625
63,20260974,Largest-site,0,9,1,4,0.6153846153846154,0.4444444444444444,3241.309920406962,3305.885125265277,1917.9120551751234,991,True,5.1930237747086565,1.6388387449865847,0,{},,0,0,,,0.0,0.0,0.5390625,-1.4556917516879164,-10.20079071457436,32.26798801566573,9.084370479402788,-10.124378988206898,-0.0,-2.247132923211965,15.88170735123094,15.868386128574102,2.653892355605062,0.5390625
63,20260974,Largest-site-1SE,0,4,6,4,0.75,0.6,3550.8354396731006,3645.0950023891883,1890.8378597797139,452,True,5.1930237747086565,13.982045325184364,0,{},,0,0,,,0.0,0.0,0.5390625,0.0,-0.0,29.81966131723146,0.0,-0.0,0.0,-1.3597587369530957,4.781307392334527,11.583632347824459,0.0,0.5390625
63,20260974,One-shot,0,10,0,4,0.5714285714285714,0.4,3162.4325257993773,3193.038338151163,1884.8583834966594,1023,True,5.1930237747086565,5.1930237747086565,0,{},,1,1,,,0.234375,0.0,0.5390625,-1.7273213148598805,-7.774513402094458,27.76779814123257,9.103703964395155,-9.465528269170042,2.6410653259715238,-3.5996394626214947,7.952959989287791,19.80952646169476,-0.05146537820263575,0.7734375
63,20260974,ADMM,0,5,5,4,0.8888888888888888,0.8,3188.1907364402323,3212.7978669920294,1804.696679539322,334,True,5.1930237747086565,5.1930237747086565,0,{},,130,130,,,30.46875,0.0,0.5390625,-0.0,-2.287153415296144,28.694963449339824,7.094032483212939,-0.0,-0.0,-8.875823250969905,0.0,19.608510369209977,0.0,31.0078125
63,20260974,FedAvg,1,10,0,4,0.5714285714285714,0.4,3160.510946706658,3165.963823175406,1829.794020505056,1023,True,5.1930237747086565,5.1930237747086565,0,"{""fit_converged"": true, ""final_update_norm"": 7.105669356932655e-06, ""fit_tolerance"": 1e-05, ""hit_round_cap"": false}",,29,29,29.0,29.0,6.796875,0.0,0.5390625,-0.6392510900419989,-6.506553190171808,28.31301690991289,8.181440281532806,-3.177927812590391,-0.36808071139538423,-8.021933338229946,2.2981837870302155,19.32186640755022,0.006478716857075684,7.3359375
63,20260974,FedAvg-ST,1,5,5,4,0.8888888888888888,0.8,3400.5351416326926,3461.756416212315,1887.2495634164657,334,True,5.1930237747086565,5.1930237747086565,0,"{""fit_converged"": true, ""final_update_norm"": 7.105669356932655e-06, ""fit_tolerance"": 1e-05, ""hit_round_cap"": false}",4.3217514660733025,29,29,29.0,29.0,6.796875,2.8125,0.5390625,-0.0,-2.184801724098506,23.991265443839588,3.8596888154595037,-0.0,-0.0,-3.7001818721566435,0.0,15.00011494147692,0.0,10.1484375
63,20260974,FedAvg-P,1,5,5,4,0.8888888888888888,0.8,3263.5067094507795,3395.1140994319708,1828.543362230482,334,True,5.1930237747086565,5.1930237747086565,0,"{""selected_candidate"": 1, ""candidate_rounds"": [20, 21, 19, 27, 28], ""candidate_diagnostics"": [{""fit_converged"": true, ""final_update_norm"": 8.596182040291184e-06, ""fit_tolerance"": 1e-05, ""hit_round_cap"": false}, {""fit_converged"": true, ""final_update_norm"": 7.895061998655655e-06, ""fit_tolerance"": 1e-05, ""hit_round_cap"": false}, {""fit_converged"": true, ""final_update_norm"": 4.73192254749453e-06, ""fit_tolerance"": 1e-05, ""hit_round_cap"": false}, {""fit_converged"": true, ""final_update_norm"": 8.541961859360454e-06, ""fit_tolerance"": 1e-05, ""hit_round_cap"": false}, {""fit_converged"": true, ""final_update_norm"": 9.587472484873207e-06, ""fit_tolerance"": 1e-05, ""hit_round_cap"": false}]}",2.5965118873543283,21,115,21.0,115.0,26.953125,0.3515625,0.5390625,-0.0,-3.046251931826296,29.11254011075388,6.158793782905359,-0.0,-0.0,-8.005571601227919,0.0,13.447117184297301,-0.0,27.84375
63,20260974,FedAvg,3,9,1,4,0.6153846153846154,0.4444444444444444,3150.510367788684,3192.058812046141,1843.9949610508313,991,True,5.1930237747086565,5.1930237747086565,0,"{""fit_converged"": true, ""final_update_norm"": 6.50935390787818e-06, ""fit_tolerance"": 1e-05, ""hit_round_cap"": false}",,18,18,54.0,54.0,4.21875,0.0,0.5390625,-1.6590082170989728,-7.66783387466341,27.723400632098663,9.040793000965156,-4.215572199068166,0.0,-7.2528398007882,4.752412166559011,18.52424126000435,0.2518532758375145,4.7578125
63,20260974,FedAvg-ST,3,6,4,4,0.8,0.6666666666666666,3400.7986133189916,3487.3373172280044,1902.7710643679125,462,True,5.1930237747086565,5.1930237747086565,0,"{""fit_converged"": true, ""final_update_norm"": 6.50935390787818e-06, ""fit_tolerance"": 1e-05, ""hit_round_cap"": false}",4.3217514660733025,18,18,54.0,54.0,4.21875,2.8125,0.5390625,-0.0,-3.3460824085901075,23.40164916602536,4.719041534891853,-0.0,0.0,-2.9310883347148975,0.43066070048570815,14.202489793931047,0.0,7.5703125
63,20260974,FedAvg-P,3,5,5,4,0.8888888888888888,0.8,3444.915387194611,3566.228167082189,1918.4012083227685,334,True,5.1930237747086565,5.1930237747086565,0,"{""selected_candidate"": 0, ""candidate_rounds"": [9, 17, 17, 16, 14], ""candidate_diagnostics"": [{""fit_converged"": true, ""final_update_norm"": 4.266332246128769e-06, ""fit_tolerance"": 1e-05, ""hit_round_cap"": false}, {""fit_converged"": true, ""final_update_norm"": 9.144704656595526e-06, ""fit_tolerance"": 1e-05, ""hit_round_cap"": false}, {""fit_converged"": true, ""final_update_norm"": 6.8015565983928985e-06, ""fit_tolerance"": 1e-05, ""hit_round_cap"": false}, {""fit_converged"": true, ""final_update_norm"": 5.054318008821846e-06, ""fit_tolerance"": 1e-05, ""hit_round_cap"": false}, {""fit_converged"": true, ""final_update_norm"": 9.782036226269496e-06, ""fit_tolerance"": 1e-05, ""hit_round_cap"": false}]}",5.1930237747086565,9,73,27.0,219.0,17.109375,0.3515625,0.5390625,-0.0,-2.6505113955783575,22.755600086378227,4.375653786331236,-0.0,-0.0,-4.648606039413503,0.0,12.414344664879152,-0.0,18.0
63,20260974,FedAvg,20,10,0,4,0.5714285714285714,0.4,3162.4798908101607,3193.7751572365723,1873.115976665341,1023,True,5.1930237747086565,5.1930237747086565,0,"{""fit_converged"": true, ""final_update_norm"": 1.8208339290405724e-06, ""fit_tolerance"": 1e-05, ""hit_round_cap"": false}",,8,8,160.0,160.0,1.875,0.0,0.5390625,-1.700004939354896,-7.753201340833072,27.76417849273855,9.069227570929243,-8.171512156382171,1.6383773839099007,-3.9986556988184065,7.906191331417071,19.256718601611862,0.04908204895470081,2.4140625
63,20260974,FedAvg-ST,20,6,4,4,0.6,0.42857142857142855,3522.8748515248303,3562.5679281646735,1956.1018542068362,414,True,5.1930237747086565,5.1930237747086565,0,"{""fit_converged"": true, ""final_update_norm"": 1.8208339290405724e-06, ""fit_tolerance"": 1e-05, ""hit_round_cap"": false}",5.407556974471954,8,8,160.0,160.0,1.875,2.8125,0.5390625,-0.0,-2.3456443663611175,22.356621518266596,3.661670596457289,-2.763955181910217,0.0,-0.0,2.498634356945117,13.849161627139907,0.0,5.2265625
63,20260974,FedAvg-P,20,6,4,4,0.6,0.42857142857142855,3505.5976635637926,3552.110158420757,1949.8097773976754,414,True,5.1930237747086565,5.1930237747086565,0,"{""selected_candidate"": 0, ""candidate_rounds"": [6, 6, 7, 7, 7], ""candidate_diagnostics"": [{""fit_converged"": true, ""final_update_norm"": 1.5257436946024225e-06, ""fit_tolerance"": 1e-05, ""hit_round_cap"": false}, {""fit_converged"": true, ""final_update_norm"": 8.435077055154035e-07, ""fit_tolerance"": 1e-05, ""hit_round_cap"": false}, {""fit_converged"": true, ""final_update_norm"": 9.762956936536961e-06, ""fit_tolerance"": 1e-05, ""hit_round_cap"": false}, {""fit_converged"": true, ""final_update_norm"": 7.321734377540952e-06, ""fit_tolerance"": 1e-05, ""hit_round_cap"": false}, {""fit_converged"": true, ""final_update_norm"": 1.4408823001973595e-06, ""fit_tolerance"": 1e-05, ""hit_round_cap"": false}]}",5.1930237747086565,6,33,120.0,660.0,7.734375,0.3515625,0.5390625,-0.0,-2.56494058689415,22.554750867194503,3.866140757477087,-2.4355055093713114,0.0,-0.0,2.4422737950650015,13.888487914228548,0.0,8.625
64,20260975,Pooled,0,7,3,3,0.6,0.42857142857142855,3340.4015785192787,3406.7159449476917,1571.7817009219957,862,True,2.859307409567365,2.5715984912793366,0,{},,0,0,,,0.0,0.0,0.5390625,0.0,-3.9304318591692864,24.022996145744994,18.35755120975033,-3.754972737709151,-0.0,-7.787597170897396,0.0,21.963593716153003,0.6836396180771993,0.5390625
64,20260975,Pooled-1SE,0,3,7,3,1.0,1.0,3763.596509933823,3797.312885448635,1773.275595531439,268,True,2.859307409567365,17.289776097193254,0,{},,0,0,,,0.0,0.0,0.5390625,0.0,0.0,18.0872759790965,9.499410031922476,0.0,0.0,-0.0,0.0,13.82526931909269,0.0,0.5390625
64,20260975,Largest-site,0,9,1,3,0.5,0.3333333333333333,3423.2607576552364,3634.767497022178,1689.8457208117827,1007,True,2.859307409567365,0.047578703595696506,0,{},,0,0,,,0.0,0.0,0.5390625,2.7282326011048146,-8.486194571062017,17.389480947036258,20.228193938279922,0.0,-9.713748663325994,-15.129819360343747,-5.35888597986652,26.517173347144972,8.238079262049904,0.5390625
64,20260975,Largest-site-1SE,0,3,7,3,1.0,1.0,4033.2329676416616,4311.260840358094,1924.9364530984014,268,True,2.859307409567365,23.28454612269475,0,{},,0,0,,,0.0,0.0,0.5390625,0.0,0.0,7.070368430691572,12.036473309519014,0.0,0.0,-0.0,0.0,15.170968781090867,0.0,0.5390625
64,20260975,One-shot,0,9,1,3,0.5,0.3333333333333333,3305.701545502436,3316.5242215838757,1590.6586642482837,1007,True,2.859307409567365,2.859307409567365,0,{},,1,1,,,0.234375,0.0,0.5390625,0.8695646629280305,-6.468980778804694,25.68914987569609,16.319412983322515,0.0,-4.856874331662997,-9.576846426584758,-0.9846665255247253,19.782383909091635,4.669099211230349,0.7734375
64,20260975,ADMM,0,7,3,3,0.6,0.42857142857142855,3358.379237959674,3409.832734542356,1571.4513256991318,862,True,2.859307409567365,2.859307409567365,0,{},,245,245,,,57.421875,0.0,0.5390625,0.0,-3.4000268688221915,23.940095336826193,18.196556110205634,-3.117663320627032,-0.0,-7.613588077409209,0.0,21.51428057035532,0.4219785047451441,57.9609375
64,20260975,FedAvg,1,10,0,3,0.46153846153846156,0.3,3361.831850219603,3344.5684315241424,1581.0723805175273,1023,True,2.859307409567365,2.859307409567365,0,"{""fit_converged"": true, ""final_update_norm"": 9.003128723822054e-06, ""fit_tolerance"": 1e-05, ""hit_round_cap"": false}",,28,28,28.0,28.0,6.5625,0.0,0.5390625,1.934216704102731,-4.839844768523375,25.052293791652396,16.468185150964175,-4.594377676670292,-1.127990708104761,-7.230681889853462,0.10252000168096842,20.608089539776266,3.841815985423749,7.1015625
64,20260975,FedAvg-ST,1,3,7,3,1.0,1.0,3795.771329780476,3833.0512786620457,1790.6876634995672,268,True,2.859307409567365,2.859307409567365,0,"{""fit_converged"": true, ""final_update_norm"": 9.003128723822054e-06, ""fit_tolerance"": 1e-05, ""hit_round_cap"": false}",7.298051207633685,28,28,28.0,28.0,6.5625,2.8125,0.5390625,0.0,-0.0,17.754242584018712,9.17013394333049,-0.0,-0.0,-0.0,0.0,13.31003833214258,0.0,9.9140625
64,20260975,FedAvg-P,1,7,3,3,0.6,0.42857142857142855,3499.557734878279,3420.1648724135944,1599.7144016627376,351,True,2.859307409567365,2.859307409567365,0,"{""selected_candidate"": 0, ""candidate_rounds"": [21, 22, 19, 25, 29], ""candidate_diagnostics"": [{""fit_converged"": true, ""final_update_norm"": 5.6180943976324985e-06, ""fit_tolerance"": 1e-05, ""hit_round_cap"": false}, {""fit_converged"": true, ""final_update_norm"": 8.780012737825338e-06, ""fit_tolerance"": 1e-05, ""hit_round_cap"": false}, {""fit_converged"": true, ""final_update_norm"": 9.426663642670842e-06, ""fit_tolerance"": 1e-05, ""hit_round_cap"": false}, {""fit_converged"": true, ""final_update_norm"": 6.7292033142498305e-06, ""fit_tolerance"": 1e-05, ""hit_round_cap"": false}, {""fit_converged"": true, ""final_update_norm"": 8.483193700383705e-06, ""fit_tolerance"": 1e-05, ""hit_round_cap"": false}]}",2.859307409567365,21,116,21.0,116.0,27.1875,0.3515625,0.5390625,0.37661921827011424,-0.183124671416393,25.243629645982534,14.331581065518069,-0.6571132153073362,-0.0,-5.656356358548417,0.0,15.691358826483977,0.0,28.078125
64,20260975,FedAvg,3,10,0,3,0.46153846153846156,0.3,3312.1483994411087,3331.7953747254987,1585.0549444763913,1023,True,2.859307409567365,2.859307409567365,0,"{""fit_converged"": true, ""final_update_norm"": 6.456343889852185e-06, ""fit_tolerance"": 1e-05, ""hit_round_cap"": false}",,16,16,48.0,48.0,3.75,0.0,0.5390625,1.0669568510427139,-5.998915253487121,25.51613044674344,16.410013198971527,-4.185129284607922,-2.451196224521995,-6.8679795159002115,0.9819937495111459,20.857152592091822,4.3428201818581105,4.2890625
64,20260975,FedAvg-ST,3,3,7,3,1.0,1.0,3774.9774948107674,3803.94412585048,1780.942792127016,268,True,2.859307409567365,2.859307409567365,0,"{""fit_converged"": true, ""final_update_norm"": 6.456343889852185e-06, ""fit_tolerance"": 1e-05, ""hit_round_cap"": false}",7.298051207633685,16,16,48.0,48.0,3.75,2.8125,0.5390625,0.0,-0.0,18.218079239109755,9.111961991337841,-0.0,-0.0,-0.0,0.0,13.559101384458137,0.0,7.1015625
64,20260975,FedAvg-P,3,7,3,3,0.6,0.42857142857142855,3367.8074416852974,3423.9298486156886,1605.5757929910626,862,True,2.859307409567365,2.859307409567365,0,"{""selected_candidate"": 0, ""candidate_rounds"": [8, 19, 18, 17, 17], ""candidate_diagnostics"": [{""fit_converged"": true, ""final_update_norm"": 2.07456795563669e-06, ""fit_tolerance"": 1e-05, ""hit_round_cap"": false}, {""fit_converged"": true, ""final_update_norm"": 9.112223206572466e-06, ""fit_tolerance"": 1e-05, ""hit_round_cap"": false}, {""fit_converged"": true, ""final_update_norm"": 6.816584471161046e-06, ""fit_tolerance"": 1e-05, ""hit_round_cap"": false}, {""fit_converged"": true, ""final_update_norm"": 7.319605851928284e-06, ""fit_tolerance"": 1e-05, ""hit_round_cap"": false}, {""fit_converged"": true, ""final_update_norm"": 5.3127104615280095e-06, ""fit_tolerance"": 1e-05, ""hit_round_cap"": false}]}",2.859307409567365,8,79,24.0,237.0,18.515625,0.3515625,0.5390625,0.0,-3.3365123693612952,22.50733107490301,13.969631084174523,-1.8943582760912205,-0.0,-4.207323349873768,0.0,18.284178446679498,1.1539660486673702,19.40625
64,20260975,FedAvg,20,10,0,3,0.46153846153846156,0.3,3305.2249595680055,3318.7663242442495,1587.92023688795,1023,True,2.859307409567365,2.859307409567365,0,"{""fit_converged"": true, ""final_update_norm"": 8.488252304465664e-06, ""fit_tolerance"": 1e-05, ""hit_round_cap"": false}",,14,14,280.0,280.0,3.28125,0.0,0.5390625,0.8999915307217277,-6.476794857447843,25.696440323348764,16.370805824751407,-2.038659297836399,-3.354067570259543,-8.462821863552591,-0.471285789383457,20.407426318209644,4.662056255706403,3.8203125
64,20260975,FedAvg-ST,20,4,6,3,0.8571428571428571,0.75,3751.379689634376,3778.7194614512096,1770.192161411515,332,True,2.859307409567365,2.859307409567365,0,"{""fit_converged"": true, ""final_update_norm"": 8.488252304465664e-06, ""fit_tolerance"": 1e-05, ""hit_round_cap"": false}",7.298051207633685,14,14,280.0,280.0,3.28125,2.8125,0.5390625,0.0,-0.0,18.398389115715077,9.072754617117722,-0.0,-0.0,-1.1647706559189057,-0.0,13.109375110575959,0.0,6.6328125
64,20260975,FedAvg-P,20,7,3,3,0.6,0.42857142857142855,3356.1022886546903,3378.5886968325917,1601.9238283910936,862,True,2.859307409567365,2.859307409567365,0,"{""selected_candidate"": 0, ""candidate_rounds"": [8, 15, 15, 15, 14], ""candidate_diagnostics"": [{""fit_converged"": true, ""final_update_norm"": 1.9108284804324315e-06, ""fit_tolerance"": 1e-05, ""hit_round_cap"": false}, {""fit_converged"": true, ""final_update_norm"": 5.765328667340388e-06, ""fit_tolerance"": 1e-05, ""hit_round_cap"": false}, {""fit_converged"": true, ""final_update_norm"": 4.253446669589532e-06, ""fit_tolerance"": 1e-05, ""hit_round_cap"": false}, {""fit_converged"": true, ""final_update_norm"": 4.38215474239638e-06, ""fit_tolerance"": 1e-05, ""hit_round_cap"": false}, {""fit_converged"": true, ""final_update_norm"": 9.165926757956409e-06, ""fit_tolerance"": 1e-05, ""hit_round_cap"": false}]}",2.859307409567365,8,67,160.0,1340.0,15.703125,0.3515625,0.5390625,0.0,-3.614743896340099,22.831260047741388,13.531410339923102,-0.47256911733230433,-0.0,-4.997513207987322,-0.0,17.968915205190672,1.7995092559122758,16.59375
65,20260976,Pooled,0,5,5,4,0.8888888888888888,0.8,3545.4723785308997,2571.418650566456,1673.1026315434935,334,True,3.385570262354567,4.417467123588693,0,{},,0,0,,,0.0,0.0,0.5390625,0.0,-7.319056521548902,25.1924242443361,12.78312789311834,-0.0,0.0,-10.147453258933384,0.0,22.502650988138203,0.0,0.5390625
65,20260976,Pooled-1SE,0,4,6,4,1.0,1.0,3750.0111767131953,2794.044808266949,1826.8083960413796,332,True,3.385570262354567,14.534988929295046,0,{},,0,0,,,0.0,0.0,0.5390625,0.0,-0.0,22.374675441757898,4.386566968911487,0.0,0.0,-1.2142957127131027,0.0,19.295031763649945,0.0,0.5390625
65,20260976,Largest-site,0,5,5,4,0.8888888888888888,0.8,3585.9370153906834,2653.1707484698777,1719.1795883154896,334,True,3.385570262354567,6.6294008613796445,0,{},,0,0,,,0.0,0.0,0.5390625,0.0,-1.104371990045765,32.07471755623267,9.617846170647896,-0.0,-0.0,-5.152595913383872,0.0,18.649471412318473,0.0,0.5390625
65,20260976,Largest-site-1SE,0,2,8,4,0.6666666666666666,0.5,4019.3065745111107,3035.0902576647313,1960.2320280563354,260,True,3.385570262354567,21.813013075631435,0,{},,0,0,,,0.0,0.0,0.5390625,0.0,-0.0,26.58395517580004,0.0,0.0,0.0,-0.0,0.0,12.146700092392452,0.0,0.5390625
65,20260976,One-shot,0,10,0,4,0.5714285714285714,0.4,3583.767371712127,2559.958820985827,1789.7341522004986,1023,True,3.385570262354567,3.385570262354567,0,{},,1,1,,,0.234375,0.0,0.5390625,-1.1889801558584399,-8.729425397700084,25.46129971491174,12.191217242384168,-15.260634710908498,14.95583466399073,-7.779206345179755,-2.2362274852961157,27.395074697734252,1.8908295085149132,0.7734375
65,20260976,ADMM,0,5,5,4,0.8888888888888888,0.8,3560.763292161591,2580.6167750147333,1670.626853903579,334,True,3.385570262354567,3.385570262354567,0,{},,162,162,,,37.96875,0.0,0.5390625,0.0,-9.185989075650708,25.378588170010214,13.92935260884535,-0.0,-0.0,-11.46679460747543,0.0,22.782486518207367,0.0,38.5078125
65,20260976,FedAvg,1,10,0,4,0.5714285714285714,0.4,3566.3017039776187,2570.616774218376,1684.3430521099342,1023,True,3.385570262354567,3.385570262354567,0,"{""fit_converged"": true, ""final_update_norm"": 7.948703027945928e-06, ""fit_tolerance"": 1e-05, ""hit_round_cap"": false}",,27,27,27.0,27.0,6.328125,0.0,0.5390625,-0.5282855465471622,-9.50675053875011,25.071433486719407,13.529958674967261,-1.209801996365905,1.5374527505939026,-12.509143639518221,-0.181512114998119,22.54626445634856,0.7577204308610124,6.8671875
65,20260976,FedAvg-ST,1,5,5,4,0.8888888888888888,0.8,3779.099151091979,2861.3680899761466,1851.4198734800423,334,True,3.385570262354567,3.385570262354567,0,"{""fit_converged"": true, ""final_update_norm"": 7.948703027945928e-06, ""fit_tolerance"": 1e-05, ""hit_round_cap"": false}",6.906158987440227,27,27,27.0,27.0,6.328125,2.8125,0.5390625,-0.0,-2.6005915513098827,18.165274499279178,6.623799687527034,-0.0,0.0,-5.6029846520779945,-0.0,15.640105468908333,0.0,9.6796875
65,20260976,FedAvg-P,1,5,5,4,0.8888888888888888,0.8,3578.3195340207003,2642.959402239231,1722.619110057162,334,True,3.385570262354567,3.385570262354567,0,"{""selected_candidate"": 0, ""candidate_rounds"": [22, 22, 22, 26, 22], ""candidate_diagnostics"": [{""fit_converged"": true, ""final_update_norm"": 5.362704457427082e-06, ""fit_tolerance"": 1e-05, ""hit_round_cap"": false}, {""fit_converged"": true, ""final_update_norm"": 4.467490812677674e-06, ""fit_tolerance"": 1e-05, ""hit_round_cap"": false}, {""fit_converged"": true, ""final_update_norm"": 7.303254845615195e-06, ""fit_tolerance"": 1e-05, ""hit_round_cap"": false}, {""fit_converged"": true, ""final_update_norm"": 8.9760080075438e-06, ""fit_tolerance"": 1e-05, ""hit_round_cap"": false}, {""fit_converged"": true, ""final_update_norm"": 7.80678954115734e-06, ""fit_tolerance"": 1e-05, ""hit_round_cap"": false}]}",3.385570262354567,22,114,22.0,114.0,26.71875,0.3515625,0.5390625,0.0,-3.1268263409950388,27.3589551544754,10.24963786193521,0.0,0.0,-9.219330539360325,0.0,14.862260024749546,-0.0,27.609375
65,20260976,FedAvg,3,10,0,4,0.5714285714285714,0.4,3561.3575417338584,2562.5339851280946,1700.847652530701,1023,True,3.385570262354567,3.385570262354567,0,"{""fit_converged"": true, ""final_update_norm"": 9.62057419272928e-06, ""fit_tolerance"": 1e-05, ""hit_round_cap"": false}",,11,11,33.0,33.0,2.578125,0.0,0.5390625,-1.3534259742643255,-8.261910852016019,25.676965480774324,12.570384753370915,-2.264994495759298,2.9742534828118328,-11.426338133844807,-0.46203878175859303,22.34819498709205,1.533074689806909,3.1171875
65,20260976,FedAvg-ST,3,5,5,4,0.8888888888888888,0.8,3805.024054342516,2894.8918846665374,1869.8555607685594,334,True,3.385570262354567,3.385570262354567,0,"{""fit_converged"": true, ""final_update_norm"": 9.62057419272928e-06, ""fit_tolerance"": 1e-05, ""hit_round_cap"": false}",6.906158987440227,11,11,33.0,33.0,2.578125,2.8125,0.5390625,-0.0,-1.355751864575792,18.7708064933341,5.664225765930688,-0.0,0.0,-4.52017914640458,-0.0,15.442035999651823,0.0,5.9296875
65,20260976,FedAvg-P,3,5,5,4,0.8888888888888888,0.8,3591.276266906231,2628.800203056616,1722.1825115438708,334,True,3.385570262354567,3.385570262354567,0,"{""selected_candidate"": 0, ""candidate_rounds"": [10, 17, 18, 19, 13], ""candidate_diagnostics"": [{""fit_converged"": true, ""final_update_norm"": 2.714213252975432e-06, ""fit_tolerance"": 1e-05, ""hit_round_cap"": false}, {""fit_converged"": true, ""final_update_norm"": 5.238466611065783e-06, ""fit_tolerance"": 1e-05, ""hit_round_cap"": false}, {""fit_converged"": true, ""final_update_norm"": 8.821233555653068e-06, ""fit_tolerance"": 1e-05, ""hit_round_cap"": false}, {""fit_converged"": true, ""final_update_norm"": 6.9119952152368196e-06, ""fit_tolerance"": 1e-05, ""hit_round_cap"": false}, {""fit_converged"": true, ""final_update_norm"": 2.0657245340986144e-06, ""fit_tolerance"": 1e-05, ""hit_round_cap"": false}]}",3.385570262354567,10,77,30.0,231.0,18.046875,0.3515625,0.5390625,-0.0,-4.935599300937397,22.785549273769195,9.56948930381392,-0.0,0.0,-8.70968273291389,-0.0,17.96499329595687,0.0,18.9375
65,20260976,FedAvg,20,10,0,4,0.5714285714285714,0.4,3571.327225664045,2560.3628843440406,1739.7838403103567,1023,True,3.385570262354567,3.385570262354567,0,"{""fit_converged"": true, ""final_update_norm"": 4.4395898560619235e-06, ""fit_tolerance"": 1e-05, ""hit_round_cap"": false}",,15,15,300.0,300.0,3.515625,0.0,0.5390625,-0.9262976202072319,-8.484675838103815,25.687753927986545,12.30180266001009,-7.6078242547463875,8.097335221520378,-10.463134294037598,-1.7530596362181607,24.221534218170703,1.846496362777537,4.0546875
65,20260976,FedAvg-ST,20,7,3,4,0.7272727272727273,0.5714285714285714,3797.3592608086924,2868.041176451804,1860.8156050576847,382,True,3.385570262354567,3.385570262354567,0,"{""fit_converged"": true, ""final_update_norm"": 4.4395898560619235e-06, ""fit_tolerance"": 1e-05, ""hit_round_cap"": false}",6.906158987440227,15,15,300.0,300.0,3.515625,2.8125,0.5390625,-0.0,-1.578516850663588,18.78159494054632,5.395643672569863,-0.7016652673061605,1.1911762340801513,-3.556975306597371,-0.0,17.315375230730474,0.0,6.8671875
65,20260976,FedAvg-P,20,7,3,4,0.7272727272727273,0.5714285714285714,3613.1147192095887,2630.988189909946,1736.5624761966649,382,True,3.385570262354567,3.385570262354567,0,"{""selected_candidate"": 0, ""candidate_rounds"": [12, 14, 15, 15, 15], ""candidate_diagnostics"": [{""fit_converged"": true, ""final_update_norm"": 7.642481219424093e-06, ""fit_tolerance"": 1e-05, ""hit_round_cap"": false}, {""fit_converged"": true, ""final_update_norm"": 9.09623310452165e-06, ""fit_tolerance"": 1e-05, ""hit_round_cap"": false}, {""fit_converged"": true, ""final_update_norm"": 3.9462088049226e-06, ""fit_tolerance"": 1e-05, ""hit_round_cap"": false}, {""fit_converged"": true, ""final_update_norm"": 4.218619307721929e-06, ""fit_tolerance"": 1e-05, ""hit_round_cap"": false}, {""fit_converged"": true, ""final_update_norm"": 4.420053367503287e-06, ""fit_tolerance"": 1e-05, ""hit_round_cap"": false}]}",3.385570262354567,12,71,240.0,1420.0,16.640625,0.3515625,0.5390625,-0.0,-5.116681791680246,22.333831732221537,8.912885557756475,-2.790472697609556,3.53934438605219,-7.753271928645781,-0.0,20.277604891787625,0.0,17.53125
66,20260977,Pooled,0,6,4,3,0.6666666666666666,0.5,2434.3070185866136,3245.8385543237328,1738.2054370626008,350,True,2.4883698376606445,2.662080736615963,0,{},,0,0,,,0.0,0.0,0.5390625,0.0,-3.6070636813219776,28.483762135235594,10.36577790086115,-4.017209883453264,-0.0,-6.2211283454324535,0.0,24.919331764945092,0.0,0.5390625
66,20260977,Pooled-1SE,0,3,7,3,1.0,1.0,3208.298053998531,3645.7481163731522,1963.8702168807458,268,True,2.4883698376606445,17.898120583296645,0,{},,0,0,,,0.0,0.0,0.5390625,0.0,0.0,21.761555801750713,0.525112188054541,0.0,0.0,-0.0,0.0,16.186142221162726,0.0,0.5390625
66,20260977,Largest-site,0,6,4,3,0.6666666666666666,0.5,2529.685330666089,3291.1987703915875,1770.674157277304,366,True,2.4883698376606445,3.6573109708890224,0,{},,0,0,,,0.0,0.0,0.5390625,0.0,-0.1990692908439977,25.99760853795967,14.9000775421952,-0.0,-0.6136237097458259,-6.883470707924692,0.0,17.176233964145744,0.0,0.5390625
66,20260977,Largest-site-1SE,0,3,7,3,1.0,1.0,3134.784841051054,3688.1643981063607,1969.207962847229,268,True,2.4883698376606445,15.270439753643046,0,{},,0,0,,,0.0,0.0,0.5390625,0.0,0.0,20.181333145733735,7.278880527583739,0.0,0.0,-0.0,0.0,11.965791550583294,0.0,0.5390625
66,20260977,One-shot,0,10,0,3,0.46153846153846156,0.3,2383.546990826759,3234.205861343272,1741.6614776492684,1023,True,2.4883698376606445,2.4883698376606445,0,{},,1,1,,,0.234375,0.0,0.5390625,-0.6449966531642775,-4.938931540515799,27.579143987187784,11.243695908955504,-4.4090068773960365,-0.30681185487291296,-6.0055625989993455,1.2563144897906502,25.648968100094212,0.49133271808679274,0.7734375
66,20260977,ADMM,0,6,4,3,0.6666666666666666,0.5,2421.826741032803,3245.6760656095,1738.0951335966856,350,True,2.4883698376606445,2.4883698376606445,0,{},,331,331,,,77.578125,0.0,0.5390625,0.0,-3.923114166861992,28.528671841070537,10.557422719002268,-4.354194279977017,-0.0,-6.3596435745311775,0.0,25.161193064782744,0.0,78.1171875
66,20260977,FedAvg,1,10,0,3,0.46153846153846156,0.3,2391.782103635187,3233.9154852714664,1740.6243551097361,1023,True,2.4883698376606445,2.4883698376606445,0,"{""fit_converged"": true, ""final_update_norm"": 7.523027887811898e-06, ""fit_tolerance"": 1e-05, ""hit_round_cap"": false}",,61,61,61.0,61.0,14.296875,0.0,0.5390625,-0.5087928272224278,-4.37301911619012,27.867482100781658,11.166321726598424,-4.055752207877201,-0.7409044567558247,-6.822720094716064,0.4530577992674682,24.982045781821164,0.7560406144481395,14.8359375
66,20260977,FedAvg-ST,1,3,7,3,1.0,1.0,3100.9473105455677,3609.7600098178737,1941.7248697559705,268,True,2.4883698376606445,2.4883698376606445,0,"{""fit_converged"": true, ""final_update_norm"": 7.523027887811898e-06, ""fit_tolerance"": 1e-05, ""hit_round_cap"": false}",7.9469833114709205,61,61,61.0,61.0,14.296875,2.8125,0.5390625,-0.0,-0.0,19.920498789310738,3.2193384151275035,-0.0,-0.0,-0.0,0.0,17.035062470350244,0.0,17.6484375
66,20260977,FedAvg-P,1,6,4,3,0.6666666666666666,0.5,2611.9250214706094,3274.9098288453306,1757.784928143784,350,True,2.4883698376606445,2.4883698376606445,0,"{""selected_candidate"": 0, ""candidate_rounds"": [23, 23, 27, 43, 44], ""candidate_diagnostics"": [{""fit_converged"": true, ""final_update_norm"": 4.951576109949474e-06, ""fit_tolerance"": 1e-05, ""hit_round_cap"": false}, {""fit_converged"": true, ""final_update_norm"": 5.527558259447897e-06, ""fit_tolerance"": 1e-05, ""hit_round_cap"": false}, {""fit_converged"": true, ""final_update_norm"": 5.590817961054715e-06, ""fit_tolerance"": 1e-05, ""hit_round_cap"": false}, {""fit_converged"": true, ""final_update_norm"": 8.423470031202352e-06, ""fit_tolerance"": 1e-05, ""hit_round_cap"": false}, {""fit_converged"": true, ""final_update_norm"": 7.564290474692742e-06, ""fit_tolerance"": 1e-05, ""hit_round_cap"": false}]}",2.4883698376606445,23,160,23.0,160.0,37.5,0.3515625,0.5390625,0.0,-0.4078731458738707,28.203972964419613,8.563449288603977,-0.1399359795513213,-0.0,-5.059477543718122,0.0,20.183931207029183,-0.0,38.390625
66,20260977,FedAvg,3,10,0,3,0.46153846153846156,0.3,2379.8535606942028,3223.846192327045,1742.5230321132524,1023,True,2.4883698376606445,2.4883698376606445,0,"{""fit_converged"": true, ""final_update_norm"": 5.893764974671634e-06, ""fit_tolerance"": 1e-05, ""hit_round_cap"": false}",,22,22,66.0,66.0,5.15625,0.0,0.5390625,-0.882433848798831,-5.214387593202792,27.67973431306608,11.373818138144298,-3.3623050244471235,-0.7435090460358211,-6.925420208318142,0.6899045931939007,25.13194881277034,0.656490670123735,5.6953125
66,20260977,FedAvg-ST,3,3,7,3,1.0,1.0,3091.442509445035,3606.327528806599,1939.8988767811486,268,True,2.4883698376606445,2.4883698376606445,0,"{""fit_converged"": true, ""final_update_norm"": 5.893764974671634e-06, ""fit_tolerance"": 1e-05, ""hit_round_cap"": false}",7.9469833114709205,22,22,66.0,66.0,5.15625,2.8125,0.5390625,-0.0,-0.0,19.73275100159516,3.4268348266733772,-0.0,-0.0,-0.0,0.0,17.18496550129942,0.0,8.5078125
66,20260977,FedAvg-P,3,6,4,3,0.6666666666666666,0.5,2544.2072141733065,3252.712411849015,1757.6384564931564,350,True,2.4883698376606445,2.4883698376606445,0,"{""selected_candidate"": 0, ""candidate_rounds"": [9, 10, 12, 21, 21], ""candidate_diagnostics"": [{""fit_converged"": true, ""final_update_norm"": 4.443528377620953e-06, ""fit_tolerance"": 1e-05, ""hit_round_cap"": false}, {""fit_converged"": true, ""final_update_norm"": 7.193141664810465e-06, ""fit_tolerance"": 1e-05, ""hit_round_cap"": false}, {""fit_converged"": true, ""final_update_norm"": 9.401713357827114e-06, ""fit_tolerance"": 1e-05, ""hit_round_cap"": false}, {""fit_converged"": true, ""final_update_norm"": 9.333507613777113e-06, ""fit_tolerance"": 1e-05, ""hit_round_cap"": false}, {""fit_converged"": true, ""final_update_norm"": 9.703029746645356e-06, ""fit_tolerance"": 1e-05, ""hit_round_cap"": false}]}",2.4883698376606445,9,73,27.0,219.0,17.109375,0.3515625,0.5390625,-0.0,-2.6368077142091195,25.43014297434176,9.071408439478159,-0.4079919821152922,-0.0,-4.779674266454725,0.0,22.34608231114483,0.0,18.0
66,20260977,FedAvg,20,10,0,3,0.46153846153846156,0.3,2383.4178181370557,3233.8596299530273,1741.6297312452302,1023,True,2.4883698376606445,2.4883698376606445,0,"{""fit_converged"": true, ""final_update_norm"": 1.1983641214966466e-06, ""fit_tolerance"": 1e-05, ""hit_round_cap"": false}",,4,4,80.0,80.0,0.9375,0.0,0.5390625,-0.6450169917899857,-4.9405305086622295,27.574030194676144,11.242275497340819,-4.626050164357396,-0.11691924203830707,-5.920117281318341,1.2561307237857104,25.728531758924763,0.491333130498867,1.4765625
66,20260977,FedAvg-ST,20,3,7,3,1.0,1.0,3077.8948375379255,3595.830094390374,1935.0312390877098,268,True,2.4883698376606445,2.4883698376606445,0,"{""fit_converged"": true, ""final_update_norm"": 1.1983641214966466e-06, ""fit_tolerance"": 1e-05, ""hit_round_cap"": false}",7.9469833114709205,4,4,80.0,80.0,0.9375,2.8125,0.5390625,-0.0,-0.0,19.627046883205225,3.295292185869898,-0.0,-0.0,-0.0,0.0,17.781548447453844,0.0,4.2890625
66,20260977,FedAvg-P,20,6,4,3,0.6666666666666666,0.5,2546.8242980342156,3290.9925372806233,1761.2140065527747,350,True,2.4883698376606445,2.4883698376606445,0,"{""selected_candidate"": 0, ""candidate_rounds"": [4, 4, 4, 4, 4], ""candidate_diagnostics"": [{""fit_converged"": true, ""final_update_norm"": 1.2561667650665463e-07, ""fit_tolerance"": 1e-05, ""hit_round_cap"": false}, {""fit_converged"": true, ""final_update_norm"": 1.4063613692333424e-07, ""fit_tolerance"": 1e-05, ""hit_round_cap"": false}, {""fit_converged"": true, ""final_update_norm"": 3.79980376019666e-08, ""fit_tolerance"": 1e-05, ""hit_round_cap"": false}, {""fit_converged"": true, ""final_update_norm"": 4.8618700277108434e-08, ""fit_tolerance"": 1e-05, ""hit_round_cap"": false}, {""fit_converged"": true, ""final_update_norm"": 1.9103148094055622e-07, ""fit_tolerance"": 1e-05, ""hit_round_cap"": false}]}",2.4883698376606445,4,20,80.0,400.0,4.6875,0.3515625,0.5390625,-0.0,-2.45172972400567,25.086240583775275,8.753917299833084,-2.132384669643174,-0.0,-3.433671803132058,0.0,23.238077423679467,0.0,5.578125
67,20260978,Pooled,0,10,0,5,0.6666666666666666,0.5,3490.271025749339,2471.0657200563737,1789.0782427633198,1023,True,2.919811273700919,0.2567382460934245,0,{},,0,0,,,0.0,0.0,0.5390625,-1.7823285411777607,-11.080719032355944,29.03366448459005,11.69639475108534,-19.40127806076106,4.673521174494591,0.4092942890532645,12.416934610231518,22.849247617903924,11.02099009175975,0.5390625
67,20260978,Pooled-1SE,0,5,5,5,1.0,1.0,3485.51227747179,2750.3915287135833,1752.1610509378834,844,True,2.919811273700919,7.20719764604899,0,{},,0,0,,,0.0,0.0,0.5390625,0.0,-0.0,28.32200621256412,5.470143032522786,-0.0,-0.0,-4.1144788582268115,0.0,15.794829117618692,7.02145673593016,0.5390625
67,20260978,Largest-site,0,9,1,5,0.7142857142857143,0.5555555555555556,3700.354340110428,2472.7118218652154,1828.8473238134595,991,True,2.919811273700919,0.6537215014943522,0,{},,0,0,,,0.0,0.0,0.5390625,-6.491064920063832,-12.90080466915447,29.8910401263271,14.272842359822002,-17.446747455186195,-0.0,-4.122239635875302,10.919175219980067,17.557225274922516,11.63018292582641,0.5390625
67,20260978,Largest-site-1SE,0,8,2,5,0.7692307692307693,0.625,3524.0278696260825,2556.137908479882,1750.6976226553306,879,True,2.919811273700919,4.395203383843714,0,{},,0,0,,,0.0,0.0,0.5390625,-1.5806567174928574,-6.209410911674025,30.775418184824158,10.375808651637604,-0.0,-2.0276716983444873,-10.713715760865023,0.0,9.803446514898056,6.567308830321328,0.5390625
67,20260978,One-shot,0,9,1,5,0.7142857142857143,0.5555555555555556,3424.398646332791,2493.850422045866,1736.8880940166264,991,True,2.919811273700919,2.919811273700919,0,{},,1,1,,,0.234375,0.0,0.5390625,-3.245532460031916,-7.672686779211411,28.406452628767305,10.79233289314013,-8.851771618963875,0.0,-3.265760826990002,7.452276869232611,19.190023611912466,9.625948547290355,0.7734375
67,20260978,ADMM,0,7,3,5,0.8333333333333334,0.7142857142857143,3380.6823510648574,2562.4573096495005,1713.996508755007,862,True,2.919811273700919,2.919811273700919,0,{},,185,185,,,43.359375,0.0,0.5390625,-0.0,-6.626196998253904,28.62878145540338,8.850150466224791,-0.8623335589605299,-0.0,-9.029375412450726,0.0,17.223421708444487,8.91705526073503,43.8984375
67,20260978,FedAvg,1,10,0,5,0.6666666666666666,0.5,3472.099448657219,2542.98151529564,1731.075659534281,1023,True,2.919811273700919,2.919811273700919,0,"{""fit_converged"": true, ""final_update_norm"": 7.084808971577867e-06, ""fit_tolerance"": 1e-05, ""hit_round_cap"": false}",,30,30,30.0,30.0,7.03125,0.0,0.5390625,-2.981454639350427,-6.430771024734946,29.551995354798564,9.05973904845662,-6.969593085681382,-0.00619150078044311,-4.6336319639597425,4.4494019409254095,18.42768876763892,10.522419160850742,7.5703125
67,20260978,FedAvg-ST,1,8,2,5,0.7692307692307693,0.625,3565.0790688165184,2873.2990805446857,1803.7182626983824,990,True,2.919811273700919,2.919811273700919,0,"{""fit_converged"": true, ""final_update_norm"": 7.084808971577867e-06, ""fit_tolerance"": 1e-05, ""hit_round_cap"": false}",3.804318682249731,30,30,30.0,30.0,7.03125,2.8125,0.5390625,-0.0,-2.626452342485215,25.747676672548835,5.25542036620689,-3.165274403431651,-0.0,-0.8293132817100117,0.6450832586756787,14.623370085389189,6.718100478601011,10.3828125
67,20260978,FedAvg-P,1,7,3,5,0.8333333333333334,0.7142857142857143,3498.0334301330336,2602.7837915887053,1755.9120428508002,862,True,2.919811273700919,2.919811273700919,0,"{""selected_candidate"": 0, ""candidate_rounds"": [21, 45, 36, 36, 35], ""candidate_diagnostics"": [{""fit_converged"": true, ""final_update_norm"": 5.7167851784253396e-06, ""fit_tolerance"": 1e-05, ""hit_round_cap"": false}, {""fit_converged"": true, ""final_update_norm"": 8.97472092040215e-06, ""fit_tolerance"": 1e-05, ""hit_round_cap"": false}, {""fit_converged"": true, ""final_update_norm"": 8.47976360297027e-06, ""fit_tolerance"": 1e-05, ""hit_round_cap"": false}, {""fit_converged"": true, ""final_update_norm"": 7.930825980091747e-06, ""fit_tolerance"": 1e-05, ""hit_round_cap"": false}, {""fit_converged"": true, ""final_update_norm"": 8.076262057546843e-06, ""fit_tolerance"": 1e-05, ""hit_round_cap"": false}]}",2.919811273700919,21,173,21.0,173.0,40.546875,0.3515625,0.5390625,-0.0,-1.6291406438907652,31.708762209947682,7.054111762369761,-0.7704644160048897,0.0,-5.9789087486136285,0.0,13.493767768358037,3.489596875775627,41.4375
67,20260978,FedAvg,3,9,1,5,0.7142857142857143,0.5555555555555556,3434.1008293420405,2491.207227545553,1734.7753907383053,991,True,2.919811273700919,2.919811273700919,0,"{""fit_converged"": true, ""final_update_norm"": 7.886229232610614e-06, ""fit_tolerance"": 1e-05, ""hit_round_cap"": false}",,14,14,42.0,42.0,3.28125,0.0,0.5390625,-3.2942342397034357,-7.384397508561117,28.871071439794424,10.677823760775027,-7.680952137096392,0.0,-4.922730541671051,5.536512932621848,18.646527198250013,9.70734239232928,3.8203125
67,20260978,FedAvg-ST,3,8,2,5,0.7692307692307693,0.625,3498.2497606176885,2793.9005325834933,1794.7331605899035,990,True,2.919811273700919,2.919811273700919,0,"{""fit_converged"": true, ""final_update_norm"": 7.886229232610614e-06, ""fit_tolerance"": 1e-05, ""hit_round_cap"": false}",3.804318682249731,14,14,42.0,42.0,3.28125,2.8125,0.5390625,-0.0,-3.580078826311386,25.06675275754469,6.873505078525296,-3.8766334548466608,0.0,-1.11841185942132,1.7321942503721175,14.842208516000282,5.90302371007955,6.6328125
67,20260978,FedAvg-P,3,9,1,5,0.7142857142857143,0.5555555555555556,3422.36569956786,2657.569201297868,1757.0889588839264,991,True,2.919811273700919,2.919811273700919,0,"{""selected_candidate"": 0, ""candidate_rounds"": [17, 13, 11, 13, 14], ""candidate_diagnostics"": [{""fit_converged"": true, ""final_update_norm"": 4.578346869033167e-06, ""fit_tolerance"": 1e-05, ""hit_round_cap"": false}, {""fit_converged"": true, ""final_update_norm"": 9.807432703673042e-06, ""fit_tolerance"": 1e-05, ""hit_round_cap"": false}, {""fit_converged"": true, ""final_update_norm"": 8.29345342534601e-06, ""fit_tolerance"": 1e-05, ""hit_round_cap"": false}, {""fit_converged"": true, ""final_update_norm"": 6.6540539690660675e-06, ""fit_tolerance"": 1e-05, ""hit_round_cap"": false}, {""fit_converged"": true, ""final_update_norm"": 4.285013581191313e-06, ""fit_tolerance"": 1e-05, ""hit_round_cap"": false}]}",2.919811273700919,17,68,51.0,204.0,15.9375,0.3515625,0.5390625,-0.5746187388569997,-4.545127732528219,26.05066325470995,8.221114739717915,-3.2954878659459936,0.0,-3.8815280128750915,1.040445744113947,15.60636812212736,6.17321073904624,16.828125
67,20260978,FedAvg,20,9,1,5,0.7142857142857143,0.5555555555555556,3423.9846402898293,2493.610482779989,1736.687966774885,991,True,2.919811273700919,2.919811273700919,0,"{""fit_converged"": true, ""final_update_norm"": 9.25291777424769e-07, ""fit_tolerance"": 1e-05, ""hit_round_cap"": false}",,6,6,120.0,120.0,1.40625,0.0,0.5390625,-3.2470639547692812,-7.673856460397339,28.40781996167193,10.78593691989249,-8.752239772975305,0.0,-3.386755349978581,7.331874201887796,19.166872021128853,9.623078332615723,1.9453125
67,20260978,FedAvg-ST,20,7,3,5,0.6666666666666666,0.5,3477.493725740868,2775.7903480444957,1794.093822173917,926,True,2.919811273700919,2.919811273700919,0,"{""fit_converged"": true, ""final_update_norm"": 9.25291777424769e-07, ""fit_tolerance"": 1e-05, ""hit_round_cap"": false}",3.804318682249731,6,6,120.0,120.0,1.40625,2.8125,0.5390625,-0.0,-3.869537778147608,24.603501279422197,6.98161823764276,-4.947921090725574,0.0,-0.0,3.5275555196380655,15.362553338879122,5.818759650365992,4.7578125
67,20260978,FedAvg-P,20,9,1,5,0.7142857142857143,0.5555555555555556,3429.0948225820625,2687.668671009803,1764.1969256099565,991,True,2.919811273700919,2.919811273700919,0,"{""selected_candidate"": 0, ""candidate_rounds"": [6, 6, 6, 6, 6], ""candidate_diagnostics"": [{""fit_converged"": true, ""final_update_norm"": 7.55087413781049e-07, ""fit_tolerance"": 1e-05, ""hit_round_cap"": false}, {""fit_converged"": true, ""final_update_norm"": 8.302409996358753e-07, ""fit_tolerance"": 1e-05, ""hit_round_cap"": false}, {""fit_converged"": true, ""final_update_norm"": 8.777825204393199e-07, ""fit_tolerance"": 1e-05, ""hit_round_cap"": false}, {""fit_converged"": true, ""final_update_norm"": 9.015371479027786e-07, ""fit_tolerance"": 1e-05, ""hit_round_cap"": false}, {""fit_converged"": true, ""final_update_norm"": 9.134144739219616e-07, ""fit_tolerance"": 1e-05, ""hit_round_cap"": false}]}",2.919811273700919,6,30,120.0,600.0,7.03125,0.3515625,0.5390625,-0.32856668051769367,-4.755153929944729,25.48906446206036,7.86063432943795,-5.746977960397864,0.0,-0.571404932822051,4.308037333908115,16.227476657798935,6.700745830679256,7.921875
68,20260979,Pooled,0,9,1,5,0.7142857142857143,0.5555555555555556,2705.163505806077,2540.920575094883,1640.3225721069145,895,True,0.39299392555795126,0.3649789872861964,0,{},,0,0,,,0.0,0.0,0.5390625,4.632168575338688,-9.32556419979397,23.044614529956323,8.465411076936407,-3.2839996595115077,2.6719034037526868,-11.75344554485762,0.0,24.8457019439952,1.406266475248745,0.5390625
68,20260979,Pooled-1SE,0,5,5,5,1.0,1.0,2999.6518018324336,2848.8572030161117,1718.3577463658635,333,True,0.39299392555795126,6.362783880333893,0,{},,0,0,,,0.0,0.0,0.5390625,0.1387867287075412,-0.0,21.635823561144267,4.007520532866403,0.0,0.0,-5.130873721892937,0.0,23.29177911413583,0.0,0.5390625
68,20260979,Largest-site,0,9,1,5,0.7142857142857143,0.5555555555555556,2849.577586006066,2574.624417019478,1693.0218569650276,511,True,0.39299392555795126,0.5537853439725604,0,{},,0,0,,,0.0,0.0,0.5390625,4.305956274119974,-2.289896609747796,25.035704700939252,2.6584437813567163,-13.278582979845865,1.15831014118495,-2.8046119191252155,9.840729177710283,30.43147642439736,0.0,0.5390625
68,20260979,Largest-site-1SE,0,3,7,5,0.75,0.6,3230.539907759604,3150.291760135567,1772.149516723489,324,True,0.39299392555795126,9.654299514592989,0,{},,0,0,,,0.0,0.0,0.5390625,0.0,-0.0,19.934564224865028,0.0,0.0,0.0,-4.873782472872645,0.0,22.672531068120744,0.0,0.5390625
68,20260979,One-shot,0,10,0,5,0.6666666666666666,0.5,2679.7065237064357,2517.270486498638,1643.7143899662506,1023,True,0.39299392555795126,0.39299392555795126,0,{},,1,1,,,0.234375,0.0,0.5390625,3.7752071063140966,-8.165084595518945,24.810557650991264,7.116218526659324,-9.100909932916126,6.368818355358344,-8.484146980540721,0.8082636946660124,27.39699554900864,1.8495249870527437,0.7734375
68,20260979,ADMM,0,9,1,5,0.7142857142857143,0.5555555555555556,2709.6052047103294,2540.4569422239542,1640.256379454448,895,True,0.39299392555795126,0.39299392555795126,0,{},,2168,2168,,,508.125,0.0,0.5390625,4.609986745077084,-9.258562452359506,23.063728436218852,8.449995873224678,-0.8816986101819486,0.6537295126627793,-12.582061849957846,0.0,23.822088341998242,1.3816863827065646,508.6640625
68,20260979,FedAvg,1,10,0,5,0.6666666666666666,0.5,2704.0160721659568,2558.66134880794,1641.6478028881556,1023,True,0.39299392555795126,0.39299392555795126,0,"{""fit_converged"": true, ""final_update_norm"": 8.046772295509879e-06, ""fit_tolerance"": 1e-05, ""hit_round_cap"": false}",,55,55,55.0,55.0,12.890625,0.0,0.5390625,4.920556665160255,-8.875448003308417,23.587109354930984,7.1386045606034365,-3.8603657956631907,2.0814670855793906,-10.608980643829112,0.3086222513642707,26.14834746403567,1.3954523792200466,13.4296875
68,20260979,FedAvg-ST,1,8,2,5,0.7692307692307693,0.625,2817.0906926094212,2707.787721904101,1667.8583567968649,383,True,0.39299392555795126,0.39299392555795126,0,"{""fit_converged"": true, ""final_update_norm"": 8.046772295509879e-06, ""fit_tolerance"": 1e-05, ""hit_round_cap"": false}",1.9649696277897564,55,55,55.0,55.0,12.890625,2.8125,0.5390625,2.955587037370499,-6.910478375518661,21.622139727141228,5.17363493281368,-1.8953961678734343,0.11649745778963427,-8.644011016039356,0.0,24.183377836245914,0.0,16.2421875
68,20260979,FedAvg-P,1,9,1,5,0.7142857142857143,0.5555555555555556,2731.0578277963186,2588.943820149533,1642.2362882706852,895,True,0.39299392555795126,0.39299392555795126,0,"{""selected_candidate"": 0, ""candidate_rounds"": [25, 25, 72, 57, 55], ""candidate_diagnostics"": [{""fit_converged"": true, ""final_update_norm"": 4.9963212024781e-06, ""fit_tolerance"": 1e-05, ""hit_round_cap"": false}, {""fit_converged"": true, ""final_update_norm"": 5.492875295103964e-06, ""fit_tolerance"": 1e-05, ""hit_round_cap"": false}, {""fit_converged"": true, ""final_update_norm"": 8.888870746305121e-06, ""fit_tolerance"": 1e-05, ""hit_round_cap"": false}, {""fit_converged"": true, ""final_update_norm"": 7.868359908861374e-06, ""fit_tolerance"": 1e-05, ""hit_round_cap"": false}, {""fit_converged"": true, ""final_update_norm"": 9.361144496447824e-06, ""fit_tolerance"": 1e-05, ""hit_round_cap"": false}]}",0.39299392555795126,25,234,25.0,234.0,54.84375,0.3515625,0.5390625,4.691705707258405,-8.131832104885627,23.704677556992394,6.805474131424333,-1.3257677059341513,0.5679996795240798,-11.118828215157299,-0.0,24.731743101871945,0.8164303352885489,55.734375
68,20260979,FedAvg,3,10,0,5,0.6666666666666666,0.5,2694.7378918180143,2517.272984287807,1641.9045782517082,1023,True,0.39299392555795126,0.39299392555795126,0,"{""fit_converged"": true, ""final_update_norm"": 9.463746734897044e-06, ""fit_tolerance"": 1e-05, ""hit_round_cap"": false}",,41,41,123.0,123.0,9.609375,0.0,0.5390625,4.258121305412104,-8.107702202335194,24.339212633095883,7.689401479298301,-4.756578698535082,2.979529552984413,-9.946737875790394,0.6642285457894509,25.545012842764407,1.6631075495500995,10.1484375
68,20260979,FedAvg-ST,3,8,2,5,0.7692307692307693,0.625,2808.482223193906,2670.177941162795,1669.9749228506516,383,True,0.39299392555795126,0.39299392555795126,0,"{""fit_converged"": true, ""final_update_norm"": 9.463746734897044e-06, ""fit_tolerance"": 1e-05, ""hit_round_cap"": false}",1.9649696277897564,41,41,123.0,123.0,9.609375,2.8125,0.5390625,2.2931516776223475,-6.1427325745454375,22.374243005306127,5.724431851508545,-2.7916090707453263,1.0145599251946564,-7.9817682480006376,0.0,23.58004321497465,0.0,12.9609375
68,20260979,FedAvg-P,3,9,1,5,0.7142857142857143,0.5555555555555556,2709.7352122288316,2548.918386227457,1642.727539096378,895,True,0.39299392555795126,0.39299392555795126,0,"{""selected_candidate"": 0, ""candidate_rounds"": [17, 25, 24, 37, 45], ""candidate_diagnostics"": [{""fit_converged"": true, ""final_update_norm"": 4.30626318255232e-06, ""fit_tolerance"": 1e-05, ""hit_round_cap"": false}, {""fit_converged"": true, ""final_update_norm"": 8.08200287971263e-06, ""fit_tolerance"": 1e-05, ""hit_round_cap"": false}, {""fit_converged"": true, ""final_update_norm"": 8.695061687769837e-06, ""fit_tolerance"": 1e-05, ""hit_round_cap"": false}, {""fit_converged"": true, ""final_update_norm"": 7.761454429428416e-06, ""fit_tolerance"": 1e-05, ""hit_round_cap"": false}, {""fit_converged"": true, ""final_update_norm"": 7.692702289891296e-06, ""fit_tolerance"": 1e-05, ""hit_round_cap"": false}]}",0.39299392555795126,17,148,51.0,444.0,34.6875,0.3515625,0.5390625,3.80571088889266,-7.781033593566441,23.931520964390128,7.361280946280563,-3.3069261283689646,2.246423623553053,-10.185150495446075,0.0,24.76216356120185,1.2496235647198246,35.578125
68,20260979,FedAvg,20,10,0,5,0.6666666666666666,0.5,2682.4596123220967,2510.1174469936586,1643.436360927601,1023,True,0.39299392555795126,0.39299392555795126,0,"{""fit_converged"": true, ""final_update_norm"": 8.377141214079766e-06, ""fit_tolerance"": 1e-05, ""hit_round_cap"": false}",,21,21,420.0,420.0,4.921875,0.0,0.5390625,3.765512849503526,-8.180068357519463,24.86544844394259,7.313438061764238,-7.9667885300661165,5.4258722884562385,-8.75848348809879,1.0712642130495769,26.56401615541852,1.8447348146576672,5.4609375
68,20260979,FedAvg-ST,20,8,2,5,0.7692307692307693,0.625,2803.8331125542436,2670.3154340755154,1674.9334391460284,383,True,0.39299392555795126,0.39299392555795126,0,"{""fit_converged"": true, ""final_update_norm"": 8.377141214079766e-06, ""fit_tolerance"": 1e-05, ""hit_round_cap"": false}",1.9649696277897564,21,21,420.0,420.0,4.921875,2.8125,0.5390625,1.8005432217137696,-6.215098729729707,22.900478816152834,5.348468433974482,-6.00181890227636,3.4609026606664823,-6.793513860309034,0.0,24.599046527628765,0.0,8.2734375
68,20260979,FedAvg-P,20,10,0,5,0.6666666666666666,0.5,2694.7771906766106,2533.4754711293654,1644.854886392704,1023,True,0.39299392555795126,0.39299392555795126,0,"{""selected_candidate"": 0, ""candidate_rounds"": [13, 20, 21, 21, 21], ""candidate_diagnostics"": [{""fit_converged"": true, ""final_update_norm"": 3.4981223703842583e-06, ""fit_tolerance"": 1e-05, ""hit_round_cap"": false}, {""fit_converged"": true, ""final_update_norm"": 7.049115498037689e-06, ""fit_tolerance"": 1e-05, ""hit_round_cap"": false}, {""fit_converged"": true, ""final_update_norm"": 6.405667225593214e-06, ""fit_tolerance"": 1e-05, ""hit_round_cap"": false}, {""fit_converged"": true, ""final_update_norm"": 7.569869612683508e-06, ""fit_tolerance"": 1e-05, ""hit_round_cap"": false}, {""fit_converged"": true, ""final_update_norm"": 7.973765043262783e-06, ""fit_tolerance"": 1e-05, ""hit_round_cap"": false}]}",0.39299392555795126,13,96,260.0,1920.0,22.5,0.3515625,0.5390625,3.3699911404682106,-7.792025128656748,24.474068001058193,6.926793986012122,-6.984535117018226,4.627766157278578,-8.668541874619796,0.5368624939785818,25.93730808046572,1.4486886114836937,23.390625
69,20260980,Pooled,0,4,6,2,0.6666666666666666,0.5,2763.6604733739496,3176.968725107502,1945.083400156925,332,True,3.9851699291623173,14.951114969845168,0,{},,0,0,,,0.0,0.0,0.5390625,0.0,0.0,23.689750240340132,5.159350866928662,0.0,0.0,-1.1275167784660616,0.0,18.76182617825465,0.0,0.5390625
69,20260980,Pooled-1SE,0,2,8,2,1.0,1.0,3682.0993282141376,3512.992114507836,2395.83693758708,260,True,3.9851699291623173,30.550506066429538,0,{},,0,0,,,0.0,0.0,0.5390625,0.0,0.0,14.391272184271962,0.0,0.0,0.0,-0.0,0.0,9.679216832082856,0.0,0.5390625
69,20260980,Largest-site,0,10,0,2,0.3333333333333333,0.2,2743.8973692589775,3266.7957587403607,2152.114450734174,1023,True,3.9851699291623173,0.05236783085443542,0,{},,0,0,,,0.0,0.0,0.5390625,0.659803182439444,-5.3346005860838,33.89560400453531,19.72216858817062,-29.58795008285136,17.067302672292954,9.258683646135891,10.101823911257526,24.0653739362218,5.223449152999816,0.5390625
69,20260980,Largest-site-1SE,0,2,8,2,1.0,1.0,3886.731863103361,3599.103486071722,2471.1029153127597,260,True,3.9851699291623173,32.52131017071605,0,{},,0,0,,,0.0,0.0,0.5390625,0.0,0.0,17.0538792710201,0.0,0.0,0.0,-0.0,0.0,4.581443145564905,0.0,0.5390625
69,20260980,One-shot,0,10,0,2,0.3333333333333333,0.2,2458.264232267061,3077.683239867435,1965.7532694448641,1023,True,3.9851699291623173,3.9851699291623173,0,{},,1,1,,,0.234375,0.0,0.5390625,-0.5539704196677575,-8.304374558042284,25.91093898730636,15.807740140321526,-17.221189260528593,8.533651336146477,1.7780827665164436,5.8508342259672546,29.19479638594148,2.4456336744605,0.7734375
69,20260980,ADMM,0,6,4,2,0.5,0.3333333333333333,2550.5278446396765,3298.2374762706577,1827.056675249833,846,True,3.9851699291623173,3.9851699291623173,0,{},,133,133,,,31.171875,0.0,0.5390625,0.0,-1.503529631755305,27.93671647535069,11.925511776698622,-0.0,-0.0,-8.099967867618284,0.0,22.295793713736277,0.7605224112146705,31.7109375
69,20260980,FedAvg,1,10,0,2,0.3333333333333333,0.2,2475.3549625123856,3141.57173853919,1859.1959308470498,1023,True,3.9851699291623173,3.9851699291623173,0,"{""fit_converged"": true, ""final_update_norm"": 8.720365194219838e-06, ""fit_tolerance"": 1e-05, ""hit_round_cap"": false}",,54,54,54.0,54.0,12.65625,0.0,0.5390625,-0.4659376313207956,-6.118496824208215,26.2915829113315,13.782133801589573,-5.411271061631244,-0.5807433933341578,-4.047033785786559,4.3732702635669805,25.553470150135485,1.8109409875098952,13.1953125
69,20260980,FedAvg-ST,1,3,7,2,0.8,0.6666666666666666,3494.6350067212525,3427.841279738978,2315.342508185482,268,True,3.9851699291623173,3.9851699291623173,0,"{""fit_converged"": true, ""final_update_norm"": 8.720365194219838e-06, ""fit_tolerance"": 1e-05, ""hit_round_cap"": false}",12.727239512837953,54,54,54.0,54.0,12.65625,2.8125,0.5390625,-0.0,-0.0,13.564343398493547,1.0548942887516208,-0.0,-0.0,-0.0,0.0,12.826230637297533,0.0,16.0078125
69,20260980,FedAvg-P,1,4,6,2,0.6666666666666666,0.5,2660.57816999285,3195.825836108532,1867.0901463400228,332,True,3.9851699291623173,3.9851699291623173,0,"{""selected_candidate"": 0, ""candidate_rounds"": [19, 18, 32, 33, 35], ""candidate_diagnostics"": [{""fit_converged"": true, ""final_update_norm"": 5.348308171021182e-06, ""fit_tolerance"": 1e-05, ""hit_round_cap"": false}, {""fit_converged"": true, ""final_update_norm"": 9.94419205773001e-06, ""fit_tolerance"": 1e-05, ""hit_round_cap"": false}, {""fit_converged"": true, ""final_update_norm"": 6.234874149383532e-06, ""fit_tolerance"": 1e-05, ""hit_round_cap"": false}, {""fit_converged"": true, ""final_update_norm"": 5.997628053500085e-06, ""fit_tolerance"": 1e-05, ""hit_round_cap"": false}, {""fit_converged"": true, ""final_update_norm"": 8.208828509455144e-06, ""fit_tolerance"": 1e-05, ""hit_round_cap"": false}]}",3.9851699291623173,19,137,19.0,137.0,32.109375,0.3515625,0.5390625,0.0,-0.0,27.86238740302639,9.74008958429433,-0.0,-0.0,-4.006065373351582,0.0,17.017547358943876,-0.0,33.0
69,20260980,FedAvg,3,10,0,2,0.3333333333333333,0.2,2492.785725283114,3102.7026461839127,1876.1695519000018,1023,True,3.9851699291623173,3.9851699291623173,0,"{""fit_converged"": true, ""final_update_norm"": 7.589004562230484e-06, ""fit_tolerance"": 1e-05, ""hit_round_cap"": false}",,37,37,111.0,111.0,8.671875,0.0,0.5390625,-1.215866667157516,-7.58758169804852,26.536431684357638,15.437382694512134,-5.194423788041064,-1.292760757661477,-2.6771795968174734,5.2890619833884704,24.73853346124682,2.4562703124261835,9.2109375
69,20260980,FedAvg-ST,3,3,7,2,0.8,0.6666666666666666,3461.733479226952,3399.039703460603,2294.1767960921075,268,True,3.9851699291623173,3.9851699291623173,0,"{""fit_converged"": true, ""final_update_norm"": 7.589004562230484e-06, ""fit_tolerance"": 1e-05, ""hit_round_cap"": false}",12.727239512837953,37,37,111.0,111.0,8.671875,2.8125,0.5390625,-0.0,-0.0,13.809192171519685,2.710143181674182,-0.0,-0.0,-0.0,0.0,12.011293948408868,0.0,12.0234375
69,20260980,FedAvg-P,3,5,5,2,0.5714285714285714,0.4,2633.456043242739,3079.1831203245047,1900.0818337036148,334,True,3.9851699291623173,3.9851699291623173,0,"{""selected_candidate"": 0, ""candidate_rounds"": [10, 20, 20, 48, 40], ""candidate_diagnostics"": [{""fit_converged"": true, ""final_update_norm"": 7.449445993682432e-06, ""fit_tolerance"": 1e-05, ""hit_round_cap"": false}, {""fit_converged"": true, ""final_update_norm"": 4.904639864823738e-06, ""fit_tolerance"": 1e-05, ""hit_round_cap"": false}, {""fit_converged"": true, ""final_update_norm"": 7.986957506601784e-06, ""fit_tolerance"": 1e-05, ""hit_round_cap"": false}, {""fit_converged"": true, ""final_update_norm"": 7.99838826029502e-06, ""fit_tolerance"": 1e-05, ""hit_round_cap"": false}, {""fit_converged"": true, ""final_update_norm"": 7.222348676889661e-06, ""fit_tolerance"": 1e-05, ""hit_round_cap"": false}]}",3.9851699291623173,10,138,30.0,414.0,32.34375,0.3515625,0.5390625,-0.0,-3.526972214632226,22.839768735364988,11.968183012721894,-0.0,-0.0,-1.3372727705640366,0.0,20.359782782528633,0.0,33.234375
69,20260980,FedAvg,20,10,0,2,0.3333333333333333,0.2,2465.309596257497,3081.6947886455855,1916.7400843499422,1023,True,3.9851699291623173,3.9851699291623173,0,"{""fit_converged"": true, ""final_update_norm"": 5.667182699833108e-06, ""fit_tolerance"": 1e-05, ""hit_round_cap"": false}",,21,21,420.0,420.0,4.921875,0.0,0.5390625,-0.5791679245123817,-8.350342586867676,25.83122525188653,15.8680551956021,-12.271613602787822,4.64418233790876,-0.6453953468308575,5.101809528223698,27.483683253243342,2.4518871585805293,5.4609375
69,20260980,FedAvg-ST,20,3,7,2,0.8,0.6666666666666666,3338.9200044798777,3350.351354388632,2242.5193467621066,268,True,3.9851699291623173,3.9851699291623173,0,"{""fit_converged"": true, ""final_update_norm"": 5.667182699833108e-06, ""fit_tolerance"": 1e-05, ""hit_round_cap"": false}",12.727239512837953,21,21,420.0,420.0,4.921875,2.8125,0.5390625,-0.0,-0.0,13.103985739048577,3.1408156827641474,-0.0,0.0,-0.0,0.0,14.75644374040539,0.0,8.2734375
69,20260980,FedAvg-P,20,6,4,2,0.5,0.3333333333333333,2632.5269653450923,3007.3292233824345,1933.3955656209132,414,True,3.9851699291623173,3.9851699291623173,0,"{""selected_candidate"": 0, ""candidate_rounds"": [7, 17, 22, 19, 20], ""candidate_diagnostics"": [{""fit_converged"": true, ""final_update_norm"": 6.146951825962648e-06, ""fit_tolerance"": 1e-05, ""hit_round_cap"": false}, {""fit_converged"": true, ""final_update_norm"": 5.813709589396957e-06, ""fit_tolerance"": 1e-05, ""hit_round_cap"": false}, {""fit_converged"": true, ""final_update_norm"": 6.659753931598605e-06, ""fit_tolerance"": 1e-05, ""hit_round_cap"": false}, {""fit_converged"": true, ""final_update_norm"": 8.639395082075016e-06, ""fit_tolerance"": 1e-05, ""hit_round_cap"": false}, {""fit_converged"": true, ""final_update_norm"": 6.2161797763249915e-06, ""fit_tolerance"": 1e-05, ""hit_round_cap"": false}]}",3.9851699291623173,7,85,140.0,1700.0,19.921875,0.3515625,0.5390625,-0.0,-4.419402434785937,21.818473998223304,11.876626696363632,-4.091017299760297,0.0,-0.0,0.4006544174768183,21.984227567504096,0.0,20.8125
70,20260981,Pooled,0,8,2,4,0.6666666666666666,0.5,3364.0766474129045,2828.7227455542243,1635.299691352633,879,True,3.0303980044959333,1.5669310184686402,0,{},,0,0,,,0.0,0.0,0.5390625,-1.168738783516183,-9.044467150747462,23.270620873286898,15.24132661579504,-0.0,-1.4717372629915513,-11.27896468602334,0.0,22.695322995419094,0.09968767879920572,0.5390625
70,20260981,Pooled-1SE,0,4,6,4,1.0,1.0,3674.484758198954,3122.4397441277247,1696.0375572973005,332,True,3.0303980044959333,10.535037472195711,0,{},,0,0,,,0.0,0.0,0.5390625,0.0,-0.0,20.88318935705837,7.720143679584505,0.0,0.0,-2.5779143516065215,0.0,19.033615700219563,0.0,0.5390625
70,20260981,Largest-site,0,8,2,4,0.5,0.3333333333333333,3379.037771240908,3062.037639790589,1740.1947865340576,927,True,3.0303980044959333,0.12887530281618242,0,{},,0,0,,,0.0,0.0,0.5390625,-4.290902078722566,-8.86665119247342,30.308575320009645,14.342313576427294,-8.338165393063575,-0.0,0.0,17.10016927113193,11.996746328392948,7.333853044669474,0.5390625
70,20260981,Largest-site-1SE,0,6,4,4,0.8,0.6666666666666666,3704.124550651698,3279.2903062189935,1738.2621066575673,972,True,3.0303980044959333,9.380773808283438,0,{},,0,0,,,0.0,0.0,0.5390625,-0.0,-0.0,27.61350069019378,6.912770010402818,0.0,0.0,-0.39982891887515903,7.185733142598607,7.436700809016347,4.50001022506807,0.5390625
70,20260981,One-shot,0,10,0,4,0.5714285714285714,0.4,3377.230713844597,2918.8356766311385,1655.3835588019444,1023,True,3.0303980044959333,3.0303980044959333,0,{},,1,1,,,0.234375,0.0,0.5390625,-2.145451039361283,-6.18544538625214,20.66402420075623,12.356361170231004,-4.169082696531787,-0.9210172786386139,-3.368966499881399,8.550084635565964,21.444613257819583,3.666926522334737,0.7734375
70,20260981,ADMM,0,5,5,4,0.8888888888888888,0.8,3393.8817798968616,2857.723290678142,1626.65678314135,334,True,3.0303980044959333,3.0303980044959333,0,{},,129,129,,,30.234375,0.0,0.5390625,-0.0,-6.480585702264219,22.885234299079,13.496881716340642,-0.0,-0.0,-9.39936323612178,0.0,21.600338575203892,0.0,30.7734375
70,20260981,FedAvg,1,10,0,4,0.5714285714285714,0.4,3356.0465960480756,2837.255362676965,1653.3993682849807,1023,True,3.0303980044959333,3.0303980044959333,0,"{""fit_converged"": true, ""final_update_norm"": 9.690478249683681e-06, ""fit_tolerance"": 1e-05, ""hit_round_cap"": false}",,58,58,58.0,58.0,13.59375,0.0,0.5390625,-1.6422450934038157,-6.615974348748143,21.86876673931763,12.989002330791145,-5.201437384495769,2.1189808617269534,-6.607166467072462,1.3583808708278007,23.793798294090056,3.356736647336475,14.1328125
70,20260981,FedAvg-ST,1,6,4,4,0.8,0.6666666666666666,3847.327077878971,3194.634094688082,1741.9820761766905,350,True,3.0303980044959333,3.0303980044959333,0,"{""fit_converged"": true, ""final_update_norm"": 9.690478249683681e-06, ""fit_tolerance"": 1e-05, ""hit_round_cap"": false}",4.940411183628163,58,58,58.0,58.0,13.59375,2.8125,0.5390625,-0.0,-1.6755631651199803,16.928355555689464,8.048591147162982,-0.2610262008676063,0.0,-1.6667552834442994,0.0,18.853387110461895,0.0,16.9453125
70,20260981,FedAvg-P,1,5,5,4,0.8888888888888888,0.8,3522.4239428544415,3072.2541829353327,1664.2791803740722,334,True,3.0303980044959333,3.0303980044959333,0,"{""selected_candidate"": 0, ""candidate_rounds"": [24, 20, 33, 36, 41], ""candidate_diagnostics"": [{""fit_converged"": true, ""final_update_norm"": 7.77616276458096e-06, ""fit_tolerance"": 1e-05, ""hit_round_cap"": false}, {""fit_converged"": true, ""final_update_norm"": 6.6161805519653776e-06, ""fit_tolerance"": 1e-05, ""hit_round_cap"": false}, {""fit_converged"": true, ""final_update_norm"": 8.627053601786757e-06, ""fit_tolerance"": 1e-05, ""hit_round_cap"": false}, {""fit_converged"": true, ""final_update_norm"": 6.5940773040060655e-06, ""fit_tolerance"": 1e-05, ""hit_round_cap"": false}, {""fit_converged"": true, ""final_update_norm"": 7.407144877188947e-06, ""fit_tolerance"": 1e-05, ""hit_round_cap"": false}]}",3.0303980044959333,24,154,24.0,154.0,36.09375,0.3515625,0.5390625,-0.0,-0.31964896815993793,23.899692146354788,11.171848580397029,-0.0,0.0,-6.51393508076159,0.0,15.39133875549479,0.0,36.984375
70,20260981,FedAvg,3,10,0,4,0.5714285714285714,0.4,3380.58086536406,2870.367075380765,1662.2638542702125,1023,True,3.0303980044959333,3.0303980044959333,0,"{""fit_converged"": true, ""final_update_norm"": 9.710732428071474e-06, ""fit_tolerance"": 1e-05, ""hit_round_cap"": false}",,22,22,66.0,66.0,5.15625,0.0,0.5390625,-2.1977289193269236,-6.064517943866916,20.732170188126734,12.11553307357286,-5.602860466375305,2.5386162965445136,-5.308232392502688,3.2489661803174497,23.636480214537375,3.8818075113011137,5.6953125
70,20260981,FedAvg-ST,3,6,4,4,0.8,0.6666666666666666,3833.970571689917,3178.8906988322065,1745.168276677434,350,True,3.0303980044959333,3.0303980044959333,0,"{""fit_converged"": true, ""final_update_norm"": 9.710732428071474e-06, ""fit_tolerance"": 1e-05, ""hit_round_cap"": false}",3.948405791496055,22,22,66.0,66.0,5.15625,2.8125,0.5390625,-0.0,-2.1161121523708606,16.78376439663068,8.167127282076805,-1.6544546748792501,0.0,-1.3598266010066333,0.0,19.68807442304132,0.0,8.5078125
70,20260981,FedAvg-P,3,6,4,4,0.8,0.6666666666666666,3679.3667341131622,3050.461237774268,1688.5474467572892,846,True,3.0303980044959333,3.0303980044959333,0,"{""selected_candidate"": 0, ""candidate_rounds"": [10, 14, 20, 21, 22], ""candidate_diagnostics"": [{""fit_converged"": true, ""final_update_norm"": 4.151621102140961e-06, ""fit_tolerance"": 1e-05, ""hit_round_cap"": false}, {""fit_converged"": true, ""final_update_norm"": 7.985002149856438e-06, ""fit_tolerance"": 1e-05, ""hit_round_cap"": false}, {""fit_converged"": true, ""final_update_norm"": 5.087428336533716e-06, ""fit_tolerance"": 1e-05, ""hit_round_cap"": false}, {""fit_converged"": true, ""final_update_norm"": 6.7255935670367186e-06, ""fit_tolerance"": 1e-05, ""hit_round_cap"": false}, {""fit_converged"": true, ""final_update_norm"": 7.428110814406119e-06, ""fit_tolerance"": 1e-05, ""hit_round_cap"": false}]}",3.0303980044959333,10,87,30.0,261.0,20.390625,0.3515625,0.5390625,-0.0,-3.4252574375141,17.777446969317925,9.618573794808771,-0.0,0.0,-4.423280063446531,0.0,19.27087308391859,0.5760372767785391,21.28125
70,20260981,FedAvg,20,10,0,4,0.5714285714285714,0.4,3377.2346853985773,2918.9049044990666,1655.3870823958878,1023,True,3.0303980044959333,3.0303980044959333,0,"{""fit_converged"": true, ""final_update_norm"": 1.602878311446247e-08, ""fit_tolerance"": 1e-05, ""hit_round_cap"": false}",,5,5,100.0,100.0,1.171875,0.0,0.5390625,-2.1464503809726416,-6.185734204823183,20.664728420775965,12.357126166794961,-4.168282021146293,-0.9207109411989077,-3.3691155033113733,8.553943733014798,21.44201372947918,3.6658983605978817,1.7109375
70,20260981,FedAvg-ST,20,6,4,4,0.6,0.42857142857142855,3817.2885677391764,3223.93825468669,1733.261684573613,414,True,3.0303980044959333,3.0303980044959333,0,"{""fit_converged"": true, ""final_update_norm"": 1.602878311446247e-08, ""fit_tolerance"": 1e-05, ""hit_round_cap"": false}",3.948405791496055,5,5,100.0,100.0,1.171875,2.8125,0.5390625,-0.0,-2.2373284133271283,16.71632262927991,8.408720375298905,-0.21987622965023812,-0.0,-0.0,4.605537941518742,17.493607937983125,0.0,4.5234375
70,20260981,FedAvg-P,20,8,2,4,0.6666666666666666,0.5,3692.7906195178803,3128.0921874448495,1699.942347558309,990,True,3.0303980044959333,3.0303980044959333,0,"{""selected_candidate"": 0, ""candidate_rounds"": [5, 5, 5, 4, 5], ""candidate_diagnostics"": [{""fit_converged"": true, ""final_update_norm"": 2.282490442669866e-08, ""fit_tolerance"": 1e-05, ""hit_round_cap"": false}, {""fit_converged"": true, ""final_update_norm"": 1.2504870601935702e-08, ""fit_tolerance"": 1e-05, ""hit_round_cap"": false}, {""fit_converged"": true, ""final_update_norm"": 1.4314853459388429e-08, ""fit_tolerance"": 1e-05, ""hit_round_cap"": false}, {""fit_converged"": true, ""final_update_norm"": 8.13936679758168e-06, ""fit_tolerance"": 1e-05, ""hit_round_cap"": false}, {""fit_converged"": true, ""final_update_norm"": 1.610019188694231e-08, ""fit_tolerance"": 1e-05, ""hit_round_cap"": false}]}",3.0303980044959333,5,24,100.0,480.0,5.625,0.3515625,0.5390625,-0.0,-3.1527686150506034,17.63523856367354,9.326480617048503,-1.1345368390520685,-0.0,-0.33876282057482765,5.525884139127132,18.407656959153424,0.6347640073247609,6.515625
71,20260982,Pooled,0,6,4,3,0.6666666666666666,0.5,3106.18742866473,3420.921768735566,1517.508514089914,350,True,1.9599080695892508,3.3450556950182118,0,{},,0,0,,,0.0,0.0,0.5390625,0.0,-6.426678712104293,24.564800131948854,14.391633179782104,-1.4048240679817199,-0.0,-10.424467553917312,0.0,19.566655622674357,0.0,0.5390625
71,20260982,Pooled-1SE,0,3,7,3,1.0,1.0,3852.4273447258506,3811.6657727136217,1781.506514366288,268,True,1.9599080695892508,17.723165141375596,0,{},,0,0,,,0.0,0.0,0.5390625,0.0,-0.0,19.889425211001907,4.256434472558867,0.0,0.0,-0.0,0.0,14.010888575971354,0.0,0.5390625
71,20260982,Largest-site,0,9,1,3,0.5,0.3333333333333333,3150.450929153125,3366.025555816979,1586.0739693764485,991,True,1.9599080695892508,0.05163158905802742,0,{},,0,0,,,0.0,0.0,0.5390625,-0.8825420330992682,-12.638795916811501,28.904332993281432,12.443128014418512,-18.288209014065615,-0.0,4.653200039527878,14.224490891097796,23.98011603134244,4.9719566861279505,0.5390625
71,20260982,Largest-site-1SE,0,2,8,3,0.8,0.6666666666666666,4035.7864682640484,3773.2893224489126,1816.9935175374053,260,True,1.9599080695892508,15.691848704664958,0,{},,0,0,,,0.0,0.0,0.5390625,0.0,-0.0,26.801937418964442,0.0,0.0,-0.0,-0.0,0.0,10.450611611172913,0.0,0.5390625
71,20260982,One-shot,0,10,0,3,0.46153846153846156,0.3,3042.1196975280586,3433.158677630964,1558.0893100882631,1023,True,1.9599080695892508,1.9599080695892508,0,{},,1,1,,,0.234375,0.0,0.5390625,-2.080415531124615,-7.5449780451443385,23.364125070146088,15.05568913960171,-19.917513901528714,8.613655587201372,0.21080973926146562,8.118244927060202,26.948241598066996,2.085956379645317,0.7734375
71,20260982,ADMM,0,6,4,3,0.6666666666666666,0.5,3053.05951541938,3438.4700595457907,1510.778259845664,350,True,1.9599080695892508,1.9599080695892508,0,{},,197,197,,,46.171875,0.0,0.5390625,0.0,-8.736677357072873,24.875988995244086,15.898266548003123,-4.107495315258854,-0.0,-11.399590500788165,0.0,21.478783365675707,0.0,46.7109375
71,20260982,FedAvg,1,10,0,3,0.46153846153846156,0.3,3036.6078411142266,3438.2999371004144,1517.312459543306,1023,True,1.9599080695892508,1.9599080695892508,0,"{""fit_converged"": true, ""final_update_norm"": 9.094768840228578e-06, ""fit_tolerance"": 1e-05, ""hit_round_cap"": false}",,67,67,67.0,67.0,15.703125,0.0,0.5390625,-0.7152674678831215,-8.271982397480642,23.418983581810167,15.564788612391043,-6.102337552478691,-0.41557579038598647,-7.844390829645551,2.836176779991531,21.753136368578037,2.0705157601971784,16.2421875
71,20260982,FedAvg-ST,1,5,5,3,0.75,0.6,3654.7720294731776,3754.4887032710276,1710.524212190192,334,True,1.9599080695892508,1.9599080695892508,0,"{""fit_converged"": true, ""final_update_norm"": 9.094768840228578e-06, ""fit_tolerance"": 1e-05, ""hit_round_cap"": false}",6.259261177866392,67,67,67.0,67.0,15.703125,2.8125,0.5390625,-0.0,-2.0127212196142494,17.159722403943775,9.30552743452465,-0.0,-0.0,-1.5851296517791589,0.0,15.493875190711645,0.0,19.0546875
71,20260982,FedAvg-P,1,6,4,3,0.6666666666666666,0.5,3193.4251618130984,3451.9413389752226,1535.0112870914252,350,True,1.9599080695892508,1.9599080695892508,0,"{""selected_candidate"": 0, ""candidate_rounds"": [22, 27, 27, 33, 66], ""candidate_diagnostics"": [{""fit_converged"": true, ""final_update_norm"": 6.940631829798893e-06, ""fit_tolerance"": 1e-05, ""hit_round_cap"": false}, {""fit_converged"": true, ""final_update_norm"": 8.15189835245757e-06, ""fit_tolerance"": 1e-05, ""hit_round_cap"": false}, {""fit_converged"": true, ""final_update_norm"": 9.628758019427614e-06, ""fit_tolerance"": 1e-05, ""hit_round_cap"": false}, {""fit_converged"": true, ""final_update_norm"": 3.6322063332779036e-06, ""fit_tolerance"": 1e-05, ""hit_round_cap"": false}, {""fit_converged"": true, ""final_update_norm"": 9.982381045914221e-06, ""fit_tolerance"": 1e-05, ""hit_round_cap"": false}]}",1.9599080695892508,22,175,22.0,175.0,41.015625,0.3515625,0.5390625,0.0,-4.662068193709002,24.54067129888405,13.433159121158125,-1.0177137618058119,-0.0,-8.791974596727325,0.0,16.936538747114678,0.0,41.90625
71,20260982,FedAvg,3,10,0,3,0.46153846153846156,0.3,3040.4920542187147,3438.862330236664,1521.4308439200865,1023,True,1.9599080695892508,1.9599080695892508,0,"{""fit_converged"": true, ""final_update_norm"": 9.10208810021016e-06, ""fit_tolerance"": 1e-05, ""hit_round_cap"": false}",,52,52,156.0,156.0,12.1875,0.0,0.5390625,-1.5647461172981825,-7.333987386554068,23.63799868632259,15.330157181877908,-7.6683771524565305,0.052398884695102455,-5.908307931275851,5.12051352363833,22.15686442846569,2.0945994447951035,12.7265625
71,20260982,FedAvg-ST,3,3,7,3,1.0,1.0,3855.386488630406,3928.6124605523123,1797.3823867288866,268,True,1.9599080695892508,1.9599080695892508,0,"{""fit_converged"": true, ""final_update_norm"": 9.10208810021016e-06, ""fit_tolerance"": 1e-05, ""hit_round_cap"": false}",7.831850513182392,52,52,156.0,156.0,12.1875,2.8125,0.5390625,-0.0,-0.0,15.806148173140198,7.498306668695516,-0.0,0.0,-0.0,0.0,14.325013915283296,0.0,15.5390625
71,20260982,FedAvg-P,3,7,3,3,0.6,0.42857142857142855,3175.9580989332403,3475.2423564106807,1539.7222421042231,478,True,1.9599080695892508,1.9599080695892508,0,"{""selected_candidate"": 0, ""candidate_rounds"": [19, 19, 20, 22, 24], ""candidate_diagnostics"": [{""fit_converged"": true, ""final_update_norm"": 6.1534990643095165e-06, ""fit_tolerance"": 1e-05, ""hit_round_cap"": false}, {""fit_converged"": true, ""final_update_norm"": 9.033835461164014e-06, ""fit_tolerance"": 1e-05, ""hit_round_cap"": false}, {""fit_converged"": true, ""final_update_norm"": 7.388607982476907e-06, ""fit_tolerance"": 1e-05, ""hit_round_cap"": false}, {""fit_converged"": true, ""final_update_norm"": 5.5375467266558206e-06, ""fit_tolerance"": 1e-05, ""hit_round_cap"": false}, {""fit_converged"": true, ""final_update_norm"": 4.234927244454542e-06, ""fit_tolerance"": 1e-05, ""hit_round_cap"": false}]}",1.9599080695892508,19,104,57.0,312.0,24.375,0.3515625,0.5390625,-0.0,-5.722978214591496,21.804255923930302,13.672205555959632,-3.5215441237887695,-0.0,-6.185240354950622,1.700448084359583,19.453573732486287,0.0,25.265625
71,20260982,FedAvg,20,10,0,3,0.46153846153846156,0.3,3043.7269124452177,3433.311445054391,1539.480045921774,1023,True,1.9599080695892508,1.9599080695892508,0,"{""fit_converged"": true, ""final_update_norm"": 5.465335658877927e-06, ""fit_tolerance"": 1e-05, ""hit_round_cap"": false}",,15,15,300.0,300.0,3.515625,0.0,0.5390625,-1.8250012831122142,-7.502254443809787,23.447758617356296,15.051194291520648,-14.181549473813002,4.204968843873277,-2.317292107421877,7.399190260017589,24.60580555793471,2.102345834188458,4.0546875
71,20260982,FedAvg-ST,20,6,4,3,0.6666666666666666,0.5,3598.644929647645,3890.370687737911,1718.6778693765968,414,True,1.9599080695892508,1.9599080695892508,0,"{""fit_converged"": true, ""final_update_norm"": 5.465335658877927e-06, ""fit_tolerance"": 1e-05, ""hit_round_cap"": false}",6.259261177866392,15,15,300.0,300.0,3.515625,2.8125,0.5390625,-0.0,-1.2429932659433947,17.188497439489904,8.791933113654256,-7.922288295946609,0.0,-0.0,1.1399290821511965,18.346544380068316,0.0,6.8671875
71,20260982,FedAvg-P,20,9,1,3,0.5,0.3333333333333333,3169.1583586329043,3531.5369070342495,1553.3915985156668,1022,True,1.9599080695892508,1.9599080695892508,0,"{""selected_candidate"": 0, ""candidate_rounds"": [26, 17, 15, 14, 15], ""candidate_diagnostics"": [{""fit_converged"": true, ""final_update_norm"": 6.553812175723786e-06, ""fit_tolerance"": 1e-05, ""hit_round_cap"": false}, {""fit_converged"": true, ""final_update_norm"": 5.597783220990571e-06, ""fit_tolerance"": 1e-05, ""hit_round_cap"": false}, {""fit_converged"": true, ""final_update_norm"": 3.508993358637681e-06, ""fit_tolerance"": 1e-05, ""hit_round_cap"": false}, {""fit_converged"": true, ""final_update_norm"": 9.865699102884435e-06, ""fit_tolerance"": 1e-05, ""hit_round_cap"": false}, {""fit_converged"": true, ""final_update_norm"": 3.422792923254282e-06, ""fit_tolerance"": 1e-05, ""hit_round_cap"": false}]}",1.9599080695892508,26,87,520.0,1740.0,20.390625,0.3515625,0.5390625,-0.0,-5.535243120302219,21.493467145685802,13.089483270744688,-9.63485207568017,0.2994297254566707,-1.575399888132012,5.016904920954945,21.74579022548271,0.13523828163340212,21.28125
72,20260983,Pooled,0,9,1,2,0.36363636363636365,0.2222222222222222,3404.5537864934176,3282.519404018743,1855.4759004997718,991,True,5.97567217495437,1.392706225670459,0,{},,0,0,,,0.0,0.0,0.5390625,-1.9843641179208074,-3.7458481021069736,28.715839386769087,11.81336459626399,-1.403733538611408,-0.0,-10.660970079314945,1.9285195494025351,18.41101709044198,5.505219030185462,0.5390625
72,20260983,Pooled-1SE,0,2,8,2,1.0,1.0,4433.627060049101,3649.8486031143284,2080.5746051042292,260,True,5.97567217495437,24.27944904068672,0,{},,0,0,,,0.0,0.0,0.5390625,0.0,0.0,20.319915405974157,0.0,0.0,0.0,-0.0,0.0,11.006370910086645,0.0,0.5390625
72,20260983,Largest-site,0,8,2,2,0.4,0.25,3421.0561225516244,3391.6706584784465,1848.2272212243302,975,True,5.97567217495437,2.7694657982405366,0,{},,0,0,,,0.0,0.0,0.5390625,-0.33456120011436924,-3.718430453105223,25.98574180647761,9.30400162396331,-0.0,-0.0,-9.285375061384892,6.5897558079164975,19.812164926831965,4.186923853810707,0.5390625
72,20260983,Largest-site-1SE,0,3,7,2,0.8,0.6666666666666666,4693.162989184785,3879.4439325895314,2211.4401962306533,388,True,5.97567217495437,29.98325406383036,0,{},,0,0,,,0.0,0.0,0.5390625,0.0,0.0,12.806728069245558,0.0,0.0,0.0,-0.0,3.5075436156059947,9.438174804917402,0.0,0.5390625
72,20260983,One-shot,0,8,2,2,0.4,0.25,3551.8702286510998,3313.8027376792547,1809.8857603887839,975,True,5.97567217495437,5.97567217495437,0,{},,1,1,,,0.234375,0.0,0.5390625,-0.8778616021374825,-1.8592152265526114,28.222095088930878,8.666617434914185,0.0,0.0,-7.441516493630175,3.2948779039582488,15.46125990020024,2.119845070253902,0.7734375
72,20260983,ADMM,0,6,4,2,0.5,0.3333333333333333,3568.513531480413,3298.022135522953,1794.5268648251708,972,True,5.97567217495437,5.97567217495437,0,{},,255,255,,,59.765625,0.0,0.5390625,-0.0,-0.0,27.707491419058712,8.321660782642594,0.0,0.0,-7.970659342281483,0.22088562665694322,17.260464431502577,3.0814726497790117,60.3046875
72,20260983,FedAvg,1,8,2,2,0.4,0.25,3574.325339445291,3332.1833424059632,1803.2000774518744,975,True,5.97567217495437,5.97567217495437,0,"{""fit_converged"": true, ""final_update_norm"": 8.31326817087169e-06, ""fit_tolerance"": 1e-05, ""hit_round_cap"": false}",,22,22,22.0,22.0,5.15625,0.0,0.5390625,-1.2592726909002994,-0.09442896111061837,27.577444023206017,8.927355946002775,0.0,0.0,-7.4324060009744946,2.5331014092294697,16.799980214805924,1.313003696395861,5.6953125
72,20260983,FedAvg-ST,1,3,7,2,0.8,0.6666666666666666,4526.34421833652,3679.2257732525786,2108.96502471516,268,True,5.97567217495437,5.97567217495437,0,"{""fit_converged"": true, ""final_update_norm"": 8.31326817087169e-06, ""fit_tolerance"": 1e-05, ""hit_round_cap"": false}",7.785900924125074,22,22,22.0,22.0,5.15625,2.8125,0.5390625,-0.0,-0.0,19.791543099080943,1.141455021877701,0.0,0.0,-0.0,0.0,9.01407929068085,0.0,8.5078125
72,20260983,FedAvg-P,1,4,6,2,0.6666666666666666,0.5,4295.900230303207,3574.6840384817906,1955.050615772315,332,True,5.97567217495437,5.97567217495437,0,"{""selected_candidate"": 0, ""candidate_rounds"": [17, 17, 19, 18, 20], ""candidate_diagnostics"": [{""fit_converged"": true, ""final_update_norm"": 4.428586919503511e-06, ""fit_tolerance"": 1e-05, ""hit_round_cap"": false}, {""fit_converged"": true, ""final_update_norm"": 6.414519105597758e-06, ""fit_tolerance"": 1e-05, ""hit_round_cap"": false}, {""fit_converged"": true, ""final_update_norm"": 7.023541218623228e-06, ""fit_tolerance"": 1e-05, ""hit_round_cap"": false}, {""fit_converged"": true, ""final_update_norm"": 7.052370980710352e-06, ""fit_tolerance"": 1e-05, ""hit_round_cap"": false}, {""fit_converged"": true, ""final_update_norm"": 4.686650802893511e-06, ""fit_tolerance"": 1e-05, ""hit_round_cap"": false}]}",5.97567217495437,17,91,17.0,91.0,21.328125,0.3515625,0.5390625,0.0,0.0,31.791329268781745,6.4827503930928305,0.0,0.0,-3.7537683101596144,0.0,2.528099547032147,0.0,22.21875
72,20260983,FedAvg,3,8,2,2,0.4,0.25,3537.180772506365,3309.0355843144453,1814.19193582354,975,True,5.97567217495437,5.97567217495437,0,"{""fit_converged"": true, ""final_update_norm"": 1.6373502836254607e-06, ""fit_tolerance"": 1e-05, ""hit_round_cap"": false}",,9,9,27.0,27.0,2.109375,0.0,0.5390625,-1.2458312721313232,-2.1901255601262144,28.07489729211935,9.123623696722529,0.0,0.0,-7.2530801127506574,3.86445013147384,15.657205962619718,1.8079361764956663,2.6484375
72,20260983,FedAvg-ST,3,3,7,2,0.8,0.6666666666666666,4571.773327555597,3702.602759809135,2119.3332218366927,268,True,5.97567217495437,5.97567217495437,0,"{""fit_converged"": true, ""final_update_norm"": 1.6373502836254607e-06, ""fit_tolerance"": 1e-05, ""hit_round_cap"": false}",7.785900924125074,9,9,27.0,27.0,2.109375,2.8125,0.5390625,-0.0,-0.0,20.288996367994276,1.3377227725974548,0.0,0.0,-0.0,0.0,7.871305038494644,0.0,5.4609375
72,20260983,FedAvg-P,3,4,6,2,0.6666666666666666,0.5,4251.209854514759,3493.4498195559654,1985.305747817953,332,True,5.97567217495437,5.97567217495437,0,"{""selected_candidate"": 0, ""candidate_rounds"": [6, 9, 9, 8, 9], ""candidate_diagnostics"": [{""fit_converged"": true, ""final_update_norm"": 6.62027973775368e-06, ""fit_tolerance"": 1e-05, ""hit_round_cap"": false}, {""fit_converged"": true, ""final_update_norm"": 4.610580671475981e-06, ""fit_tolerance"": 1e-05, ""hit_round_cap"": false}, {""fit_converged"": true, ""final_update_norm"": 2.158099224903137e-06, ""fit_tolerance"": 1e-05, ""hit_round_cap"": false}, {""fit_converged"": true, ""final_update_norm"": 8.562986118115943e-06, ""fit_tolerance"": 1e-05, ""hit_round_cap"": false}, {""fit_converged"": true, ""final_update_norm"": 1.302003517799978e-06, ""fit_tolerance"": 1e-05, ""hit_round_cap"": false}]}",5.97567217495437,6,41,18.0,123.0,9.609375,0.3515625,0.5390625,-0.0,-0.0,22.11597187417692,4.39038530478974,0.0,0.0,-2.3349535492860785,0.0,9.102827575236473,0.0,10.5
72,20260983,FedAvg,20,8,2,2,0.4,0.25,3551.8719714374324,3313.8056778590667,1809.8858481152506,975,True,5.97567217495437,5.97567217495437,0,"{""fit_converged"": true, ""final_update_norm"": 4.9066264875060337e-08, ""fit_tolerance"": 1e-05, ""hit_round_cap"": false}",,3,3,60.0,60.0,0.703125,0.0,0.5390625,-0.8778879894306562,-1.8591857017731146,28.222130957382014,8.666622738459454,0.0,0.0,-7.441382500231597,3.2950000953169356,15.461229272966877,2.119825607223353,1.2421875
72,20260983,FedAvg-ST,20,4,6,2,0.6666666666666666,0.5,4346.318243426265,3568.5413807276636,2026.297755130625,332,True,5.97567217495437,5.97567217495437,0,"{""fit_converged"": true, ""final_update_norm"": 4.9066264875060337e-08, ""fit_tolerance"": 1e-05, ""hit_round_cap"": false}",6.2225379949556245,3,3,60.0,60.0,0.703125,2.8125,0.5390625,-0.0,-0.0,21.99959296242639,2.4440847435038293,0.0,0.0,-1.2188445052759729,0.0,9.238691278011252,0.0,4.0546875
72,20260983,FedAvg-P,20,4,6,2,0.6666666666666666,0.5,4307.796042755034,3546.0800412169892,2011.1276865476793,332,True,5.97567217495437,5.97567217495437,0,"{""selected_candidate"": 0, ""candidate_rounds"": [3, 3, 3, 3, 3], ""candidate_diagnostics"": [{""fit_converged"": true, ""final_update_norm"": 6.080688898183281e-09, ""fit_tolerance"": 1e-05, ""hit_round_cap"": false}, {""fit_converged"": true, ""final_update_norm"": 5.2128514746916896e-08, ""fit_tolerance"": 1e-05, ""hit_round_cap"": false}, {""fit_converged"": true, ""final_update_norm"": 5.907944071489973e-08, ""fit_tolerance"": 1e-05, ""hit_round_cap"": false}, {""fit_converged"": true, ""final_update_norm"": 4.827402818975914e-08, ""fit_tolerance"": 1e-05, ""hit_round_cap"": false}, {""fit_converged"": true, ""final_update_norm"": 4.9020557295089365e-08, ""fit_tolerance"": 1e-05, ""hit_round_cap"": false}]}",5.97567217495437,3,15,60.0,300.0,3.515625,0.3515625,0.5390625,-0.0,-0.0,22.24651151504891,2.6909552818451186,0.0,0.0,-1.465488069004861,0.0,9.485509672923,0.0,4.40625
73,20260984,Pooled,0,7,3,4,0.7272727272727273,0.5714285714285714,2724.90470120195,3316.8997439099962,1692.057505652905,862,True,2.696541233481426,3.794864833380527,0,{},,0,0,,,0.0,0.0,0.5390625,0.0,-3.616634966747705,22.809407208192845,11.220188179959582,-1.6982106699469819,-0.0,-8.000793771823105,0.0,18.30673340465676,2.7199548721933433,0.5390625
73,20260984,Pooled-1SE,0,4,6,4,1.0,1.0,3370.472433911747,3613.455734547765,1806.5761314443057,332,True,2.696541233481426,12.486412869225184,0,{},,0,0,,,0.0,0.0,0.5390625,0.0,-0.0,20.197614003438716,5.790244637902191,-0.0,-0.0,-1.7377798301453693,0.0,14.616370644818037,0.0,0.5390625
73,20260984,Largest-site,0,5,5,4,0.8888888888888888,0.8,3078.9783915244275,3700.3917918267734,1767.3682346727508,844,True,2.696541233481426,4.021821016099997,0,{},,0,0,,,0.0,0.0,0.5390625,0.0,-0.0,20.765352519207553,9.753734236855937,-0.0,-0.0,-4.089769512530362,0.0,10.318159043322705,13.481350304006945,0.5390625
73,20260984,Largest-site-1SE,0,3,7,4,0.5714285714285714,0.4,4322.051681776769,4522.032578019357,2057.972748416265,772,True,2.696541233481426,21.308882283649744,0,{},,0,0,,,0.0,0.0,0.5390625,0.0,0.0,14.922958019091181,0.0,0.0,0.0,-0.0,0.0,5.573326249985535,6.5753358776926,0.5390625
73,20260984,One-shot,0,9,1,4,0.6153846153846154,0.4444444444444444,2733.5999297510484,3335.0439377691714,1710.479594216243,1007,True,2.696541233481426,2.696541233481426,0,{},,1,1,,,0.234375,0.0,0.5390625,2.8123998124671448,-5.746672279271519,22.866123422225982,9.850958924899697,0.0,-0.7299504564373918,-11.74075543851072,-3.884830371858786,18.42882659355155,6.355207111762107,0.7734375
73,20260984,ADMM,0,7,3,4,0.7272727272727273,0.5714285714285714,2623.668956647095,3333.479799314778,1687.5968844337472,862,True,2.696541233481426,2.696541233481426,0,{},,189,189,,,44.296875,0.0,0.5390625,0.0,-5.368026170263475,23.012053252356942,12.094884800517047,-3.9622771728978243,-0.0,-8.691299958293868,0.0,19.715657826566822,3.6503230738503705,44.8359375
73,20260984,FedAvg,1,10,0,4,0.5714285714285714,0.4,2656.6155178581903,3363.042355986664,1696.9291179503925,1023,True,2.696541233481426,2.696541233481426,0,"{""fit_converged"": true, ""final_update_norm"": 5.260615450232994e-06, ""fit_tolerance"": 1e-05, ""hit_round_cap"": false}",,23,23,23.0,23.0,5.390625,0.0,0.5390625,2.028168629407392,-5.239140576842397,24.18464195404983,9.956876900249119,-5.54595840724435,-0.8163325878098375,-7.768959937440664,-0.24436055884644883,20.76891467531627,6.370333775485904,5.9296875
73,20260984,FedAvg-ST,1,6,4,4,0.8,0.6666666666666666,3429.1046045900894,3632.9099391165387,1817.2369947672337,860,True,2.696541233481426,2.696541233481426,0,"{""fit_converged"": true, ""final_update_norm"": 5.260615450232994e-06, ""fit_tolerance"": 1e-05, ""hit_round_cap"": false}",5.500622061129317,23,23,23.0,23.0,5.390625,2.8125,0.5390625,0.0,-0.0,18.684019892920514,4.4562548391198025,-0.045336346115033344,-0.0,-2.2683378763113478,-0.0,15.268292614186954,0.8697117143565878,8.7421875
73,20260984,FedAvg-P,1,7,3,4,0.7272727272727273,0.5714285714285714,2895.4810237292595,3333.8718794302504,1711.2405233229354,862,True,2.696541233481426,2.696541233481426,0,"{""selected_candidate"": 0, ""candidate_rounds"": [20, 20, 21, 23, 23], ""candidate_diagnostics"": [{""fit_converged"": true, ""final_update_norm"": 8.175878055771994e-06, ""fit_tolerance"": 1e-05, ""hit_round_cap"": false}, {""fit_converged"": true, ""final_update_norm"": 9.362194051777911e-06, ""fit_tolerance"": 1e-05, ""hit_round_cap"": false}, {""fit_converged"": true, ""final_update_norm"": 4.205746113777745e-06, ""fit_tolerance"": 1e-05, ""hit_round_cap"": false}, {""fit_converged"": true, ""final_update_norm"": 9.351431198022284e-06, ""fit_tolerance"": 1e-05, ""hit_round_cap"": false}, {""fit_converged"": true, ""final_update_norm"": 7.716697994407822e-06, ""fit_tolerance"": 1e-05, ""hit_round_cap"": false}]}",2.696541233481426,20,107,20.0,107.0,25.078125,0.3515625,0.5390625,0.0,-1.5785414492770542,24.517938965851393,8.017038521637451,-1.0931624213556832,-0.0,-6.228284274090454,0.0,17.177081222252678,1.1170245183376335,25.96875
73,20260984,FedAvg,3,10,0,4,0.5714285714285714,0.4,2706.049470373972,3340.34129034333,1700.2837918591051,1023,True,2.696541233481426,2.696541233481426,0,"{""fit_converged"": true, ""final_update_norm"": 3.910678780930368e-06, ""fit_tolerance"": 1e-05, ""hit_round_cap"": false}",,11,11,33.0,33.0,2.578125,0.0,0.5390625,2.9699867894097056,-5.534310059105836,23.372868217470096,9.894966416605708,-2.10324125717365,-1.4962533288034676,-8.790336765302627,-0.8044795812769652,18.938999294046823,6.434378486407395,3.1171875
73,20260984,FedAvg-ST,3,6,4,4,0.8,0.6666666666666666,3511.0206397427296,3722.5866687576163,1836.3874986479486,846,True,2.696541233481426,2.696541233481426,0,"{""fit_converged"": true, ""final_update_norm"": 3.910678780930368e-06, ""fit_tolerance"": 1e-05, ""hit_round_cap"": false}",5.500622061129317,11,11,33.0,33.0,2.578125,2.8125,0.5390625,0.0,-0.03368799797651967,17.87224615634078,4.394344355476392,-0.0,-0.0,-3.28971470417331,-0.0,13.438377232917507,0.9337564252780783,5.9296875
73,20260984,FedAvg-P,3,7,3,4,0.7272727272727273,0.5714285714285714,2986.70210295031,3397.111109912245,1724.7195515538842,847,True,2.696541233481426,2.696541233481426,0,"{""selected_candidate"": 0, ""candidate_rounds"": [8, 9, 14, 13, 12], ""candidate_diagnostics"": [{""fit_converged"": true, ""final_update_norm"": 4.308718299355145e-06, ""fit_tolerance"": 1e-05, ""hit_round_cap"": false}, {""fit_converged"": true, ""final_update_norm"": 3.411014027853936e-06, ""fit_tolerance"": 1e-05, ""hit_round_cap"": false}, {""fit_converged"": true, ""final_update_norm"": 4.1011581235871425e-06, ""fit_tolerance"": 1e-05, ""hit_round_cap"": false}, {""fit_converged"": true, ""final_update_norm"": 4.288420683926928e-06, ""fit_tolerance"": 1e-05, ""hit_round_cap"": false}, {""fit_converged"": true, ""final_update_norm"": 6.8931143612750824e-06, ""fit_tolerance"": 1e-05, ""hit_round_cap"": false}]}",2.696541233481426,8,56,24.0,168.0,13.125,0.3515625,0.5390625,0.11371026123840133,-2.8355807146933145,20.61041448027904,7.3836282998278495,-0.0,-0.0,-5.742522546512092,-0.0,16.57995496558272,3.534623189500808,14.015625
73,20260984,FedAvg,20,10,0,4,0.5714285714285714,0.4,2729.938175156476,3334.494664857199,1708.7791197404026,1023,True,2.696541233481426,2.696541233481426,0,"{""fit_converged"": true, ""final_update_norm"": 2.4899872495639225e-06, ""fit_tolerance"": 1e-05, ""hit_round_cap"": false}",,10,10,200.0,200.0,2.34375,0.0,0.5390625,2.8252641251997894,-5.701877714748765,22.923897105811385,9.883028776711255,-0.3284068160351223,-0.7156427978836084,-11.313781889746592,-3.4338795355421143,18.482357946374687,6.3383736887854,2.8828125
73,20260984,FedAvg-ST,20,6,4,4,0.8,0.6666666666666666,3471.1922585616203,3695.7089944662803,1827.045132844546,846,True,2.696541233481426,2.696541233481426,0,"{""fit_converged"": true, ""final_update_norm"": 2.4899872495639225e-06, ""fit_tolerance"": 1e-05, ""hit_round_cap"": false}",5.500622061129317,10,10,200.0,200.0,2.34375,2.8125,0.5390625,0.0,-0.20125565361944808,17.423275044682068,4.382406715581938,-0.0,-0.0,-5.813159828617275,-0.0,12.98173588524537,0.8377516276560835,5.6953125
73,20260984,FedAvg-P,20,8,2,4,0.6666666666666666,0.5,2972.1736796283576,3406.854464616804,1723.7586998529096,975,True,2.696541233481426,2.696541233481426,0,"{""selected_candidate"": 0, ""candidate_rounds"": [6, 6, 6, 10, 10], ""candidate_diagnostics"": [{""fit_converged"": true, ""final_update_norm"": 8.128071961202356e-07, ""fit_tolerance"": 1e-05, ""hit_round_cap"": false}, {""fit_converged"": true, ""final_update_norm"": 2.0697320549942696e-06, ""fit_tolerance"": 1e-05, ""hit_round_cap"": false}, {""fit_converged"": true, ""final_update_norm"": 3.926688857176591e-06, ""fit_tolerance"": 1e-05, ""hit_round_cap"": false}, {""fit_converged"": true, ""final_update_norm"": 4.194179846424061e-06, ""fit_tolerance"": 1e-05, ""hit_round_cap"": false}, {""fit_converged"": true, ""final_update_norm"": 3.335938910382426e-06, ""fit_tolerance"": 1e-05, ""hit_round_cap"": false}]}",2.696541233481426,6,38,120.0,760.0,8.90625,0.3515625,0.5390625,0.13283193492470868,-2.9930119636874473,20.24126987388322,7.19554837066817,-0.0,-0.0,-8.385630953596479,-0.5940707852339395,15.896863638540694,3.631266903271822,9.796875
74,20260985,Pooled,0,10,0,4,0.5714285714285714,0.4,2856.950333268816,2859.097011926088,2594.7911339553593,1023,True,6.18538594648641,0.04607707248275568,0,{},,0,0,,,0.0,0.0,0.5390625,-2.480071494980202,-12.150489234914648,26.11047358700519,15.961135955480145,-38.761289039660916,24.636882075760894,9.028270253051353,15.089221884888074,34.685020939466064,4.749189334981473,0.5390625
74,20260985,Pooled-1SE,0,4,6,4,1.0,1.0,3002.114098468981,3189.3063274846345,2037.0101673103557,332,True,6.18538594648641,14.003722592010158,0,{},,0,0,,,0.0,0.0,0.5390625,0.0,-0.0,23.05813459663605,3.9301318800402107,0.0,0.0,-1.0679453326230335,0.0,18.24606384512214,0.0,0.5390625
74,20260985,Largest-site,0,5,5,4,0.8888888888888888,0.8,2844.036260115216,2899.5824604592103,1984.8687419945672,334,True,6.18538594648641,7.0544401822564105,0,{},,0,0,,,0.0,0.0,0.5390625,-0.0,-0.8075478275671327,27.853500887252522,13.303789246211682,-0.0,-0.0,-5.885208805945913,0.0,19.30158316300952,0.0,0.5390625
74,20260985,Largest-site-1SE,0,3,7,4,0.8571428571428571,0.75,2996.796311918502,3195.389477292513,2040.8941291524638,268,True,6.18538594648641,18.291766914744006,0,{},,0,0,,,0.0,0.0,0.5390625,0.0,-0.0,24.983289140298595,7.209823469572608,0.0,0.0,-0.0,0.0,14.843206241801317,0.0,0.5390625
74,20260985,One-shot,0,7,3,4,0.7272727272727273,0.5714285714285714,2846.9964700072624,2904.6000407333067,1978.1840946448629,974,True,6.18538594648641,6.18538594648641,0,{},,1,1,,,0.234375,0.0,0.5390625,0.0,-1.818317427040112,24.44365883167874,9.07781369120071,0.0,0.0,-6.209313961289125,1.5151222458006703,19.332066836010213,3.2395673284860624,0.7734375
74,20260985,ADMM,0,7,3,4,0.7272727272727273,0.5714285714285714,2835.5542242577394,2917.2667039036487,1974.2838870826808,974,True,6.18538594648641,6.18538594648641,0,{},,243,243,,,56.953125,0.0,0.5390625,-0.0,-0.7874412700163065,26.166980456175157,8.965332718363607,0.0,0.0,-5.885598945188265,0.5923419551803075,20.635098642063074,0.5317657002813454,57.4921875
74,20260985,FedAvg,1,9,1,4,0.6153846153846154,0.4444444444444444,2864.025462382536,2936.7514181785946,1982.9846244459404,1022,True,6.18538594648641,6.18538594648641,0,"{""fit_converged"": true, ""final_update_norm"": 5.159855727348317e-06, ""fit_tolerance"": 1e-05, ""hit_round_cap"": false}",,18,18,18.0,18.0,4.21875,0.0,0.5390625,0.0,-1.9709745617267482,25.185367938111177,8.047771176642483,0.263233467031694,0.6401695278434807,-5.596490339244672,1.1730386126199965,19.38540459252157,2.808666932726486,4.7578125
74,20260985,FedAvg-ST,1,4,6,4,1.0,1.0,3102.439317949258,3309.4173585416875,2080.5864494639773,332,True,6.18538594648641,6.18538594648641,0,"{""fit_converged"": true, ""final_update_norm"": 5.159855727348317e-06, ""fit_tolerance"": 1e-05, ""hit_round_cap"": false}",4.11400641420375,18,18,18.0,18.0,4.21875,2.8125,0.5390625,0.0,-0.0,21.071361523907427,3.9337647624387326,0.0,0.0,-1.4824839250409214,0.0,15.27139817831782,0.0,7.5703125
74,20260985,FedAvg-P,1,4,6,4,1.0,1.0,2934.960257261299,3125.2182726253805,2015.8594451927213,332,True,6.18538594648641,6.18538594648641,0,"{""selected_candidate"": 1, ""candidate_rounds"": [17, 16, 15, 16, 17], ""candidate_diagnostics"": [{""fit_converged"": true, ""final_update_norm"": 4.5465238001967865e-06, ""fit_tolerance"": 1e-05, ""hit_round_cap"": false}, {""fit_converged"": true, ""final_update_norm"": 6.417698866940871e-06, ""fit_tolerance"": 1e-05, ""hit_round_cap"": false}, {""fit_converged"": true, ""final_update_norm"": 9.901767659614618e-06, ""fit_tolerance"": 1e-05, ""hit_round_cap"": false}, {""fit_converged"": true, ""final_update_norm"": 8.8587354127357e-06, ""fit_tolerance"": 1e-05, ""hit_round_cap"": false}, {""fit_converged"": true, ""final_update_norm"": 7.131464432468926e-06, ""fit_tolerance"": 1e-05, ""hit_round_cap"": false}]}",3.092692973243205,16,81,16.0,81.0,18.984375,0.3515625,0.5390625,0.0,-0.0,26.74663741074151,6.7149338243391785,0.0,0.0,-4.754343016794474,0.0,13.311130677668222,0.0,19.875
74,20260985,FedAvg,3,7,3,4,0.7272727272727273,0.5714285714285714,2848.062023056707,2906.949665208708,1977.8312657435902,974,True,6.18538594648641,6.18538594648641,0,"{""fit_converged"": true, ""final_update_norm"": 1.3070811405245196e-06, ""fit_tolerance"": 1e-05, ""hit_round_cap"": false}",,7,7,21.0,21.0,1.640625,0.0,0.5390625,0.0,-1.693198490559887,24.771974735757652,9.04777938027869,0.0,0.0,-6.170559461176053,1.430259451444615,19.237754331489423,3.214931959211703,2.1796875
74,20260985,FedAvg-ST,3,4,6,4,1.0,1.0,3078.1095828927305,3271.856236070288,2072.4531867704645,332,True,6.18538594648641,6.18538594648641,0,"{""fit_converged"": true, ""final_update_norm"": 1.3070811405245196e-06, ""fit_tolerance"": 1e-05, ""hit_round_cap"": false}",4.11400641420375,7,7,21.0,21.0,1.640625,2.8125,0.5390625,0.0,-0.0,20.657968321553902,4.93377296607494,0.0,0.0,-2.0565530469723026,0.0,15.123747917285673,0.0,4.9921875
74,20260985,FedAvg-P,3,5,5,4,0.8888888888888888,0.8,2984.945247836975,3148.5767874738676,2034.8883588844774,844,True,6.18538594648641,6.18538594648641,0,"{""selected_candidate"": 1, ""candidate_rounds"": [6, 6, 6, 7, 7], ""candidate_diagnostics"": [{""fit_converged"": true, ""final_update_norm"": 2.4669002609350394e-06, ""fit_tolerance"": 1e-05, ""hit_round_cap"": false}, {""fit_converged"": true, ""final_update_norm"": 7.070158989028821e-06, ""fit_tolerance"": 1e-05, ""hit_round_cap"": false}, {""fit_converged"": true, ""final_update_norm"": 5.41492768953041e-06, ""fit_tolerance"": 1e-05, ""hit_round_cap"": false}, {""fit_converged"": true, ""final_update_norm"": 1.0596389944064244e-06, ""fit_tolerance"": 1e-05, ""hit_round_cap"": false}, {""fit_converged"": true, ""final_update_norm"": 1.2286914706294024e-06, ""fit_tolerance"": 1e-05, ""hit_round_cap"": false}]}",3.092692973243205,6,32,18.0,96.0,7.5,0.3515625,0.5390625,0.0,-0.0,21.505346077806696,6.219641107756608,0.0,0.0,-3.36763099503222,0.0,16.037829440009947,0.05775715945721238,8.390625
74,20260985,FedAvg,20,7,3,4,0.7272727272727273,0.5714285714285714,2846.996469903826,2904.6000406378953,1978.1840946410707,974,True,6.18538594648641,6.18538594648641,0,"{""fit_converged"": true, ""final_update_norm"": 4.3011041402685857e-07, ""fit_tolerance"": 1e-05, ""hit_round_cap"": false}",,2,2,40.0,40.0,0.46875,0.0,0.5390625,0.0,-1.8183174290795157,24.44365886799009,9.077813715333214,0.0,0.0,-6.209313992154781,1.5151222453967867,19.33206679029303,3.239567329737565,1.0078125
74,20260985,FedAvg-ST,20,4,6,4,1.0,1.0,3082.2057675368696,3273.759053823596,2074.383431897413,332,True,6.18538594648641,6.18538594648641,0,"{""fit_converged"": true, ""final_update_norm"": 4.3011041402685857e-07, ""fit_tolerance"": 1e-05, ""hit_round_cap"": false}",4.11400641420375,2,2,40.0,40.0,0.46875,2.8125,0.5390625,0.0,-0.0,20.32965245378634,4.963807301129464,0.0,0.0,-2.095307577951031,0.0,15.21806037608928,0.0,3.8203125
74,20260985,FedAvg-P,20,5,5,4,0.8888888888888888,0.8,2991.6589648533213,3156.4179971302847,2037.180777041618,844,True,6.18538594648641,6.18538594648641,0,"{""selected_candidate"": 1, ""candidate_rounds"": [2, 2, 2, 2, 2], ""candidate_diagnostics"": [{""fit_converged"": true, ""final_update_norm"": 1.437602738146076e-07, ""fit_tolerance"": 1e-05, ""hit_round_cap"": false}, {""fit_converged"": true, ""final_update_norm"": 2.4050791390896225e-07, ""fit_tolerance"": 1e-05, ""hit_round_cap"": false}, {""fit_converged"": true, ""final_update_norm"": 3.530286914794176e-07, ""fit_tolerance"": 1e-05, ""hit_round_cap"": false}, {""fit_converged"": true, ""final_update_norm"": 3.9275426161067403e-07, ""fit_tolerance"": 1e-05, ""hit_round_cap"": false}, {""fit_converged"": true, ""final_update_norm"": 4.113881629774649e-07, ""fit_tolerance"": 1e-05, ""hit_round_cap"": false}]}",3.092692973243205,2,10,40.0,200.0,2.34375,0.3515625,0.5390625,0.0,-0.0,21.350965805943282,5.985120766507126,0.0,0.0,-3.1166210587738665,0.0,16.239373848145206,0.14687435417496442,3.234375
75,20260986,Pooled,0,10,0,4,0.5714285714285714,0.4,2739.606864247476,2964.4420253583985,1593.102403619247,1023,True,0.8291140678778979,0.04954142921696471,0,{},,0,0,,,0.0,0.0,0.5390625,-2.488984802875696,-7.250652952514786,31.04372094244917,10.564711416457236,-28.117241809484558,13.025675049247605,0.4873474261436959,3.85192021602702,33.928476715881814,3.0611058391295773,0.5390625
75,20260986,Pooled-1SE,0,4,6,4,1.0,1.0,3211.469142041458,3269.8927037695576,1679.5020197544304,332,True,0.8291140678778979,9.350408836098396,0,{},,0,0,,,0.0,0.0,0.5390625,0.0,-0.0,29.07254934880459,1.5506558512972588,-0.0,-0.0,-3.2698604481134703,0.0,20.02438461123408,0.0,0.5390625
75,20260986,Largest-site,0,10,0,4,0.5714285714285714,0.4,3103.499316900641,3248.0104034560645,1783.0898561122683,1023,True,0.8291140678778979,0.05126727560562589,0,{},,0,0,,,0.0,0.0,0.5390625,-5.865939055055138,-5.156621198867067,39.424801218150236,6.6787870381369085,-71.91585734114966,46.03788956869486,23.996306818258567,4.267194700770425,60.05338931190449,1.835608923151245,0.5390625
75,20260986,Largest-site-1SE,0,2,8,4,0.6666666666666666,0.5,3797.8161878941696,3746.4649765110807,1922.3774990010184,260,True,0.8291140678778979,19.771842203807275,0,{},,0,0,,,0.0,0.0,0.5390625,0.0,0.0,28.49204803813598,0.0,-0.0,-0.0,-0.0,0.0,8.631527722898447,0.0,0.5390625
75,20260986,One-shot,0,10,0,4,0.5714285714285714,0.4,2830.750207575953,2945.2553879354755,1627.9361995995853,1023,True,0.8291140678778979,0.8291140678778979,0,{},,1,1,,,0.234375,0.0,0.5390625,-2.172182543629046,-5.6552090716862615,31.847533637524876,11.673859073085241,-41.65342297495023,24.384253116871324,7.545975607143958,3.3390053762762353,40.05950793529293,0.31859316156201845,0.7734375
75,20260986,ADMM,0,8,2,4,0.6666666666666666,0.5,2778.4224250320717,3011.027334893938,1567.9909521217792,863,True,0.8291140678778979,0.8291140678778979,0,{},,282,282,,,66.09375,0.0,0.5390625,-1.43648447067848,-5.503521119258199,31.35562472280376,8.991517066319894,-9.46076986485494,-0.0,-6.992366183916846,0.0,27.15609458055262,2.465972547453153,66.6328125
75,20260986,FedAvg,1,10,0,4,0.5714285714285714,0.4,2866.9029245917977,3013.2610166616164,1575.618028495195,1023,True,0.8291140678778979,0.8291140678778979,0,"{""fit_converged"": true, ""final_update_norm"": 8.684862801615193e-06, ""fit_tolerance"": 1e-05, ""hit_round_cap"": false}",,50,50,50.0,50.0,11.71875,0.0,0.5390625,-1.0886852918374137,-4.488864809716588,31.96632114473796,9.457714793977578,-14.534928123125578,1.4025405364799548,-2.460286985048103,0.7096439156583794,30.508378828360907,1.5178506406513752,12.2578125
75,20260986,FedAvg-ST,1,5,5,4,0.6666666666666666,0.5,3204.6771667665803,3201.841811023146,1634.041017386053,286,True,0.8291140678778979,0.8291140678778979,0,"{""fit_converged"": true, ""final_update_norm"": 8.684862801615193e-06, ""fit_tolerance"": 1e-05, ""hit_round_cap"": false}",4.145570339389489,50,50,50.0,50.0,11.71875,2.8125,0.5390625,-0.0,-0.34329447032709925,27.82075080534847,5.312144454588089,-10.389357783736088,0.0,-0.0,0.0,26.362808488971417,0.0,15.0703125
75,20260986,FedAvg-P,1,6,4,4,0.8,0.6666666666666666,2941.46241955881,3042.925798049712,1577.791003986344,350,True,0.8291140678778979,0.8291140678778979,0,"{""selected_candidate"": 0, ""candidate_rounds"": [22, 25, 49, 42, 50], ""candidate_diagnostics"": [{""fit_converged"": true, ""final_update_norm"": 6.180489091038066e-06, ""fit_tolerance"": 1e-05, ""hit_round_cap"": false}, {""fit_converged"": true, ""final_update_norm"": 9.091843210900383e-06, ""fit_tolerance"": 1e-05, ""hit_round_cap"": false}, {""fit_converged"": true, ""final_update_norm"": 7.781984853909893e-06, ""fit_tolerance"": 1e-05, ""hit_round_cap"": false}, {""fit_converged"": true, ""final_update_norm"": 8.174498949999937e-06, ""fit_tolerance"": 1e-05, ""hit_round_cap"": false}, {""fit_converged"": true, ""final_update_norm"": 8.736755267031366e-06, ""fit_tolerance"": 1e-05, ""hit_round_cap"": false}]}",0.8291140678778979,22,188,22.0,188.0,44.0625,0.3515625,0.5390625,-0.0,-2.5408462677401022,32.71593841915145,8.431900327457896,-10.915787324749154,0.0,-2.7718171019067572,0.0,28.301611836572786,0.0,44.953125
75,20260986,FedAvg,3,10,0,4,0.5714285714285714,0.4,2813.5227683913417,2982.381988908774,1575.990731687745,1023,True,0.8291140678778979,0.8291140678778979,0,"{""fit_converged"": true, ""final_update_norm"": 9.82177518196974e-06, ""fit_tolerance"": 1e-05, ""hit_round_cap"": false}",,40,40,120.0,120.0,9.375,0.0,0.5390625,-1.64005092520487,-5.621424222848527,32.145874652350656,10.612827858308954,-14.994869994188392,3.178541131327893,-3.2257036537131047,0.4808293267601194,30.238300669108988,0.9076165308076879,9.9140625
75,20260986,FedAvg-ST,3,5,5,4,0.6666666666666666,0.5,3166.1391921362547,3170.1305676197044,1628.8565263213404,286,True,0.8291140678778979,0.8291140678778979,0,"{""fit_converged"": true, ""final_update_norm"": 9.82177518196974e-06, ""fit_tolerance"": 1e-05, ""hit_round_cap"": false}",4.145570339389489,40,40,120.0,120.0,9.375,2.8125,0.5390625,-0.0,-1.4758538834590382,28.000304312961166,6.467257518919465,-10.849299654798902,0.0,-0.0,0.0,26.092730329719497,0.0,12.7265625
75,20260986,FedAvg-P,3,8,2,4,0.6666666666666666,0.5,2886.954659958596,2998.3789234141977,1576.2033963637673,383,True,0.8291140678778979,0.8291140678778979,0,"{""selected_candidate"": 0, ""candidate_rounds"": [35, 32, 39, 40, 40], ""candidate_diagnostics"": [{""fit_converged"": true, ""final_update_norm"": 8.84072636505216e-06, ""fit_tolerance"": 1e-05, ""hit_round_cap"": false}, {""fit_converged"": true, ""final_update_norm"": 7.705877056831065e-06, ""fit_tolerance"": 1e-05, ""hit_round_cap"": false}, {""fit_converged"": true, ""final_update_norm"": 8.188327847437258e-06, ""fit_tolerance"": 1e-05, ""hit_round_cap"": false}, {""fit_converged"": true, ""final_update_norm"": 8.091127680108051e-06, ""fit_tolerance"": 1e-05, ""hit_round_cap"": false}, {""fit_converged"": true, ""final_update_norm"": 9.056126014555113e-06, ""fit_tolerance"": 1e-05, ""hit_round_cap"": false}]}",0.8291140678778979,35,186,105.0,558.0,43.59375,0.3515625,0.5390625,-0.8742176982343983,-4.721006693009325,31.56823752599365,9.880595849238048,-12.050189654835055,0.845194608983109,-3.3389865188703576,0.0,28.62124755555134,0.0,44.484375
75,20260986,FedAvg,20,10,0,4,0.5714285714285714,0.4,2812.7781321405487,2977.763332391842,1584.0133596330816,1023,True,0.8291140678778979,0.8291140678778979,0,"{""fit_converged"": true, ""final_update_norm"": 5.774642593575514e-06, ""fit_tolerance"": 1e-05, ""hit_round_cap"": false}",,22,22,440.0,440.0,5.15625,0.0,0.5390625,-1.9807455946119195,-5.568731640240717,32.24454845595788,11.326787619578305,-20.636517605556808,7.768949519559199,-1.3346935101559816,0.8240267401673536,32.0271232595552,0.539751522846033,5.6953125
75,20260986,FedAvg-ST,20,6,4,4,0.6,0.42857142857142855,3139.808147819778,3146.3637805858684,1622.7482473439236,318,True,0.8291140678778979,0.8291140678778979,0,"{""fit_converged"": true, ""final_update_norm"": 5.774642593575514e-06, ""fit_tolerance"": 1e-05, ""hit_round_cap"": false}",4.145570339389489,22,22,440.0,440.0,5.15625,2.8125,0.5390625,-0.0,-1.4231613008512278,28.098978116568393,7.181217280188815,-16.490947266167318,3.62337918016971,-0.0,0.0,27.881552920165706,0.0,8.5078125
75,20260986,FedAvg-P,20,8,2,4,0.6666666666666666,0.5,2897.125663126813,3001.219147701936,1585.6629885212903,383,True,0.8291140678778979,0.8291140678778979,0,"{""selected_candidate"": 0, ""candidate_rounds"": [21, 22, 20, 22, 22], ""candidate_diagnostics"": [{""fit_converged"": true, ""final_update_norm"": 7.583406955091239e-06, ""fit_tolerance"": 1e-05, ""hit_round_cap"": false}, {""fit_converged"": true, ""final_update_norm"": 6.326003957158409e-06, ""fit_tolerance"": 1e-05, ""hit_round_cap"": false}, {""fit_converged"": true, ""final_update_norm"": 7.042430457057987e-06, ""fit_tolerance"": 1e-05, ""hit_round_cap"": false}, {""fit_converged"": true, ""final_update_norm"": 6.193505843206441e-06, ""fit_tolerance"": 1e-05, ""hit_round_cap"": false}, {""fit_converged"": true, ""final_update_norm"": 6.5645972234822984e-06, ""fit_tolerance"": 1e-05, ""hit_round_cap"": false}]}",0.8291140678778979,21,107,420.0,2140.0,25.078125,0.3515625,0.5390625,-1.1360354755503514,-4.742620817441663,31.438686571597575,10.474914116117501,-18.58604402662736,5.952028746342173,-0.9926061684060505,0.0,30.719802407718948,0.0,25.96875
76,20260987,Pooled,0,10,0,3,0.46153846153846156,0.3,3193.432368807929,2760.4304594619607,1583.069740328013,1023,True,0.9875367219911737,0.04878260568737714,0,{},,0,0,,,0.0,0.0,0.5390625,2.6162224460989743,-9.431828092387681,31.220984837216584,14.194409504118633,-18.8130591237555,14.790399319838592,-8.367584482155035,-7.651593817646748,29.88236996701583,3.2221957332657625,0.5390625
76,20260987,Pooled-1SE,0,3,7,3,1.0,1.0,3535.923900386551,3046.3228998310724,1756.1179151238393,268,True,0.9875367219911737,14.825986994228217,0,{},,0,0,,,0.0,0.0,0.5390625,0.0,-0.0,25.58119211054106,5.183409979943088,0.0,0.0,-0.0,0.0,15.08817438937463,0.0,0.5390625
76,20260987,Largest-site,0,9,1,3,0.5,0.3333333333333333,3289.9361050523567,2896.182476540428,1575.2681737041116,1007,True,0.9875367219911737,0.3921028699056126,0,{},,0,0,,,0.0,0.0,0.5390625,0.5164208102523772,-6.935620177297465,34.109272425476625,10.544900855124116,0.0,0.13401626115445425,-19.986315277981454,-14.017606089450423,22.236500465930558,2.8063703643938327,0.5390625
76,20260987,Largest-site-1SE,0,4,6,3,0.8571428571428571,0.75,3383.8582609541877,3114.048991853727,1704.2904230576332,332,True,0.9875367219911737,13.967676210871174,0,{},,0,0,,,0.0,0.0,0.5390625,0.0,-0.0,30.190926815494453,2.8111612000151758,-0.0,-0.0,-1.3894812512337686,0.0,16.328963901323586,0.0,0.5390625
76,20260987,One-shot,0,10,0,3,0.46153846153846156,0.3,3097.210912461394,2795.4861882967525,1563.860307534445,1023,True,0.9875367219911737,0.9875367219911737,0,{},,1,1,,,0.234375,0.0,0.5390625,1.881484510558539,-8.03260631633887,31.664307599461996,12.377268308781188,-12.349192810217453,7.983940770140045,-7.191538902212813,-2.7547678391033603,25.037106966599232,3.299850554853904,0.7734375
76,20260987,ADMM,0,9,1,3,0.5,0.3333333333333333,3063.7073505110484,2769.057782326505,1549.4629813517497,991,True,0.9875367219911737,0.9875367219911737,0,{},,724,724,,,169.6875,0.0,0.5390625,1.7682182609355939,-7.961444286512894,30.964710969470808,13.89700327176477,-3.5723817118288377,-0.0,-9.182061677034149,-0.3243476060888696,20.894261929674766,2.461790884000389,170.2265625
76,20260987,FedAvg,1,10,0,3,0.46153846153846156,0.3,3068.4860823111558,2805.131801713301,1550.888509779587,1023,True,0.9875367219911737,0.9875367219911737,0,"{""fit_converged"": true, ""final_update_norm"": 9.875869045869223e-06, ""fit_tolerance"": 1e-05, ""hit_round_cap"": false}",,22,22,22.0,22.0,5.15625,0.0,0.5390625,2.174415557111688,-8.128290763360333,30.974674569769654,12.865453097480206,-2.366797341125599,0.24227146605899758,-11.661123380652784,-1.9966809982048817,20.65961267528576,2.292554541366618,5.6953125
76,20260987,FedAvg-ST,1,5,5,3,0.75,0.6,3185.8402894737683,2922.2022723953114,1645.5046948797649,334,True,0.9875367219911737,0.9875367219911737,0,"{""fit_converged"": true, ""final_update_norm"": 9.875869045869223e-06, ""fit_tolerance"": 1e-05, ""hit_round_cap"": false}",4.937683609955869,22,22,22.0,22.0,5.15625,2.8125,0.5390625,0.0,-3.190607153404464,26.036990959813785,7.927769487524337,-0.0,0.0,-6.723439770696915,-0.0,15.721929065329892,0.0,8.5078125
76,20260987,FedAvg-P,1,8,2,3,0.5454545454545454,0.375,3056.9871583693393,2839.5827649760067,1555.4601372450047,863,True,0.9875367219911737,0.9875367219911737,0,"{""selected_candidate"": 0, ""candidate_rounds"": [22, 25, 28, 24, 23], ""candidate_diagnostics"": [{""fit_converged"": true, ""final_update_norm"": 6.320888404439606e-06, ""fit_tolerance"": 1e-05, ""hit_round_cap"": false}, {""fit_converged"": true, ""final_update_norm"": 7.965674308250573e-06, ""fit_tolerance"": 1e-05, ""hit_round_cap"": false}, {""fit_converged"": true, ""final_update_norm"": 6.958963201793405e-06, ""fit_tolerance"": 1e-05, ""hit_round_cap"": false}, {""fit_converged"": true, ""final_update_norm"": 5.774437060886357e-06, ""fit_tolerance"": 1e-05, ""hit_round_cap"": false}, {""fit_converged"": true, ""final_update_norm"": 8.223447788722745e-06, ""fit_tolerance"": 1e-05, ""hit_round_cap"": false}]}",0.9875367219911737,22,122,22.0,122.0,28.59375,0.3515625,0.5390625,1.4740881601987914,-6.06101737939655,31.146132998785593,11.884636770541793,-1.9351638462584588,0.0,-9.051906157193644,-0.0,19.844651435612246,0.6048845351270369,29.484375
76,20260987,FedAvg,3,10,0,3,0.46153846153846156,0.3,3091.2163001813683,2808.3818358289645,1551.5057100967108,1023,True,0.9875367219911737,0.9875367219911737,0,"{""fit_converged"": true, ""final_update_norm"": 5.056058465495514e-06, ""fit_tolerance"": 1e-05, ""hit_round_cap"": false}",,16,16,48.0,48.0,3.75,0.0,0.5390625,2.146623509119586,-8.18872089500538,31.326405761155694,12.120223388637466,-2.041178481151662,0.15929893182274635,-12.055529780323457,-3.412565023156943,21.050499393097233,2.9029046473482127,4.2890625
76,20260987,FedAvg-ST,3,5,5,3,0.75,0.6,3167.3741478446523,2931.7192551442777,1643.4967156429875,334,True,0.9875367219911737,0.9875367219911737,0,"{""fit_converged"": true, ""final_update_norm"": 5.056058465495514e-06, ""fit_tolerance"": 1e-05, ""hit_round_cap"": false}",4.937683609955869,16,16,48.0,48.0,3.75,2.8125,0.5390625,0.0,-3.2510372850495113,26.388722151199826,7.182539778681598,-0.0,0.0,-7.117846170367589,-0.0,16.112815783141365,0.0,7.1015625
76,20260987,FedAvg-P,3,9,1,3,0.5,0.3333333333333333,3057.2146319329518,2802.757017762951,1555.6427444843102,991,True,0.9875367219911737,0.9875367219911737,0,"{""selected_candidate"": 0, ""candidate_rounds"": [17, 18, 18, 14, 15], ""candidate_diagnostics"": [{""fit_converged"": true, ""final_update_norm"": 5.979175128004981e-06, ""fit_tolerance"": 1e-05, ""hit_round_cap"": false}, {""fit_converged"": true, ""final_update_norm"": 5.28818120675806e-06, ""fit_tolerance"": 1e-05, ""hit_round_cap"": false}, {""fit_converged"": true, ""final_update_norm"": 6.2688814602204855e-06, ""fit_tolerance"": 1e-05, ""hit_round_cap"": false}, {""fit_converged"": true, ""final_update_norm"": 8.817471234983101e-06, ""fit_tolerance"": 1e-05, ""hit_round_cap"": false}, {""fit_converged"": true, ""final_update_norm"": 7.908205581437302e-06, ""fit_tolerance"": 1e-05, ""hit_round_cap"": false}]}",0.9875367219911737,17,82,51.0,246.0,19.21875,0.3515625,0.5390625,1.1041401354890448,-7.124299669778321,30.50292517229817,11.18467231275907,-1.6431247953299069,0.0,-10.167796069323941,-1.550756853329143,20.11808723661058,1.8564982612255128,20.109375
76,20260987,FedAvg,20,10,0,3,0.46153846153846156,0.3,3096.923273242504,2818.203802817515,1554.6787100229149,1023,True,0.9875367219911737,0.9875367219911737,0,"{""fit_converged"": true, ""final_update_norm"": 3.4791895762424818e-06, ""fit_tolerance"": 1e-05, ""hit_round_cap"": false}",,9,9,180.0,180.0,2.109375,0.0,0.5390625,1.8113521733841473,-7.820462697027186,31.654654110938377,12.208903140635641,-4.6777568840143795,2.156422485404868,-10.82501488147484,-3.5895583899613692,21.77522859850744,3.3227715275233907,2.6484375
76,20260987,FedAvg-ST,20,5,5,3,0.75,0.6,3188.528531306413,2916.9667259987336,1640.815354632049,334,True,0.9875367219911737,0.9875367219911737,0,"{""fit_converged"": true, ""final_update_norm"": 3.4791895762424818e-06, ""fit_tolerance"": 1e-05, ""hit_round_cap"": false}",4.937683609955869,9,9,180.0,180.0,2.109375,2.8125,0.5390625,0.0,-2.8827790870713175,26.71697050098251,7.2712195306797724,-0.0,0.0,-5.8873312715189705,-0.0,16.83754498855157,0.0,5.4609375
76,20260987,FedAvg-P,20,10,0,3,0.46153846153846156,0.3,3078.46261716669,2788.3533305753826,1557.9673227028843,1023,True,0.9875367219911737,0.9875367219911737,0,"{""selected_candidate"": 0, ""candidate_rounds"": [13, 13, 10, 10, 9], ""candidate_diagnostics"": [{""fit_converged"": true, ""final_update_norm"": 6.692787885375374e-06, ""fit_tolerance"": 1e-05, ""hit_round_cap"": false}, {""fit_converged"": true, ""final_update_norm"": 4.137231640376044e-06, ""fit_tolerance"": 1e-05, ""hit_round_cap"": false}, {""fit_converged"": true, ""final_update_norm"": 6.671436968768714e-06, ""fit_tolerance"": 1e-05, ""hit_round_cap"": false}, {""fit_converged"": true, ""final_update_norm"": 9.588882589665957e-06, ""fit_tolerance"": 1e-05, ""hit_round_cap"": false}, {""fit_converged"": true, ""final_update_norm"": 9.208534266949087e-06, ""fit_tolerance"": 1e-05, ""hit_round_cap"": false}]}",0.9875367219911737,13,55,260.0,1100.0,12.890625,0.3515625,0.5390625,0.8209780648033298,-6.838811207301189,30.65568391981389,11.220615358527402,-3.5136221051018808,1.0164029982895453,-9.90588143090534,-2.5842174749490088,20.706763523033707,2.3402984789645105,13.78125
77,20260988,Pooled,0,10,0,4,0.5714285714285714,0.4,3431.50433510015,2743.8517992117618,1964.1028652476643,1023,True,4.460230123208569,0.07729423135806361,0,{},,0,0,,,0.0,0.0,0.5390625,-0.6252691113875717,-8.147109744333562,28.773271882739497,14.202190089365123,-24.632967962753206,7.0478425503758535,4.376381146274304,14.41847654808207,31.90681511866946,-0.01687573829695401,0.5390625
77,20260988,Pooled-1SE,0,4,6,4,1.0,1.0,3696.09652121755,3022.6950588541736,1792.380137229146,332,True,4.460230123208569,11.49637378920481,0,{},,0,0,,,0.0,0.0,0.5390625,0.0,-0.0,25.19728227691132,5.755053371395292,-0.0,-0.0,-2.2009978195887214,0.0,18.7649290935671,0.0,0.5390625
77,20260988,Largest-site,0,6,4,4,0.8,0.6666666666666666,3366.9034469071134,2762.812175278936,1829.3705193033754,350,True,4.460230123208569,1.4838345251264187,0,{},,0,0,,,0.0,0.0,0.5390625,-0.0,-8.452719805512379,23.17601040225761,19.48782474999227,-4.628525697187224,-0.0,-9.909676287254417,0.0,29.322133667423508,0.0,0.5390625
77,20260988,Largest-site-1SE,0,4,6,4,1.0,1.0,3530.560672936258,2968.642834343318,1767.3531433371904,332,True,4.460230123208569,9.976350037426622,0,{},,0,0,,,0.0,0.0,0.5390625,0.0,-0.0,22.267841925636002,12.053021637631991,-0.0,0.0,-2.5078803416152207,0.0,22.99291169890638,0.0,0.5390625
77,20260988,One-shot,0,9,1,4,0.6153846153846154,0.4444444444444444,3397.327632575047,2691.573013997345,1783.981475086735,1022,True,4.460230123208569,4.460230123208569,0,{},,1,1,,,0.234375,0.0,0.5390625,0.0,-7.189415103586102,25.347826521966216,11.87352699409423,-2.314262848593612,-3.4286076262946206,-6.815956036048519,4.376736105786345,22.56782619698712,0.5157981339092365,0.7734375
77,20260988,ADMM,0,4,6,4,1.0,1.0,3484.1821636921663,2936.6025613606316,1743.3706254913866,332,True,4.460230123208569,4.460230123208569,0,{},,114,114,,,26.71875,0.0,0.5390625,0.0,-0.0,27.45111253244789,10.086234785561436,-0.0,-0.0,-6.67445844294309,0.0,21.63724450860181,0.0,27.2578125
77,20260988,FedAvg,1,9,1,4,0.6153846153846154,0.4444444444444444,3397.8816436400502,2740.8049636953688,1772.4134352516912,991,True,4.460230123208569,4.460230123208569,0,"{""fit_converged"": true, ""final_update_norm"": 9.47008255522191e-06, ""fit_tolerance"": 1e-05, ""hit_round_cap"": false}",,31,31,31.0,31.0,7.265625,0.0,0.5390625,-0.6315170097454831,-5.3080292070397865,26.694519111213996,11.256338153231098,-4.760327848578134,0.0,-6.292059074438852,1.2216088644841725,23.852222340689444,0.5527149629208338,7.8046875
77,20260988,FedAvg-ST,1,6,4,4,0.8,0.6666666666666666,3720.3545121227867,3029.842144324478,1817.3105708773103,350,True,4.460230123208569,4.460230123208569,0,"{""fit_converged"": true, ""final_update_norm"": 9.47008255522191e-06, ""fit_tolerance"": 1e-05, ""hit_round_cap"": false}",4.64449029252895,31,31,31.0,31.0,7.265625,2.8125,0.5390625,-0.0,-0.6635389145108368,22.050028818685046,6.611847860702149,-0.11583755604918444,0.0,-1.6475687819099019,0.0,19.207732048160494,0.0,10.6171875
77,20260988,FedAvg-P,1,6,4,4,0.8,0.6666666666666666,3532.0147201275036,2904.7381673403497,1759.2798678666106,350,True,4.460230123208569,4.460230123208569,0,"{""selected_candidate"": 1, ""candidate_rounds"": [22, 24, 21, 20, 32], ""candidate_diagnostics"": [{""fit_converged"": true, ""final_update_norm"": 5.1387135537217025e-06, ""fit_tolerance"": 1e-05, ""hit_round_cap"": false}, {""fit_converged"": true, ""final_update_norm"": 6.792455598370125e-06, ""fit_tolerance"": 1e-05, ""hit_round_cap"": false}, {""fit_converged"": true, ""final_update_norm"": 8.140408034397713e-06, ""fit_tolerance"": 1e-05, ""hit_round_cap"": false}, {""fit_converged"": true, ""final_update_norm"": 8.876565347092958e-06, ""fit_tolerance"": 1e-05, ""hit_round_cap"": false}, {""fit_converged"": true, ""final_update_norm"": 6.661979117273441e-06, ""fit_tolerance"": 1e-05, ""hit_round_cap"": false}]}",2.2301150616042844,24,119,24.0,119.0,27.890625,0.3515625,0.5390625,0.0,-1.7564711205898718,27.68843424702914,9.102948730181424,-0.661506512058391,0.0,-4.59229277267986,0.0,18.910887925664863,-0.0,28.78125
77,20260988,FedAvg,3,9,1,4,0.6153846153846154,0.4444444444444444,3381.082188698893,2692.8628576213728,1780.3812677950418,1022,True,4.460230123208569,4.460230123208569,0,"{""fit_converged"": true, ""final_update_norm"": 7.11368283661012e-06, ""fit_tolerance"": 1e-05, ""hit_round_cap"": false}",,19,19,57.0,57.0,4.453125,0.0,0.5390625,0.0,-7.307220716052534,25.4211871660693,11.891854086516256,-4.557916072428432,-0.36017343251248785,-7.307572374210568,2.5102632390766164,23.489520225384634,0.3296032095628575,4.9921875
77,20260988,FedAvg-ST,3,5,5,4,0.8888888888888888,0.8,3701.3478548564335,2976.655691824748,1830.730836978991,334,True,4.460230123208569,4.460230123208569,0,"{""fit_converged"": true, ""final_update_norm"": 7.11368283661012e-06, ""fit_tolerance"": 1e-05, ""hit_round_cap"": false}",4.64449029252895,19,19,57.0,57.0,4.453125,2.8125,0.5390625,0.0,-2.662730423523584,20.77669687354035,7.247363793987306,-0.0,-0.0,-2.663082081681618,0.0,18.845029932855685,0.0,7.8046875
77,20260988,FedAvg-P,3,5,5,4,0.8888888888888888,0.8,3650.57146985076,2943.491808905786,1812.9365012439287,334,True,4.460230123208569,4.460230123208569,0,"{""selected_candidate"": 0, ""candidate_rounds"": [8, 9, 19, 19, 19], ""candidate_diagnostics"": [{""fit_converged"": true, ""final_update_norm"": 6.010034552546738e-06, ""fit_tolerance"": 1e-05, ""hit_round_cap"": false}, {""fit_converged"": true, ""final_update_norm"": 1.8660346329652259e-06, ""fit_tolerance"": 1e-05, ""hit_round_cap"": false}, {""fit_converged"": true, ""final_update_norm"": 7.461297487249448e-06, ""fit_tolerance"": 1e-05, ""hit_round_cap"": false}, {""fit_converged"": true, ""final_update_norm"": 5.864901332304288e-06, ""fit_tolerance"": 1e-05, ""hit_round_cap"": false}, {""fit_converged"": true, ""final_update_norm"": 7.002198570531827e-06, ""fit_tolerance"": 1e-05, ""hit_round_cap"": false}]}",4.460230123208569,8,74,24.0,222.0,17.34375,0.3515625,0.5390625,-0.0,-2.790183769383593,21.29241948870227,7.884096587054983,-0.0,-0.0,-4.120174427065572,0.0,18.414630603912997,0.0,18.234375
77,20260988,FedAvg,20,9,1,4,0.6153846153846154,0.4444444444444444,3396.44912450043,2691.2181554363183,1784.0112841113466,1022,True,4.460230123208569,4.460230123208569,0,"{""fit_converged"": true, ""final_update_norm"": 1.0667712918925225e-06, ""fit_tolerance"": 1e-05, ""hit_round_cap"": false}",,6,6,120.0,120.0,1.40625,0.0,0.5390625,0.0,-7.211295628733516,25.324066823865618,11.88303131130356,-2.3890959701106063,-3.339523997204793,-6.870508166977132,4.292290362116069,22.624562671672198,0.4984054696550126,1.9453125
77,20260988,FedAvg-ST,20,6,4,4,0.8,0.6666666666666666,3635.6695390262826,2918.212663909417,1812.1179710855981,462,True,4.460230123208569,4.460230123208569,0,"{""fit_converged"": true, ""final_update_norm"": 1.0667712918925225e-06, ""fit_tolerance"": 1e-05, ""hit_round_cap"": false}",3.7119040678920014,6,6,120.0,120.0,1.40625,2.8125,0.5390625,0.0,-3.4993915608415143,21.612162755973618,8.171127243411558,-0.0,-0.0,-3.1586040990851303,0.5803862942240676,18.912658603780198,0.0,4.7578125
77,20260988,FedAvg-P,20,5,5,4,0.8888888888888888,0.8,3716.6271089973525,2987.513535705331,1836.7995898540066,334,True,4.460230123208569,4.460230123208569,0,"{""selected_candidate"": 0, ""candidate_rounds"": [4, 6, 6, 6, 6], ""candidate_diagnostics"": [{""fit_converged"": true, ""final_update_norm"": 4.5912595477847293e-07, ""fit_tolerance"": 1e-05, ""hit_round_cap"": false}, {""fit_converged"": true, ""final_update_norm"": 1.3220593676718874e-06, ""fit_tolerance"": 1e-05, ""hit_round_cap"": false}, {""fit_converged"": true, ""final_update_norm"": 1.23412296961145e-06, ""fit_tolerance"": 1e-05, ""hit_round_cap"": false}, {""fit_converged"": true, ""final_update_norm"": 1.1567084303689855e-06, ""fit_tolerance"": 1e-05, ""hit_round_cap"": false}, {""fit_converged"": true, ""final_update_norm"": 1.116457934644693e-06, ""fit_tolerance"": 1e-05, ""hit_round_cap"": false}]}",4.460230123208569,4,28,80.0,560.0,6.5625,0.3515625,0.5390625,0.0,-2.7518006849216983,20.852214437282484,7.424711766776396,-0.0,-0.0,-2.504016980600025,0.0,18.153948655377476,0.0,7.453125
78,20260989,Pooled,0,6,4,4,0.8,0.6666666666666666,3073.122707094758,2673.224473151798,1741.663604099409,462,True,2.6845717891120158,7.197468220477827,0,{},,0,0,,,0.0,0.0,0.5390625,0.0,-3.9097661787473315,22.604182545367262,13.156088214565031,0.0,0.0,-9.609780599937281,0.31753737319818104,18.32181948506252,0.0,0.5390625
78,20260989,Pooled-1SE,0,4,6,4,1.0,1.0,3288.568690916642,2987.932605992628,1989.6102633298729,332,True,2.6845717891120158,18.662630579305194,0,{},,0,0,,,0.0,0.0,0.5390625,0.0,-0.0,18.888598833632958,5.953763770864248,0.0,0.0,-1.4880225216438,0.0,14.880927565617366,0.0,0.5390625
78,20260989,Largest-site,0,8,2,4,0.6666666666666666,0.5,3109.147854624347,2806.152448447965,1742.4277048417139,479,True,2.6845717891120158,1.3907150376204724,0,{},,0,0,,,0.0,0.0,0.5390625,2.130928493495746,-16.045955930202567,21.376420455245675,14.341193942870557,-7.931825112404476,-0.0,-8.449298180655186,12.128078741411171,21.393541617750756,0.0,0.5390625
78,20260989,Largest-site-1SE,0,4,6,4,1.0,1.0,3238.2189618179964,2989.968181379877,1987.9176650411107,332,True,2.6845717891120158,15.056391860789613,0,{},,0,0,,,0.0,0.0,0.5390625,0.0,-0.0,16.702427364042634,1.7362056373279862,0.0,0.0,-3.672335491590122,0.0,20.2288476224861,0.0,0.5390625
78,20260989,One-shot,0,10,0,4,0.5714285714285714,0.4,3245.776679197289,2701.497921928233,1788.0101798675619,1023,True,2.6845717891120158,2.6845717891120158,0,{},,1,1,,,0.234375,0.0,0.5390625,-1.4950940192101319,-11.41957886740853,24.253718053756312,18.004931574421825,-18.699739391956093,15.753249608795606,-3.5626791337997226,6.749558987088999,23.84045891662329,-0.2051341747841347,0.7734375
78,20260989,ADMM,0,7,3,4,0.7272727272727273,0.5714285714285714,3148.3805574910502,2738.922102498086,1697.1247516118096,974,True,2.6845717891120158,2.6845717891120158,0,{},,279,279,,,65.390625,0.0,0.5390625,-0.0,-11.935683092335573,23.73504977570234,17.241186637215744,-0.0,-0.0,-14.197114347925037,2.4829542352203795,18.050744886145743,0.025116484220841562,65.9296875
78,20260989,FedAvg,1,10,0,4,0.5714285714285714,0.4,3212.311276821443,2737.7347428574067,1714.8521174608447,1023,True,2.6845717891120158,2.6845717891120158,0,"{""fit_converged"": true, ""final_update_norm"": 9.796076631609015e-06, ""fit_tolerance"": 1e-05, ""hit_round_cap"": false}",,55,55,55.0,55.0,12.890625,0.0,0.5390625,-2.1124838503830388,-12.087485110312006,23.7785791424957,18.256039328581185,-2.371255923621174,1.8873232407526306,-11.088253546159455,5.2404640675884,18.55746681643682,0.007938047520648361,13.4296875
78,20260989,FedAvg-ST,1,5,5,4,0.8888888888888888,0.8,3330.844175085947,3102.1239307002925,1945.6341803139876,334,True,2.6845717891120158,2.6845717891120158,0,"{""fit_converged"": true, ""final_update_norm"": 9.796076631609015e-06, ""fit_tolerance"": 1e-05, ""hit_round_cap"": false}",6.852058761486123,55,55,55.0,55.0,12.890625,2.8125,0.5390625,-0.0,-5.235426348825883,16.926520381009578,11.403980567095061,-0.0,0.0,-4.236194784673333,0.0,11.705408054950695,0.0,16.2421875
78,20260989,FedAvg-P,1,5,5,4,0.8888888888888888,0.8,3157.2370435893085,2829.464203008828,1738.4237230213298,334,True,2.6845717891120158,2.6845717891120158,0,"{""selected_candidate"": 0, ""candidate_rounds"": [22, 25, 62, 36, 60], ""candidate_diagnostics"": [{""fit_converged"": true, ""final_update_norm"": 8.396774689947288e-06, ""fit_tolerance"": 1e-05, ""hit_round_cap"": false}, {""fit_converged"": true, ""final_update_norm"": 5.645265151321235e-06, ""fit_tolerance"": 1e-05, ""hit_round_cap"": false}, {""fit_converged"": true, ""final_update_norm"": 8.932076312413606e-06, ""fit_tolerance"": 1e-05, ""hit_round_cap"": false}, {""fit_converged"": true, ""final_update_norm"": 6.58191594816074e-06, ""fit_tolerance"": 1e-05, ""hit_round_cap"": false}, {""fit_converged"": true, ""final_update_norm"": 8.362171558680245e-06, ""fit_tolerance"": 1e-05, ""hit_round_cap"": false}]}",2.6845717891120158,22,205,22.0,205.0,48.046875,0.3515625,0.5390625,-0.0,-7.354743646210337,27.160108658908534,16.456587246089015,0.0,0.0,-12.108179497442517,0.0,10.977160519325757,-0.0,48.9375
78,20260989,FedAvg,3,10,0,4,0.5714285714285714,0.4,3245.572457670688,2716.2824042987177,1722.0192400107537,1023,True,2.6845717891120158,2.6845717891120158,0,"{""fit_converged"": true, ""final_update_norm"": 8.560226753828472e-06, ""fit_tolerance"": 1e-05, ""hit_round_cap"": false}",,40,40,120.0,120.0,9.375,0.0,0.5390625,-1.5391984672086285,-11.401535123793675,24.296853140284288,17.824702164626,-2.916797265792087,3.540773870078538,-11.17685022018109,4.230332068387515,18.58427317965227,-0.503707765094886,9.9140625
78,20260989,FedAvg-ST,3,5,5,4,0.8888888888888888,0.8,3316.485328590809,3078.4534426359014,1940.5984541726727,334,True,2.6845717891120158,2.6845717891120158,0,"{""fit_converged"": true, ""final_update_norm"": 8.560226753828472e-06, ""fit_tolerance"": 1e-05, ""hit_round_cap"": false}",6.852058761486123,40,40,120.0,120.0,9.375,2.8125,0.5390625,-0.0,-4.549476362307552,17.444794378798164,10.972643403139877,-0.0,0.0,-4.324791458694967,0.0,11.732214418166148,-0.0,12.7265625
78,20260989,FedAvg-P,3,5,5,4,0.8888888888888888,0.8,3115.086693880834,2829.862750066931,1735.427790982474,334,True,2.6845717891120158,2.6845717891120158,0,"{""selected_candidate"": 0, ""candidate_rounds"": [10, 23, 21, 20, 22], ""candidate_diagnostics"": [{""fit_converged"": true, ""final_update_norm"": 2.986869504885767e-06, ""fit_tolerance"": 1e-05, ""hit_round_cap"": false}, {""fit_converged"": true, ""final_update_norm"": 9.408854070012631e-06, ""fit_tolerance"": 1e-05, ""hit_round_cap"": false}, {""fit_converged"": true, ""final_update_norm"": 6.615505420284407e-06, ""fit_tolerance"": 1e-05, ""hit_round_cap"": false}, {""fit_converged"": true, ""final_update_norm"": 7.380217548135222e-06, ""fit_tolerance"": 1e-05, ""hit_round_cap"": false}, {""fit_converged"": true, ""final_update_norm"": 8.098648514074828e-06, ""fit_tolerance"": 1e-05, ""hit_round_cap"": false}]}",2.6845717891120158,10,96,30.0,288.0,22.5,0.3515625,0.5390625,-0.0,-9.080917485189214,22.089340655424675,15.697855941508294,0.0,0.0,-11.984242564582392,0.0,14.163809360258302,-0.0,23.390625
78,20260989,FedAvg,20,10,0,4,0.5714285714285714,0.4,3247.499747398179,2708.938867055142,1747.1985176881922,1023,True,2.6845717891120158,2.6845717891120158,0,"{""fit_converged"": true, ""final_update_norm"": 8.396851907754132e-06, ""fit_tolerance"": 1e-05, ""hit_round_cap"": false}",,12,12,240.0,240.0,2.8125,0.0,0.5390625,-1.491336766284469,-11.398647943148122,24.319945567628874,17.883885250113693,-9.195026189972381,8.36369601502704,-8.116720455347448,5.4336549579116475,20.58275892629935,-0.3018122383221593,3.3515625
78,20260989,FedAvg-ST,20,7,3,4,0.7272727272727273,0.5714285714285714,3311.821888657891,3065.10283534646,1968.0548321161025,382,True,2.6845717891120158,2.6845717891120158,0,"{""fit_converged"": true, ""final_update_norm"": 8.396851907754132e-06, ""fit_tolerance"": 1e-05, ""hit_round_cap"": false}",6.852058761486123,12,12,240.0,240.0,2.8125,2.8125,0.5390625,-0.0,-4.546589181661999,17.46788680614275,11.03182648862757,-2.3429674284862587,1.5116372535409175,-1.264661693861325,0.0,13.730700164813225,-0.0,6.1640625
78,20260989,FedAvg-P,20,8,2,4,0.6666666666666666,0.5,3158.437110648049,2761.3457233802487,1758.3844215345416,510,True,2.6845717891120158,2.6845717891120158,0,"{""selected_candidate"": 0, ""candidate_rounds"": [15, 22, 13, 12, 12], ""candidate_diagnostics"": [{""fit_converged"": true, ""final_update_norm"": 4.039130472874431e-06, ""fit_tolerance"": 1e-05, ""hit_round_cap"": false}, {""fit_converged"": true, ""final_update_norm"": 6.769546433143773e-06, ""fit_tolerance"": 1e-05, ""hit_round_cap"": false}, {""fit_converged"": true, ""final_update_norm"": 4.293394725201237e-06, ""fit_tolerance"": 1e-05, ""hit_round_cap"": false}, {""fit_converged"": true, ""final_update_norm"": 9.672057753308146e-06, ""fit_tolerance"": 1e-05, ""hit_round_cap"": false}, {""fit_converged"": true, ""final_update_norm"": 9.035721893878223e-06, ""fit_tolerance"": 1e-05, ""hit_round_cap"": false}]}",2.6845717891120158,15,74,300.0,1480.0,17.34375,0.3515625,0.5390625,-0.0,-8.722539853625843,21.635448415290842,15.166009056317488,-4.346599736381697,4.13602291400574,-6.605112524588722,2.234851475999446,17.18257205583955,-0.0,18.234375
79,20260990,Pooled,0,10,0,2,0.3333333333333333,0.2,3356.8733100709396,3224.422452820077,1797.550962375869,1023,True,3.6765165990747555,0.050143680320897895,0,{},,0,0,,,0.0,0.0,0.5390625,-0.9013825257397418,-9.45867866706653,25.01850583892182,14.53849379536775,-24.163648013812885,12.392166100589925,-3.939583724224725,0.7703830069530396,38.45945287208769,1.592935772491126,0.5390625
79,20260990,Pooled-1SE,0,2,8,2,1.0,1.0,3830.808753923334,3562.3035927226897,1865.3722489275856,260,True,3.6765165990747555,19.338514151786775,0,{},,0,0,,,0.0,0.0,0.5390625,0.0,-0.0,17.11564282647214,0.0,0.0,0.0,-0.0,0.0,22.52801242144658,0.0,0.5390625
79,20260990,Largest-site,0,9,1,2,0.36363636363636365,0.2222222222222222,3642.238016276998,3528.9858064868663,1826.8120969301624,1007,True,3.6765165990747555,0.10502002428932039,0,{},,0,0,,,0.0,0.0,0.5390625,-5.937071590055666,-9.801872037094897,18.92784907311737,18.707309421471816,0.0,-9.262483219199854,-13.565255229232854,4.7152661218333005,35.0652031713558,5.511027037126789,0.5390625
79,20260990,Largest-site-1SE,0,4,6,2,0.6666666666666666,0.5,3842.342011589674,3518.794392853738,1767.5215219079355,332,True,3.6765165990747555,15.620175443473649,0,{},,0,0,,,0.0,0.0,0.5390625,-0.0,-0.0,11.70390681297798,5.0981322907039175,0.0,0.0,-2.048587201457545,0.0,31.94966866819303,0.0,0.5390625
79,20260990,One-shot,0,9,1,2,0.36363636363636365,0.2222222222222222,3352.4899420461547,3247.992934586261,1677.9561372003163,1007,True,3.6765165990747555,3.6765165990747555,0,{},,1,1,,,0.234375,0.0,0.5390625,-2.465540174254783,-4.900936018547449,22.92853277457722,11.226954227032701,0.0,-5.067176645904622,-7.803012102457184,2.3576330609166503,28.698146962925776,2.7555135185633945,0.7734375
79,20260990,ADMM,0,6,4,2,0.5,0.3333333333333333,3372.817412390381,3259.340738944971,1650.2753149195655,350,True,3.6765165990747555,3.6765165990747555,0,{},,447,447,,,104.765625,0.0,0.5390625,0.0,-3.231093303352746,24.257375772916287,9.7724395501855,-2.9933867448730513,-0.0,-7.030952660217082,0.0,29.76873751301811,0.0,105.3046875
79,20260990,FedAvg,1,10,0,2,0.3333333333333333,0.2,3372.2399662179987,3273.182086189991,1658.5882039626433,1023,True,3.6765165990747555,3.6765165990747555,0,"{""fit_converged"": true, ""final_update_norm"": 9.829945867369402e-06, ""fit_tolerance"": 1e-05, ""hit_round_cap"": false}",,40,40,40.0,40.0,9.375,0.0,0.5390625,-1.1401502528263512,-3.5640249945919855,23.763357940644035,11.027040790132915,-2.690195043077602,-0.81459315695789,-7.229044526319337,0.3796060005349065,30.39513430324341,0.8575712281802746,9.9140625
79,20260990,FedAvg-ST,1,3,7,2,0.8,0.6666666666666666,3862.1515437273097,3623.0750041075744,1914.57629841125,268,True,3.6765165990747555,3.6765165990747555,0,"{""fit_converged"": true, ""final_update_norm"": 9.829945867369402e-06, ""fit_tolerance"": 1e-05, ""hit_round_cap"": false}",9.383883074615815,40,40,40.0,40.0,9.375,2.8125,0.5390625,-0.0,-0.0,14.37947486602822,1.6431577155171002,-0.0,-0.0,-0.0,0.0,21.011251228627593,0.0,12.7265625
79,20260990,FedAvg-P,1,4,6,2,0.6666666666666666,0.5,3345.9290883796407,3298.445970412346,1680.3165400460607,332,True,3.6765165990747555,3.6765165990747555,0,"{""selected_candidate"": 0, ""candidate_rounds"": [18, 19, 20, 22, 28], ""candidate_diagnostics"": [{""fit_converged"": true, ""final_update_norm"": 8.565561133516934e-06, ""fit_tolerance"": 1e-05, ""hit_round_cap"": false}, {""fit_converged"": true, ""final_update_norm"": 6.555506195374085e-06, ""fit_tolerance"": 1e-05, ""hit_round_cap"": false}, {""fit_converged"": true, ""final_update_norm"": 4.105331592596918e-06, ""fit_tolerance"": 1e-05, ""hit_round_cap"": false}, {""fit_converged"": true, ""final_update_norm"": 9.466224001354324e-06, ""fit_tolerance"": 1e-05, ""hit_round_cap"": false}, {""fit_converged"": true, ""final_update_norm"": 7.350230415198175e-06, ""fit_tolerance"": 1e-05, ""hit_round_cap"": false}]}",3.6765165990747555,18,107,18.0,107.0,25.078125,0.3515625,0.5390625,0.0,-0.0,25.256283807089705,6.8761812293082105,-0.0,-0.0,-4.987365309221676,0.0,23.16166851422542,0.0,25.96875
79,20260990,FedAvg,3,10,0,2,0.3333333333333333,0.2,3344.5656959581825,3243.3962248967105,1674.4216066014615,1023,True,3.6765165990747555,3.6765165990747555,0,"{""fit_converged"": true, ""final_update_norm"": 5.954697940843659e-06, ""fit_tolerance"": 1e-05, ""hit_round_cap"": false}",,20,20,60.0,60.0,4.6875,0.0,0.5390625,-2.4267339472160683,-5.26358054389496,23.1262050191095,11.484447002454587,-2.0126654958825476,-2.556810747804529,-7.507351317392363,1.66283452659879,29.61506498384834,2.3968695169365937,5.2265625
79,20260990,FedAvg-ST,3,3,7,2,0.8,0.6666666666666666,3871.913852077618,3647.6569191784074,1934.591273789158,268,True,3.6765165990747555,3.6765165990747555,0,"{""fit_converged"": true, ""final_update_norm"": 5.954697940843659e-06, ""fit_tolerance"": 1e-05, ""hit_round_cap"": false}",9.383883074615815,20,20,60.0,60.0,4.6875,2.8125,0.5390625,-0.0,-0.0,13.742321944493684,2.100563927838772,-0.0,-0.0,-0.0,0.0,20.231181909232525,0.0,8.0390625
79,20260990,FedAvg-P,3,5,5,2,0.5714285714285714,0.4,3438.061068574997,3280.324668043326,1690.3560082085692,334,True,3.6765165990747555,3.6765165990747555,0,"{""selected_candidate"": 0, ""candidate_rounds"": [9, 10, 20, 20, 20], ""candidate_diagnostics"": [{""fit_converged"": true, ""final_update_norm"": 1.904320500921805e-06, ""fit_tolerance"": 1e-05, ""hit_round_cap"": false}, {""fit_converged"": true, ""final_update_norm"": 3.1340740638531835e-06, ""fit_tolerance"": 1e-05, ""hit_round_cap"": false}, {""fit_converged"": true, ""final_update_norm"": 6.958740083572796e-06, ""fit_tolerance"": 1e-05, ""hit_round_cap"": false}, {""fit_converged"": true, ""final_update_norm"": 6.4308372628696955e-06, ""fit_tolerance"": 1e-05, ""hit_round_cap"": false}, {""fit_converged"": true, ""final_update_norm"": 6.20179371490656e-06, ""fit_tolerance"": 1e-05, ""hit_round_cap"": false}]}",3.6765165990747555,9,79,27.0,237.0,18.515625,0.3515625,0.5390625,-0.0,-1.7911605626436513,19.448026559022832,8.00765814996241,-0.0,-0.0,-4.332231181881889,0.0,26.033635845028325,0.0,19.40625
79,20260990,FedAvg,20,9,1,2,0.36363636363636365,0.2222222222222222,3352.4190101840854,3248.0406843443698,1677.8092204799214,1007,True,3.6765165990747555,3.6765165990747555,0,"{""fit_converged"": true, ""final_update_norm"": 1.4079361262430405e-06, ""fit_tolerance"": 1e-05, ""hit_round_cap"": false}",,5,5,100.0,100.0,1.171875,0.0,0.5390625,-2.4648354326235857,-4.9021020235228026,22.925452418142008,11.222927707507235,0.0,-5.044291012775156,-7.832733001838215,2.3161121820326684,28.7030305662838,2.7565274784109053,1.7109375
79,20260990,FedAvg-ST,20,3,7,2,0.8,0.6666666666666666,3902.621115125096,3683.62060774287,1959.980721036811,268,True,3.6765165990747555,3.6765165990747555,0,"{""fit_converged"": true, ""final_update_norm"": 1.4079361262430405e-06, ""fit_tolerance"": 1e-05, ""hit_round_cap"": false}",9.383883074615815,5,5,100.0,100.0,1.171875,2.8125,0.5390625,-0.0,-0.0,13.541569343526193,1.8390446328914205,0.0,-0.0,-0.0,0.0,19.319147491667984,0.0,4.5234375
79,20260990,FedAvg-P,20,6,4,2,0.5,0.3333333333333333,3453.8834060771974,3288.98443364649,1702.8406230428673,366,True,3.6765165990747555,3.6765165990747555,0,"{""selected_candidate"": 0, ""candidate_rounds"": [9, 5, 5, 5, 5], ""candidate_diagnostics"": [{""fit_converged"": true, ""final_update_norm"": 1.130334273962266e-06, ""fit_tolerance"": 1e-05, ""hit_round_cap"": false}, {""fit_converged"": true, ""final_update_norm"": 2.675821875832259e-06, ""fit_tolerance"": 1e-05, ""hit_round_cap"": false}, {""fit_converged"": true, ""final_update_norm"": 1.9405411513331264e-06, ""fit_tolerance"": 1e-05, ""hit_round_cap"": false}, {""fit_converged"": true, ""final_update_norm"": 1.6668652836193e-06, ""fit_tolerance"": 1e-05, ""hit_round_cap"": false}, {""fit_converged"": true, ""final_update_norm"": 1.5548454793861403e-06, ""fit_tolerance"": 1e-05, ""hit_round_cap"": false}]}",3.6765165990747555,9,29,180.0,580.0,6.796875,0.3515625,0.5390625,-0.0,-1.2217012395692484,19.257685724280936,7.540885987869151,-0.0,-0.9130642977612577,-3.9582178029852244,0.0,25.19501861124952,0.0,7.6875
80,20260991,Pooled,0,10,0,4,0.5714285714285714,0.4,2928.659852957245,3100.423911024381,2533.7754939628167,1023,True,8.576762089264474,0.04508929415716401,0,{},,0,0,,,0.0,0.0,0.5390625,-0.8813864582172637,-16.45310010201505,19.68185006084839,18.71261739777006,-17.52917142496443,9.982359450579274,-10.542020578642658,-0.10445875129191026,27.058105717622322,7.765330659320845,0.5390625
80,20260991,Pooled-1SE,0,4,6,4,1.0,1.0,2797.5318541236757,3509.824049065743,2100.7296263552203,332,True,8.576762089264474,10.799005978285397,0,{},,0,0,,,0.0,0.0,0.5390625,0.0,-0.0,18.94211990354881,9.736146198891136,-0.0,-0.0,-3.2346477821449744,0.0,19.151588243196503,0.0,0.5390625
80,20260991,Largest-site,0,7,3,4,0.7272727272727273,0.5714285714285714,2908.788648547065,3330.3014784505904,2155.967602035717,847,True,8.576762089264474,6.248917874693799,0,{},,0,0,,,0.0,0.0,0.5390625,1.5453763440527422,-7.3204965087847205,13.187542349184573,11.932423314654335,0.0,0.0,-14.261316428715695,0.0,19.572833955064016,3.341776239256441,0.5390625
80,20260991,Largest-site-1SE,0,4,6,4,1.0,1.0,3296.3816456010027,3933.0473998750576,2217.510693191432,332,True,8.576762089264474,16.203092843678444,0,{},,0,0,,,0.0,0.0,0.5390625,0.0,-0.0,10.01119509676436,4.213616770157333,0.0,0.0,-2.8858216424362864,0.0,18.637317781920547,0.0,0.5390625
80,20260991,One-shot,0,9,1,4,0.6153846153846154,0.4444444444444444,2767.125989017578,3205.8254328200064,2183.481255605452,991,True,8.576762089264474,8.576762089264474,0,{},,1,1,,,0.234375,0.0,0.5390625,-0.9619720999497946,-6.843824323237072,19.101459898230985,12.334609443424593,-4.0974168306829135,0.0,-9.127153953122843,-0.6729022332365637,20.67031634941186,4.155270230055711,0.7734375
80,20260991,ADMM,0,4,6,4,1.0,1.0,2746.3958994897826,3425.7902439372265,2096.1541931027414,332,True,8.576762089264474,8.576762089264474,0,{},,114,114,,,26.71875,0.0,0.5390625,0.0,-0.0,19.61492755964076,11.062793479291017,-0.0,-0.0,-4.5613264348735125,0.0,19.94330446490664,0.0,27.2578125
80,20260991,FedAvg,1,9,1,4,0.6153846153846154,0.4444444444444444,2766.5717084719054,3236.7359420295334,2150.086077130866,895,True,8.576762089264474,8.576762089264474,0,"{""fit_converged"": true, ""final_update_norm"": 8.814272425034776e-06, ""fit_tolerance"": 1e-05, ""hit_round_cap"": false}",,19,19,19.0,19.0,4.453125,0.0,0.5390625,0.4375162171600011,-4.923088025465075,18.479007952987384,11.13201528257037,-3.43346136437282,-0.4292221411150272,-7.95478168536392,0.0,21.229027541675137,3.0487916954902126,4.9921875
80,20260991,FedAvg-ST,1,7,3,4,0.7272727272727273,0.5714285714285714,2930.307286675572,3590.156442243299,2129.793987576315,862,True,8.576762089264474,8.576762089264474,0,"{""fit_converged"": true, ""final_update_norm"": 8.814272425034776e-06, ""fit_tolerance"": 1e-05, ""hit_round_cap"": false}",2.9120416136990586,19,19,19.0,19.0,4.453125,2.8125,0.5390625,0.0,-2.0110464117660167,15.566966339288326,8.219973668871312,-0.5214197506737612,-0.0,-5.042740071664861,0.0,18.316985927976077,0.136750081791154,7.8046875
80,20260991,FedAvg-P,1,6,4,4,0.8,0.6666666666666666,2769.864925727727,3468.7370601273506,2111.129062969072,350,True,8.576762089264474,8.576762089264474,0,"{""selected_candidate"": 2, ""candidate_rounds"": [20, 18, 20, 20, 19], ""candidate_diagnostics"": [{""fit_converged"": true, ""final_update_norm"": 6.575752610962741e-06, ""fit_tolerance"": 1e-05, ""hit_round_cap"": false}, {""fit_converged"": true, ""final_update_norm"": 3.7021300904859832e-06, ""fit_tolerance"": 1e-05, ""hit_round_cap"": false}, {""fit_converged"": true, ""final_update_norm"": 5.9790833435235006e-06, ""fit_tolerance"": 1e-05, ""hit_round_cap"": false}, {""fit_converged"": true, ""final_update_norm"": 3.8264632915259935e-06, ""fit_tolerance"": 1e-05, ""hit_round_cap"": false}, {""fit_converged"": true, ""final_update_norm"": 7.542160127271145e-06, ""fit_tolerance"": 1e-05, ""hit_round_cap"": false}]}",2.1441905223161184,20,97,20.0,97.0,22.734375,0.3515625,0.5390625,0.0,-0.6932428749941488,19.846692486905805,8.863510590240875,-1.0333942292138927,-0.0,-5.3067436814385625,0.0,18.17146910024999,0.0,23.625
80,20260991,FedAvg,3,10,0,4,0.5714285714285714,0.4,2755.2626421453742,3210.299793076393,2174.688564788729,1023,True,8.576762089264474,8.576762089264474,0,"{""fit_converged"": true, ""final_update_norm"": 4.6009145666275235e-06, ""fit_tolerance"": 1e-05, ""hit_round_cap"": false}",,11,11,33.0,33.0,2.578125,0.0,0.5390625,-0.9302812394058675,-6.78500156103069,19.248230682938445,12.22780829017132,-3.9241720361629606,-0.1317676433397518,-8.792777715570404,-0.20031357131508315,20.621143893879726,3.9755474245270763,3.1171875
80,20260991,FedAvg-ST,3,7,3,4,0.7272727272727273,0.5714285714285714,2891.2939593981164,3519.415590630728,2130.9823834889294,862,True,8.576762089264474,8.576762089264474,0,"{""fit_converged"": true, ""final_update_norm"": 4.6009145666275235e-06, ""fit_tolerance"": 1e-05, ""hit_round_cap"": false}",2.9120416136990586,11,11,33.0,33.0,2.578125,2.8125,0.5390625,-0.0,-3.872959947331631,16.336189069239385,9.315766676472261,-1.012130422463902,-0.0,-5.880736101871346,-0.0,17.709102280180666,1.0635058108280178,5.9296875
80,20260991,FedAvg-P,3,7,3,4,0.7272727272727273,0.5714285714285714,2829.775103112015,3414.3893296938595,2128.782158548021,862,True,8.576762089264474,8.576762089264474,0,"{""selected_candidate"": 2, ""candidate_rounds"": [8, 9, 7, 8, 8], ""candidate_diagnostics"": [{""fit_converged"": true, ""final_update_norm"": 5.7843068919962416e-06, ""fit_tolerance"": 1e-05, ""hit_round_cap"": false}, {""fit_converged"": true, ""final_update_norm"": 1.3233462699425627e-06, ""fit_tolerance"": 1e-05, ""hit_round_cap"": false}, {""fit_converged"": true, ""final_update_norm"": 4.1255585606165895e-06, ""fit_tolerance"": 1e-05, ""hit_round_cap"": false}, {""fit_converged"": true, ""final_update_norm"": 3.110367804280832e-06, ""fit_tolerance"": 1e-05, ""hit_round_cap"": false}, {""fit_converged"": true, ""final_update_norm"": 3.4328014813843655e-06, ""fit_tolerance"": 1e-05, ""hit_round_cap"": false}]}",2.1441905223161184,7,40,21.0,120.0,9.375,0.3515625,0.5390625,-0.0,-4.622091580718168,17.329378369767326,10.251342445005257,-1.7261213115269123,-0.0,-6.630173905600768,-0.0,18.52500977672382,1.7084877045754023,10.265625
80,20260991,FedAvg,20,9,1,4,0.6153846153846154,0.4444444444444444,2766.7071849408962,3205.6121480019115,2182.923780673886,991,True,8.576762089264474,8.576762089264474,0,"{""fit_converged"": true, ""final_update_norm"": 5.3148707769963806e-08, ""fit_tolerance"": 1e-05, ""hit_round_cap"": false}",,4,4,80.0,80.0,0.9375,0.0,0.5390625,-0.9556697818879846,-6.8477969153184866,19.107524215406755,12.337485325804712,-4.138092143008731,0.0,-9.07813257513697,-0.6158535177743952,20.670260246736838,4.151903455432256,1.4765625
80,20260991,FedAvg-ST,20,7,3,4,0.7272727272727273,0.5714285714285714,2893.5215242410077,3506.0139344621266,2132.266780537034,862,True,8.576762089264474,8.576762089264474,0,"{""fit_converged"": true, ""final_update_norm"": 5.3148707769963806e-08, ""fit_tolerance"": 1e-05, ""hit_round_cap"": false}",2.9120416136990586,4,4,80.0,80.0,0.9375,2.8125,0.5390625,-0.0,-3.935755301619428,16.195482601707695,9.425443712105654,-1.2260505293096728,0.0,-6.166090961437911,-0.0,17.758218633037778,1.2398618417331977,4.2890625
80,20260991,FedAvg-P,20,7,3,4,0.7272727272727273,0.5714285714285714,2843.714244011311,3408.0350188621355,2132.4744480199397,862,True,8.576762089264474,8.576762089264474,0,"{""selected_candidate"": 2, ""candidate_rounds"": [4, 4, 4, 4, 4], ""candidate_diagnostics"": [{""fit_converged"": true, ""final_update_norm"": 1.4660218396778133e-06, ""fit_tolerance"": 1e-05, ""hit_round_cap"": false}, {""fit_converged"": true, ""final_update_norm"": 1.36618632880672e-06, ""fit_tolerance"": 1e-05, ""hit_round_cap"": false}, {""fit_converged"": true, ""final_update_norm"": 1.3843294994922917e-06, ""fit_tolerance"": 1e-05, ""hit_round_cap"": false}, {""fit_converged"": true, ""final_update_norm"": 1.9915367839669064e-06, ""fit_tolerance"": 1e-05, ""hit_round_cap"": false}, {""fit_converged"": true, ""final_update_norm"": 5.221304633782344e-08, ""fit_tolerance"": 1e-05, ""hit_round_cap"": false}]}",2.1441905223161184,4,20,80.0,400.0,4.6875,0.3515625,0.5390625,-0.0,-4.7036144223985845,16.963346904599575,10.193301028966403,-1.9939866666414217,0.0,-6.933838771456835,-0.0,18.526069676291225,2.0077055957845236,5.578125
81,20260992,Pooled,0,6,4,3,0.6666666666666666,0.5,3109.847039777168,3199.2527855543813,2134.164055246869,350,True,9.454682687385246,3.3225656043444,0,{},,0,0,,,0.0,0.0,0.5390625,0.0,-5.857043709906124,26.262815350545875,14.382631624346589,-1.6666635694319603,-0.0,-8.265363646367959,0.0,22.027877480563298,0.0,0.5390625
81,20260992,Pooled-1SE,0,3,7,3,1.0,1.0,3752.8065170519353,3622.9074137556854,2098.4405563915407,268,True,9.454682687385246,17.604005513734684,0,{},,0,0,,,0.0,0.0,0.5390625,0.0,-0.0,20.407034744667556,4.664344178581963,0.0,0.0,-0.0,0.0,14.77711927133982,0.0,0.5390625
81,20260992,Largest-site,0,6,4,3,0.6666666666666666,0.5,3202.0907723943374,3248.5958191124455,2092.8197799149607,366,True,9.454682687385246,6.535750056993898,0,{},,0,0,,,0.0,0.0,0.5390625,0.0,-1.3980934731806045,28.194408535322303,13.519945431135103,-0.0,-0.5311117882188616,-8.519553408138941,0.0,17.215441463322367,0.0,0.5390625
81,20260992,Largest-site-1SE,0,4,6,3,0.8571428571428571,0.75,3596.3347623990717,3499.1197070665585,2067.96621136905,332,True,9.454682687385246,16.94683257166952,0,{},,0,0,,,0.0,0.0,0.5390625,0.0,-0.0,25.626235254989744,7.178264544784457,-0.0,-0.0,-1.0087324284290025,0.0,12.486921274884867,0.0,0.5390625
81,20260992,One-shot,0,7,3,3,0.6,0.42857142857142855,3312.620164021998,3277.4773854093633,2050.1702272991,494,True,9.454682687385246,9.454682687385246,0,{},,1,1,,,0.234375,0.0,0.5390625,0.0,-0.6990467365903023,22.42790465093414,9.972730183174063,0.0,-0.25831110333006774,-4.259776704069471,0.29686376105772216,18.798798446418758,0.0,0.7734375
81,20260992,ADMM,0,4,6,3,0.8571428571428571,0.75,3366.8225433501575,3319.2312878399143,2040.830596700564,332,True,9.454682687385246,9.454682687385246,0,{},,108,108,,,25.3125,0.0,0.5390625,0.0,-0.0,24.54268088216616,9.35120165598501,-0.0,-0.0,-2.001364234075137,0.0,18.78147818870529,0.0,25.8515625
81,20260992,FedAvg,1,7,3,3,0.6,0.42857142857142855,3348.7293358525612,3294.777287540979,2051.8047728931974,508,True,9.454682687385246,9.454682687385246,0,"{""fit_converged"": true, ""final_update_norm"": 2.447098043456697e-06, ""fit_tolerance"": 1e-05, ""hit_round_cap"": false}",,15,15,15.0,15.0,3.515625,0.0,0.5390625,0.0,0.0,23.07737625349832,8.997426617021901,-0.7997607583747253,0.10909419082740726,-2.949542241523502,0.6211383452831606,19.02759936080354,0.0,4.0546875
81,20260992,FedAvg-ST,1,3,7,3,1.0,1.0,3885.083942030134,3741.456561312586,2134.47868990871,268,True,9.454682687385246,9.454682687385246,0,"{""fit_converged"": true, ""final_update_norm"": 2.447098043456697e-06, ""fit_tolerance"": 1e-05, ""hit_round_cap"": false}",5.025783812476957,15,15,15.0,15.0,3.515625,2.8125,0.5390625,0.0,0.0,18.051592441021363,3.9716428045449437,-0.0,0.0,-0.0,0.0,14.001815548326581,0.0,6.8671875
81,20260992,FedAvg-P,1,3,7,3,1.0,1.0,3834.3776699387645,3709.438218603101,2116.8503287915923,268,True,9.454682687385246,9.454682687385246,0,"{""selected_candidate"": 1, ""candidate_rounds"": [14, 14, 17, 18, 14], ""candidate_diagnostics"": [{""fit_converged"": true, ""final_update_norm"": 8.954007081098541e-06, ""fit_tolerance"": 1e-05, ""hit_round_cap"": false}, {""fit_converged"": true, ""final_update_norm"": 3.873513794087572e-06, ""fit_tolerance"": 1e-05, ""hit_round_cap"": false}, {""fit_converged"": true, ""final_update_norm"": 4.880886964483939e-06, ""fit_tolerance"": 1e-05, ""hit_round_cap"": false}, {""fit_converged"": true, ""final_update_norm"": 4.594258411893447e-06, ""fit_tolerance"": 1e-05, ""hit_round_cap"": false}, {""fit_converged"": true, ""final_update_norm"": 8.389269849933532e-06, ""fit_tolerance"": 1e-05, ""hit_round_cap"": false}]}",4.727341343692623,14,77,14.0,77.0,18.046875,0.3515625,0.5390625,0.0,0.0,24.198535356191766,5.943149786141141,0.0,0.0,-0.0,0.0,9.209304365196001,0.0,18.9375
81,20260992,FedAvg,3,8,2,3,0.5454545454545454,0.375,3318.3120824897214,3278.8755369680466,2049.6429775546694,510,True,9.454682687385246,9.454682687385246,0,"{""fit_converged"": true, ""final_update_norm"": 2.1648914614445655e-07, ""fit_tolerance"": 1e-05, ""hit_round_cap"": false}",,7,7,21.0,21.0,1.640625,0.0,0.5390625,0.0,-0.43910692164073023,22.73018309843784,9.712512998843216,-0.19858332775360865,-0.10874471208180396,-3.9871372920541623,0.5140223752773255,18.762752200576045,0.0,2.1796875
81,20260992,FedAvg-ST,3,3,7,3,1.0,1.0,3884.4666073734347,3747.94110355887,2134.0245283298336,268,True,9.454682687385246,9.454682687385246,0,"{""fit_converged"": true, ""final_update_norm"": 2.1648914614445655e-07, ""fit_tolerance"": 1e-05, ""hit_round_cap"": false}",5.025783812476957,7,7,21.0,21.0,1.640625,2.8125,0.5390625,0.0,-0.0,17.704399285960882,4.686729186366259,-0.0,-0.0,-0.0,0.0,13.736968388099088,0.0,4.9921875
81,20260992,FedAvg-P,3,3,7,3,1.0,1.0,3859.735047822259,3731.1619246190035,2126.803678908602,268,True,9.454682687385246,9.454682687385246,0,"{""selected_candidate"": 1, ""candidate_rounds"": [6, 6, 6, 6, 6], ""candidate_diagnostics"": [{""fit_converged"": true, ""final_update_norm"": 7.799260383161931e-07, ""fit_tolerance"": 1e-05, ""hit_round_cap"": false}, {""fit_converged"": true, ""final_update_norm"": 1.7882687934793297e-06, ""fit_tolerance"": 1e-05, ""hit_round_cap"": false}, {""fit_converged"": true, ""final_update_norm"": 3.3292911653297627e-06, ""fit_tolerance"": 1e-05, ""hit_round_cap"": false}, {""fit_converged"": true, ""final_update_norm"": 6.797938462061361e-06, ""fit_tolerance"": 1e-05, ""hit_round_cap"": false}, {""fit_converged"": true, ""final_update_norm"": 5.533970258707347e-06, ""fit_tolerance"": 1e-05, ""hit_round_cap"": false}]}",4.727341343692623,6,30,18.0,90.0,7.03125,0.3515625,0.5390625,0.0,-0.0,17.90821216601644,5.332659382803992,0.0,-0.0,-0.0,0.0,13.63806375759,0.0,7.921875
81,20260992,FedAvg,20,7,3,3,0.6,0.42857142857142855,3312.6201655220752,3277.477386103613,2050.170226722213,494,True,9.454682687385246,9.454682687385246,0,"{""fit_converged"": true, ""final_update_norm"": 5.728864269728828e-07, ""fit_tolerance"": 1e-05, ""hit_round_cap"": false}",,2,2,40.0,40.0,0.46875,0.0,0.5390625,0.0,-0.6990466782542226,22.427904724420397,9.972730162523181,0.0,-0.2583110817636058,-4.259776673928131,0.2968637577973831,18.79879840986038,0.0,1.0078125
81,20260992,FedAvg-ST,20,3,7,3,1.0,1.0,3885.269362521174,3751.3250235775413,2134.609988537832,268,True,9.454682687385246,9.454682687385246,0,"{""fit_converged"": true, ""final_update_norm"": 5.728864269728828e-07, ""fit_tolerance"": 1e-05, ""hit_round_cap"": false}",5.025783812476957,2,2,40.0,40.0,0.46875,2.8125,0.5390625,0.0,-0.0,17.40212091194344,4.946946350046224,0.0,-0.0,-0.0,0.0,13.773014597383424,0.0,3.8203125
81,20260992,FedAvg-P,20,3,7,3,1.0,1.0,3851.8339790699497,3722.792351961822,2125.5675536970693,268,True,9.454682687385246,9.454682687385246,0,"{""selected_candidate"": 1, ""candidate_rounds"": [2, 2, 2, 2, 2], ""candidate_diagnostics"": [{""fit_converged"": true, ""final_update_norm"": 1.640058812912871e-07, ""fit_tolerance"": 1e-05, ""hit_round_cap"": false}, {""fit_converged"": true, ""final_update_norm"": 2.6181397856989374e-07, ""fit_tolerance"": 1e-05, ""hit_round_cap"": false}, {""fit_converged"": true, ""final_update_norm"": 3.7113076495907855e-07, ""fit_tolerance"": 1e-05, ""hit_round_cap"": false}, {""fit_converged"": true, ""final_update_norm"": 4.044305397590777e-07, ""fit_tolerance"": 1e-05, ""hit_round_cap"": false}, {""fit_converged"": true, ""final_update_norm"": 5.265632108089253e-07, ""fit_tolerance"": 1e-05, ""hit_round_cap"": false}]}",4.727341343692623,2,10,40.0,200.0,2.34375,0.3515625,0.5390625,0.0,-0.0,17.70056329016871,5.245388879680026,0.0,-0.0,-0.0,0.0,14.07145706689067,0.0,3.234375
82,20260993,Pooled,0,10,0,3,0.46153846153846156,0.3,3173.726406485341,2874.369656464974,1868.1788956802047,1023,True,2.8983534175924004,0.046014236791068266,0,{},,0,0,,,0.0,0.0,0.5390625,-2.1657345485385773,-10.24949420851599,27.405392928402986,16.28051241050829,-35.444053562315474,18.877354457273594,7.502024128176815,5.730858022282417,34.19072048779449,3.1752610752856976,0.5390625
82,20260993,Pooled-1SE,0,3,7,3,1.0,1.0,4101.668578731125,3345.257966168262,1863.7445534234002,268,True,2.8983534175924004,17.745944527268545,0,{},,0,0,,,0.0,0.0,0.5390625,0.0,-0.0,21.12793471007144,4.497242503597226,0.0,0.0,-0.0,0.0,11.911814313327852,0.0,0.5390625
82,20260993,Largest-site,0,10,0,3,0.46153846153846156,0.3,3376.762086192566,2934.587806953422,2559.0212029851646,1023,True,2.8983534175924004,0.05072012908627966,0,{},,0,0,,,0.0,0.0,0.5390625,-2.966719831353018,-15.004655744458876,32.878924335760615,16.71459692177514,-106.11689775146452,72.63478795459956,43.509134690648466,25.37332964477514,57.48858984154156,-0.729798885089139,0.5390625
82,20260993,Largest-site-1SE,0,3,7,3,1.0,1.0,4057.532026506823,3290.937907147083,1809.1269002917334,268,True,2.8983534175924004,15.414838210935038,0,{},,0,0,,,0.0,0.0,0.5390625,0.0,-0.0,30.736426147135667,5.225337724918002,0.0,0.0,-0.0,0.0,7.903036276501024,0.0,0.5390625
82,20260993,One-shot,0,10,0,3,0.46153846153846156,0.3,3195.8010704203966,2843.758673498037,2024.1099463980668,1023,True,2.8983534175924004,2.8983534175924004,0,{},,1,1,,,0.234375,0.0,0.5390625,-1.483359915676509,-10.97796161776101,25.06709037007406,13.85261196193858,-53.05844887573226,32.42263781098881,18.366192403580037,12.68666482238757,41.81625112720514,0.04165828286955686,0.7734375
82,20260993,ADMM,0,7,3,3,0.6,0.42857142857142855,3216.1186260476684,2973.279863876172,1666.0117611029348,862,True,2.8983534175924004,2.8983534175924004,0,{},,310,310,,,72.65625,0.0,0.5390625,-0.0,-5.349004345622482,27.59424623671999,13.471466743305719,-4.435910394091276,-0.0,-3.47158181153669,0.0,21.326045088681152,0.8741544101261084,73.1953125
82,20260993,FedAvg,1,10,0,3,0.46153846153846156,0.3,3213.314605841157,2894.4148593236378,1690.9850215109764,1023,True,2.8983534175924004,2.8983534175924004,0,"{""fit_converged"": true, ""final_update_norm"": 8.748176934333114e-06, ""fit_tolerance"": 1e-05, ""hit_round_cap"": false}",,29,29,29.0,29.0,6.796875,0.0,0.5390625,-0.29054896559571913,-7.668294523164021,27.883604036276008,12.4003567082781,-11.055938429393796,2.8245103185501104,-2.1033911854757665,1.0622275704589073,25.417214314081324,0.5617529344597317,7.3359375
82,20260993,FedAvg-ST,1,4,6,3,0.8571428571428571,0.75,4043.7180608378867,3325.3105482663123,1872.4020896117263,284,True,2.8983534175924004,2.8983534175924004,0,"{""fit_converged"": true, ""final_update_norm"": 8.748176934333114e-06, ""fit_tolerance"": 1e-05, ""hit_round_cap"": false}",9.25632753289011,29,29,29.0,29.0,6.796875,2.8125,0.5390625,-0.0,-0.0,18.6272765033859,3.14402917538799,-1.7996108965036868,0.0,-0.0,0.0,16.160886781191216,0.0,10.1484375
82,20260993,FedAvg-P,1,5,5,3,0.75,0.6,3509.487902533271,3097.6013244655437,1690.1884522804546,286,True,2.8983534175924004,2.8983534175924004,0,"{""selected_candidate"": 0, ""candidate_rounds"": [19, 19, 30, 29, 29], ""candidate_diagnostics"": [{""fit_converged"": true, ""final_update_norm"": 4.664575247983135e-06, ""fit_tolerance"": 1e-05, ""hit_round_cap"": false}, {""fit_converged"": true, ""final_update_norm"": 8.61317914927382e-06, ""fit_tolerance"": 1e-05, ""hit_round_cap"": false}, {""fit_converged"": true, ""final_update_norm"": 6.46692481019604e-06, ""fit_tolerance"": 1e-05, ""hit_round_cap"": false}, {""fit_converged"": true, ""final_update_norm"": 8.17387838944142e-06, ""fit_tolerance"": 1e-05, ""hit_round_cap"": false}, {""fit_converged"": true, ""final_update_norm"": 8.51157995742276e-06, ""fit_tolerance"": 1e-05, ""hit_round_cap"": false}]}",2.8983534175924004,19,126,19.0,126.0,29.53125,0.3515625,0.5390625,0.0,-2.1277658388812415,29.543858089219558,9.737591213566873,-2.9815436095321988,0.0,-0.0,0.0,17.617833239342325,-0.0,30.421875
82,20260993,FedAvg,3,10,0,3,0.46153846153846156,0.3,3206.0982574375234,2861.021955876919,1710.05235144158,1023,True,2.8983534175924004,2.8983534175924004,0,"{""fit_converged"": true, ""final_update_norm"": 6.9963488005213185e-06, ""fit_tolerance"": 1e-05, ""hit_round_cap"": false}",,25,25,75.0,75.0,5.859375,0.0,0.5390625,-1.0708199237401599,-8.525277220016859,27.26423481973382,13.140085319544745,-13.839707868388835,4.7796410504322,-0.7684589640857828,3.5689863957210455,25.582219990641306,0.026763773929048162,6.3984375
82,20260993,FedAvg-ST,3,5,5,3,0.75,0.6,3907.6166208606983,3222.385796826032,1817.9450776018703,286,True,2.8983534175924004,2.8983534175924004,0,"{""fit_converged"": true, ""final_update_norm"": 6.9963488005213185e-06, ""fit_tolerance"": 1e-05, ""hit_round_cap"": false}",7.397711623672507,25,25,75.0,75.0,5.859375,2.8125,0.5390625,-0.0,-1.1275655963443523,19.866523196061312,5.742373695872239,-6.441996244716329,0.0,-0.0,0.0,18.1845083669688,0.0,9.2109375
82,20260993,FedAvg-P,3,6,4,3,0.6666666666666666,0.5,3497.8772125671717,3044.029073202021,1697.6192901588165,350,True,2.8983534175924004,2.8983534175924004,0,"{""selected_candidate"": 0, ""candidate_rounds"": [9, 22, 23, 24, 27], ""candidate_diagnostics"": [{""fit_converged"": true, ""final_update_norm"": 6.088470879014656e-06, ""fit_tolerance"": 1e-05, ""hit_round_cap"": false}, {""fit_converged"": true, ""final_update_norm"": 8.682587290368671e-06, ""fit_tolerance"": 1e-05, ""hit_round_cap"": false}, {""fit_converged"": true, ""final_update_norm"": 7.122672838003096e-06, ""fit_tolerance"": 1e-05, ""hit_round_cap"": false}, {""fit_converged"": true, ""final_update_norm"": 5.826095172807305e-06, ""fit_tolerance"": 1e-05, ""hit_round_cap"": false}, {""fit_converged"": true, ""final_update_norm"": 7.049692804973726e-06, ""fit_tolerance"": 1e-05, ""hit_round_cap"": false}]}",2.8983534175924004,9,105,27.0,315.0,24.609375,0.3515625,0.5390625,-0.0,-5.371177960059086,24.890124820912042,10.405767294243695,-5.903727985117497,0.0,-0.5581910242652177,0.0,20.56807573786025,-0.0,25.5
82,20260993,FedAvg,20,10,0,3,0.46153846153846156,0.3,3191.7951127160222,2840.265534695855,1818.0071897077914,1023,True,2.8983534175924004,2.8983534175924004,0,"{""fit_converged"": true, ""final_update_norm"": 4.32834340177205e-06, ""fit_tolerance"": 1e-05, ""hit_round_cap"": false}",,17,17,340.0,340.0,3.984375,0.0,0.5390625,-1.0365920594277152,-9.935101993367688,25.969506190879216,13.677696716915907,-27.340967679505347,12.838943336183792,7.047925097879887,9.420660390865113,30.57499640887194,0.02387291652835616,4.5234375
82,20260993,FedAvg-ST,20,7,3,3,0.6,0.42857142857142855,3865.6055094722424,3109.4029072416656,1869.1123890215638,446,True,2.8983534175924004,2.8983534175924004,0,"{""fit_converged"": true, ""final_update_norm"": 4.32834340177205e-06, ""fit_tolerance"": 1e-05, ""hit_round_cap"": false}",7.397711623672507,17,17,340.0,340.0,3.984375,2.8125,0.5390625,-0.0,-2.5373903696951814,18.57179456720671,6.2799850932434005,-19.94325605583284,5.441231712511286,0.0,2.022948767192606,23.177284785199433,0.0,7.3359375
82,20260993,FedAvg-P,20,8,2,3,0.5454545454545454,0.375,3366.2639982816822,2868.401063284395,1766.7400860671103,510,True,2.8983534175924004,2.8983534175924004,0,"{""selected_candidate"": 0, ""candidate_rounds"": [16, 16, 17, 17, 17], ""candidate_diagnostics"": [{""fit_converged"": true, ""final_update_norm"": 6.221923840390156e-06, ""fit_tolerance"": 1e-05, ""hit_round_cap"": false}, {""fit_converged"": true, ""final_update_norm"": 9.047535562861406e-06, ""fit_tolerance"": 1e-05, ""hit_round_cap"": false}, {""fit_converged"": true, ""final_update_norm"": 4.946033150441894e-06, ""fit_tolerance"": 1e-05, ""hit_round_cap"": false}, {""fit_converged"": true, ""final_update_norm"": 4.278657574694414e-06, ""fit_tolerance"": 1e-05, ""hit_round_cap"": false}, {""fit_converged"": true, ""final_update_norm"": 4.280045631188986e-06, ""fit_tolerance"": 1e-05, ""hit_round_cap"": false}]}",2.8983534175924004,16,83,320.0,1660.0,19.453125,0.3515625,0.5390625,-0.0,-6.919110383801737,23.16713575182763,10.757522703884709,-20.86215802918726,7.165466823155047,2.5989548496302475,6.121512274072838,26.18345869431291,0.0,20.34375
83,20260994,Pooled,0,10,0,5,0.6666666666666666,0.5,2787.2841690090877,2834.2706663747986,1661.6817112377714,1023,True,1.1495830321203824,0.046779925065416415,0,{},,0,0,,,0.0,0.0,0.5390625,-1.5585587749265974,-12.199277170716078,28.065929099056014,15.284513153028167,-29.021995257702482,17.657662360892218,0.46831666899383756,9.65579845731211,26.50308346688911,1.1779959510603506,0.5390625
83,20260994,Pooled-1SE,0,5,5,5,1.0,1.0,2867.0901245608875,3167.560629897541,1656.819377631843,334,True,1.1495830321203824,5.483085764761862,0,{},,0,0,,,0.0,0.0,0.5390625,-0.0,-2.3720310874796144,27.726172240008513,9.781975312645274,-0.0,0.0,-8.829033437005542,0.0,15.07666599372963,0.0,0.5390625
83,20260994,Largest-site,0,9,1,5,0.5714285714285714,0.4,2874.9834087679233,3007.954926302836,1704.6319636295455,959,True,1.1495830321203824,0.04715297517179523,0,{},,0,0,,,0.0,0.0,0.5390625,-6.9269849723618835,-13.982891313894376,34.03452253424067,10.762383112220288,-24.192092110029236,9.924111290940965,0.0,8.22466869944473,28.158452815155115,0.3571513920270461,0.5390625
83,20260994,Largest-site-1SE,0,6,4,5,0.9090909090909091,0.8333333333333334,2875.5622942435602,3283.750759600388,1672.062548222117,335,True,1.1495830321203824,4.355382899586763,0,{},,0,0,,,0.0,0.0,0.5390625,-1.3773866211813934,-6.371827504775071,32.02462334001312,3.5311413221847188,-0.0,-0.0,-8.33601811686298,0.0,17.737009294995058,0.0,0.5390625
83,20260994,One-shot,0,10,0,5,0.6666666666666666,0.5,2815.793375672656,2871.869270532635,1633.793574306383,1023,True,1.1495830321203824,1.1495830321203824,0,{},,1,1,,,0.234375,0.0,0.5390625,-1.0619174519927617,-12.058103662475176,29.03566157297599,13.942193389580877,-12.096046055014618,3.678350864380901,-7.443661684467109,8.292247315287995,17.850471609747878,3.754726199568338,0.7734375
83,20260994,ADMM,0,8,2,5,0.7692307692307693,0.625,2809.8976419222486,2924.151525598722,1614.1018469319672,990,True,1.1495830321203824,1.1495830321203824,0,{},,796,796,,,186.5625,0.0,0.5390625,-0.0,-9.993768808883045,28.329979508356622,14.018117212057755,-1.8367807110442445,-0.0,-12.597089015735088,2.262082882209824,16.617552087139526,0.21447711547038256,187.1015625
83,20260994,FedAvg,1,10,0,5,0.6666666666666666,0.5,2819.1949761149517,2860.030267176991,1625.007036892439,1023,True,1.1495830321203824,1.1495830321203824,0,"{""fit_converged"": true, ""final_update_norm"": 9.01542903460458e-06, ""fit_tolerance"": 1e-05, ""hit_round_cap"": false}",,64,64,64.0,64.0,15.0,0.0,0.5390625,-1.3864114162012637,-12.004646784341313,28.647227083798143,14.28724328009358,-5.459828251428103,-1.3658483269638821,-9.397442475751152,7.188484802818175,15.75557256285429,3.7266180915051677,15.5390625
83,20260994,FedAvg-ST,1,8,2,5,0.7692307692307693,0.625,2990.3781991504575,3259.1365103745607,1684.8707183466352,990,True,1.1495830321203824,1.1495830321203824,0,"{""fit_converged"": true, ""final_update_norm"": 9.01542903460458e-06, ""fit_tolerance"": 1e-05, ""hit_round_cap"": false}",3.6713663030088224,64,64,64.0,64.0,15.0,2.8125,0.5390625,-0.0,-8.33328048133249,24.97586078078932,10.615876977084758,-1.7884619484192807,-0.0,-5.72607617274233,3.517118499809353,12.084206259845468,0.05525178849634527,18.3515625
83,20260994,FedAvg-P,1,8,2,5,0.7692307692307693,0.625,2863.7562598741474,3001.182272467514,1618.4648576747982,990,True,1.1495830321203824,1.1495830321203824,0,"{""selected_candidate"": 0, ""candidate_rounds"": [73, 41, 68, 73, 64], ""candidate_diagnostics"": [{""fit_converged"": true, ""final_update_norm"": 9.810206476883725e-06, ""fit_tolerance"": 1e-05, ""hit_round_cap"": false}, {""fit_converged"": true, ""final_update_norm"": 8.863087415319801e-06, ""fit_tolerance"": 1e-05, ""hit_round_cap"": false}, {""fit_converged"": true, ""final_update_norm"": 9.329044223273286e-06, ""fit_tolerance"": 1e-05, ""hit_round_cap"": false}, {""fit_converged"": true, ""final_update_norm"": 9.96807624504788e-06, ""fit_tolerance"": 1e-05, ""hit_round_cap"": false}, {""fit_converged"": true, ""final_update_norm"": 9.204490554931056e-06, ""fit_tolerance"": 1e-05, ""hit_round_cap"": false}]}",1.1495830321203824,73,319,73.0,319.0,74.765625,0.3515625,0.5390625,-0.0,-10.189843267959048,29.06366624440157,13.476094626972552,-1.545369633298358,-0.0,-12.798840012886906,2.0383611580296552,13.33371171831925,1.603167349059982,75.65625
83,20260994,FedAvg,3,10,0,5,0.6666666666666666,0.5,2827.1566938864034,2879.9112622193484,1626.4177438810136,1023,True,1.1495830321203824,1.1495830321203824,0,"{""fit_converged"": true, ""final_update_norm"": 7.6202526306688986e-06, ""fit_tolerance"": 1e-05, ""hit_round_cap"": false}",,32,32,96.0,96.0,7.5,0.0,0.5390625,-0.9131677613655809,-11.85067512609414,29.04789325392491,14.00855191149833,-5.474061284558848,-1.683775071896833,-9.817817958615018,7.932578798671363,14.958853858418841,3.791799464064086,8.0390625
83,20260994,FedAvg-ST,3,8,2,5,0.7692307692307693,0.625,2992.590683687694,3283.001241227753,1680.5047440709868,990,True,1.1495830321203824,1.1495830321203824,0,"{""fit_converged"": true, ""final_update_norm"": 7.6202526306688986e-06, ""fit_tolerance"": 1e-05, ""hit_round_cap"": false}",3.6713663030088224,32,32,96.0,96.0,7.5,2.8125,0.5390625,-0.0,-8.179308823085318,25.376526950916087,10.337185608489508,-1.802694981550026,-0.0,-6.146451655606196,4.261212495662541,11.287487555410019,0.12043316105526358,10.8515625
83,20260994,FedAvg-P,3,8,2,5,0.7692307692307693,0.625,2847.8098917264215,2965.372958002209,1621.4772481504415,990,True,1.1495830321203824,1.1495830321203824,0,"{""selected_candidate"": 0, ""candidate_rounds"": [26, 41, 31, 31, 31], ""candidate_diagnostics"": [{""fit_converged"": true, ""final_update_norm"": 8.770551265621275e-06, ""fit_tolerance"": 1e-05, ""hit_round_cap"": false}, {""fit_converged"": true, ""final_update_norm"": 9.435469989633656e-06, ""fit_tolerance"": 1e-05, ""hit_round_cap"": false}, {""fit_converged"": true, ""final_update_norm"": 9.874951160045463e-06, ""fit_tolerance"": 1e-05, ""hit_round_cap"": false}, {""fit_converged"": true, ""final_update_norm"": 9.8522176151795e-06, ""fit_tolerance"": 1e-05, ""hit_round_cap"": false}, {""fit_converged"": true, ""final_update_norm"": 9.921427864916537e-06, ""fit_tolerance"": 1e-05, ""hit_round_cap"": false}]}",1.1495830321203824,26,160,78.0,480.0,37.5,0.3515625,0.5390625,-0.0,-10.883113226764078,27.720947225368423,13.024719206311845,-4.546254124168166,-0.0,-9.326699993787154,6.1509045942840315,13.972464445738908,2.583743262223253,38.390625
83,20260994,FedAvg,20,10,0,5,0.6666666666666666,0.5,2824.3480655578696,2880.7755994605836,1628.1935188609723,1023,True,1.1495830321203824,1.1495830321203824,0,"{""fit_converged"": true, ""final_update_norm"": 5.390014856206007e-06, ""fit_tolerance"": 1e-05, ""hit_round_cap"": false}",,17,17,340.0,340.0,3.984375,0.0,0.5390625,-1.0196891590275952,-11.975490040803674,29.22751838926707,13.940965714929526,-8.634656492675608,0.9228442238347762,-8.649729065722422,8.239538323690851,16.259336189656956,3.771398677335779,4.5234375
83,20260994,FedAvg-ST,20,8,2,5,0.7692307692307693,0.625,2982.9329849274545,3251.2757509103435,1685.9583406419868,990,True,1.1495830321203824,1.1495830321203824,0,"{""fit_converged"": true, ""final_update_norm"": 5.390014856206007e-06, ""fit_tolerance"": 1e-05, ""hit_round_cap"": false}",3.6713663030088224,17,17,340.0,340.0,3.984375,2.8125,0.5390625,-0.0,-8.304123737794852,25.556152086258244,10.269599411920703,-4.963290189666786,0.0,-4.9783627627136,4.568172020682029,12.587969886648134,0.10003237432695666,7.3359375
83,20260994,FedAvg-P,20,8,2,5,0.7692307692307693,0.625,2833.536894980227,2942.3583213847187,1623.995703656504,990,True,1.1495830321203824,1.1495830321203824,0,"{""selected_candidate"": 0, ""candidate_rounds"": [8, 13, 14, 11, 14], ""candidate_diagnostics"": [{""fit_converged"": true, ""final_update_norm"": 4.882424015099221e-06, ""fit_tolerance"": 1e-05, ""hit_round_cap"": false}, {""fit_converged"": true, ""final_update_norm"": 7.558138806596787e-06, ""fit_tolerance"": 1e-05, ""hit_round_cap"": false}, {""fit_converged"": true, ""final_update_norm"": 9.56523039083253e-06, ""fit_tolerance"": 1e-05, ""hit_round_cap"": false}, {""fit_converged"": true, ""final_update_norm"": 5.3912498039456035e-06, ""fit_tolerance"": 1e-05, ""hit_round_cap"": false}, {""fit_converged"": true, ""final_update_norm"": 8.080237325563255e-06, ""fit_tolerance"": 1e-05, ""hit_round_cap"": false}]}",1.1495830321203824,8,60,160.0,1200.0,14.0625,0.3515625,0.5390625,-0.0,-10.817303530220347,28.082307126206953,12.778020158179636,-6.890844409558353,0.0,-7.820485775233081,6.917144413001337,14.94271421998182,2.609619048742566,14.953125
84,20260995,Pooled,0,10,0,5,0.6666666666666666,0.5,3173.676682264936,3139.31691245249,1562.3297745364034,1023,True,1.4567846607014476,0.046414871519281024,0,{},,0,0,,,0.0,0.0,0.5390625,4.112535302166849,-12.197369488226572,20.009449191217378,18.80051799898949,-18.29901525659616,5.195265336870691,-1.745521924190851,14.152189675435729,27.053059404037676,0.5544299824501462,0.5390625
84,20260995,Pooled-1SE,0,5,5,5,1.0,1.0,3126.8699653493086,3555.7960689348693,1667.3507576527982,460,True,1.4567846607014476,11.116485285197706,0,{},,0,0,,,0.0,0.0,0.5390625,0.0,-0.0,17.209833564993918,9.744721146566118,0.0,0.0,-3.2211699256612984,0.3279423927009198,21.647073657330797,0.0,0.5390625
84,20260995,Largest-site,0,9,1,5,0.7142857142857143,0.5555555555555556,3242.988872062113,3290.2646413643974,1559.7080247597758,1007,True,1.4567846607014476,0.04486432768057944,0,{},,0,0,,,0.0,0.0,0.5390625,2.4113306101910785,-11.322397994817177,17.073690255856235,19.5823984594338,-0.0,-6.575976286166366,-16.270555408217128,10.357085227201885,17.766801990300735,1.2845855218801172,0.5390625
84,20260995,Largest-site-1SE,0,5,5,5,1.0,1.0,3304.490481330268,3808.029384980224,1723.1618857497028,460,True,1.4567846607014476,13.635145751740323,0,{},,0,0,,,0.0,0.0,0.5390625,0.0,-0.0,13.941537917383432,9.682052422732763,0.0,0.0,-3.8473671866109678,7.557110261058387,14.155634527608369,0.0,0.5390625
84,20260995,One-shot,0,10,0,5,0.6666666666666666,0.5,3178.7711425224393,3150.86413830858,1550.2385835808589,1023,True,1.4567846607014476,1.4567846607014476,0,{},,1,1,,,0.234375,0.0,0.5390625,5.186290637239802,-9.448284792136327,21.123388313532097,16.33985591880973,-11.641231504702542,2.3614372817516687,-4.490942122847543,10.938752327267737,24.485382499973323,-1.338260751698701,0.7734375
84,20260995,ADMM,0,8,2,5,0.7692307692307693,0.625,3101.4562133454265,3217.672154384791,1531.7942244142978,495,True,1.4567846607014476,1.4567846607014476,0,{},,640,640,,,150.0,0.0,0.5390625,2.6829825556611184,-9.934625748009458,19.55016088823385,17.586516000472383,-0.0,-2.462350124112609,-12.169518178806136,3.5579836835916776,22.428928293620004,0.0,150.5390625
84,20260995,FedAvg,1,10,0,5,0.6666666666666666,0.5,3140.7018416605824,3189.045655474391,1535.8901638063946,1023,False,1.4567846607014476,1.4567846607014476,0,"{""fit_converged"": false, ""final_update_norm"": 3.528470872372642e-05, ""fit_tolerance"": 1e-05, ""hit_round_cap"": true}",,500,500,500.0,500.0,117.1875,0.0,0.5390625,4.273483559404279,-10.556677145711221,20.0434184246159,17.32216587829658,-4.354032102948748,-0.036303746439674434,-10.840984733120433,4.704415393793527,23.77978124564103,-0.6850895484011681,117.7265625
84,20260995,FedAvg-ST,1,6,4,5,0.9090909090909091,0.8333333333333334,3101.78342369435,3569.450489618921,1648.137317938922,462,False,1.4567846607014476,1.4567846607014476,0,"{""fit_converged"": false, ""final_update_norm"": 3.528470872372642e-05, ""fit_tolerance"": 1e-05, ""hit_round_cap"": true}",4.6524609050417505,500,500,500.0,500.0,117.1875,2.8125,0.5390625,0.0,-5.904216240669471,15.390957519574151,12.66970497325483,-0.0,-0.0,-6.188523828078682,0.05195448875177622,19.12732034059928,-0.0,120.5390625
84,20260995,FedAvg-P,1,8,2,5,0.7692307692307693,0.625,3101.6490738506022,3228.1224099737947,1542.958309557808,975,True,1.4567846607014476,1.4567846607014476,0,"{""selected_candidate"": 0, ""candidate_rounds"": [39, 34, 41, 53, 69], ""candidate_diagnostics"": [{""fit_converged"": true, ""final_update_norm"": 7.736537553937868e-06, ""fit_tolerance"": 1e-05, ""hit_round_cap"": false}, {""fit_converged"": true, ""final_update_norm"": 9.48187078502734e-06, ""fit_tolerance"": 1e-05, ""hit_round_cap"": false}, {""fit_converged"": true, ""final_update_norm"": 9.67858310314605e-06, ""fit_tolerance"": 1e-05, ""hit_round_cap"": false}, {""fit_converged"": true, ""final_update_norm"": 8.394459047529389e-06, ""fit_tolerance"": 1e-05, ""hit_round_cap"": false}, {""fit_converged"": true, ""final_update_norm"": 8.822099079538136e-06, ""fit_tolerance"": 1e-05, ""hit_round_cap"": false}]}",1.4567846607014476,39,236,39.0,236.0,55.3125,0.3515625,0.5390625,3.530887100011894,-8.474881880366967,20.776126991320865,15.949635539002774,-0.0,-0.0,-13.171778960832068,1.1666614866422975,18.41806381430219,-0.03213781816078276,56.203125
84,20260995,FedAvg,3,10,0,5,0.6666666666666666,0.5,3179.019902576827,3192.2642504512683,1539.7297397541356,1023,True,1.4567846607014476,1.4567846607014476,0,"{""fit_converged"": true, ""final_update_norm"": 9.37585126473888e-06, ""fit_tolerance"": 1e-05, ""hit_round_cap"": false}",,113,113,339.0,339.0,26.484375,0.0,0.5390625,5.034865782613127,-9.756207102896235,20.473701120217783,16.639377202221407,-3.158663927454384,-2.925858672902866,-9.30712907154839,8.131517233062818,22.22705902683305,-1.276819972806465,27.0234375
84,20260995,FedAvg-ST,3,7,3,5,0.8333333333333334,0.7142857142857143,3121.966306027181,3602.4660675731357,1645.4200936453383,463,True,1.4567846607014476,1.4567846607014476,0,"{""fit_converged"": true, ""final_update_norm"": 9.37585126473888e-06, ""fit_tolerance"": 1e-05, ""hit_round_cap"": false}",4.6524609050417505,113,113,339.0,339.0,26.484375,2.8125,0.5390625,0.38240487757137664,-5.103746197854485,15.821240215176033,11.986916297179658,-0.0,-0.0,-4.65466816650664,3.479056328021067,17.5745981217913,-0.0,29.8359375
84,20260995,FedAvg-P,3,8,2,5,0.7692307692307693,0.625,3098.2292554662936,3273.388516860342,1539.5346979855215,479,True,1.4567846607014476,1.4567846607014476,0,"{""selected_candidate"": 0, ""candidate_rounds"": [22, 51, 42, 119, 117], ""candidate_diagnostics"": [{""fit_converged"": true, ""final_update_norm"": 5.564838996823747e-06, ""fit_tolerance"": 1e-05, ""hit_round_cap"": false}, {""fit_converged"": true, ""final_update_norm"": 9.983050009802939e-06, ""fit_tolerance"": 1e-05, ""hit_round_cap"": false}, {""fit_converged"": true, ""final_update_norm"": 7.116760376987605e-06, ""fit_tolerance"": 1e-05, ""hit_round_cap"": false}, {""fit_converged"": true, ""final_update_norm"": 9.711080776072953e-06, ""fit_tolerance"": 1e-05, ""hit_round_cap"": false}, {""fit_converged"": true, ""final_update_norm"": 9.245807641967219e-06, ""fit_tolerance"": 1e-05, ""hit_round_cap"": false}]}",1.4567846607014476,22,351,66.0,1053.0,82.265625,0.3515625,0.5390625,3.5014469796524437,-8.422495087038936,19.124948717556727,15.379784488605509,-3.193864210406693,-0.0,-8.243972806446504,5.896351432726794,21.221266368519235,-0.0,83.15625
84,20260995,FedAvg,20,10,0,5,0.6666666666666666,0.5,3180.8045108635656,3164.045557129372,1542.263594423041,1023,True,1.4567846607014476,1.4567846607014476,0,"{""fit_converged"": true, ""final_update_norm"": 3.5640208064549367e-06, ""fit_tolerance"": 1e-05, ""hit_round_cap"": false}",,16,16,320.0,320.0,3.75,0.0,0.5390625,5.061648036364462,-9.547445980024182,21.12193781041549,16.424652620733674,-6.816271728184805,-1.193683220141271,-6.636368003088602,10.258248017355935,22.874430850701824,-1.4139255914531184,4.2890625
84,20260995,FedAvg-ST,20,8,2,5,0.7692307692307693,0.625,3114.211468152713,3579.280296446724,1646.7973734951788,479,True,1.4567846607014476,1.4567846607014476,0,"{""fit_converged"": true, ""final_update_norm"": 3.5640208064549367e-06, ""fit_tolerance"": 1e-05, ""hit_round_cap"": false}",4.6524609050417505,16,16,320.0,320.0,3.75,2.8125,0.5390625,0.4091871313227111,-4.894985074982432,16.46947690537374,11.772191715691925,-2.163810823143055,-0.0,-1.9839070980468518,5.605787112314185,18.221969945660074,-0.0,7.1015625
84,20260995,FedAvg-P,20,8,2,5,0.7692307692307693,0.625,3100.917025702655,3254.4218563345275,1542.3380457220017,479,True,1.4567846607014476,1.4567846607014476,0,"{""selected_candidate"": 0, ""candidate_rounds"": [11, 18, 18, 25, 17], ""candidate_diagnostics"": [{""fit_converged"": true, ""final_update_norm"": 6.4819530618558826e-06, ""fit_tolerance"": 1e-05, ""hit_round_cap"": false}, {""fit_converged"": true, ""final_update_norm"": 6.8583084926984066e-06, ""fit_tolerance"": 1e-05, ""hit_round_cap"": false}, {""fit_converged"": true, ""final_update_norm"": 6.40077875193204e-06, ""fit_tolerance"": 1e-05, ""hit_round_cap"": false}, {""fit_converged"": true, ""final_update_norm"": 7.822323806594155e-06, ""fit_tolerance"": 1e-05, ""hit_round_cap"": false}, {""fit_converged"": true, ""final_update_norm"": 4.41952238459819e-06, ""fit_tolerance"": 1e-05, ""hit_round_cap"": false}]}",1.4567846607014476,11,89,220.0,1780.0,20.859375,0.3515625,0.5390625,3.6107456981266783,-8.098043490302496,19.65979484829195,14.966400771990081,-5.582828803186816,-0.0,-5.10201257683749,8.814020303575113,21.501185831827836,-0.0,21.75
85,20260996,Pooled,0,10,0,6,0.75,0.6,2729.798055699315,2922.0202303078086,1570.8106142556242,1023,True,0.8280406209126385,0.21488699865435149,0,{},,0,0,,,0.0,0.0,0.5390625,-1.1391469372245489,-12.259744791266678,22.867109366384,14.16514307967502,-22.891033617858255,13.133610718313637,-3.3214791453026344,6.753161916447871,28.17429615972907,4.410828515846886,0.5390625
85,20260996,Pooled-1SE,0,6,4,6,1.0,1.0,2911.8578808126936,3304.262691766261,1624.973584850908,846,True,0.8280406209126385,6.032342646387815,0,{},,0,0,,,0.0,0.0,0.5390625,-0.0,-0.7909325532580227,21.587821436922024,7.689004963263965,-0.0,-0.0,-7.697131803463348,0.0,20.24467754275052,0.6370820412643359,0.5390625
85,20260996,Largest-site,0,10,0,6,0.75,0.6,2707.0900319328666,3067.1717026898536,1597.0422930204447,1023,True,0.8280406209126385,0.3666692450840355,0,{},,0,0,,,0.0,0.0,0.5390625,-4.591106790056739,-11.11899365220359,27.6361525279667,13.821513255754928,-8.587176227022574,1.7838851013191077,-2.6624181955124673,4.152634668874899,19.226334432078385,7.467273850864423,0.5390625
85,20260996,Largest-site-1SE,0,3,7,6,0.6666666666666666,0.5,3213.777905540097,3896.612140383143,1788.8043099750219,268,True,0.8280406209126385,13.061667447247277,0,{},,0,0,,,0.0,0.0,0.5390625,-0.0,-0.0,21.305920657128958,4.13102195373642,0.0,0.0,-0.0,0.0,15.607631109113706,0.0,0.5390625
85,20260996,One-shot,0,10,0,6,0.75,0.6,2758.990743220038,2947.0953097464835,1559.6623105164463,1023,True,0.8280406209126385,0.8280406209126385,0,{},,1,1,,,0.234375,0.0,0.5390625,-2.2955533950283695,-10.796704132203347,23.9661912709216,12.91241611260468,-9.399982676461399,0.8919425506595539,-7.323615867306321,8.18554013108411,20.877798839219366,5.300340068557213,0.7734375
85,20260996,ADMM,0,9,1,6,0.8,0.6666666666666666,2733.0679824385024,2948.3296226687553,1552.4317249816315,991,True,0.8280406209126385,0.8280406209126385,0,{},,802,802,,,187.96875,0.0,0.5390625,-0.3144240803676845,-10.857215989060164,22.931047755636765,13.370324852408613,-3.563624574940337,-0.0,-12.831155414621499,1.4607262686454259,21.493395840803228,3.8906691829072315,188.5078125
85,20260996,FedAvg,1,10,0,6,0.75,0.6,2752.401090802795,2938.3628628349243,1555.1530188638833,1023,True,0.8280406209126385,0.8280406209126385,0,"{""fit_converged"": true, ""final_update_norm"": 8.712995571482985e-06, ""fit_tolerance"": 1e-05, ""hit_round_cap"": false}",,47,47,47.0,47.0,11.015625,0.0,0.5390625,-1.1051212103283152,-11.107804626600478,23.6865006256908,13.064803807774073,-6.337929619109753,-0.30125188363454786,-9.499063803702578,6.261683186086543,20.327650393232993,4.837160444044784,11.5546875
85,20260996,FedAvg-ST,1,8,2,6,0.8571428571428571,0.75,2861.154028083767,3366.676584694024,1619.6595291674937,990,True,0.8280406209126385,0.8280406209126385,0,"{""fit_converged"": true, ""final_update_norm"": 8.712995571482985e-06, ""fit_tolerance"": 1e-05, ""hit_round_cap"": false}",3.308874769411828,47,47,47.0,47.0,11.015625,2.8125,0.5390625,-0.0,-7.79892985718865,20.377625856278975,9.755929038362245,-3.029054849697925,-0.0,-6.19018903429075,2.9528084166747153,17.018775623821163,1.528285674632956,14.3671875
85,20260996,FedAvg-P,1,8,2,6,0.8571428571428571,0.75,2753.5539713598823,2971.39200345977,1556.3192854188455,990,True,0.8280406209126385,0.8280406209126385,0,"{""selected_candidate"": 0, ""candidate_rounds"": [72, 46, 47, 47, 47], ""candidate_diagnostics"": [{""fit_converged"": true, ""final_update_norm"": 8.810484453138555e-06, ""fit_tolerance"": 1e-05, ""hit_round_cap"": false}, {""fit_converged"": true, ""final_update_norm"": 9.559703815825776e-06, ""fit_tolerance"": 1e-05, ""hit_round_cap"": false}, {""fit_converged"": true, ""final_update_norm"": 8.046558246168742e-06, ""fit_tolerance"": 1e-05, ""hit_round_cap"": false}, {""fit_converged"": true, ""final_update_norm"": 8.379362856415906e-06, ""fit_tolerance"": 1e-05, ""hit_round_cap"": false}, {""fit_converged"": true, ""final_update_norm"": 8.545844343224097e-06, ""fit_tolerance"": 1e-05, ""hit_round_cap"": false}]}",0.8280406209126385,72,259,72.0,259.0,60.703125,0.3515625,0.5390625,-0.0,-9.476327351694003,23.96669590792816,12.462414706038095,-4.309978403776261,-0.0,-10.442490599045557,3.9611481581390198,19.1851401081614,3.322835871096415,61.59375
85,20260996,FedAvg,3,10,0,6,0.75,0.6,2756.7814268161696,2953.41301204822,1558.1035260233384,1023,True,0.8280406209126385,0.8280406209126385,0,"{""fit_converged"": true, ""final_update_norm"": 6.492671864764084e-06, ""fit_tolerance"": 1e-05, ""hit_round_cap"": false}",,26,26,78.0,78.0,6.09375,0.0,0.5390625,-2.2621581786055946,-10.730525593558218,23.934853326609577,12.788444978381532,-7.966101563561426,0.363705352608458,-7.665660365392883,7.846322080305244,20.64773134067496,5.157060635243464,6.6328125
85,20260996,FedAvg-ST,3,8,2,6,0.8571428571428571,0.75,2859.948479063413,3358.798450514757,1621.0096151514965,990,True,0.8280406209126385,0.8280406209126385,0,"{""fit_converged"": true, ""final_update_norm"": 6.492671864764084e-06, ""fit_tolerance"": 1e-05, ""hit_round_cap"": false}",3.308874769411828,26,26,78.0,78.0,6.09375,2.8125,0.5390625,-0.0,-7.42165082414639,20.625978557197747,9.479570208969704,-4.657226794149598,0.0,-4.356785595981055,4.537447310893416,17.33885657126313,1.8481858658316357,9.4453125
85,20260996,FedAvg-P,3,9,1,6,0.8,0.6666666666666666,2751.2887071097957,3019.598333816385,1558.5998112888321,991,True,0.8280406209126385,0.8280406209126385,0,"{""selected_candidate"": 0, ""candidate_rounds"": [18, 21, 27, 26, 26], ""candidate_diagnostics"": [{""fit_converged"": true, ""final_update_norm"": 6.633514197132712e-06, ""fit_tolerance"": 1e-05, ""hit_round_cap"": false}, {""fit_converged"": true, ""final_update_norm"": 8.770704947141274e-06, ""fit_tolerance"": 1e-05, ""hit_round_cap"": false}, {""fit_converged"": true, ""final_update_norm"": 6.995102703307464e-06, ""fit_tolerance"": 1e-05, ""hit_round_cap"": false}, {""fit_converged"": true, ""final_update_norm"": 6.083565235798136e-06, ""fit_tolerance"": 1e-05, ""hit_round_cap"": false}, {""fit_converged"": true, ""final_update_norm"": 5.9397341882456844e-06, ""fit_tolerance"": 1e-05, ""hit_round_cap"": false}]}",0.8280406209126385,18,118,54.0,354.0,27.65625,0.3515625,0.5390625,-1.5046849430840867,-10.076449459602461,23.110990220909756,12.123230756502142,-6.14973761900894,0.0,-8.102434007193606,5.9755013266913455,19.660894202669176,4.246622329843251,28.546875
85,20260996,FedAvg,20,10,0,6,0.75,0.6,2758.7207146185915,2946.749479969234,1560.2169014585177,1023,True,0.8280406209126385,0.8280406209126385,0,"{""fit_converged"": true, ""final_update_norm"": 7.910453743562446e-06, ""fit_tolerance"": 1e-05, ""hit_round_cap"": false}",,10,10,200.0,200.0,2.34375,0.0,0.5390625,-2.3001044951240415,-10.798859984278451,23.96469108523893,12.908583049350613,-9.992371636863059,1.2650889437400754,-6.947325740671102,8.411049737894835,21.07744535321329,5.299441016084767,2.8828125
85,20260996,FedAvg-ST,20,8,2,6,0.8571428571428571,0.75,2856.744282234276,3355.4814702596914,1623.5194732795194,990,True,0.8280406209126385,0.8280406209126385,0,"{""fit_converged"": true, ""final_update_norm"": 7.910453743562446e-06, ""fit_tolerance"": 1e-05, ""hit_round_cap"": false}",3.308874769411828,10,10,200.0,200.0,2.34375,2.8125,0.5390625,-0.0,-7.489985214866623,20.655816315827103,9.599708279938785,-6.683496867451231,0.0,-3.6384509712592745,5.102174968483007,17.768570583801463,1.9905662466729392,5.6953125
85,20260996,FedAvg-P,20,10,0,6,0.75,0.6,2749.2663487859986,3016.1505310986176,1562.0692350023794,1023,True,0.8280406209126385,0.8280406209126385,0,"{""selected_candidate"": 0, ""candidate_rounds"": [9, 9, 12, 10, 10], ""candidate_diagnostics"": [{""fit_converged"": true, ""final_update_norm"": 2.203290006514935e-06, ""fit_tolerance"": 1e-05, ""hit_round_cap"": false}, {""fit_converged"": true, ""final_update_norm"": 1.6281034200209802e-06, ""fit_tolerance"": 1e-05, ""hit_round_cap"": false}, {""fit_converged"": true, ""final_update_norm"": 5.1995112319528525e-06, ""fit_tolerance"": 1e-05, ""hit_round_cap"": false}, {""fit_converged"": true, ""final_update_norm"": 7.972511190852648e-06, ""fit_tolerance"": 1e-05, ""hit_round_cap"": false}, {""fit_converged"": true, ""final_update_norm"": 8.230616005916563e-06, ""fit_tolerance"": 1e-05, ""hit_round_cap"": false}]}",0.8280406209126385,9,50,180.0,1000.0,11.71875,0.3515625,0.5390625,-1.4701048219279473,-9.966624648341686,23.143313397465846,12.082892446718668,-8.87561188604667,0.22540573522572904,-6.268040031052714,7.517059612674675,20.140876940389063,4.47309444443097,12.609375
86,20260997,Pooled,0,10,0,5,0.6666666666666666,0.5,2883.581256207504,3129.0980737353493,1430.3687772599178,1023,True,0.1863955888998644,0.10291458453831398,0,{},,0,0,,,0.0,0.0,0.5390625,-1.9938487080033342,-10.05788236501114,28.986065877128247,14.277173968978254,-36.107483046515696,25.02421982600848,2.8876533089202288,1.876885264031297,35.9267621443367,5.2395089211627255,0.5390625
86,20260997,Pooled-1SE,0,5,5,5,1.0,1.0,2998.910772061025,3485.383446371384,1517.1178600934904,844,True,0.1863955888998644,5.9033375246123265,0,{},,0,0,,,0.0,0.0,0.5390625,0.0,-0.0,29.75044148342471,7.349277516464882,-0.0,-0.0,-3.553652851493829,0.0,20.39346559273292,1.4416781872057935,0.5390625
86,20260997,Largest-site,0,10,0,5,0.6666666666666666,0.5,2951.7226922009927,3228.663813544438,1470.9838613727206,1023,True,0.1863955888998644,0.19213961925728534,0,{},,0,0,,,0.0,0.0,0.5390625,0.6675083044505826,-8.610432400853748,30.26364564043581,14.237242413382381,-27.38640781623251,14.721224300091805,1.7475173553938703,2.256321570297337,39.96511154119701,6.448837525304464,0.5390625
86,20260997,Largest-site-1SE,0,2,8,5,0.5714285714285714,0.4,3228.0520302403775,3929.912662672394,1697.9050887601907,260,True,0.1863955888998644,22.520728917867235,0,{},,0,0,,,0.0,0.0,0.5390625,0.0,-0.0,26.51309308477851,0.0,0.0,0.0,-0.0,0.0,18.234746449667565,0.0,0.5390625
86,20260997,One-shot,0,10,0,5,0.6666666666666666,0.5,2846.348068678667,3164.6259217212637,1432.8494831073212,1023,True,0.1863955888998644,0.1863955888998644,0,{},,1,1,,,0.234375,0.0,0.5390625,-1.374087758690575,-7.817395782090767,28.352054122400233,12.586391889202961,-24.072157699182192,14.821022639633611,-2.266177255851744,-0.08532276740660105,32.85285169498094,5.61902150518399,0.7734375
86,20260997,ADMM,0,9,1,5,0.5714285714285714,0.4,2873.4740307561146,3130.713200178884,1429.1394191013806,959,True,0.1863955888998644,0.1863955888998644,0,{},,2262,2262,,,530.15625,0.0,0.5390625,-1.7905003826968633,-9.8117107406979,29.14820087609168,14.120354306242882,-28.360069037963413,18.71766140153719,-0.0,1.513360696572617,32.87411634567303,5.190514693841927,530.6953125
86,20260997,FedAvg,1,10,0,5,0.6666666666666666,0.5,2875.6780494722957,3156.0454518759784,1430.5427938625744,1023,True,0.1863955888998644,0.1863955888998644,0,"{""fit_converged"": true, ""final_update_norm"": 9.720013937740258e-06, ""fit_tolerance"": 1e-05, ""hit_round_cap"": false}",,367,367,367.0,367.0,86.015625,0.0,0.5390625,-1.836897711296519,-9.31756171721176,28.546273482507786,14.355535054345312,-30.006508490957998,21.344996340398584,0.4446163506168683,-0.700576542838257,34.31218989047129,5.19142296284163,86.5546875
86,20260997,FedAvg-ST,1,8,2,5,0.6153846153846154,0.4444444444444444,2849.8567106129976,3146.7969024513004,1432.9904384521096,831,True,0.1863955888998644,0.1863955888998644,0,"{""fit_converged"": true, ""final_update_norm"": 9.720013937740258e-06, ""fit_tolerance"": 1e-05, ""hit_round_cap"": false}",0.931977944499322,367,367,367.0,367.0,86.015625,2.8125,0.5390625,-0.904919766797197,-8.385583772712438,27.614295538008463,13.42355710984599,-29.074530546458675,20.41301839589926,0.0,-0.0,33.380211945971965,4.259445018342308,89.3671875
86,20260997,FedAvg-P,1,9,1,5,0.7142857142857143,0.5555555555555556,2864.306458245392,3157.3231607282187,1431.038451930272,895,False,0.1863955888998644,0.1863955888998644,2,"{""selected_candidate"": 0, ""candidate_rounds"": [500, 500, 279, 424, 379], ""candidate_diagnostics"": [{""fit_converged"": false, ""final_update_norm"": 2.4977742615300696e-05, ""fit_tolerance"": 1e-05, ""hit_round_cap"": true}, {""fit_converged"": false, ""final_update_norm"": 7.060039562568809e-05, ""fit_tolerance"": 1e-05, ""hit_round_cap"": true}, {""fit_converged"": true, ""final_update_norm"": 9.988229978712257e-06, ""fit_tolerance"": 1e-05, ""hit_round_cap"": false}, {""fit_converged"": true, ""final_update_norm"": 9.670526305136106e-06, ""fit_tolerance"": 1e-05, ""hit_round_cap"": false}, {""fit_converged"": true, ""final_update_norm"": 9.771017044181737e-06, ""fit_tolerance"": 1e-05, ""hit_round_cap"": false}]}",0.1863955888998644,500,2082,500.0,2082.0,487.96875,0.3515625,0.5390625,-1.4352616077978304,-8.856075334987688,28.873981170701903,14.075832352066218,-21.47627066328111,13.969743829878487,-1.9491318379224554,-0.0,30.623502414356597,4.893302627720627,488.859375
86,20260997,FedAvg,3,10,0,5,0.6666666666666666,0.5,2844.8148644652565,3166.960651145879,1431.9501585614476,1023,True,0.1863955888998644,0.1863955888998644,0,"{""fit_converged"": true, ""final_update_norm"": 9.971566536438712e-06, ""fit_tolerance"": 1e-05, ""hit_round_cap"": false}",,140,140,420.0,420.0,32.8125,0.0,0.5390625,-1.7623761023813107,-8.095545248842516,28.167239602741734,13.121759082310982,-27.51703894931497,18.002126482595813,-0.8941254059131065,-0.40422463691937194,34.147798180041214,5.188442674620749,33.3515625
86,20260997,FedAvg-ST,3,8,2,5,0.6153846153846154,0.4444444444444444,2823.625131862847,3184.1766389834033,1438.465155045292,831,True,0.1863955888998644,0.1863955888998644,0,"{""fit_converged"": true, ""final_update_norm"": 9.971566536438712e-06, ""fit_tolerance"": 1e-05, ""hit_round_cap"": false}",0.931977944499322,140,140,420.0,420.0,32.8125,2.8125,0.5390625,-0.8303981578819887,-7.163567304343194,27.23526165824241,12.18978113781166,-26.585061004815646,17.07014853809649,-0.0,-0.0,33.21582023554189,4.256464730121427,36.1640625
86,20260997,FedAvg-P,3,9,1,5,0.7142857142857143,0.5555555555555556,2837.432837138969,3168.148417454515,1432.578586820123,895,True,0.1863955888998644,0.1863955888998644,0,"{""selected_candidate"": 0, ""candidate_rounds"": [189, 150, 144, 142, 141], ""candidate_diagnostics"": [{""fit_converged"": true, ""final_update_norm"": 9.760665353403708e-06, ""fit_tolerance"": 1e-05, ""hit_round_cap"": false}, {""fit_converged"": true, ""final_update_norm"": 9.792782915004271e-06, ""fit_tolerance"": 1e-05, ""hit_round_cap"": false}, {""fit_converged"": true, ""final_update_norm"": 9.116126515857034e-06, ""fit_tolerance"": 1e-05, ""hit_round_cap"": false}, {""fit_converged"": true, ""final_update_norm"": 9.310831982370723e-06, ""fit_tolerance"": 1e-05, ""hit_round_cap"": false}, {""fit_converged"": true, ""final_update_norm"": 9.595702898126792e-06, ""fit_tolerance"": 1e-05, ""hit_round_cap"": false}]}",0.1863955888998644,189,766,567.0,2298.0,179.53125,0.3515625,0.5390625,-1.5642370134996,-7.850310552937503,28.081872983756707,12.92792635942851,-24.95893783411323,15.701248277425009,-1.3794849277463936,-0.0,32.95886083774614,5.007516501559685,180.421875
86,20260997,FedAvg,20,10,0,5,0.6666666666666666,0.5,2846.9676121906177,3167.1863849011525,1432.8175523417635,1023,True,0.1863955888998644,0.1863955888998644,0,"{""fit_converged"": true, ""final_update_norm"": 7.678993305549432e-06, ""fit_tolerance"": 1e-05, ""hit_round_cap"": false}",,48,48,960.0,960.0,11.25,0.0,0.5390625,-1.3920885373602965,-7.8462970927735025,28.294822541861688,12.61147209471741,-25.726671944314607,16.303001106440345,-1.7046238840568475,-0.3448934334523881,33.67272445949118,5.546934592788407,11.7890625
86,20260997,FedAvg-ST,20,9,1,5,0.7142857142857143,0.5555555555555556,2825.5614609898357,3185.156880893651,1438.924917861936,895,True,0.1863955888998644,0.1863955888998644,0,"{""fit_converged"": true, ""final_update_norm"": 7.678993305549432e-06, ""fit_tolerance"": 1e-05, ""hit_round_cap"": false}",0.931977944499322,48,48,960.0,960.0,11.25,2.8125,0.5390625,-0.46011059286097444,-6.91431914827418,27.362844597362365,11.679494150218089,-24.794693999815284,15.371023161941023,-0.7726459395575255,-0.0,32.740746514991855,4.614956648289085,14.6015625
86,20260997,FedAvg-P,20,10,0,5,0.6666666666666666,0.5,2841.9225975849613,3168.027589845652,1433.3677690334487,1023,True,0.1863955888998644,0.1863955888998644,0,"{""selected_candidate"": 0, ""candidate_rounds"": [38, 46, 47, 47, 47], ""candidate_diagnostics"": [{""fit_converged"": true, ""final_update_norm"": 7.522638826179388e-06, ""fit_tolerance"": 1e-05, ""hit_round_cap"": false}, {""fit_converged"": true, ""final_update_norm"": 9.25474876019772e-06, ""fit_tolerance"": 1e-05, ""hit_round_cap"": false}, {""fit_converged"": true, ""final_update_norm"": 8.844770750367486e-06, ""fit_tolerance"": 1e-05, ""hit_round_cap"": false}, {""fit_converged"": true, ""final_update_norm"": 9.492070223205833e-06, ""fit_tolerance"": 1e-05, ""hit_round_cap"": false}, {""fit_converged"": true, ""final_update_norm"": 9.779433823302835e-06, ""fit_tolerance"": 1e-05, ""hit_round_cap"": false}]}",0.1863955888998644,38,225,760.0,4500.0,52.734375,0.3515625,0.5390625,-1.1997220656223635,-7.655853165881977,28.113155793455935,12.424369521628954,-25.120323375715778,15.778460182362997,-1.6893364573367218,-0.1833110171372626,33.32416211631535,5.363784497411578,53.625
87,20260998,Pooled,0,7,3,3,0.6,0.42857142857142855,3406.1420256007136,3049.498243633423,1750.9835181287733,862,True,4.734206760233028,2.554338918669892,0,{},,0,0,,,0.0,0.0,0.5390625,-0.0,-3.5084390620473584,24.42216721716842,9.09391565303062,-3.8698432196940664,-0.0,-11.049519528762842,0.0,24.437683066925405,1.2444080037164302,0.5390625
87,20260998,Pooled-1SE,0,3,7,3,1.0,1.0,4309.406650280114,3446.124303464693,1879.7098278304024,324,True,4.734206760233028,17.17373381961279,0,{},,0,0,,,0.0,0.0,0.5390625,0.0,0.0,19.735236964042098,0.0,0.0,0.0,-1.5153309430728146,0.0,16.882761230308585,0.0,0.5390625
87,20260998,Largest-site,0,6,4,3,0.6666666666666666,0.5,3524.369843874128,3036.8092049703305,1757.7136365547917,366,True,4.734206760233028,5.687053781024651,0,{},,0,0,,,0.0,0.0,0.5390625,-0.0,-2.155218505317811,19.965930495953597,10.099285134093845,-0.0,-0.42905561122815866,-5.907435306050226,0.0,27.33917243175901,0.0,0.5390625
87,20260998,Largest-site-1SE,0,3,7,3,0.6666666666666666,0.5,4574.088924124014,3594.916916217834,1969.6398002559108,268,True,4.734206760233028,23.745263345149656,0,{},,0,0,,,0.0,0.0,0.5390625,0.0,-0.0,14.215865335842235,0.1591014336056808,0.0,0.0,-0.0,0.0,17.88941951183852,0.0,0.5390625
87,20260998,One-shot,0,9,1,3,0.5,0.3333333333333333,3487.056075134404,3107.3293549869027,1806.536614083197,1007,True,4.734206760233028,4.734206760233028,0,{},,1,1,,,0.234375,0.0,0.5390625,3.9649655717001013,-2.4434090599453717,21.776138024047448,10.108727547378368,0.0,-8.224120316954671,-4.004182900467036,11.382158583776667,18.723060732917105,2.3574518601287453,0.7734375
87,20260998,ADMM,0,4,6,3,0.8571428571428571,0.75,3597.193722502662,3090.4787273483053,1732.8307928909455,332,True,4.734206760233028,4.734206760233028,0,{},,116,116,,,27.1875,0.0,0.5390625,-0.0,-0.0,24.272852316054884,6.763407015253248,-0.0,-0.0,-9.13084208775655,0.0,22.01439786967623,0.0,27.7265625
87,20260998,FedAvg,1,10,0,3,0.46153846153846156,0.3,3501.3721490396133,3042.4536869504545,1772.9609641130894,1023,True,4.734206760233028,4.734206760233028,0,"{""fit_converged"": true, ""final_update_norm"": 9.713978317902844e-06, ""fit_tolerance"": 1e-05, ""hit_round_cap"": false}",,20,20,20.0,20.0,4.6875,0.0,0.5390625,3.763805380382558,-1.1214742187020548,22.909340358638488,9.26069012221203,-3.0062850079578842,-1.2016839433163917,-7.424044998047287,1.8350623888131345,22.070570696622266,1.847840970356054,5.2265625
87,20260998,FedAvg-ST,1,4,6,3,0.8571428571428571,0.75,4312.920233167212,3449.712823452164,1902.68192633752,332,True,4.734206760233028,4.734206760233028,0,"{""fit_converged"": true, ""final_update_norm"": 9.713978317902844e-06, ""fit_tolerance"": 1e-05, ""hit_round_cap"": false}",6.168354573396418,20,20,20.0,20.0,4.6875,2.8125,0.5390625,0.0,-0.0,16.74098578524207,3.092335548815611,-0.0,-0.0,-1.2556904246508687,0.0,15.902216123225848,0.0,8.0390625
87,20260998,FedAvg-P,1,4,6,3,0.8571428571428571,0.75,3926.7233193530874,3262.3039242068126,1806.2681796935988,332,True,4.734206760233028,4.734206760233028,0,"{""selected_candidate"": 0, ""candidate_rounds"": [17, 18, 20, 19, 20], ""candidate_diagnostics"": [{""fit_converged"": true, ""final_update_norm"": 3.933588167162285e-06, ""fit_tolerance"": 1e-05, ""hit_round_cap"": false}, {""fit_converged"": true, ""final_update_norm"": 6.902234873490255e-06, ""fit_tolerance"": 1e-05, ""hit_round_cap"": false}, {""fit_converged"": true, ""final_update_norm"": 5.483628495492698e-06, ""fit_tolerance"": 1e-05, ""hit_round_cap"": false}, {""fit_converged"": true, ""final_update_norm"": 9.840965450617485e-06, ""fit_tolerance"": 1e-05, ""hit_round_cap"": false}, {""fit_converged"": true, ""final_update_norm"": 8.34024780829862e-06, ""fit_tolerance"": 1e-05, ""hit_round_cap"": false}]}",4.734206760233028,17,94,17.0,94.0,22.03125,0.3515625,0.5390625,0.0,0.0,25.092662898701704,4.442415930996423,-0.0,-0.0,-4.014020833247845,0.0,13.483314763488785,0.0,22.921875
87,20260998,FedAvg,3,10,0,3,0.46153846153846156,0.3,3476.299092849183,3063.698606504394,1785.034425557649,1023,True,4.734206760233028,4.734206760233028,0,"{""fit_converged"": true, ""final_update_norm"": 9.584825940885802e-06, ""fit_tolerance"": 1e-05, ""hit_round_cap"": false}",,11,11,33.0,33.0,2.578125,0.0,0.5390625,3.7495737264988724,-1.9909313197291914,21.75444436576741,10.418000913608372,-4.463187796758786,-1.2637674103315644,-6.167225360032564,5.461440424367501,21.213806367566566,2.004290495351265,3.1171875
87,20260998,FedAvg-ST,3,5,5,3,0.75,0.6,4153.003395928836,3351.393249403404,1869.9406289082362,460,True,4.734206760233028,4.734206760233028,0,"{""fit_converged"": true, ""final_update_norm"": 9.584825940885802e-06, ""fit_tolerance"": 1e-05, ""hit_round_cap"": false}",4.929785399707062,11,11,33.0,33.0,2.578125,2.8125,0.5390625,0.0,-0.0,16.824658966060348,5.48821551390131,-0.0,-0.0,-1.237439960325502,0.5316550246604388,16.284020967859504,0.0,5.9296875
87,20260998,FedAvg-P,3,4,6,3,0.8571428571428571,0.75,4086.565750346983,3308.820851600901,1848.5494913098312,332,True,4.734206760233028,4.734206760233028,0,"{""selected_candidate"": 0, ""candidate_rounds"": [7, 11, 11, 12, 12], ""candidate_diagnostics"": [{""fit_converged"": true, ""final_update_norm"": 9.487120316169771e-06, ""fit_tolerance"": 1e-05, ""hit_round_cap"": false}, {""fit_converged"": true, ""final_update_norm"": 4.965843236381331e-06, ""fit_tolerance"": 1e-05, ""hit_round_cap"": false}, {""fit_converged"": true, ""final_update_norm"": 2.76629185908996e-06, ""fit_tolerance"": 1e-05, ""hit_round_cap"": false}, {""fit_converged"": true, ""final_update_norm"": 3.036855640219825e-06, ""fit_tolerance"": 1e-05, ""hit_round_cap"": false}, {""fit_converged"": true, ""final_update_norm"": 2.817581151677652e-06, ""fit_tolerance"": 1e-05, ""hit_round_cap"": false}]}",4.734206760233028,7,53,21.0,159.0,12.421875,0.3515625,0.5390625,0.0,-0.0,16.903249052956244,5.98998591512331,-0.0,-0.0,-2.9781133070803243,0.0,16.352905664646762,0.0,13.3125
87,20260998,FedAvg,20,10,0,3,0.46153846153846156,0.3,3485.270391161911,3093.25299736493,1806.3102887428286,1023,True,4.734206760233028,4.734206760233028,0,"{""fit_converged"": true, ""final_update_norm"": 2.9563564130114506e-06, ""fit_tolerance"": 1e-05, ""hit_round_cap"": false}",,11,11,220.0,220.0,2.578125,0.0,0.5390625,4.032467657389972,-2.5169872059691665,21.702428972966167,10.182000906372727,-4.478699515641204,-4.1323053872285875,-2.4715871746632234,11.309727786910425,20.153639839495025,2.34683218740501,3.1171875
87,20260998,FedAvg-ST,20,4,6,3,0.5714285714285714,0.4,4270.6936669120605,3490.287330555312,1902.3957972312971,396,True,4.734206760233028,4.734206760233028,0,"{""fit_converged"": true, ""final_update_norm"": 2.9563564130114506e-06, ""fit_tolerance"": 1e-05, ""hit_round_cap"": false}",6.168354573396418,11,11,220.0,220.0,2.578125,2.8125,0.5390625,0.0,-0.0,15.53407439956975,4.013646332976308,-0.0,-0.0,-0.0,5.141373213514007,13.985285266098607,0.0,5.9296875
87,20260998,FedAvg-P,20,5,5,3,0.5,0.3333333333333333,4052.1205483752983,3350.17357801776,1844.647633983173,412,True,4.734206760233028,4.734206760233028,0,"{""selected_candidate"": 0, ""candidate_rounds"": [5, 10, 11, 11, 11], ""candidate_diagnostics"": [{""fit_converged"": true, ""final_update_norm"": 9.150587088637798e-06, ""fit_tolerance"": 1e-05, ""hit_round_cap"": false}, {""fit_converged"": true, ""final_update_norm"": 9.622719360074108e-06, ""fit_tolerance"": 1e-05, ""hit_round_cap"": false}, {""fit_converged"": true, ""final_update_norm"": 4.3366825629973385e-06, ""fit_tolerance"": 1e-05, ""hit_round_cap"": false}, {""fit_converged"": true, ""final_update_norm"": 3.646684367215771e-06, ""fit_tolerance"": 1e-05, ""hit_round_cap"": false}, {""fit_converged"": true, ""final_update_norm"": 3.301685222621749e-06, ""fit_tolerance"": 1e-05, ""hit_round_cap"": false}]}",4.734206760233028,5,48,100.0,960.0,11.25,0.3515625,0.5390625,0.0,-0.0,16.953992630472335,5.460308138600024,-0.33386496788053854,-0.0,-0.0,6.5406426458064635,15.612029981060378,0.0,12.140625
88,20260999,Pooled,0,6,4,3,0.6666666666666666,0.5,3092.1855746751585,3151.39022889812,1937.3273196847927,846,True,6.819619700120272,5.379528265000415,0,{},,0,0,,,0.0,0.0,0.5390625,-0.0,-5.792703994507306,23.208823282236764,7.954024683728945,-0.0,-0.0,-11.412858394003754,0.0,20.063214148196487,1.939824906816165,0.5390625
88,20260999,Pooled-1SE,0,3,7,3,1.0,1.0,3690.8402045113817,3562.7612637579573,2049.4294149367292,324,True,6.819619700120272,17.700501574551417,0,{},,0,0,,,0.0,0.0,0.5390625,0.0,-0.0,19.86155593387031,0.0,0.0,0.0,-0.606063153947015,0.0,17.07898649226239,0.0,0.5390625
88,20260999,Largest-site,0,7,3,3,0.6,0.42857142857142855,3284.9764302496383,3340.88607044163,2049.564201705164,878,True,6.819619700120272,2.7908770998487493,0,{},,0,0,,,0.0,0.0,0.5390625,-0.0,-14.811987850587045,15.675081673958099,12.028260322758321,-0.0,-1.9965956810292464,-17.92890664807777,0.0,16.604149009010946,12.46378880908292,0.5390625
88,20260999,Largest-site-1SE,0,5,5,3,0.75,0.6,3622.5088290785993,3402.9624400777348,2022.5698103999362,844,True,6.819619700120272,11.65280200461126,0,{},,0,0,,,0.0,0.0,0.5390625,0.0,-0.0,15.25898333232544,2.9863192638555707,0.0,0.0,-3.7182909906991055,0.0,15.53577759849575,8.664172346384273,0.5390625
88,20260999,One-shot,0,7,3,3,0.6,0.42857142857142855,3139.5120522368666,3198.941140261194,1953.6842181018537,878,True,6.819619700120272,6.819619700120272,0,{},,1,1,,,0.234375,0.0,0.5390625,0.0,-7.405993925293522,22.048803951462787,7.923812637205177,0.0,-0.9982978405146232,-11.72394695240719,0.0,16.57048675436313,6.23189440454146,0.7734375
88,20260999,ADMM,0,6,4,3,0.6666666666666666,0.5,3133.4140766594337,3153.4916082015216,1932.2673197430481,846,True,6.819619700120272,6.819619700120272,0,{},,142,142,,,33.28125,0.0,0.5390625,-0.0,-3.0575583633776895,23.277017415659007,6.697089162460626,-0.0,-0.0,-9.226683501196376,0.0,20.003782566285278,1.0819870998523542,33.8203125
88,20260999,FedAvg,1,6,4,3,0.6666666666666666,0.5,3149.4287988887972,3148.979729461218,1939.8159229029961,846,True,6.819619700120272,6.819619700120272,0,"{""fit_converged"": true, ""final_update_norm"": 9.416220424368529e-06, ""fit_tolerance"": 1e-05, ""hit_round_cap"": false}",,16,16,16.0,16.0,3.75,0.0,0.5390625,0.0,-5.935022634962325,21.326788079747587,7.966574316358129,0.0,0.0,-11.036372479828675,0.0,18.42523840420985,4.498317324211528,4.2890625
88,20260999,FedAvg-ST,1,5,5,3,0.75,0.6,3847.2367573563965,3582.887189598344,2085.8310792813986,334,True,6.819619700120272,6.819619700120272,0,"{""fit_converged"": true, ""final_update_norm"": 9.416220424368529e-06, ""fit_tolerance"": 1e-05, ""hit_round_cap"": false}",5.675441268071348,16,16,16.0,16.0,3.75,2.8125,0.5390625,0.0,-0.259581366890977,15.651346811676238,2.29113304828678,0.0,0.0,-5.360931211757326,0.0,12.7497971361385,0.0,7.1015625
88,20260999,FedAvg-P,1,5,5,3,0.75,0.6,3317.344698586379,3300.6795873721153,1961.1730357022593,334,True,6.819619700120272,6.819619700120272,0,"{""selected_candidate"": 1, ""candidate_rounds"": [17, 16, 16, 17, 17], ""candidate_diagnostics"": [{""fit_converged"": true, ""final_update_norm"": 4.885498805078241e-06, ""fit_tolerance"": 1e-05, ""hit_round_cap"": false}, {""fit_converged"": true, ""final_update_norm"": 8.857452698438359e-06, ""fit_tolerance"": 1e-05, ""hit_round_cap"": false}, {""fit_converged"": true, ""final_update_norm"": 8.1941183125853e-06, ""fit_tolerance"": 1e-05, ""hit_round_cap"": false}, {""fit_converged"": true, ""final_update_norm"": 4.785481588006778e-06, ""fit_tolerance"": 1e-05, ""hit_round_cap"": false}, {""fit_converged"": true, ""final_update_norm"": 4.828307658023578e-06, ""fit_tolerance"": 1e-05, ""hit_round_cap"": false}]}",3.409809850060136,16,83,16.0,83.0,19.453125,0.3515625,0.5390625,0.0,-0.8264707388641153,24.18978277113461,5.285204285010484,0.0,0.0,-8.060070806243235,0.0,13.561983150310496,0.0,20.34375
88,20260999,FedAvg,3,8,2,3,0.5454545454545454,0.375,3141.8116545087432,3188.5724789506776,1952.1931842198778,894,True,6.819619700120272,6.819619700120272,0,"{""fit_converged"": true, ""final_update_norm"": 1.7766248439960365e-06, ""fit_tolerance"": 1e-05, ""hit_round_cap"": false}",,7,7,21.0,21.0,1.640625,0.0,0.5390625,0.0,-7.359378566614026,21.76716925120605,7.938755064992387,-0.39382529156443824,-0.5106505410544726,-11.477558862881962,0.0,17.14146191705603,6.071506147776832,2.1796875
88,20260999,FedAvg-ST,3,6,4,3,0.6666666666666666,0.5,3864.6984970806334,3623.8506602078764,2093.3777231109957,846,True,6.819619700120272,6.819619700120272,0,"{""fit_converged"": true, ""final_update_norm"": 1.7766248439960365e-06, ""fit_tolerance"": 1e-05, ""hit_round_cap"": false}",5.675441268071348,7,7,21.0,21.0,1.640625,2.8125,0.5390625,0.0,-1.683937298542678,16.0917279831347,2.2633137969210386,-0.0,-0.0,-5.802117594810613,0.0,11.466020648984681,0.39606487970548354,4.9921875
88,20260999,FedAvg-P,3,6,4,3,0.6666666666666666,0.5,3488.5516856301933,3340.287801299723,1988.2128828398609,846,True,6.819619700120272,6.819619700120272,0,"{""selected_candidate"": 1, ""candidate_rounds"": [6, 7, 7, 7, 7], ""candidate_diagnostics"": [{""fit_converged"": true, ""final_update_norm"": 6.991037772735488e-06, ""fit_tolerance"": 1e-05, ""hit_round_cap"": false}, {""fit_converged"": true, ""final_update_norm"": 1.6352328175599343e-06, ""fit_tolerance"": 1e-05, ""hit_round_cap"": false}, {""fit_converged"": true, ""final_update_norm"": 2.1176094973533647e-06, ""fit_tolerance"": 1e-05, ""hit_round_cap"": false}, {""fit_converged"": true, ""final_update_norm"": 2.3213756165688584e-06, ""fit_tolerance"": 1e-05, ""hit_round_cap"": false}, {""fit_converged"": true, ""final_update_norm"": 1.2329747136351705e-06, ""fit_tolerance"": 1e-05, ""hit_round_cap"": false}]}",3.409809850060136,7,34,21.0,102.0,7.96875,0.3515625,0.5390625,-0.0,-3.9421619943396378,18.359469205542474,4.74117556288273,-0.0,-0.0,-8.269910670246393,0.0,13.785621632038879,2.520453522503397,8.859375
88,20260999,FedAvg,20,7,3,3,0.6,0.42857142857142855,3139.5120502295813,3198.9411384687655,1953.6842167443438,878,True,6.819619700120272,6.819619700120272,0,"{""fit_converged"": true, ""final_update_norm"": 6.22613656966839e-07, ""fit_tolerance"": 1e-05, ""hit_round_cap"": false}",,2,2,40.0,40.0,0.46875,0.0,0.5390625,0.0,-7.405993839122663,22.0488041003057,7.923812629167809,0.0,-0.9982977008167705,-11.723946963533523,0.0,16.570486767043864,6.23189428476286,1.0078125
88,20260999,FedAvg-ST,20,6,4,3,0.6666666666666666,0.5,3865.8413460390107,3636.539202618398,2094.4176866134612,846,True,6.819619700120272,6.819619700120272,0,"{""fit_converged"": true, ""final_update_norm"": 6.22613656966839e-07, ""fit_tolerance"": 1e-05, ""hit_round_cap"": false}",5.675441268071348,2,2,40.0,40.0,0.46875,2.8125,0.5390625,0.0,-1.730552571051315,16.37336283223435,2.248371361096461,0.0,-0.0,-6.0485056954621745,0.0,10.895045498972515,0.5564530166915116,3.8203125
88,20260999,FedAvg-P,20,6,4,3,0.6666666666666666,0.5,3498.6102462134613,3362.7910792051725,1991.6238267771719,846,True,6.819619700120272,6.819619700120272,0,"{""selected_candidate"": 1, ""candidate_rounds"": [2, 2, 2, 2, 2], ""candidate_diagnostics"": [{""fit_converged"": true, ""final_update_norm"": 1.3582351053630678e-07, ""fit_tolerance"": 1e-05, ""hit_round_cap"": false}, {""fit_converged"": true, ""final_update_norm"": 3.7663244496194295e-07, ""fit_tolerance"": 1e-05, ""hit_round_cap"": false}, {""fit_converged"": true, ""final_update_norm"": 4.965856166150383e-07, ""fit_tolerance"": 1e-05, ""hit_round_cap"": false}, {""fit_converged"": true, ""final_update_norm"": 5.910859280446124e-07, ""fit_tolerance"": 1e-05, ""hit_round_cap"": false}, {""fit_converged"": true, ""final_update_norm"": 6.068385833694161e-07, ""fit_tolerance"": 1e-05, ""hit_round_cap"": false}]}",3.409809850060136,2,10,40.0,200.0,2.34375,0.3515625,0.5390625,0.0,-3.9961839039067755,18.63899439021295,4.514002782568012,0.0,-0.0,-8.314137135836116,0.0,13.160676862861276,2.8220843561513025,3.234375
89,20261000,Pooled,0,9,1,3,0.5,0.3333333333333333,2791.152702661388,3282.7688047237216,2078.776945055018,959,True,4.920676931290544,0.059279699627581846,0,{},,0,0,,,0.0,0.0,0.5390625,-0.6851773413414447,-9.837411297727378,27.87333263083281,13.592642888140418,-29.998405821747543,19.922983566312666,-0.0,0.08982804978393091,35.261515624244645,1.0572212039630808,0.5390625
89,20261000,Pooled-1SE,0,3,7,3,1.0,1.0,3930.5242601112545,3542.8173603970863,1927.0559965431398,268,True,4.920676931290544,18.016258937306016,0,{},,0,0,,,0.0,0.0,0.5390625,0.0,-0.0,21.4590607960888,0.13597971112101806,0.0,0.0,-0.0,0.0,15.6467128686366,0.0,0.5390625
89,20261000,Largest-site,0,10,0,3,0.46153846153846156,0.3,2959.085559858355,3166.2209259289584,2659.757112193577,1023,True,4.920676931290544,0.04867255309982191,0,{},,0,0,,,0.0,0.0,0.5390625,2.661138211293856,-8.868094545008645,28.43373915240706,10.742608359730026,-67.08911453979535,45.92182020180338,23.955295580441494,15.050773224749145,43.139942871811414,4.880734459726344,0.5390625
89,20261000,Largest-site-1SE,0,2,8,3,0.8,0.6666666666666666,3783.151301442258,3460.2893535693875,1872.6024059450124,260,True,4.920676931290544,14.792539862637266,0,{},,0,0,,,0.0,0.0,0.5390625,0.0,-0.0,26.394005815348663,0.0,0.0,0.0,-0.0,0.0,15.97488729523832,0.0,0.5390625
89,20261000,One-shot,0,10,0,3,0.46153846153846156,0.3,2972.321698429076,3174.8590070074615,2166.377297159749,1023,True,4.920676931290544,4.920676931290544,0,{},,1,1,,,0.234375,0.0,0.5390625,1.330569105646928,-5.180123202705922,25.8238304577766,9.824586518794584,-33.54455726989767,20.00067192478732,10.569911596194746,7.5253866123745725,32.08849641582903,2.440367229863172,0.7734375
89,20261000,ADMM,0,5,5,3,0.75,0.6,3073.355077351594,3377.164521243486,1783.2945970338092,334,True,4.920676931290544,4.920676931290544,0,{},,140,140,,,32.8125,0.0,0.5390625,0.0,-0.8339648999350491,27.50196488590455,8.08628422621803,-0.0,-0.0,-3.2908756976637594,0.0,21.790265501934396,0.0,33.3515625
89,20261000,FedAvg,1,10,0,3,0.46153846153846156,0.3,2973.271371145133,3293.189622711546,1846.4601356233643,1023,True,4.920676931290544,4.920676931290544,0,"{""fit_converged"": true, ""final_update_norm"": 7.2625018184581304e-06, ""fit_tolerance"": 1e-05, ""hit_round_cap"": false}",,31,31,31.0,31.0,7.265625,0.0,0.5390625,2.756293856947563,-4.312000510147181,26.825558260869443,8.421578761726083,-8.085889823662582,1.850228669940175,-1.7962122747661193,0.5522899395568429,24.69981654060575,0.9039610405352132,7.8046875
89,20261000,FedAvg-ST,1,2,8,3,0.8,0.6666666666666666,4170.896653032005,3691.2040077472716,2016.7286317621497,260,True,4.920676931290544,4.920676931290544,0,"{""fit_converged"": true, ""final_update_norm"": 7.2625018184581304e-06, ""fit_tolerance"": 1e-05, ""hit_round_cap"": false}",10.037593250150941,31,31,31.0,31.0,7.265625,2.8125,0.5390625,0.0,-0.0,16.7879650107185,0.0,-0.0,0.0,-0.0,0.0,14.662223290454808,0.0,10.6171875
89,20261000,FedAvg-P,1,3,7,3,1.0,1.0,3640.7957878500138,3434.5820089462577,1846.6445198310928,268,True,4.920676931290544,4.920676931290544,0,"{""selected_candidate"": 0, ""candidate_rounds"": [21, 19, 19, 47, 30], ""candidate_diagnostics"": [{""fit_converged"": true, ""final_update_norm"": 7.502706260910387e-06, ""fit_tolerance"": 1e-05, ""hit_round_cap"": false}, {""fit_converged"": true, ""final_update_norm"": 4.831415534260329e-06, ""fit_tolerance"": 1e-05, ""hit_round_cap"": false}, {""fit_converged"": true, ""final_update_norm"": 3.926886081375832e-06, ""fit_tolerance"": 1e-05, ""hit_round_cap"": false}, {""fit_converged"": true, ""final_update_norm"": 7.91475072412119e-06, ""fit_tolerance"": 1e-05, ""hit_round_cap"": false}, {""fit_converged"": true, ""final_update_norm"": 6.989032748418564e-06, ""fit_tolerance"": 1e-05, ""hit_round_cap"": false}]}",4.920676931290544,21,136,21.0,136.0,31.875,0.3515625,0.5390625,0.0,-0.0,27.707320701424038,2.862642469680045,-0.0,-0.0,-0.0,0.0,14.927708181807983,-0.0,32.765625
89,20261000,FedAvg,3,10,0,3,0.46153846153846156,0.3,2939.811006902034,3232.83216595475,1857.351731450791,1023,True,4.920676931290544,4.920676931290544,0,"{""fit_converged"": true, ""final_update_norm"": 5.801735123279466e-06, ""fit_tolerance"": 1e-05, ""hit_round_cap"": false}",,22,22,66.0,66.0,5.15625,0.0,0.5390625,1.3003994791133546,-5.391826759277074,26.774347312573955,9.756534272723055,-9.51790859663685,2.9665495879033377,-1.3135654952238758,2.074175001168748,23.946331591423768,1.71993636300129,5.6953125
89,20261000,FedAvg-ST,3,4,6,3,0.8571428571428571,0.75,3919.6331076624765,3566.236026394049,1955.3334577749874,284,True,4.920676931290544,4.920676931290544,0,"{""fit_converged"": true, ""final_update_norm"": 5.801735123279466e-06, ""fit_tolerance"": 1e-05, ""hit_round_cap"": false}",8.022103798346638,22,22,66.0,66.0,5.15625,2.8125,0.5390625,0.0,-0.0,18.752243514227317,1.734430474376417,-1.4958047982902123,0.0,-0.0,0.0,15.92422779307713,0.0,8.5078125
89,20261000,FedAvg-P,3,5,5,3,0.75,0.6,3544.198221770766,3437.1413866936905,1853.9118639597768,286,True,4.920676931290544,4.920676931290544,0,"{""selected_candidate"": 0, ""candidate_rounds"": [9, 10, 33, 22, 22], ""candidate_diagnostics"": [{""fit_converged"": true, ""final_update_norm"": 1.6066704011974467e-06, ""fit_tolerance"": 1e-05, ""hit_round_cap"": false}, {""fit_converged"": true, ""final_update_norm"": 2.0859839933026117e-06, ""fit_tolerance"": 1e-05, ""hit_round_cap"": false}, {""fit_converged"": true, ""final_update_norm"": 7.855232939560583e-06, ""fit_tolerance"": 1e-05, ""hit_round_cap"": false}, {""fit_converged"": true, ""final_update_norm"": 8.374069633543863e-06, ""fit_tolerance"": 1e-05, ""hit_round_cap"": false}, {""fit_converged"": true, ""final_update_norm"": 6.198685086473198e-06, ""fit_tolerance"": 1e-05, ""hit_round_cap"": false}]}",4.920676931290544,9,96,27.0,288.0,22.5,0.3515625,0.5390625,0.0,-0.5023372317971919,22.358846949428433,4.8621262777636645,-0.7686918316363514,0.0,-0.0,0.0,17.56944698118667,0.0,23.390625
89,20261000,FedAvg,20,10,0,3,0.46153846153846156,0.3,2951.126526833539,3199.9733308450122,1968.4529359494168,1023,True,4.920676931290544,4.920676931290544,0,"{""fit_converged"": true, ""final_update_norm"": 5.6099160318338435e-06, ""fit_tolerance"": 1e-05, ""hit_round_cap"": false}",,15,15,300.0,300.0,3.515625,0.0,0.5390625,1.4207517839408328,-5.400816069601061,26.207120452276634,9.784920093665189,-18.362026789125075,8.585783627922245,3.726098320668644,5.171008876527899,26.722079205930832,2.1226506475127085,4.0546875
89,20261000,FedAvg-ST,20,5,5,3,0.75,0.6,3920.158212034472,3516.3333934392745,2043.258960084426,316,True,4.920676931290544,4.920676931290544,0,"{""fit_converged"": true, ""final_update_norm"": 5.6099160318338435e-06, ""fit_tolerance"": 1e-05, ""hit_round_cap"": false}",8.022103798346638,15,15,300.0,300.0,3.515625,2.8125,0.5390625,0.0,-0.0,18.185016653929996,1.7628162953185509,-10.339922990778437,0.5636798295756069,0.0,0.0,18.699975407584194,0.0,6.8671875
89,20261000,FedAvg-P,20,5,5,3,0.75,0.6,3541.892936463907,3377.2463848295642,1918.0163593433554,286,True,4.920676931290544,4.920676931290544,0,"{""selected_candidate"": 0, ""candidate_rounds"": [7, 15, 14, 15, 15], ""candidate_diagnostics"": [{""fit_converged"": true, ""final_update_norm"": 1.3273197968098825e-06, ""fit_tolerance"": 1e-05, ""hit_round_cap"": false}, {""fit_converged"": true, ""final_update_norm"": 4.0679564040654186e-06, ""fit_tolerance"": 1e-05, ""hit_round_cap"": false}, {""fit_converged"": true, ""final_update_norm"": 8.874031379656564e-06, ""fit_tolerance"": 1e-05, ""hit_round_cap"": false}, {""fit_converged"": true, ""final_update_norm"": 4.853068911890939e-06, ""fit_tolerance"": 1e-05, ""hit_round_cap"": false}, {""fit_converged"": true, ""final_update_norm"": 5.3224370149918754e-06, ""fit_tolerance"": 1e-05, ""hit_round_cap"": false}]}",4.920676931290544,7,66,140.0,1320.0,15.46875,0.3515625,0.5390625,0.0,-0.5397866765077453,21.393450756432483,4.852313743064336,-8.531450215638229,0.0,0.0,0.0,20.084948860273094,0.0,16.359375
90,20261001,Pooled,0,9,1,6,0.8,0.6666666666666666,3170.208791018111,2397.7747885130384,1488.139671958055,895,True,0.05124008550291963,0.04317686534323709,0,{},,0,0,,,0.0,0.0,0.5390625,-3.678387771743143,-8.315350036095722,23.08125749789926,11.597720757703021,-14.271354297800013,6.495298769565248,-5.413069225580445,-0.0,30.58870697188598,4.687902553082205,0.5390625
90,20261001,Pooled-1SE,0,6,4,6,1.0,1.0,3359.6237048006797,2663.2228568820365,1548.3625068701635,846,True,0.05124008550291963,3.988121222225215,0,{},,0,0,,,0.0,0.0,0.5390625,-0.0,-1.948005596726119,22.02064709292183,7.585070028412587,-0.0,-0.0,-6.275952079014912,0.0,23.396650379205113,0.7505362950685006,0.5390625
90,20261001,Largest-site,0,9,1,6,0.8,0.6666666666666666,3444.386139661084,2814.108233811609,1535.0757569382174,991,True,0.05124008550291963,0.05316024112165578,0,{},,0,0,,,0.0,0.0,0.5390625,-8.218051353989717,-5.2428297826241135,22.19345553749142,8.690908418748956,4.963253949655833,-0.0,-18.950229602571415,-19.204663040058556,26.60371413980048,10.056433106402578,0.5390625
90,20261001,Largest-site-1SE,0,4,6,6,0.8,0.6666666666666666,3837.861789893986,3046.038551004219,1668.308609460893,780,True,0.05124008550291963,7.906799665652591,0,{},,0,0,,,0.0,0.0,0.5390625,-0.0,-0.0,18.26062874786079,3.0819468497823324,0.0,-0.0,-0.0,0.0,22.518256956165523,1.4394831765199287,0.5390625
90,20261001,One-shot,0,10,0,6,0.75,0.6,3140.6431790071774,2346.877279517885,1491.753023081479,1023,True,0.05124008550291963,0.05124008550291963,0,{},,1,1,,,0.234375,0.0,0.5390625,-3.0504713745248893,-9.681566794211665,22.226527421012964,12.297803515426159,-12.821519489019266,4.7665721185651595,-8.315000732874358,0.28274369162297064,30.7223965486663,4.586115460933264,0.7734375
90,20261001,ADMM,0,9,1,6,0.8,0.6666666666666666,3170.9457202727135,2399.8547563316133,1488.1336946224183,895,True,0.05124008550291963,0.05124008550291963,0,{},,4500,4500,,,1054.6875,0.0,0.5390625,-3.664946823155705,-8.297132319709263,23.090351276582926,11.585462133706649,-13.514244145212386,5.837748106249329,-5.70790116988992,-0.0,30.270826926365427,4.67780435181896,1055.2265625
90,20261001,FedAvg,1,10,0,6,0.75,0.6,3150.386250930977,2341.4533447656563,1491.1549281877435,1023,True,0.05124008550291963,0.05124008550291963,0,"{""fit_converged"": true, ""final_update_norm"": 9.874639693653206e-06, ""fit_tolerance"": 1e-05, ""hit_round_cap"": false}",,474,474,474.0,474.0,111.09375,0.0,0.5390625,-3.990950216751068,-8.83400649686549,22.820672547950057,12.16951941501421,-28.59022571351789,16.908686723271046,1.9979630516860605,3.7819477754444097,36.13992580235274,4.28082398261157,111.6328125
90,20261001,FedAvg-ST,1,10,0,6,0.75,0.6,3168.4917804010024,2339.4362923611156,1490.9872925069626,1023,True,0.05124008550291963,0.05124008550291963,0,"{""fit_converged"": true, ""final_update_norm"": 9.874639693653206e-06, ""fit_tolerance"": 1e-05, ""hit_round_cap"": false}",0.25620042751459815,474,474,474.0,474.0,111.09375,2.8125,0.5390625,-3.73474978923647,-8.577806069350892,22.564472120435457,11.913318987499613,-28.33402528600329,16.652486295756447,1.7417626241714623,3.5257473479298116,35.88372537483814,4.024623555096971,114.4453125
90,20261001,FedAvg-P,1,10,0,6,0.75,0.6,3155.1226610438066,2353.011924876583,1489.764461711337,1023,False,0.05124008550291963,0.05124008550291963,5,"{""selected_candidate"": 0, ""candidate_rounds"": [500, 500, 500, 500, 500], ""candidate_diagnostics"": [{""fit_converged"": false, ""final_update_norm"": 9.715520375910018e-05, ""fit_tolerance"": 1e-05, ""hit_round_cap"": true}, {""fit_converged"": false, ""final_update_norm"": 7.681242363143331e-05, ""fit_tolerance"": 1e-05, ""hit_round_cap"": true}, {""fit_converged"": false, ""final_update_norm"": 0.000110273441498853, ""fit_tolerance"": 1e-05, ""hit_round_cap"": true}, {""fit_converged"": false, ""final_update_norm"": 0.00012138258168303304, ""fit_tolerance"": 1e-05, ""hit_round_cap"": true}, {""fit_converged"": false, ""final_update_norm"": 0.00012630817755729983, ""fit_tolerance"": 1e-05, ""hit_round_cap"": true}]}",0.05124008550291963,500,2500,500.0,2500.0,585.9375,0.3515625,0.5390625,-3.903248632811311,-8.677212369618776,22.92023644981811,12.112630415700998,-24.1912046971049,13.547953168319458,-0.15843286440936044,2.9195714749454402,34.43343656455074,4.156601376204559,586.828125
90,20261001,FedAvg,3,10,0,6,0.75,0.6,3136.360803564058,2345.0565983649685,1491.1164217202522,1023,True,0.05124008550291963,0.05124008550291963,0,"{""fit_converged"": true, ""final_update_norm"": 9.55096569732062e-06, ""fit_tolerance"": 1e-05, ""hit_round_cap"": false}",,186,186,558.0,558.0,43.59375,0.0,0.5390625,-3.0557602317032804,-8.50032781003788,23.125833008393073,12.780153852199618,-13.203542482062772,4.058394318186812,-6.06270520597763,1.88292656318749,30.596339893331415,3.599840701587267,44.1328125
90,20261001,FedAvg-ST,3,10,0,6,0.75,0.6,3160.3227167301243,2347.937221241709,1490.3231923586088,1023,True,0.05124008550291963,0.05124008550291963,0,"{""fit_converged"": true, ""final_update_norm"": 9.55096569732062e-06, ""fit_tolerance"": 1e-05, ""hit_round_cap"": false}",0.25620042751459815,186,186,558.0,558.0,43.59375,2.8125,0.5390625,-2.799559804188682,-8.244127382523283,22.869632580878474,12.52395342468502,-12.947342054548175,3.8021938906722137,-5.806504778463031,1.626726135672892,30.340139465816815,3.3436402740726687,46.9453125
90,20261001,FedAvg-P,3,10,0,6,0.75,0.6,3140.767682889091,2347.5629591520224,1490.8951237182373,1023,True,0.05124008550291963,0.05124008550291963,0,"{""selected_candidate"": 0, ""candidate_rounds"": [203, 92, 82, 163, 179], ""candidate_diagnostics"": [{""fit_converged"": true, ""final_update_norm"": 9.457469603862377e-06, ""fit_tolerance"": 1e-05, ""hit_round_cap"": false}, {""fit_converged"": true, ""final_update_norm"": 7.8623821709865e-06, ""fit_tolerance"": 1e-05, ""hit_round_cap"": false}, {""fit_converged"": true, ""final_update_norm"": 9.996924614223082e-06, ""fit_tolerance"": 1e-05, ""hit_round_cap"": false}, {""fit_converged"": true, ""final_update_norm"": 9.545464432963761e-06, ""fit_tolerance"": 1e-05, ""hit_round_cap"": false}, {""fit_converged"": true, ""final_update_norm"": 9.702404545030782e-06, ""fit_tolerance"": 1e-05, ""hit_round_cap"": false}]}",0.05124008550291963,203,719,609.0,2157.0,168.515625,0.3515625,0.5390625,-3.010382233985498,-8.449041679099714,23.08144292390274,12.742316022957494,-12.50353913576141,3.511649980982224,-6.304177206550103,1.777009788033222,30.287954283011675,3.532882798946197,169.40625
90,20261001,FedAvg,20,10,0,6,0.75,0.6,3145.0154652593505,2368.009399535314,1491.610369657898,1023,True,0.05124008550291963,0.05124008550291963,0,"{""fit_converged"": true, ""final_update_norm"": 9.304857813937497e-06, ""fit_tolerance"": 1e-05, ""hit_round_cap"": false}",,17,17,340.0,340.0,3.984375,0.0,0.5390625,-3.198733284934436,-9.581080214943976,22.281356431493595,12.390456032569286,-7.38585533385911,0.1430625149379492,-10.210926295442736,0.292019738282595,28.435904903706813,4.556047158924695,4.5234375
90,20261001,FedAvg-ST,20,9,1,6,0.8,0.6666666666666666,3166.8717430565607,2371.846108027252,1490.3574374199272,991,True,0.05124008550291963,0.05124008550291963,0,"{""fit_converged"": true, ""final_update_norm"": 9.304857813937497e-06, ""fit_tolerance"": 1e-05, ""hit_round_cap"": false}",0.25620042751459815,17,17,340.0,340.0,3.984375,2.8125,0.5390625,-2.9425328574198377,-9.324879787429378,22.025156003978996,12.134255605054689,-7.129654906344513,0.0,-9.954725867928138,0.035819310767996826,28.179704476192214,4.299846731410097,7.3359375
90,20261001,FedAvg-P,20,10,0,6,0.75,0.6,3149.6550005861595,2368.4897847838697,1491.2930934163974,1023,True,0.05124008550291963,0.05124008550291963,0,"{""selected_candidate"": 0, ""candidate_rounds"": [32, 17, 17, 17, 17], ""candidate_diagnostics"": [{""fit_converged"": true, ""final_update_norm"": 8.293688574281191e-06, ""fit_tolerance"": 1e-05, ""hit_round_cap"": false}, {""fit_converged"": true, ""final_update_norm"": 9.590483158705544e-06, ""fit_tolerance"": 1e-05, ""hit_round_cap"": false}, {""fit_converged"": true, ""final_update_norm"": 8.696175739823348e-06, ""fit_tolerance"": 1e-05, ""hit_round_cap"": false}, {""fit_converged"": true, ""final_update_norm"": 9.011584111602381e-06, ""fit_tolerance"": 1e-05, ""hit_round_cap"": false}, {""fit_converged"": true, ""final_update_norm"": 9.169288319875432e-06, ""fit_tolerance"": 1e-05, ""hit_round_cap"": false}]}",0.05124008550291963,32,100,640.0,2000.0,23.4375,0.3515625,0.5390625,-3.1472190874890758,-9.52909389390608,22.23080038231115,12.338214671885893,-7.29263888918319,0.06491550062235003,-10.192496290363064,0.23185698311321462,28.36251707112119,4.503432471046148,24.328125
91,20261002,Pooled,0,7,3,3,0.6,0.42857142857142855,2935.2559348800673,2291.008669319752,2473.726241031483,862,True,9.88942685392876,1.2997328054046455,0,{},,0,0,,,0.0,0.0,0.5390625,-0.0,-11.332660246664354,27.46905870459416,15.67985946050969,-3.401583752284793,-0.0,-5.743138674107394,0.0,24.799572813235688,3.968587653620521,0.5390625
91,20261002,Pooled-1SE,0,3,7,3,1.0,1.0,3198.4816622607827,2522.106366669626,2259.4893801771846,268,True,9.88942685392876,11.088902463033692,0,{},,0,0,,,0.0,0.0,0.5390625,0.0,-0.0,24.185851114294667,7.346037525086787,0.0,-0.0,-0.0,0.0,19.316876499247254,0.0,0.5390625
91,20261002,Largest-site,0,6,4,3,0.6666666666666666,0.5,3193.0621225636874,2518.2615979954294,2399.1098252791394,814,True,9.88942685392876,8.753892768022059,0,{},,0,0,,,0.0,0.0,0.5390625,-0.0,-3.612753410285828,17.28488675383598,4.825486780974214,-0.0,-4.966579428658608,-0.0,-0.0,33.50562176631824,0.44864668502491395,0.5390625
91,20261002,Largest-site-1SE,0,2,8,3,0.8,0.6666666666666666,3587.262074048349,2934.743774666359,2384.008129509911,260,True,9.88942685392876,17.88735185661548,0,{},,0,0,,,0.0,0.0,0.5390625,0.0,-0.0,11.583846565723706,0.0,-0.0,-0.0,-0.0,0.0,25.835649595406245,0.0,0.5390625
91,20261002,One-shot,0,7,3,3,0.6,0.42857142857142855,3068.867494559422,2421.5347887432395,2301.0497553701434,942,True,9.88942685392876,9.88942685392876,0,{},,1,1,,,0.234375,0.0,0.5390625,0.0,-1.806376705142914,24.172581187320652,8.975354188478526,0.0,-2.483289714329304,0.0,2.64786302281529,20.12897869283863,1.4987328057627998,0.7734375
91,20261002,ADMM,0,3,7,3,1.0,1.0,3162.059758935982,2493.681540551276,2258.2590593523623,268,True,9.88942685392876,9.88942685392876,0,{},,97,97,,,22.734375,0.0,0.5390625,0.0,-0.0,24.832451797438466,8.087382478234106,-0.0,-0.0,-0.0,0.0,19.980362030403903,0.0,23.2734375
91,20261002,FedAvg,1,6,4,3,0.6666666666666666,0.5,3140.160038875396,2457.3654944343425,2278.0212804702896,814,True,9.88942685392876,9.88942685392876,0,"{""fit_converged"": true, ""final_update_norm"": 4.221968495961528e-06, ""fit_tolerance"": 1e-05, ""hit_round_cap"": false}",,14,14,14.0,14.0,3.28125,0.0,0.5390625,0.0,-2.1404461201225335,24.131361473084617,8.2183096030625,0.0,-0.8536361064462776,0.0,0.0,21.227679720076317,1.5433297977030827,3.8203125
91,20261002,FedAvg-ST,1,3,7,3,1.0,1.0,3434.6628798004235,2739.75403873201,2300.4631996212247,268,True,9.88942685392876,9.88942685392876,0,"{""fit_converged"": true, ""final_update_norm"": 4.221968495961528e-06, ""fit_tolerance"": 1e-05, ""hit_round_cap"": false}",4.201328614526287,14,14,14.0,14.0,3.28125,2.8125,0.5390625,0.0,-0.0,19.93003285855833,4.016980988536212,0.0,-0.0,0.0,0.0,17.02635110555003,0.0,6.6328125
91,20261002,FedAvg-P,1,3,7,3,1.0,1.0,3436.0836191222725,2703.0036785938137,2295.4876114172794,268,True,9.88942685392876,9.88942685392876,0,"{""selected_candidate"": 1, ""candidate_rounds"": [14, 13, 13, 13, 14], ""candidate_diagnostics"": [{""fit_converged"": true, ""final_update_norm"": 7.801961821228423e-06, ""fit_tolerance"": 1e-05, ""hit_round_cap"": false}, {""fit_converged"": true, ""final_update_norm"": 6.422771822708634e-06, ""fit_tolerance"": 1e-05, ""hit_round_cap"": false}, {""fit_converged"": true, ""final_update_norm"": 4.963948831188499e-06, ""fit_tolerance"": 1e-05, ""hit_round_cap"": false}, {""fit_converged"": true, ""final_update_norm"": 9.774856911934236e-06, ""fit_tolerance"": 1e-05, ""hit_round_cap"": false}, {""fit_converged"": true, ""final_update_norm"": 4.855674071362957e-06, ""fit_tolerance"": 1e-05, ""hit_round_cap"": false}]}",4.94471342696438,13,67,13.0,67.0,15.703125,0.3515625,0.5390625,0.0,-0.0,24.200443531657044,4.199385170178111,0.0,0.0,0.0,0.0,13.858462523173696,0.0,16.59375
91,20261002,FedAvg,3,8,2,3,0.5454545454545454,0.375,3089.2871380345696,2424.648109756637,2286.5438714080674,1006,True,9.88942685392876,9.88942685392876,0,"{""fit_converged"": true, ""final_update_norm"": 6.0633628144779e-07, ""fit_tolerance"": 1e-05, ""hit_round_cap"": false}",,7,7,21.0,21.0,1.640625,0.0,0.5390625,0.0,-1.9307914890466438,24.223542416087586,8.872204801670945,0.0,-1.4663821458350337,-0.7054715842652478,0.6248648032118974,20.694512122409332,1.4837432172452214,2.1796875
91,20261002,FedAvg-ST,3,3,7,3,1.0,1.0,3351.516594946469,2676.725772462055,2283.465427102232,268,True,9.88942685392876,9.88942685392876,0,"{""fit_converged"": true, ""final_update_norm"": 6.0633628144779e-07, ""fit_tolerance"": 1e-05, ""hit_round_cap"": false}",3.357726637925573,7,7,21.0,21.0,1.640625,2.8125,0.5390625,0.0,-0.0,20.865815778162013,5.5144781637453715,0.0,-0.0,-0.0,0.0,17.33678548448376,0.0,4.9921875
91,20261002,FedAvg-P,3,3,7,3,1.0,1.0,3490.70770381621,2806.8321031654405,2314.9028934507405,268,True,9.88942685392876,9.88942685392876,0,"{""selected_candidate"": 1, ""candidate_rounds"": [6, 6, 6, 6, 6], ""candidate_diagnostics"": [{""fit_converged"": true, ""final_update_norm"": 9.740944122805828e-07, ""fit_tolerance"": 1e-05, ""hit_round_cap"": false}, {""fit_converged"": true, ""final_update_norm"": 7.055926329895116e-07, ""fit_tolerance"": 1e-05, ""hit_round_cap"": false}, {""fit_converged"": true, ""final_update_norm"": 7.947754146802991e-07, ""fit_tolerance"": 1e-05, ""hit_round_cap"": false}, {""fit_converged"": true, ""final_update_norm"": 2.124144828201251e-06, ""fit_tolerance"": 1e-05, ""hit_round_cap"": false}, {""fit_converged"": true, ""final_update_norm"": 3.967255793970131e-06, ""fit_tolerance"": 1e-05, ""hit_round_cap"": false}]}",4.94471342696438,6,30,18.0,90.0,7.03125,0.3515625,0.5390625,0.0,-0.0,19.350649260658837,4.122469732999981,0.0,-0.0,-0.0,0.0,15.599096186150586,0.0,7.921875
91,20261002,FedAvg,20,7,3,3,0.6,0.42857142857142855,3068.8674902300045,2421.5347895597897,2301.0497555262527,942,True,9.88942685392876,9.88942685392876,0,"{""fit_converged"": true, ""final_update_norm"": 3.4194369887320163e-07, ""fit_tolerance"": 1e-05, ""hit_round_cap"": false}",,2,2,40.0,40.0,0.46875,0.0,0.5390625,0.0,-1.8063766978829872,24.17258103256548,8.975354264122645,0.0,-2.483289678737589,0.0,2.6478631392334195,20.128978730959872,1.4987327671418291,1.0078125
91,20261002,FedAvg-ST,20,3,7,3,1.0,1.0,3365.2940636915073,2693.72614133106,2286.3963990963744,268,True,9.88942685392876,9.88942685392876,0,"{""fit_converged"": true, ""final_update_norm"": 3.4194369887320163e-07, ""fit_tolerance"": 1e-05, ""hit_round_cap"": false}",3.357726637925573,2,2,40.0,40.0,0.46875,2.8125,0.5390625,0.0,-0.0,20.814854394639905,5.617627626197072,0.0,-0.0,0.0,0.0,16.7712520930343,0.0,3.8203125
91,20261002,FedAvg-P,20,5,5,3,0.75,0.6,3288.8029646865475,2626.605785865358,2273.592580647135,428,True,9.88942685392876,9.88942685392876,0,"{""selected_candidate"": 2, ""candidate_rounds"": [2, 2, 2, 2, 2], ""candidate_diagnostics"": [{""fit_converged"": true, ""final_update_norm"": 7.977060766216532e-08, ""fit_tolerance"": 1e-05, ""hit_round_cap"": false}, {""fit_converged"": true, ""final_update_norm"": 2.2146288747461034e-07, ""fit_tolerance"": 1e-05, ""hit_round_cap"": false}, {""fit_converged"": true, ""final_update_norm"": 2.9607023374777474e-07, ""fit_tolerance"": 1e-05, ""hit_round_cap"": false}, {""fit_converged"": true, ""final_update_norm"": 3.309452244738577e-07, ""fit_tolerance"": 1e-05, ""hit_round_cap"": false}, {""fit_converged"": true, ""final_update_norm"": 3.2847686708094946e-07, ""fit_tolerance"": 1e-05, ""hit_round_cap"": false}]}",2.47235671348219,2,10,40.0,200.0,2.34375,0.3515625,0.5390625,0.0,-0.0,21.7002243519184,6.502997540352013,0.0,-0.010932963045708899,0.0,0.17550639746954522,17.65662201348149,0.0,3.234375
92,20261003,Pooled,0,6,4,3,0.6666666666666666,0.5,3548.9938837564646,2802.992505007006,2166.3311537976247,350,True,10.332280436271182,5.680695427710968,0,{},,0,0,,,0.0,0.0,0.5390625,-0.0,-2.3242228478379405,24.615979653409198,9.94672679649757,-1.824409852737745,-0.0,-7.679745964855509,0.0,25.659619128160756,0.0,0.5390625
92,20261003,Pooled-1SE,0,3,7,3,1.0,1.0,3833.8647237886476,3034.2117598824734,2185.911627851597,268,True,10.332280436271182,18.69144531072322,0,{},,0,0,,,0.0,0.0,0.5390625,0.0,-0.0,20.26753499869224,1.3450613275799161,-0.0,-0.0,-0.0,0.0,20.040335255073764,0.0,0.5390625
92,20261003,Largest-site,0,9,1,3,0.5,0.3333333333333333,3864.6840431905,3275.693412355737,2569.8979709269356,991,True,10.332280436271182,0.4298267073944511,0,{},,0,0,,,0.0,0.0,0.5390625,0.059978401463999645,-8.444934635760946,25.975934041307998,12.769523636257249,-20.170695016127226,0.0,-5.3210047781032115,2.033744138371324,40.467537505608476,5.542388527526386,0.5390625
92,20261003,Largest-site-1SE,0,5,5,3,0.75,0.6,3608.080654206927,2939.654946186777,2150.8283918721922,364,True,10.332280436271182,9.508696444351761,0,{},,0,0,,,0.0,0.0,0.5390625,0.0,-0.0,24.60993783675945,5.175294891411616,-0.0,-2.7417661800330446,-3.522841303456177,0.0,28.676061073153882,0.0,0.5390625
92,20261003,One-shot,0,9,1,3,0.5,0.3333333333333333,3624.066920077749,2850.29477263757,2283.9757143225697,991,True,10.332280436271182,10.332280436271182,0,{},,1,1,,,0.234375,0.0,0.5390625,-0.6252270841266545,-5.587994576677619,19.446988617456864,9.010566345414444,-10.1622942234353,0.0,-6.217415332702938,1.016872069185662,27.39270251389282,5.234356429310383,0.7734375
92,20261003,ADMM,0,4,6,3,0.8571428571428571,0.75,3589.298256061949,2839.740715126348,2121.8764999959267,332,True,10.332280436271182,10.332280436271182,0,{},,122,122,,,28.59375,0.0,0.5390625,-0.0,-0.0,23.29183351040566,6.363005976709712,-0.0,-0.0,-4.4390166152612185,0.0,23.188513681672884,0.0,29.1328125
92,20261003,FedAvg,1,10,0,3,0.46153846153846156,0.3,3588.875073654151,2873.820165821931,2288.619225386742,1023,True,10.332280436271182,10.332280436271182,0,"{""fit_converged"": true, ""final_update_norm"": 5.711298329695324e-06, ""fit_tolerance"": 1e-05, ""hit_round_cap"": false}",,25,25,25.0,25.0,5.859375,0.0,0.5390625,1.4809489998800214,-4.942855433327203,21.01763094318247,7.4403037546831685,-8.712908692912634,-1.9560039341877131,-6.962920781370536,1.7356794853736677,25.92782553193925,3.406449372394878,6.3984375
92,20261003,FedAvg-ST,1,5,5,3,0.75,0.6,4084.518637962685,3239.3456251668595,2298.577868371616,348,True,10.332280436271182,10.332280436271182,0,"{""fit_converged"": true, ""final_update_norm"": 5.711298329695324e-06, ""fit_tolerance"": 1e-05, ""hit_round_cap"": false}",6.8721771536855485,25,25,25.0,25.0,5.859375,2.8125,0.5390625,0.0,-0.0,14.145453789496923,0.56812660099762,-1.840731539227086,-0.0,-0.09074362768498734,0.0,19.0556483782537,0.0,9.2109375
92,20261003,FedAvg-P,1,5,5,3,0.75,0.6,3799.653019014352,3009.2248444746083,2199.722369275401,348,True,10.332280436271182,10.332280436271182,0,"{""selected_candidate"": 1, ""candidate_rounds"": [20, 18, 18, 18, 25], ""candidate_diagnostics"": [{""fit_converged"": true, ""final_update_norm"": 6.549383721190385e-06, ""fit_tolerance"": 1e-05, ""hit_round_cap"": false}, {""fit_converged"": true, ""final_update_norm"": 7.740626463917609e-06, ""fit_tolerance"": 1e-05, ""hit_round_cap"": false}, {""fit_converged"": true, ""final_update_norm"": 7.769539388208472e-06, ""fit_tolerance"": 1e-05, ""hit_round_cap"": false}, {""fit_converged"": true, ""final_update_norm"": 9.297993846334806e-06, ""fit_tolerance"": 1e-05, ""hit_round_cap"": false}, {""fit_converged"": true, ""final_update_norm"": 6.190985987149123e-06, ""fit_tolerance"": 1e-05, ""hit_round_cap"": false}]}",5.166140218135591,18,99,18.0,99.0,23.203125,0.3515625,0.5390625,0.0,-0.0,22.031009793145,1.2470682273632798,-2.667357368327983,-0.0,-2.4315964270515877,0.0,18.529372449071097,0.0,24.09375
92,20261003,FedAvg,3,10,0,3,0.46153846153846156,0.3,3624.478948321157,2862.1637543537845,2292.867078487723,1023,True,10.332280436271182,10.332280436271182,0,"{""fit_converged"": true, ""final_update_norm"": 7.983857853563421e-06, ""fit_tolerance"": 1e-05, ""hit_round_cap"": false}",,21,21,63.0,63.0,4.921875,0.0,0.5390625,-0.44118938160913923,-5.756054591989692,19.603446592041152,8.683603865788601,-8.58824074028097,-2.1885124398912494,-6.379441741091818,1.6374647499446777,27.16163445535314,4.9642275961413365,5.4609375
92,20261003,FedAvg-ST,3,4,6,3,0.8571428571428571,0.75,4069.585575233641,3212.7300215000114,2289.464699061127,284,True,10.332280436271182,10.332280436271182,0,"{""fit_converged"": true, ""final_update_norm"": 7.983857853563421e-06, ""fit_tolerance"": 1e-05, ""hit_round_cap"": false}",6.8721771536855485,21,21,63.0,63.0,4.921875,2.8125,0.5390625,-0.0,-0.0,12.731269438355604,1.811426712103053,-1.7160635865954212,-0.0,-0.0,0.0,20.289457301667593,0.0,8.2734375
92,20261003,FedAvg-P,3,6,4,3,0.6666666666666666,0.5,3899.9869784012403,3064.7912021344764,2237.6559148955776,350,True,10.332280436271182,10.332280436271182,0,"{""selected_candidate"": 1, ""candidate_rounds"": [9, 10, 11, 23, 21], ""candidate_diagnostics"": [{""fit_converged"": true, ""final_update_norm"": 4.2764855855473435e-06, ""fit_tolerance"": 1e-05, ""hit_round_cap"": false}, {""fit_converged"": true, ""final_update_norm"": 4.696548126379464e-06, ""fit_tolerance"": 1e-05, ""hit_round_cap"": false}, {""fit_converged"": true, ""final_update_norm"": 4.286266416106384e-06, ""fit_tolerance"": 1e-05, ""hit_round_cap"": false}, {""fit_converged"": true, ""final_update_norm"": 6.8245952766656324e-06, ""fit_tolerance"": 1e-05, ""hit_round_cap"": false}, {""fit_converged"": true, ""final_update_norm"": 8.453915087645934e-06, ""fit_tolerance"": 1e-05, ""hit_round_cap"": false}]}",5.166140218135591,10,74,30.0,222.0,17.34375,0.3515625,0.5390625,-0.0,-0.47244599360501116,14.624290920605869,3.6419117220701684,-3.4245386223420704,-0.0,-1.3781098615688974,0.0,22.06682390443842,0.0,18.234375
92,20261003,FedAvg,20,9,1,3,0.5,0.3333333333333333,3624.630648413172,2850.0695241761473,2283.109108866184,991,True,10.332280436271182,10.332280436271182,0,"{""fit_converged"": true, ""final_update_norm"": 1.1457140705462703e-06, ""fit_tolerance"": 1e-05, ""hit_round_cap"": false}",,7,7,140.0,140.0,1.640625,0.0,0.5390625,-0.6297642498364845,-5.591508704596808,19.439494089619807,9.006299333825478,-10.095201560345672,0.0,-6.304585608073749,0.9227580875028868,27.390270091297673,5.233981855063157,2.1796875
92,20261003,FedAvg-ST,20,4,6,3,0.8571428571428571,0.75,4077.761135286741,3225.223493006627,2305.6584498327097,284,True,10.332280436271182,10.332280436271182,0,"{""fit_converged"": true, ""final_update_norm"": 1.1457140705462703e-06, ""fit_tolerance"": 1e-05, ""hit_round_cap"": false}",6.8721771536855485,7,7,140.0,140.0,1.640625,2.8125,0.5390625,-0.0,-0.0,12.567316935934258,2.1341221801399293,-3.223024406660123,0.0,-0.0,0.0,20.518092937612124,0.0,4.9921875
92,20261003,FedAvg-P,20,7,3,3,0.6,0.42857142857142855,3923.678902764821,3090.412403141917,2258.7482178774694,862,True,10.332280436271182,10.332280436271182,0,"{""selected_candidate"": 1, ""candidate_rounds"": [4, 5, 5, 5, 6], ""candidate_diagnostics"": [{""fit_converged"": true, ""final_update_norm"": 2.1038230994713757e-07, ""fit_tolerance"": 1e-05, ""hit_round_cap"": false}, {""fit_converged"": true, ""final_update_norm"": 1.460339270392782e-06, ""fit_tolerance"": 1e-05, ""hit_round_cap"": false}, {""fit_converged"": true, ""final_update_norm"": 1.053596960171119e-06, ""fit_tolerance"": 1e-05, ""hit_round_cap"": false}, {""fit_converged"": true, ""final_update_norm"": 1.0353374193104646e-06, ""fit_tolerance"": 1e-05, ""hit_round_cap"": false}, {""fit_converged"": true, ""final_update_norm"": 8.313052437978537e-06, ""fit_tolerance"": 1e-05, ""hit_round_cap"": false}]}",5.166140218135591,5,25,100.0,500.0,5.859375,0.3515625,0.5390625,-0.0,-0.42842003161989695,14.266111467661545,3.837520758727506,-4.8730749321880085,0.0,-1.2100805776778243,0.0,22.22071533857157,0.06800458787997243,6.75
93,20261004,Pooled,0,7,3,2,0.4444444444444444,0.2857142857142857,3024.736053074978,3095.5530192830292,1885.4934021193951,878,True,5.570010431536576,5.6893987799578225,0,{},,0,0,,,0.0,0.0,0.5390625,0.0,-2.427370804708758,25.99316840655366,7.844503518875635,-0.0,-1.1746521046505867,-8.320309964824775,0.0,24.907048397916018,0.015059488998165812,0.5390625
93,20261004,Pooled-1SE,0,2,8,2,1.0,1.0,3578.724130961262,3532.473193533271,2159.4257041997453,260,True,5.570010431536576,23.755054463601542,0,{},,0,0,,,0.0,0.0,0.5390625,0.0,-0.0,17.335177234953104,0.0,0.0,0.0,-0.0,0.0,16.447029832606642,0.0,0.5390625
93,20261004,Largest-site,0,7,3,2,0.4444444444444444,0.2857142857142857,3023.5573868002475,3116.6666973711717,1901.9390382203596,878,True,5.570010431536576,6.021833132869184,0,{},,0,0,,,0.0,0.0,0.5390625,0.0,-3.2130172070773853,23.650551573478467,8.730884248783594,-0.0,-1.8003219460910331,-5.651492230074848,0.0,25.953707172004417,5.348174250201445,0.5390625
93,20261004,Largest-site-1SE,0,4,6,2,0.6666666666666666,0.5,3387.3151229149953,3360.1666205376146,2042.7416939410748,780,True,5.570010431536576,19.81390590389038,0,{},,0,0,,,0.0,0.0,0.5390625,0.0,-0.0,18.3216160688158,0.7899629144063175,0.0,-0.0,-0.0,0.0,22.161097081848848,0.5206069788231451,0.5390625
93,20261004,One-shot,0,8,2,2,0.4,0.25,3038.022426794221,3110.195210595467,1889.3972164621036,879,True,5.570010431536576,5.570010431536576,0,{},,1,1,,,0.234375,0.0,0.5390625,0.20314877060363942,-2.910399901678195,25.60622333974414,7.123655510807671,0.0,-2.7502561960440257,-8.432411965729088,0.0,24.830494076934094,2.6740871251007223,0.7734375
93,20261004,ADMM,0,7,3,2,0.4444444444444444,0.2857142857142857,3021.9027628325807,3096.228073487191,1885.4425372346125,878,True,5.570010431536576,5.570010431536576,0,{},,137,137,,,32.109375,0.0,0.5390625,0.0,-2.6355232617109507,26.027280520491683,7.9447749119521465,-0.0,-1.3700074585980662,-8.484461268985367,0.0,24.96582304104537,0.10633361614780923,32.6484375
93,20261004,FedAvg,1,8,2,2,0.4,0.25,3024.3875269622554,3099.115008115765,1887.6401445561435,894,True,5.570010431536576,5.570010431536576,0,"{""fit_converged"": true, ""final_update_norm"": 6.955548594174812e-06, ""fit_tolerance"": 1e-05, ""hit_round_cap"": false}",,18,18,18.0,18.0,4.21875,0.0,0.5390625,0.0,-3.369234900133047,25.74948078476652,7.588857814798639,-0.7553104164676572,-1.7440015272776077,-8.5771355493374,0.0,25.09752951492307,2.0321274504655706,4.7578125
93,20261004,FedAvg-ST,1,4,6,2,0.6666666666666666,0.5,3468.490915320249,3424.8414521711456,2092.485265602264,332,True,5.570010431536576,5.570010431536576,0,"{""fit_converged"": true, ""final_update_norm"": 6.955548594174812e-06, ""fit_tolerance"": 1e-05, ""hit_round_cap"": false}",7.257350821226752,18,18,18.0,18.0,4.21875,2.8125,0.5390625,0.0,-0.0,18.492129963539767,0.33150699357188707,-0.0,-0.0,-1.3197847281106485,0.0,17.84017869369632,0.0,7.5703125
93,20261004,FedAvg-P,1,4,6,2,0.6666666666666666,0.5,3281.895699280327,3172.6642436890884,1985.486636330318,332,True,5.570010431536576,5.570010431536576,0,"{""selected_candidate"": 0, ""candidate_rounds"": [16, 18, 17, 19, 19], ""candidate_diagnostics"": [{""fit_converged"": true, ""final_update_norm"": 8.511367841301728e-06, ""fit_tolerance"": 1e-05, ""hit_round_cap"": false}, {""fit_converged"": true, ""final_update_norm"": 6.933062363106376e-06, ""fit_tolerance"": 1e-05, ""hit_round_cap"": false}, {""fit_converged"": true, ""final_update_norm"": 8.748065607185334e-06, ""fit_tolerance"": 1e-05, ""hit_round_cap"": false}, {""fit_converged"": true, ""final_update_norm"": 4.332984778633908e-06, ""fit_tolerance"": 1e-05, ""hit_round_cap"": false}, {""fit_converged"": true, ""final_update_norm"": 3.3008932121513165e-06, ""fit_tolerance"": 1e-05, ""hit_round_cap"": false}]}",5.570010431536576,16,89,16.0,89.0,20.859375,0.3515625,0.5390625,0.0,-0.0,28.497864421225902,2.6976547537089646,-0.0,-0.0,-3.149683065793602,0.0,14.499903883927033,0.0,21.75
93,20261004,FedAvg,3,9,1,2,0.36363636363636365,0.2222222222222222,3034.413863410315,3108.6917299290935,1889.7250123788413,895,True,5.570010431536576,5.570010431536576,0,"{""fit_converged"": true, ""final_update_norm"": 2.941575125461373e-06, ""fit_tolerance"": 1e-05, ""hit_round_cap"": false}",,12,12,36.0,36.0,2.8125,0.0,0.5390625,0.2146833790900557,-3.0890700440733134,25.51415811784045,7.1774577862816145,-0.609922304703027,-2.17487038102909,-8.300823761077869,0.0,25.12531815185673,2.6579539759635944,3.3515625
93,20261004,FedAvg-ST,3,3,7,2,0.8,0.6666666666666666,3493.820123533546,3443.9466734983225,2104.2488194870584,324,True,5.570010431536576,5.570010431536576,0,"{""fit_converged"": true, ""final_update_norm"": 2.941575125461373e-06, ""fit_tolerance"": 1e-05, ""hit_round_cap"": false}",7.257350821226752,12,12,36.0,36.0,2.8125,2.8125,0.5390625,0.0,-0.0,18.256807296613697,0.0,-0.0,-0.0,-1.0434729398511164,0.0,17.86796733062998,0.0,6.1640625
93,20261004,FedAvg-P,3,4,6,2,0.6666666666666666,0.5,3306.740245213397,3289.964313647998,2007.0451151267484,332,True,5.570010431536576,5.570010431536576,0,"{""selected_candidate"": 0, ""candidate_rounds"": [7, 7, 12, 12, 12], ""candidate_diagnostics"": [{""fit_converged"": true, ""final_update_norm"": 2.4197382406645974e-06, ""fit_tolerance"": 1e-05, ""hit_round_cap"": false}, {""fit_converged"": true, ""final_update_norm"": 5.173382835648686e-06, ""fit_tolerance"": 1e-05, ""hit_round_cap"": false}, {""fit_converged"": true, ""final_update_norm"": 3.6956974956956334e-06, ""fit_tolerance"": 1e-05, ""hit_round_cap"": false}, {""fit_converged"": true, ""final_update_norm"": 4.246619998765645e-06, ""fit_tolerance"": 1e-05, ""hit_round_cap"": false}, {""fit_converged"": true, ""final_update_norm"": 3.504627528160974e-06, ""fit_tolerance"": 1e-05, ""hit_round_cap"": false}]}",5.570010431536576,7,50,21.0,150.0,11.71875,0.3515625,0.5390625,0.0,-0.0,20.16433474583929,1.9058597797585186,-0.0,-0.0,-3.0823411025968257,0.0,19.46991338246586,0.0,12.609375
93,20261004,FedAvg,20,8,2,2,0.4,0.25,3038.021768381049,3110.1944824389116,1889.3970660689693,879,True,5.570010431536576,5.570010431536576,0,"{""fit_converged"": true, ""final_update_norm"": 6.086039256327212e-09, ""fit_tolerance"": 1e-05, ""hit_round_cap"": false}",,3,3,60.0,60.0,0.703125,0.0,0.5390625,0.20312409581206015,-2.9104146790313346,25.606208047300765,7.1236871642875474,0.0,-2.7502309113760455,-8.432439219242994,0.0,24.830483075880892,2.6740868614994096,1.2421875
93,20261004,FedAvg-ST,20,3,7,2,0.8,0.6666666666666666,3496.2922384227054,3444.7940004453544,2105.702825042473,324,True,5.570010431536576,5.570010431536576,0,"{""fit_converged"": true, ""final_update_norm"": 6.086039256327212e-09, ""fit_tolerance"": 1e-05, ""hit_round_cap"": false}",7.257350821226752,3,3,60.0,60.0,0.703125,2.8125,0.5390625,0.0,-0.0,18.348857226074013,0.0,0.0,-0.0,-1.1750883980162419,0.0,17.57313225465414,0.0,4.0546875
93,20261004,FedAvg-P,20,4,6,2,0.6666666666666666,0.5,3329.8066689377697,3304.9252241342497,2017.2168165446803,332,True,5.570010431536576,5.570010431536576,0,"{""selected_candidate"": 0, ""candidate_rounds"": [6, 6, 9, 3, 3], ""candidate_diagnostics"": [{""fit_converged"": true, ""final_update_norm"": 7.867762102370723e-07, ""fit_tolerance"": 1e-05, ""hit_round_cap"": false}, {""fit_converged"": true, ""final_update_norm"": 1.0686683735165764e-06, ""fit_tolerance"": 1e-05, ""hit_round_cap"": false}, {""fit_converged"": true, ""final_update_norm"": 3.715926907511508e-06, ""fit_tolerance"": 1e-05, ""hit_round_cap"": false}, {""fit_converged"": true, ""final_update_norm"": 1.3301442716610024e-06, ""fit_tolerance"": 1e-05, ""hit_round_cap"": false}, {""fit_converged"": true, ""final_update_norm"": 1.681223434826182e-07, ""fit_tolerance"": 1e-05, ""hit_round_cap"": false}]}",5.570010431536576,6,27,120.0,540.0,6.328125,0.3515625,0.5390625,0.0,-0.0,20.034919477663664,1.554418553015915,-0.0,-0.0,-2.757761089579806,0.0,19.35114296391613,0.0,7.21875
94,20261005,Pooled,0,8,2,3,0.5454545454545454,0.375,2871.2541979089565,3200.0569447174453,1591.6296707416407,990,True,1.4909604541424808,0.7900564190207031,0,{},,0,0,,,0.0,0.0,0.5390625,0.0,-6.9053130296869005,22.99380629935952,18.850063493220816,-8.834304974070086,-0.0,-5.444717475804016,0.22488913982077519,23.959217293032133,6.157394858348731,0.5390625
94,20261005,Pooled-1SE,0,3,7,3,1.0,1.0,3416.465768046661,3557.3642019539184,1761.2655466025878,268,True,1.4909604541424808,13.773281264429027,0,{},,0,0,,,0.0,0.0,0.5390625,0.0,-0.0,19.669440097083996,9.893920249433418,-0.0,-0.0,-0.0,0.0,16.495723294027407,0.0,0.5390625
94,20261005,Largest-site,0,9,1,3,0.5,0.3333333333333333,2908.224651553341,3423.2904742168657,1657.9928280205843,959,True,1.4909604541424808,1.1230195571122457,0,{},,0,0,,,0.0,0.0,0.5390625,0.5577102021852246,-6.708861185240821,27.64099681913431,19.20895606350615,-3.4515219775879578,-5.9286264986882475,0.0,10.376584986660358,14.389803733974666,13.74563843922682,0.5390625
94,20261005,Largest-site-1SE,0,4,6,3,0.8571428571428571,0.75,3816.349823721439,3899.4987379619024,1936.272665937948,780,True,1.4909604541424808,24.843621594344306,0,{},,0,0,,,0.0,0.0,0.5390625,0.0,-0.0,18.94083566250227,5.307221613644,0.0,0.0,-0.0,0.0,9.097889851434676,2.228600111041081,0.5390625
94,20261005,One-shot,0,10,0,3,0.46153846153846156,0.3,2840.0264263338117,3208.8972360762964,1597.0827181924274,1023,True,1.4909604541424808,1.4909604541424808,0,{},,1,1,,,0.234375,0.0,0.5390625,0.2788551010926123,-6.558106522036417,23.64432964514797,18.116317498387716,-4.9264277584618625,-3.249043791166067,-4.36004364307977,4.577963881475865,19.86734177952978,6.28778311881544,0.7734375
94,20261005,ADMM,0,7,3,3,0.6,0.42857142857142855,2885.17459174669,3205.936245328833,1589.7223589967232,862,True,1.4909604541424808,1.4909604541424808,0,{},,229,229,,,53.671875,0.0,0.5390625,0.0,-5.7912784182431984,22.942438165375304,18.215525556165314,-7.238583503772702,-0.0,-5.2250377981606295,0.0,23.212486928939427,5.479879010520396,54.2109375
94,20261005,FedAvg,1,10,0,3,0.46153846153846156,0.3,2866.5239902225076,3268.2987906309413,1592.813468225428,1023,True,1.4909604541424808,1.4909604541424808,0,"{""fit_converged"": true, ""final_update_norm"": 8.098147520921503e-06, ""fit_tolerance"": 1e-05, ""hit_round_cap"": false}",,35,35,35.0,35.0,8.203125,0.0,0.5390625,0.749453251380813,-5.923753935837524,22.579994846482908,17.98248564172824,-7.837285634148148,-0.04135513520310096,-3.203924795850277,2.2303138295380025,22.82046913736932,6.4845393878529505,8.7421875
94,20261005,FedAvg-ST,1,5,5,3,0.75,0.6,3484.346247082878,3656.1893819342645,1769.0943145101364,796,True,1.4909604541424808,1.4909604541424808,0,"{""fit_converged"": true, ""final_update_norm"": 8.098147520921503e-06, ""fit_tolerance"": 1e-05, ""hit_round_cap"": false}",5.957921995983029,35,35,35.0,35.0,8.203125,2.8125,0.5390625,0.0,-0.0,16.62207285049988,12.02456364574521,-1.8793636381651186,-0.0,-0.0,0.0,16.86254714138629,0.5266173918699213,11.5546875
94,20261005,FedAvg-P,1,7,3,3,0.6,0.42857142857142855,2966.7161638301804,3237.467482430254,1606.3050616656947,862,True,1.4909604541424808,1.4909604541424808,0,"{""selected_candidate"": 0, ""candidate_rounds"": [22, 22, 25, 27, 28], ""candidate_diagnostics"": [{""fit_converged"": true, ""final_update_norm"": 5.488835306503122e-06, ""fit_tolerance"": 1e-05, ""hit_round_cap"": false}, {""fit_converged"": true, ""final_update_norm"": 5.533710700048889e-06, ""fit_tolerance"": 1e-05, ""hit_round_cap"": false}, {""fit_converged"": true, ""final_update_norm"": 7.748556295226553e-06, ""fit_tolerance"": 1e-05, ""hit_round_cap"": false}, {""fit_converged"": true, ""final_update_norm"": 6.7612720745405376e-06, ""fit_tolerance"": 1e-05, ""hit_round_cap"": false}, {""fit_converged"": true, ""final_update_norm"": 7.266932387263068e-06, ""fit_tolerance"": 1e-05, ""hit_round_cap"": false}]}",1.4909604541424808,22,124,22.0,124.0,29.0625,0.3515625,0.5390625,0.0,-3.251601304939691,23.815143818191917,16.933106936003668,-2.774408808616999,-0.0,-4.764772320103326,0.0,19.18217227985307,2.711873140034212,29.953125
94,20261005,FedAvg,3,9,1,3,0.5,0.3333333333333333,2862.1814593788017,3203.2778867479274,1593.139398560835,991,True,1.4909604541424808,1.4909604541424808,0,"{""fit_converged"": true, ""final_update_norm"": 6.346072798317074e-06, ""fit_tolerance"": 1e-05, ""hit_round_cap"": false}",,13,13,39.0,39.0,3.046875,0.0,0.5390625,0.17968379097634127,-5.906636671149101,23.670437972456398,17.87994962860282,-8.034775602005961,0.0,-3.5717073159987125,3.161090878059204,21.654611224068145,6.169288114976807,3.5859375
94,20261005,FedAvg-ST,3,5,5,3,0.75,0.6,3509.9992343767863,3644.649811009664,1774.9824729463764,796,True,1.4909604541424808,1.4909604541424808,0,"{""fit_converged"": true, ""final_update_norm"": 6.346072798317074e-06, ""fit_tolerance"": 1e-05, ""hit_round_cap"": false}",5.957921995983029,13,13,39.0,39.0,3.046875,2.8125,0.5390625,0.0,-0.0,17.71251597647337,11.922027632619791,-2.076853606022932,0.0,-0.0,0.0,15.696689228085116,0.21136611899377744,6.3984375
94,20261005,FedAvg-P,3,8,2,3,0.5454545454545454,0.375,2983.989013061994,3294.87657425184,1605.4404789319453,990,True,1.4909604541424808,1.4909604541424808,0,"{""selected_candidate"": 0, ""candidate_rounds"": [10, 10, 11, 12, 13], ""candidate_diagnostics"": [{""fit_converged"": true, ""final_update_norm"": 7.4940405001261805e-06, ""fit_tolerance"": 1e-05, ""hit_round_cap"": false}, {""fit_converged"": true, ""final_update_norm"": 8.901700148123275e-06, ""fit_tolerance"": 1e-05, ""hit_round_cap"": false}, {""fit_converged"": true, ""final_update_norm"": 2.222850116236221e-06, ""fit_tolerance"": 1e-05, ""hit_round_cap"": false}, {""fit_converged"": true, ""final_update_norm"": 1.64031083442649e-06, ""fit_tolerance"": 1e-05, ""hit_round_cap"": false}, {""fit_converged"": true, ""final_update_norm"": 3.463875977102768e-06, ""fit_tolerance"": 1e-05, ""hit_round_cap"": false}]}",1.4909604541424808,10,56,30.0,168.0,13.125,0.3515625,0.5390625,0.0,-4.416001476764579,22.307200047116858,16.508923194760317,-5.660882286483687,0.0,-2.466277741099509,1.6041414834531138,19.939301274536025,4.32384603607181,14.015625
94,20261005,FedAvg,20,10,0,3,0.46153846153846156,0.3,2841.3255416019465,3207.021833216218,1595.713442555811,1023,True,1.4909604541424808,1.4909604541424808,0,"{""fit_converged"": true, ""final_update_norm"": 2.537278418741212e-06, ""fit_tolerance"": 1e-05, ""hit_round_cap"": false}",,10,10,200.0,200.0,2.34375,0.0,0.5390625,0.23637033594402138,-6.557523024274976,23.543559915141007,18.138744004885105,-6.005741705105782,-2.0757385775959074,-4.3221251218285595,4.067327888290958,20.401391238013414,6.281012571590255,2.8828125
94,20261005,FedAvg-ST,20,6,4,3,0.6666666666666666,0.5,3367.8031414523825,3631.2253984525255,1728.5887248728525,798,True,1.4909604541424808,1.4909604541424808,0,"{""fit_converged"": true, ""final_update_norm"": 2.537278418741212e-06, ""fit_tolerance"": 1e-05, ""hit_round_cap"": false}",4.761606441216347,10,10,200.0,200.0,2.34375,2.8125,0.5390625,0.0,-1.795916583058629,18.78195347392466,13.377137563668757,-1.2441352638894356,-0.0,-0.0,0.0,15.639784796797066,1.5194061303739081,5.6953125
94,20261005,FedAvg-P,20,9,1,3,0.5,0.3333333333333333,2945.9678979155397,3307.1112622492815,1605.9290492272853,1022,True,1.4909604541424808,1.4909604541424808,0,"{""selected_candidate"": 0, ""candidate_rounds"": [10, 10, 10, 10, 10], ""candidate_diagnostics"": [{""fit_converged"": true, ""final_update_norm"": 3.3362128680231062e-06, ""fit_tolerance"": 1e-05, ""hit_round_cap"": false}, {""fit_converged"": true, ""final_update_norm"": 2.8656168005801114e-06, ""fit_tolerance"": 1e-05, ""hit_round_cap"": false}, {""fit_converged"": true, ""final_update_norm"": 2.768702555548398e-06, ""fit_tolerance"": 1e-05, ""hit_round_cap"": false}, {""fit_converged"": true, ""final_update_norm"": 2.653404417245209e-06, ""fit_tolerance"": 1e-05, ""hit_round_cap"": false}, {""fit_converged"": true, ""final_update_norm"": 2.5953414206349637e-06, ""fit_tolerance"": 1e-05, ""hit_round_cap"": false}]}",1.4909604541424808,10,50,200.0,1000.0,11.71875,0.3515625,0.5390625,0.0,-5.066011598972539,22.0296950021605,16.65304430781518,-4.764215768867194,-0.3156934206101545,-2.8193526941395057,2.4620927718208185,19.033221867395227,4.788453035448924,12.609375
95,20261006,Pooled,0,10,0,6,0.75,0.6,3348.5745258177008,2874.554735165874,1443.7902372579035,1023,True,0.3910316209964047,0.04756171178110648,0,{},,0,0,,,0.0,0.0,0.5390625,-2.2798597931267754,-11.459763191682784,29.506922647645744,9.563172280756072,-6.262876022613505,-6.61151237640252,-4.596088016760885,12.61836551129142,19.08785567016185,6.956122227394022,0.5390625
95,20261006,Pooled-1SE,0,6,4,6,1.0,1.0,3317.6862534872216,3279.91222077542,1528.9409713379225,846,True,0.3910316209964047,5.57471916532601,0,{},,0,0,,,0.0,0.0,0.5390625,-0.0,-1.550963872420655,28.393392603053336,3.4353971564313506,-0.0,-0.0,-7.352012758486406,0.0,17.54131256756624,2.20096339643521,0.5390625
95,20261006,Largest-site,0,10,0,6,0.75,0.6,3699.319258889854,3127.3665790708096,1484.4731069028842,1023,True,0.3910316209964047,0.05323135416889975,0,{},,0,0,,,0.0,0.0,0.5390625,-2.1032872429109326,-11.351056368544436,33.70717422751157,2.2755389211382187,14.463131797492458,-22.423559378653483,-12.593442575742055,13.618420341948811,10.28738111009451,4.7137357090686764,0.5390625
95,20261006,Largest-site-1SE,0,4,6,6,0.6,0.42857142857142855,3503.2584168281173,3451.9650058278958,1573.3587209264456,452,True,0.3910316209964047,6.23925925221858,0,{},,0,0,,,0.0,0.0,0.5390625,-0.0,-0.0,32.03168550669085,0.0,0.0,0.0,-3.776175360036738,2.0994782934915444,16.824551079235587,0.0,0.5390625
95,20261006,One-shot,0,10,0,6,0.75,0.6,3323.7335319095755,2863.2803625069673,1450.2053256253712,1023,True,0.3910316209964047,0.3910316209964047,0,{},,1,1,,,0.234375,0.0,0.5390625,-2.4536866446438506,-10.519545193647279,28.206655563531818,8.695991258376651,-11.980739557559307,-2.292048788276899,1.7431519077128357,15.111866476608814,23.15231616276604,6.498221574254372,0.7734375
95,20261006,ADMM,0,10,0,6,0.75,0.6,3330.2823073616987,2896.225790032752,1442.750485825401,1023,True,0.3910316209964047,0.3910316209964047,0,{},,5043,5043,,,1181.953125,0.0,0.5390625,-1.899045397793063,-10.84060667799354,29.341997357435645,9.09246913859648,-0.12433427116352153,-9.946193468816455,-8.121831326859404,9.755461536716803,17.243965883274907,6.522238805509999,1182.4921875
95,20261006,FedAvg,1,10,0,6,0.75,0.6,3306.063637403091,2898.2621277252642,1444.2838719949368,1023,True,0.3910316209964047,0.3910316209964047,0,"{""fit_converged"": true, ""final_update_norm"": 9.685356167664414e-06, ""fit_tolerance"": 1e-05, ""hit_round_cap"": false}",,65,65,65.0,65.0,15.234375,0.0,0.5390625,-1.824279756854365,-10.586743121368771,29.384665232601645,8.707703475443218,-1.2251195323539692,-9.111492488704476,-7.098124710656378,9.383419198495936,18.921551137937104,4.896152006253671,15.7734375
95,20261006,FedAvg-ST,1,8,2,6,0.8571428571428571,0.75,3271.156793991751,3067.958530321145,1474.5494453182998,1006,True,0.3910316209964047,0.3910316209964047,0,"{""fit_converged"": true, ""final_update_norm"": 9.685356167664414e-06, ""fit_tolerance"": 1e-05, ""hit_round_cap"": false}",1.9551581049820235,65,65,65.0,65.0,15.234375,2.8125,0.5390625,-0.0,-8.631585016386747,27.429507127619623,6.752545370461194,-0.0,-7.156334383722452,-5.142966605674355,7.428261093513912,16.966393032955082,2.9409939012716477,18.5859375
95,20261006,FedAvg-P,1,10,0,6,0.75,0.6,3270.5938068038463,2923.80771179553,1446.8778147806386,1023,True,0.3910316209964047,0.3910316209964047,0,"{""selected_candidate"": 0, ""candidate_rounds"": [68, 56, 59, 63, 64], ""candidate_diagnostics"": [{""fit_converged"": true, ""final_update_norm"": 8.920944310997013e-06, ""fit_tolerance"": 1e-05, ""hit_round_cap"": false}, {""fit_converged"": true, ""final_update_norm"": 8.966188134568808e-06, ""fit_tolerance"": 1e-05, ""hit_round_cap"": false}, {""fit_converged"": true, ""final_update_norm"": 9.170584510436956e-06, ""fit_tolerance"": 1e-05, ""hit_round_cap"": false}, {""fit_converged"": true, ""final_update_norm"": 9.024530183699815e-06, ""fit_tolerance"": 1e-05, ""hit_round_cap"": false}, {""fit_converged"": true, ""final_update_norm"": 9.512376719016389e-06, ""fit_tolerance"": 1e-05, ""hit_round_cap"": false}]}",0.3910316209964047,68,310,68.0,310.0,72.65625,0.3515625,0.5390625,-1.335007164913496,-9.792897496286335,29.615959179035475,8.288351509386457,-0.9165674991414225,-7.2561513844204875,-7.954420337675067,7.203375943491158,18.66149447865253,4.015502651622203,73.546875
95,20261006,FedAvg,3,10,0,6,0.75,0.6,3301.932033498638,2883.3375591336053,1444.9862329128373,1023,True,0.3910316209964047,0.3910316209964047,0,"{""fit_converged"": true, ""final_update_norm"": 7.0512925279159326e-06, ""fit_tolerance"": 1e-05, ""hit_round_cap"": false}",,31,31,93.0,93.0,7.265625,0.0,0.5390625,-2.111982123058253,-10.82269431759175,28.83375739698463,8.829962624532225,-1.6987334150916988,-8.234761911629619,-5.853125609462536,9.770709285162484,19.605278898341425,5.344947509076743,7.8046875
95,20261006,FedAvg-ST,3,9,1,6,0.8,0.6666666666666666,3268.014256326584,3051.546888220831,1477.486855348784,1007,True,0.3910316209964047,0.3910316209964047,0,"{""fit_converged"": true, ""final_update_norm"": 7.0512925279159326e-06, ""fit_tolerance"": 1e-05, ""hit_round_cap"": false}",1.9551581049820235,31,31,93.0,93.0,7.265625,2.8125,0.5390625,-0.1568240180762297,-8.867536212609727,26.878599292002608,6.874804519550201,-0.0,-6.279603806647595,-3.8979675044805124,7.81555118018046,17.650120793359402,3.3897894040947194,10.6171875
95,20261006,FedAvg-P,3,10,0,6,0.75,0.6,3282.1174766742756,2906.7121016653587,1447.4427627814443,1023,True,0.3910316209964047,0.3910316209964047,0,"{""selected_candidate"": 0, ""candidate_rounds"": [31, 31, 31, 31, 31], ""candidate_diagnostics"": [{""fit_converged"": true, ""final_update_norm"": 7.428204473269731e-06, ""fit_tolerance"": 1e-05, ""hit_round_cap"": false}, {""fit_converged"": true, ""final_update_norm"": 7.24521726588601e-06, ""fit_tolerance"": 1e-05, ""hit_round_cap"": false}, {""fit_converged"": true, ""final_update_norm"": 7.106066118359358e-06, ""fit_tolerance"": 1e-05, ""hit_round_cap"": false}, {""fit_converged"": true, ""final_update_norm"": 7.0380400764236845e-06, ""fit_tolerance"": 1e-05, ""hit_round_cap"": false}, {""fit_converged"": true, ""final_update_norm"": 7.0418035155851975e-06, ""fit_tolerance"": 1e-05, ""hit_round_cap"": false}]}",0.3910316209964047,31,155,93.0,465.0,36.328125,0.3515625,0.5390625,-1.7585540814462164,-10.451933957005558,28.457786024374045,8.45363909603115,-1.4250040415553997,-7.399324061949387,-5.833151343920428,8.849531287515713,19.36732484925597,4.882180516072739,37.21875
95,20261006,FedAvg,20,10,0,6,0.75,0.6,3310.119817555916,2873.606900781564,1446.0216395651346,1023,True,0.3910316209964047,0.3910316209964047,0,"{""fit_converged"": true, ""final_update_norm"": 3.5865153164246337e-06, ""fit_tolerance"": 1e-05, ""hit_round_cap"": false}",,13,13,260.0,260.0,3.046875,0.0,0.5390625,-2.0926599116081386,-10.811332914421078,28.711810286852867,8.782156408860704,-7.803480799951826,-4.657287017592202,-1.6054451596278239,12.642641415630436,21.38325801539341,5.875661907048643,3.5859375
95,20261006,FedAvg-ST,20,9,1,6,0.6666666666666666,0.5,3273.234337933102,3032.6024243108086,1476.582630231122,959,True,0.3910316209964047,0.3910316209964047,0,"{""fit_converged"": true, ""final_update_norm"": 3.5865153164246337e-06, ""fit_tolerance"": 1e-05, ""hit_round_cap"": false}",1.9551581049820235,13,13,260.0,260.0,3.046875,2.8125,0.5390625,-0.1375018066261151,-8.856174809439054,26.756652181870844,6.82699830387868,-5.848322694969802,-2.702128912610178,-0.0,10.687483310648412,19.428099910411387,3.92050380206662,6.3984375
95,20261006,FedAvg-P,20,10,0,6,0.75,0.6,3295.8072437602586,2897.808764922085,1448.6080014918916,1023,True,0.3910316209964047,0.3910316209964047,0,"{""selected_candidate"": 0, ""candidate_rounds"": [21, 19, 13, 13, 13], ""candidate_diagnostics"": [{""fit_converged"": true, ""final_update_norm"": 7.926750117199776e-06, ""fit_tolerance"": 1e-05, ""hit_round_cap"": false}, {""fit_converged"": true, ""final_update_norm"": 7.439230093928438e-06, ""fit_tolerance"": 1e-05, ""hit_round_cap"": false}, {""fit_converged"": true, ""final_update_norm"": 1.942880732868298e-06, ""fit_tolerance"": 1e-05, ""hit_round_cap"": false}, {""fit_converged"": true, ""final_update_norm"": 2.74193029345454e-06, ""fit_tolerance"": 1e-05, ""hit_round_cap"": false}, {""fit_converged"": true, ""final_update_norm"": 3.1624204323335446e-06, ""fit_tolerance"": 1e-05, ""hit_round_cap"": false}]}",0.3910316209964047,21,79,420.0,1580.0,18.515625,0.3515625,0.5390625,-1.7012104329132989,-10.42134205241729,28.321729922832258,8.391454222660775,-7.450110421941532,-4.236152408028968,-1.1975709638801704,12.250509705812691,21.00819790939298,5.484946353859419,19.40625
96,20261007,Pooled,0,10,0,3,0.46153846153846156,0.3,2933.374816319867,2946.2969793550988,2341.209259791228,1023,True,4.600123116673266,0.04548055921361799,0,{},,0,0,,,0.0,0.0,0.5390625,-2.5073663802208803,-16.40594116402859,19.858771574109454,17.430741831878848,-44.3957620027009,33.70226198307324,6.530288909616507,5.893988108459334,40.184380565684094,6.792191616105429,0.5390625
96,20261007,Pooled-1SE,0,3,7,3,1.0,1.0,2965.2564174164063,3366.2640750714354,1975.808401894177,268,True,4.600123116673266,13.822430554704974,0,{},,0,0,,,0.0,0.0,0.5390625,0.0,-0.0,17.92058142380832,5.406642414301985,0.0,0.0,-0.0,0.0,21.442980502686158,0.0,0.5390625
96,20261007,Largest-site,0,7,3,3,0.6,0.42857142857142855,2781.1096906814473,2862.4048452994175,1918.1021811432504,351,True,4.600123116673266,1.4423639222672813,0,{},,0,0,,,0.0,0.0,0.5390625,-0.27838741190879285,-12.557483312734536,25.69153860014876,18.831790693233774,-1.757424047331553,-0.0,-7.94744382240278,-0.0,20.582246515665414,0.0,0.5390625
96,20261007,Largest-site-1SE,0,3,7,3,1.0,1.0,3105.7253139948325,3500.5402862365154,2063.6221871946523,268,True,4.600123116673266,19.81553878734308,0,{},,0,0,,,0.0,0.0,0.5390625,0.0,-0.0,19.87822799856528,5.628371395281023,0.0,0.0,-0.0,0.0,12.97178086283421,0.0,0.5390625
96,20261007,One-shot,0,9,1,3,0.5,0.3333333333333333,2835.4418800904728,3001.509464450858,1883.3861792270345,991,True,4.600123116673266,4.600123116673266,0,{},,1,1,,,0.234375,0.0,0.5390625,-0.13919370595439642,-8.198871593871498,18.960083121790124,14.224637924394818,-0.7576747554925044,0.0,-4.16922477165094,4.727998368885366,23.858584606796736,2.068723725424959,0.7734375
96,20261007,ADMM,0,6,4,3,0.6666666666666666,0.5,2797.7902146246647,3008.432756000423,1867.2236918804783,846,True,4.600123116673266,4.600123116673266,0,{},,122,122,,,28.59375,0.0,0.5390625,-0.0,-8.328382134838163,20.019403444490592,12.03154007646523,-0.0,-0.0,-6.749314409488374,0.0,23.473674332407256,4.038812026909511,29.1328125
96,20261007,FedAvg,1,10,0,3,0.46153846153846156,0.3,2819.8601958693557,2993.919669229076,1897.2893403494909,1023,True,4.600123116673266,4.600123116673266,0,"{""fit_converged"": true, ""final_update_norm"": 5.983826029840378e-06, ""fit_tolerance"": 1e-05, ""hit_round_cap"": false}",,22,22,22.0,22.0,5.15625,0.0,0.5390625,2.5498594672663786,-8.343366882824647,19.508463695361222,11.653508242777967,0.44113298381502464,-0.9754380260265321,-5.720740648367832,2.368796659468497,24.0755637039415,1.8520818602470244,5.6953125
96,20261007,FedAvg-ST,1,5,5,3,0.75,0.6,2982.3913440659485,3418.810552181091,1965.375574494043,334,True,4.600123116673266,4.600123116673266,0,"{""fit_converged"": true, ""final_update_norm"": 5.983826029840378e-06, ""fit_tolerance"": 1e-05, ""hit_round_cap"": false}",3.828326171049687,22,22,22.0,22.0,5.15625,2.8125,0.5390625,0.0,-4.51504071177496,15.680137524311535,7.82518207172828,0.0,-0.0,-1.8924144773181446,0.0,20.247237532891816,0.0,8.5078125
96,20261007,FedAvg-P,1,5,5,3,0.75,0.6,2886.150474394343,3127.2917088353142,1981.9317307203441,334,True,4.600123116673266,4.600123116673266,0,"{""selected_candidate"": 0, ""candidate_rounds"": [18, 19, 21, 21, 22], ""candidate_diagnostics"": [{""fit_converged"": true, ""final_update_norm"": 5.162426330628896e-06, ""fit_tolerance"": 1e-05, ""hit_round_cap"": false}, {""fit_converged"": true, ""final_update_norm"": 4.373786715367336e-06, ""fit_tolerance"": 1e-05, ""hit_round_cap"": false}, {""fit_converged"": true, ""final_update_norm"": 9.020713693787274e-06, ""fit_tolerance"": 1e-05, ""hit_round_cap"": false}, {""fit_converged"": true, ""final_update_norm"": 7.18693669645875e-06, ""fit_tolerance"": 1e-05, ""hit_round_cap"": false}, {""fit_converged"": true, ""final_update_norm"": 2.6839972327745957e-06, ""fit_tolerance"": 1e-05, ""hit_round_cap"": false}]}",4.600123116673266,18,101,18.0,101.0,23.671875,0.3515625,0.5390625,0.0,-0.12624761886543112,23.339402312765472,7.838632340232924,0.0,-0.0,-3.1821713873803708,0.0,13.400367738332154,0.0,24.5625
96,20261007,FedAvg,3,10,0,3,0.46153846153846156,0.3,2829.541120539189,3008.7465803047776,1898.4831484813535,1023,True,4.600123116673266,4.600123116673266,0,"{""fit_converged"": true, ""final_update_norm"": 8.299295376122381e-06, ""fit_tolerance"": 1e-05, ""hit_round_cap"": false}",,12,12,36.0,36.0,2.8125,0.0,0.5390625,-0.04183050479217954,-7.686349910169018,19.01153281584698,14.05193874402326,1.8337465559143917,-2.0271930019751774,-5.2931288723713426,4.0346438162643175,23.374499609267954,1.7296680400890023,3.3515625
96,20261007,FedAvg-ST,3,6,4,3,0.6666666666666666,0.5,2980.6062176302653,3391.5280511465776,1961.0326611994788,462,True,4.600123116673266,4.600123116673266,0,"{""fit_converged"": true, ""final_update_norm"": 8.299295376122381e-06, ""fit_tolerance"": 1e-05, ""hit_round_cap"": false}",3.828326171049687,12,12,36.0,36.0,2.8125,2.8125,0.5390625,-0.0,-3.8580237391193313,15.183206644797293,10.223612572973574,0.0,-0.0,-1.4648027013216556,0.20631764521463047,19.54617343821827,0.0,6.1640625
96,20261007,FedAvg-P,3,6,4,3,0.6666666666666666,0.5,2864.2547131224724,3172.669011619691,1906.4051178677894,462,True,4.600123116673266,4.600123116673266,0,"{""selected_candidate"": 1, ""candidate_rounds"": [8, 10, 12, 12, 12], ""candidate_diagnostics"": [{""fit_converged"": true, ""final_update_norm"": 3.87762855657396e-06, ""fit_tolerance"": 1e-05, ""hit_round_cap"": false}, {""fit_converged"": true, ""final_update_norm"": 5.467650250168177e-06, ""fit_tolerance"": 1e-05, ""hit_round_cap"": false}, {""fit_converged"": true, ""final_update_norm"": 3.867057179398978e-06, ""fit_tolerance"": 1e-05, ""hit_round_cap"": false}, {""fit_converged"": true, ""final_update_norm"": 7.913089605062362e-06, ""fit_tolerance"": 1e-05, ""hit_round_cap"": false}, {""fit_converged"": true, ""final_update_norm"": 8.092610303230096e-06, ""fit_tolerance"": 1e-05, ""hit_round_cap"": false}]}",2.300061558336633,10,54,30.0,162.0,12.65625,0.3515625,0.5390625,-0.0,-5.789573115299142,16.460954598626707,12.020978740125706,0.0,-0.0,-3.7396430292005696,1.5238751621620987,20.897563025209767,0.0,13.546875
96,20261007,FedAvg,20,9,1,3,0.5,0.3333333333333333,2835.46948035386,3004.060888430344,1882.298448519595,991,True,4.600123116673266,4.600123116673266,0,"{""fit_converged"": true, ""final_update_norm"": 9.515874815502319e-06, ""fit_tolerance"": 1e-05, ""hit_round_cap"": false}",,4,4,80.0,80.0,0.9375,0.0,0.5390625,-0.13919367763690133,-8.189925317251408,18.92991845131594,14.194429565459622,-0.602713688149012,0.0,-4.352333864495482,4.467391061989431,23.863573164301624,2.0805093049803953,1.4765625
96,20261007,FedAvg-ST,20,6,4,3,0.6666666666666666,0.5,2999.4792504963993,3420.6053708030313,1961.1036455520734,462,True,4.600123116673266,4.600123116673266,0,"{""fit_converged"": true, ""final_update_norm"": 9.515874815502319e-06, ""fit_tolerance"": 1e-05, ""hit_round_cap"": false}",3.828326171049687,4,4,80.0,80.0,0.9375,2.8125,0.5390625,-0.0,-4.361599146201721,15.101592280266255,10.366103394409935,-0.0,0.0,-0.5240076934457951,0.6390648909397436,20.03524699325194,0.0,4.2890625
96,20261007,FedAvg-P,20,6,4,3,0.6666666666666666,0.5,2888.7009872668427,3212.504180571453,1908.4316360460803,462,True,4.600123116673266,4.600123116673266,0,"{""selected_candidate"": 1, ""candidate_rounds"": [4, 5, 5, 4, 4], ""candidate_diagnostics"": [{""fit_converged"": true, ""final_update_norm"": 5.536154511473237e-09, ""fit_tolerance"": 1e-05, ""hit_round_cap"": false}, {""fit_converged"": true, ""final_update_norm"": 8.350933332201531e-06, ""fit_tolerance"": 1e-05, ""hit_round_cap"": false}, {""fit_converged"": true, ""final_update_norm"": 9.317121138297378e-06, ""fit_tolerance"": 1e-05, ""hit_round_cap"": false}, {""fit_converged"": true, ""final_update_norm"": 8.580573561379075e-06, ""fit_tolerance"": 1e-05, ""hit_round_cap"": false}, {""fit_converged"": true, ""final_update_norm"": 9.692512751264867e-06, ""fit_tolerance"": 1e-05, ""hit_round_cap"": false}]}",2.300061558336633,5,22,100.0,440.0,5.15625,0.3515625,0.5390625,-0.0,-5.889541071507354,16.62859992699563,11.893205738613048,-0.0,0.0,-2.059349878783944,2.157276852260749,21.563745647416944,0.0,6.046875
97,20261008,Pooled,0,10,0,5,0.6666666666666666,0.5,3146.3482490832234,2809.4001824264205,1629.2529927641385,1023,True,1.438846001554169,0.04286952051486935,0,{},,0,0,,,0.0,0.0,0.5390625,-1.0372921812562759,-12.75120016035934,20.54252368767233,18.706823486447977,-34.89618518183844,23.924868399409053,0.3099314287172305,3.9467588157954676,33.37012427243796,1.4269744346328033,0.5390625
97,20261008,Pooled-1SE,0,5,5,5,1.0,1.0,3244.20418355759,3099.6638318054365,1581.1761928469086,334,True,1.438846001554169,5.024746348963703,0,{},,0,0,,,0.0,0.0,0.5390625,-0.0,-4.372361659958999,19.940283359281736,13.33709159089341,-0.0,-0.0,-7.928790182960671,0.0,19.435943632577285,0.0,0.5390625
97,20261008,Largest-site,0,9,1,5,0.7142857142857143,0.5555555555555556,3210.349122956418,2739.2524928378907,1593.1003760006054,991,True,1.438846001554169,0.240081742017258,0,{},,0,0,,,0.0,0.0,0.5390625,2.2988239483642334,-16.066547392728815,21.609444412485203,14.414605538652237,-8.732934978292743,0.0,-9.448867996546438,2.2531949011812764,22.626763462774413,5.5490700728457,0.5390625
97,20261008,Largest-site-1SE,0,6,4,5,0.9090909090909091,0.8333333333333334,3334.7313797645243,3217.2712607591443,1614.7175436519613,846,True,1.438846001554169,6.739613564612721,0,{},,0,0,,,0.0,0.0,0.5390625,0.0,-5.4718884541143105,18.833425269871505,8.715706792790806,-0.0,-0.0,-6.077958520075233,0.0,20.483344511579947,0.7714871295815844,0.5390625
97,20261008,One-shot,0,10,0,5,0.6666666666666666,0.5,3123.3666240416724,2844.8525047035414,1562.2309074518585,1023,True,1.438846001554169,1.438846001554169,0,{},,1,1,,,0.234375,0.0,0.5390625,-0.9390859559302773,-9.058280559816215,22.312635137274476,16.12299908360134,-4.553091530032957,-0.6242636086464228,-7.189570326262569,1.3809114024388185,21.573795995986487,3.775250993534722,0.7734375
97,20261008,ADMM,0,7,3,5,0.8333333333333334,0.7142857142857143,3170.3334088824968,2882.9655843179016,1551.3219875129503,862,True,1.438846001554169,1.438846001554169,0,{},,185,185,,,43.359375,0.0,0.5390625,-0.0,-10.157417801868077,20.590184777660877,16.8909351577323,-2.9096823886933545,-0.0,-11.404547875694933,0.0,21.81921394732946,0.24800660490775955,43.8984375
97,20261008,FedAvg,1,10,0,5,0.6666666666666666,0.5,3132.23540263085,2858.236118486392,1557.5974828793346,1023,True,1.438846001554169,1.438846001554169,0,"{""fit_converged"": true, ""final_update_norm"": 8.805229606164022e-06, ""fit_tolerance"": 1e-05, ""hit_round_cap"": false}",,37,37,37.0,37.0,8.671875,0.0,0.5390625,-0.6153820108507997,-9.546508807280576,21.20315922963819,15.92396987179826,-5.034548510178181,0.27178255209264196,-8.27150893022684,0.7995119903733021,22.651027069274793,2.9200357759235853,9.2109375
97,20261008,FedAvg-ST,1,7,3,5,0.8333333333333334,0.7142857142857143,3307.1687359138004,3152.8830495208426,1585.2440199917617,862,True,1.438846001554169,1.438846001554169,0,"{""fit_converged"": true, ""final_update_norm"": 8.805229606164022e-06, ""fit_tolerance"": 1e-05, ""hit_round_cap"": false}",2.3457284709964314,37,37,37.0,37.0,8.671875,2.8125,0.5390625,-0.0,-7.2007803362841445,18.857430758641758,13.57824140080183,-2.688820039181749,0.0,-5.925780459230409,0.0,20.305298598278362,0.5743073049271539,12.0234375
97,20261008,FedAvg-P,1,7,3,5,0.8333333333333334,0.7142857142857143,3207.9580510930946,2973.3673046080185,1564.8907935000416,862,True,1.438846001554169,1.438846001554169,0,"{""selected_candidate"": 0, ""candidate_rounds"": [20, 19, 26, 26, 29], ""candidate_diagnostics"": [{""fit_converged"": true, ""final_update_norm"": 6.44399810287598e-06, ""fit_tolerance"": 1e-05, ""hit_round_cap"": false}, {""fit_converged"": true, ""final_update_norm"": 6.674882291053197e-06, ""fit_tolerance"": 1e-05, ""hit_round_cap"": false}, {""fit_converged"": true, ""final_update_norm"": 6.638416386238282e-06, ""fit_tolerance"": 1e-05, ""hit_round_cap"": false}, {""fit_converged"": true, ""final_update_norm"": 6.354039074960642e-06, ""fit_tolerance"": 1e-05, ""hit_round_cap"": false}, {""fit_converged"": true, ""final_update_norm"": 6.977049591646731e-06, ""fit_tolerance"": 1e-05, ""hit_round_cap"": false}]}",1.438846001554169,20,120,20.0,120.0,28.125,0.3515625,0.5390625,0.0,-6.8079682886850845,22.166975488773275,14.371040525920975,-1.387079733982477,0.0,-7.83418306447851,0.0,19.54218855215275,0.5239984159190156,29.015625
97,20261008,FedAvg,3,10,0,5,0.6666666666666666,0.5,3124.1743337387034,2851.9412730372533,1561.0913617206372,1023,True,1.438846001554169,1.438846001554169,0,"{""fit_converged"": true, ""final_update_norm"": 4.8242104544623745e-06, ""fit_tolerance"": 1e-05, ""hit_round_cap"": false}",,14,14,42.0,42.0,3.28125,0.0,0.5390625,-1.1770304308154473,-9.321842784684222,21.95359138921107,16.075840312457473,-4.599009029856569,-0.39345328857294404,-7.629871289404151,1.3541464611999756,21.631195766911176,3.737424159378959,3.8203125
97,20261008,FedAvg-ST,3,7,3,5,0.8333333333333334,0.7142857142857143,3310.761035848078,3134.2119372787997,1587.53998281008,862,True,1.438846001554169,1.438846001554169,0,"{""fit_converged"": true, ""final_update_norm"": 4.8242104544623745e-06, ""fit_tolerance"": 1e-05, ""hit_round_cap"": false}",2.3457284709964314,14,14,42.0,42.0,3.28125,2.8125,0.5390625,-0.0,-6.97611431368779,19.60786291821464,13.730111841461042,-2.253280558860138,-0.0,-5.2841428184077195,0.0,19.285467295914746,1.3916956883825278,6.6328125
97,20261008,FedAvg-P,3,7,3,5,0.8333333333333334,0.7142857142857143,3233.8669877703696,2998.267254469973,1567.4501935964363,862,True,1.438846001554169,1.438846001554169,0,"{""selected_candidate"": 0, ""candidate_rounds"": [8, 17, 13, 13, 13], ""candidate_diagnostics"": [{""fit_converged"": true, ""final_update_norm"": 4.426406034839974e-06, ""fit_tolerance"": 1e-05, ""hit_round_cap"": false}, {""fit_converged"": true, ""final_update_norm"": 8.339926127639977e-06, ""fit_tolerance"": 1e-05, ""hit_round_cap"": false}, {""fit_converged"": true, ""final_update_norm"": 7.452431342718529e-06, ""fit_tolerance"": 1e-05, ""hit_round_cap"": false}, {""fit_converged"": true, ""final_update_norm"": 6.811523080178897e-06, ""fit_tolerance"": 1e-05, ""hit_round_cap"": false}, {""fit_converged"": true, ""final_update_norm"": 8.894657355999183e-06, ""fit_tolerance"": 1e-05, ""hit_round_cap"": false}]}",1.438846001554169,8,64,24.0,192.0,15.0,0.3515625,0.5390625,-0.0,-7.979305475220527,20.57451331461891,14.733425548738776,-2.6506024551574665,-0.0,-6.75281593995935,0.0,20.011670567078035,2.1872986014410225,15.890625
97,20261008,FedAvg,20,10,0,5,0.6666666666666666,0.5,3123.411562514281,2844.933589672917,1562.2096081665522,1023,True,1.438846001554169,1.438846001554169,0,"{""fit_converged"": true, ""final_update_norm"": 1.048505492489802e-06, ""fit_tolerance"": 1e-05, ""hit_round_cap"": false}",,6,6,120.0,120.0,1.40625,0.0,0.5390625,-0.94204805969697,-9.055699162269525,22.311243387652326,16.121676821277752,-4.522903863534623,-0.6349285621747468,-7.211011785529582,1.360316055417674,21.570447592879933,3.776486648644614,1.9453125
97,20261008,FedAvg-ST,20,7,3,5,0.8333333333333334,0.7142857142857143,3308.6225525173613,3130.8441074696543,1588.7240024286307,862,True,1.438846001554169,1.438846001554169,0,"{""fit_converged"": true, ""final_update_norm"": 1.048505492489802e-06, ""fit_tolerance"": 1e-05, ""hit_round_cap"": false}",2.3457284709964314,6,6,120.0,120.0,1.40625,2.8125,0.5390625,-0.0,-6.709970691273093,19.965514916655895,13.775948350281322,-2.1771753925381914,-0.0,-4.86528331453315,0.0,19.224719121883503,1.4307581776481824,4.7578125
97,20261008,FedAvg-P,20,7,3,5,0.8333333333333334,0.7142857142857143,3237.6737179833394,3009.0513992320725,1571.3165750882695,862,True,1.438846001554169,1.438846001554169,0,"{""selected_candidate"": 0, ""candidate_rounds"": [4, 6, 6, 6, 6], ""candidate_diagnostics"": [{""fit_converged"": true, ""final_update_norm"": 2.6463461139940947e-06, ""fit_tolerance"": 1e-05, ""hit_round_cap"": false}, {""fit_converged"": true, ""final_update_norm"": 1.1164449626531495e-06, ""fit_tolerance"": 1e-05, ""hit_round_cap"": false}, {""fit_converged"": true, ""final_update_norm"": 1.0504969649886382e-06, ""fit_tolerance"": 1e-05, ""hit_round_cap"": false}, {""fit_converged"": true, ""final_update_norm"": 1.0429166167683488e-06, ""fit_tolerance"": 1e-05, ""hit_round_cap"": false}, {""fit_converged"": true, ""final_update_norm"": 1.0466913030850533e-06, ""fit_tolerance"": 1e-05, ""hit_round_cap"": false}]}",1.438846001554169,4,28,80.0,560.0,6.5625,0.3515625,0.5390625,-0.0,-7.6178192685849355,20.869855541006128,14.681762561268819,-3.068753060757997,-0.0,-5.793776352038567,0.0,20.13037970233259,2.338232096654926,7.453125
98,20261009,Pooled,0,5,5,3,0.75,0.6,2876.1861608476634,3285.1606091025924,1861.484889900239,334,True,5.392765118435129,4.103580553013796,0,{},,0,0,,,0.0,0.0,0.5390625,-0.0,-5.187476724974004,22.00674519806874,11.39757196480661,-0.0,-0.0,-6.793241982416191,0.0,22.999137645688958,0.0,0.5390625
98,20261009,Pooled-1SE,0,3,7,3,1.0,1.0,3444.1951250545208,3613.368909399177,1920.7767952642157,268,True,5.392765118435129,13.50219395862096,0,{},,0,0,,,0.0,0.0,0.5390625,-0.0,-0.0,19.24420503613415,4.325936799749798,0.0,0.0,-0.0,0.0,19.80540906141844,0.0,0.5390625
98,20261009,Largest-site,0,6,4,3,0.6666666666666666,0.5,2915.5331338468222,3281.713684752068,1907.1868875557857,335,True,5.392765118435129,1.9986473827043887,0,{},,0,0,,,0.0,0.0,0.5390625,-2.7613495792535745,-5.108776120208177,16.926936592042672,15.503011607776754,0.0,0.0,-12.111064289668395,0.0,26.843946559971936,-0.0,0.5390625
98,20261009,Largest-site-1SE,0,3,7,3,1.0,1.0,3757.352993607387,3770.598640791292,1982.9781175757516,268,True,5.392765118435129,17.05181695241323,0,{},,0,0,,,0.0,0.0,0.5390625,-0.0,0.0,11.666101310189546,5.97929257203157,0.0,0.0,-0.0,0.0,20.80264431420932,0.0,0.5390625
98,20261009,One-shot,0,8,2,3,0.5454545454545454,0.375,2837.750220047387,3315.2419339096755,1874.9165502794544,863,True,5.392765118435129,5.392765118435129,0,{},,1,1,,,0.234375,0.0,0.5390625,-1.3806747896267872,-6.727259510098685,20.018880012647074,13.225851090440415,-0.5460486499271523,0.0,-8.919742023459406,0.0,21.870092269534496,1.5808211747837801,0.7734375
98,20261009,ADMM,0,5,5,3,0.75,0.6,2951.2188905613884,3320.7388501599817,1857.7809047667326,334,True,5.392765118435129,5.392765118435129,0,{},,133,133,,,31.171875,0.0,0.5390625,-0.0,-2.920378544824871,21.89031439079467,10.08534612725812,-0.0,-0.0,-5.1244866169466246,0.0,22.617403071453,0.0,31.7109375
98,20261009,FedAvg,1,8,2,3,0.5454545454545454,0.375,2859.74247052894,3306.1058411605127,1868.3055474682747,863,True,5.392765118435129,5.392765118435129,0,"{""fit_converged"": true, ""final_update_norm"": 4.7730866496260355e-06, ""fit_tolerance"": 1e-05, ""hit_round_cap"": false}",,18,18,18.0,18.0,4.21875,0.0,0.5390625,-0.43347329298342147,-4.706445888464428,20.172568815302046,12.5173509830724,-1.0611494135074757,0.0,-7.482374649567557,0.0,22.206180040726977,1.3443591862846207,4.7578125
98,20261009,FedAvg-ST,1,4,6,3,0.8571428571428571,0.75,3581.345178281516,3758.061201163198,1965.5795729098422,332,True,5.392765118435129,5.392765118435129,0,"{""fit_converged"": true, ""final_update_norm"": 4.7730866496260355e-06, ""fit_tolerance"": 1e-05, ""hit_round_cap"": false}",5.615549994187925,18,18,18.0,18.0,4.21875,2.8125,0.5390625,-0.0,-0.0,14.55701882111412,6.901800988884475,-0.0,0.0,-1.8668246553796317,0.0,16.59063004653905,0.0,7.5703125
98,20261009,FedAvg-P,1,4,6,3,0.8571428571428571,0.75,3272.044970016445,3721.418066668061,1943.2301374805625,332,True,5.392765118435129,5.392765118435129,0,"{""selected_candidate"": 0, ""candidate_rounds"": [19, 20, 18, 18, 17], ""candidate_diagnostics"": [{""fit_converged"": true, ""final_update_norm"": 8.662456442602525e-06, ""fit_tolerance"": 1e-05, ""hit_round_cap"": false}, {""fit_converged"": true, ""final_update_norm"": 5.263376924126556e-06, ""fit_tolerance"": 1e-05, ""hit_round_cap"": false}, {""fit_converged"": true, ""final_update_norm"": 6.797645372901442e-06, ""fit_tolerance"": 1e-05, ""hit_round_cap"": false}, {""fit_converged"": true, ""final_update_norm"": 3.9491756116326175e-06, ""fit_tolerance"": 1e-05, ""hit_round_cap"": false}, {""fit_converged"": true, ""final_update_norm"": 8.814965471423748e-06, ""fit_tolerance"": 1e-05, ""hit_round_cap"": false}]}",5.392765118435129,19,92,19.0,92.0,21.5625,0.3515625,0.5390625,0.0,-0.0,24.58897033387978,6.906800264699246,0.0,0.0,-3.412288882509669,0.0,10.163823809629735,-0.0,22.453125
98,20261009,FedAvg,3,8,2,3,0.5454545454545454,0.375,2833.848132544582,3312.109969493539,1875.675339356307,863,True,5.392765118435129,5.392765118435129,0,"{""fit_converged"": true, ""final_update_norm"": 3.970464619063451e-06, ""fit_tolerance"": 1e-05, ""hit_round_cap"": false}",,7,7,21.0,21.0,1.640625,0.0,0.5390625,-1.3826135377323705,-6.571295291324845,20.10198238795966,13.336840336863652,-0.823520134285593,0.0,-8.79213090009198,0.0,22.033789553748782,1.5082563683505388,2.1796875
98,20261009,FedAvg-ST,3,5,5,3,0.75,0.6,3501.1768375591037,3722.3664820674594,1952.4469559337483,334,True,5.392765118435129,5.392765118435129,0,"{""fit_converged"": true, ""final_update_norm"": 3.970464619063451e-06, ""fit_tolerance"": 1e-05, ""hit_round_cap"": false}",5.615549994187925,7,7,21.0,21.0,1.640625,2.8125,0.5390625,-0.0,-0.9557452971369198,14.486432393771732,7.721290342675727,-0.0,0.0,-3.1765809059040544,0.0,16.418239559560856,0.0,4.9921875
98,20261009,FedAvg-P,3,5,5,3,0.75,0.6,3423.4733340957905,3691.3567979985455,1940.683012446897,334,True,5.392765118435129,5.392765118435129,0,"{""selected_candidate"": 0, ""candidate_rounds"": [8, 7, 7, 7, 7], ""candidate_diagnostics"": [{""fit_converged"": true, ""final_update_norm"": 2.270371208209482e-06, ""fit_tolerance"": 1e-05, ""hit_round_cap"": false}, {""fit_converged"": true, ""final_update_norm"": 8.622449228588691e-06, ""fit_tolerance"": 1e-05, ""hit_round_cap"": false}, {""fit_converged"": true, ""final_update_norm"": 9.47482861499135e-06, ""fit_tolerance"": 1e-05, ""hit_round_cap"": false}, {""fit_converged"": true, ""final_update_norm"": 4.535786132972952e-06, ""fit_tolerance"": 1e-05, ""hit_round_cap"": false}, {""fit_converged"": true, ""final_update_norm"": 4.548434940972075e-06, ""fit_tolerance"": 1e-05, ""hit_round_cap"": false}]}",5.392765118435129,8,36,24.0,108.0,8.4375,0.3515625,0.5390625,-0.0,-1.4414105297301676,15.102690015139697,8.147038596676019,-0.0,0.0,-4.218234623204195,0.0,15.954440833572463,0.0,9.328125
98,20261009,FedAvg,20,8,2,3,0.5454545454545454,0.375,2837.750425779829,3315.2414522175955,1874.916535501602,863,True,5.392765118435129,5.392765118435129,0,"{""fit_converged"": true, ""final_update_norm"": 1.7555630829659026e-09, ""fit_tolerance"": 1e-05, ""hit_round_cap"": false}",,3,3,60.0,60.0,0.703125,0.0,0.5390625,-1.380674785298147,-6.727229821658781,20.018897989129094,13.225854364775671,-0.5460857362547021,0.0,-8.919689417624458,0.0,21.870133709184046,1.5808080952280528,1.2421875
98,20261009,FedAvg-ST,20,5,5,3,0.75,0.6,3509.360734899908,3730.6962732186935,1955.4003689431265,334,True,5.392765118435129,5.392765118435129,0,"{""fit_converged"": true, ""final_update_norm"": 1.7555630829659026e-09, ""fit_tolerance"": 1e-05, ""hit_round_cap"": false}",5.615549994187925,3,3,60.0,60.0,0.703125,2.8125,0.5390625,-0.0,-1.111679827470856,14.403347994941168,7.610304370587746,-0.0,0.0,-3.304139423436532,0.0,16.25458371499612,0.0,4.0546875
98,20261009,FedAvg-P,20,5,5,3,0.75,0.6,3473.1297197702834,3706.9674094824236,1947.1894711809339,334,True,5.392765118435129,5.392765118435129,0,"{""selected_candidate"": 0, ""candidate_rounds"": [3, 3, 3, 3, 3], ""candidate_diagnostics"": [{""fit_converged"": true, ""final_update_norm"": 8.703266789182806e-10, ""fit_tolerance"": 1e-05, ""hit_round_cap"": false}, {""fit_converged"": true, ""final_update_norm"": 1.1712286236962576e-09, ""fit_tolerance"": 1e-05, ""hit_round_cap"": false}, {""fit_converged"": true, ""final_update_norm"": 1.4728655658893349e-09, ""fit_tolerance"": 1e-05, ""hit_round_cap"": false}, {""fit_converged"": true, ""final_update_norm"": 1.5337656711107325e-09, ""fit_tolerance"": 1e-05, ""hit_round_cap"": false}, {""fit_converged"": true, ""final_update_norm"": 1.7225637381356046e-09, ""fit_tolerance"": 1e-05, ""hit_round_cap"": false}]}",5.392765118435129,3,15,60.0,300.0,3.515625,0.3515625,0.5390625,-0.0,-1.3344934910173123,14.6261153582564,7.833086054542569,-0.0,0.0,-3.526975212118378,0.0,16.477328542187475,0.0,4.40625
99,20261010,Pooled,0,8,2,3,0.5454545454545454,0.375,2951.6271294046196,2973.571180033199,1953.1473458028527,990,True,5.647058600915488,2.1843717076526166,0,{},,0,0,,,0.0,0.0,0.5390625,-0.0,-7.0711680367981335,27.99128107647549,14.190284504822493,-4.1742169977201335,-0.0,-7.943942272364473,3.5525564823375295,21.97810591036736,0.6101528556927789,0.5390625
99,20261010,Pooled-1SE,0,3,7,3,1.0,1.0,3304.5295256822833,3389.646516037791,2059.3694015700066,268,True,5.647058600915488,18.636357186990516,0,{},,0,0,,,0.0,0.0,0.5390625,0.0,0.0,22.355266646529383,3.408360947679279,0.0,0.0,-0.0,0.0,14.096046833368462,0.0,0.5390625
99,20261010,Largest-site,0,10,0,3,0.46153846153846156,0.3,3211.155581359163,3026.792461858514,2530.2837162252645,1023,True,5.647058600915488,0.05035405291929111,0,{},,0,0,,,0.0,0.0,0.5390625,3.362039164364297,-9.410231901272736,28.70378704906006,20.667997485182312,-40.72818679095659,21.214556219577435,14.783198808287898,22.657889681156917,25.768184858870047,3.197510166126969,0.5390625
99,20261010,Largest-site-1SE,0,5,5,3,0.75,0.6,3254.488119676615,3192.12487050445,1948.2079693777036,460,True,5.647058600915488,9.503782769122797,0,{},,0,0,,,0.0,0.0,0.5390625,0.0,-0.0,28.113716256833353,12.269802053215143,-0.0,0.0,-1.3972063017590468,4.528453171270341,9.7723830734564,0.0,0.5390625
99,20261010,One-shot,0,10,0,3,0.46153846153846156,0.3,2959.6709504493288,2943.6969297883356,2167.3263763499353,1023,True,5.647058600915488,5.647058600915488,0,{},,1,1,,,0.234375,0.0,0.5390625,1.6810195821821485,-4.705115950636368,24.33807623949609,12.730592820908798,-20.364093395478296,10.607278109788718,6.4136237316221605,11.328944840578458,26.761515645350713,1.5987550830634845,0.7734375
99,20261010,ADMM,0,5,5,3,0.75,0.6,3046.6221750247946,3031.4128106129656,1905.1148316076192,334,True,5.647058600915488,5.647058600915488,0,{},,135,135,,,31.640625,0.0,0.5390625,-0.0,-0.20753251003987438,27.646873888997206,10.526879642268959,-0.0,-0.0,-6.566697161643726,0.0,19.558802451307045,0.0,32.1796875
99,20261010,FedAvg,1,10,0,3,0.46153846153846156,0.3,2981.6841643340636,2939.282444215914,1967.0394971633536,1023,True,5.647058600915488,5.647058600915488,0,"{""fit_converged"": true, ""final_update_norm"": 9.62357054754058e-06, ""fit_tolerance"": 1e-05, ""hit_round_cap"": false}",,31,31,31.0,31.0,7.265625,0.0,0.5390625,2.920037400608829,-2.498145862991568,25.42290543966818,10.653302694258516,-5.068275075126347,2.2804382180955596,-4.6164960005384685,1.299648266171149,22.917785269525396,1.1788455839804184,7.8046875
99,20261010,FedAvg-ST,1,3,7,3,1.0,1.0,3232.3471058873147,3316.3693503840905,2045.7095890417606,268,True,5.647058600915488,5.647058600915488,0,"{""fit_converged"": true, ""final_update_norm"": 9.62357054754058e-06, ""fit_tolerance"": 1e-05, ""hit_round_cap"": false}",5.880348800125718,31,31,31.0,31.0,7.265625,2.8125,0.5390625,0.0,-0.0,19.54255663954246,4.772953894132797,-0.0,0.0,-0.0,0.0,17.03743646939968,0.0,10.6171875
99,20261010,FedAvg-P,1,4,6,3,0.8571428571428571,0.75,3308.0066042864755,3343.487576200644,2006.336769827647,332,True,5.647058600915488,5.647058600915488,0,"{""selected_candidate"": 0, ""candidate_rounds"": [17, 17, 17, 25, 25], ""candidate_diagnostics"": [{""fit_converged"": true, ""final_update_norm"": 9.541657541603735e-06, ""fit_tolerance"": 1e-05, ""hit_round_cap"": false}, {""fit_converged"": true, ""final_update_norm"": 5.696893129227035e-06, ""fit_tolerance"": 1e-05, ""hit_round_cap"": false}, {""fit_converged"": true, ""final_update_norm"": 4.082333710371578e-06, ""fit_tolerance"": 1e-05, ""hit_round_cap"": false}, {""fit_converged"": true, ""final_update_norm"": 7.155179130825425e-06, ""fit_tolerance"": 1e-05, ""hit_round_cap"": false}, {""fit_converged"": true, ""final_update_norm"": 6.935334174471062e-06, ""fit_tolerance"": 1e-05, ""hit_round_cap"": false}]}",5.647058600915488,17,101,17.0,101.0,23.671875,0.3515625,0.5390625,0.0,0.0,28.05108686813811,6.0162493062069755,-0.0,0.0,-1.7248103424820487,0.0,10.138783318956786,-0.0,24.5625
99,20261010,FedAvg,3,10,0,3,0.46153846153846156,0.3,2967.4107048192363,2926.9723019218172,1980.9760912501852,1023,True,5.647058600915488,5.647058600915488,0,"{""fit_converged"": true, ""final_update_norm"": 5.001711201834131e-06, ""fit_tolerance"": 1e-05, ""hit_round_cap"": false}",,20,20,60.0,60.0,4.6875,0.0,0.5390625,1.9405312516047297,-4.0925673786471854,24.744579295075745,12.398345233670959,-7.171801693375469,3.2101879921739123,-2.6583471020560565,4.5483774293829535,22.7299545389626,1.4092241876621139,5.2265625
99,20261010,FedAvg-ST,3,4,6,3,0.8571428571428571,0.75,3234.086766213839,3299.3904578462884,2047.5254588522494,284,True,5.647058600915488,5.647058600915488,0,"{""fit_converged"": true, ""final_update_norm"": 5.001711201834131e-06, ""fit_tolerance"": 1e-05, ""hit_round_cap"": false}",5.880348800125718,20,20,60.0,60.0,4.6875,2.8125,0.5390625,0.0,-0.0,18.86423049495003,6.517996433545241,-1.291452893249751,0.0,-0.0,0.0,16.84960573883688,0.0,8.0390625
99,20261010,FedAvg-P,3,3,7,3,1.0,1.0,3245.0320863759302,3293.0657164835548,2035.091646999798,268,True,5.647058600915488,5.647058600915488,0,"{""selected_candidate"": 0, ""candidate_rounds"": [8, 13, 17, 19, 19], ""candidate_diagnostics"": [{""fit_converged"": true, ""final_update_norm"": 1.5096285749973468e-06, ""fit_tolerance"": 1e-05, ""hit_round_cap"": false}, {""fit_converged"": true, ""final_update_norm"": 7.828608693054004e-06, ""fit_tolerance"": 1e-05, ""hit_round_cap"": false}, {""fit_converged"": true, ""final_update_norm"": 7.583683514593256e-06, ""fit_tolerance"": 1e-05, ""hit_round_cap"": false}, {""fit_converged"": true, ""final_update_norm"": 6.860105868816901e-06, ""fit_tolerance"": 1e-05, ""hit_round_cap"": false}, {""fit_converged"": true, ""final_update_norm"": 8.776711395851002e-06, ""fit_tolerance"": 1e-05, ""hit_round_cap"": false}]}",5.647058600915488,8,76,24.0,228.0,17.8125,0.3515625,0.5390625,0.0,-0.0,19.494747425134292,7.006683109883443,-0.0,0.0,-0.0,0.0,15.845065880509594,0.0,18.703125
99,20261010,FedAvg,20,10,0,3,0.46153846153846156,0.3,2969.297643570603,2940.4597371401724,2063.2963664614717,1023,True,5.647058600915488,5.647058600915488,0,"{""fit_converged"": true, ""final_update_norm"": 4.657626688121499e-06, ""fit_tolerance"": 1e-05, ""hit_round_cap"": false}",,14,14,280.0,280.0,3.28125,0.0,0.5390625,1.7715267065401297,-4.591110042901565,24.414349491048146,12.714187649746629,-13.441834627206891,5.355969747566651,3.130682992399838,10.259603042834032,24.1468349966481,1.4796592255774972,3.8203125
99,20261010,FedAvg-ST,20,5,5,3,0.75,0.6,3146.4706172389165,3261.6584027082163,2051.7766450842464,412,True,5.647058600915488,5.647058600915488,0,"{""fit_converged"": true, ""final_update_norm"": 4.657626688121499e-06, ""fit_tolerance"": 1e-05, ""hit_round_cap"": false}",5.880348800125718,14,14,280.0,280.0,3.28125,2.8125,0.5390625,0.0,-0.0,18.534000690922426,6.833838849620911,-7.561485827081173,0.0,0.0,4.379254242708313,18.26648619652238,0.0,6.6328125
99,20261010,FedAvg-P,20,5,5,3,0.75,0.6,3148.541847899322,3244.033555488403,2027.3302646820903,412,True,5.647058600915488,5.647058600915488,0,"{""selected_candidate"": 0, ""candidate_rounds"": [7, 12, 13, 14, 14], ""candidate_diagnostics"": [{""fit_converged"": true, ""final_update_norm"": 1.9867729341034605e-06, ""fit_tolerance"": 1e-05, ""hit_round_cap"": false}, {""fit_converged"": true, ""final_update_norm"": 3.554421137087151e-06, ""fit_tolerance"": 1e-05, ""hit_round_cap"": false}, {""fit_converged"": true, ""final_update_norm"": 9.034236513619467e-06, ""fit_tolerance"": 1e-05, ""hit_round_cap"": false}, {""fit_converged"": true, ""final_update_norm"": 3.4503376089536586e-06, ""fit_tolerance"": 1e-05, ""hit_round_cap"": false}, {""fit_converged"": true, ""final_update_norm"": 4.184332035211176e-06, ""fit_tolerance"": 1e-05, ""hit_round_cap"": false}]}",5.647058600915488,7,60,140.0,1200.0,14.0625,0.3515625,0.5390625,0.0,-0.0,18.808801075110043,7.062190696749755,-4.608832235061141,0.0,0.0,4.182750419725825,17.286561462969285,0.0,14.953125
