"active","TP","FP","FN","TN","precision","recall","F1","jaccard","coef_err","test_mse","rule","E","seed","rounds","converged","nnz"
280,30,250,0,320,0.107142857142857,1,0.193548387096774,0.107142857142857,0.648566728677334,1.53577747362321,"val_mse",5,1,6,TRUE,280
134.4,27.8,106.6,2.2,463.4,0.206845238095238,0.926666666666667,0.338199513381995,0.203513909224012,0.81081658786264,1.81254387882915,"val_mse_localonly",5,1,6,TRUE,NA
30.5,23.9,6.6,6.1,563.4,0.783606557377049,0.796666666666667,0.790082644628099,0.653005464480874,0.771534519204161,1.74798008461852,"val_mse_local_thresh",5,1,6,TRUE,NA
113,30,83,0,487,0.265486725663717,1,0.41958041958042,0.265486725663717,0.840850604873839,1.85329758065019,"val_1se",5,1,4,TRUE,113
59.9,25.7,34.2,4.3,535.8,0.429048414023372,0.856666666666667,0.57174638487208,0.400311526479751,0.902618639064188,2.03374610546808,"val_1se_localonly",5,1,4,TRUE,NA
21.3,19.6,1.7,10.4,568.3,0.92018779342723,0.653333333333333,0.764132553606238,0.618296529968454,0.956519166099446,2.14452907151001,"val_1se_local_thresh",5,1,4,TRUE,NA
25,25,0,5,570,1,0.833333333333333,0.909090909090909,0.833333333333333,0.852333923775958,1.89411522469119,"val_1se_thresh",5,1,4,TRUE,25
113,30,83,0,487,0.265486725663717,1,0.41958041958042,0.265486725663717,0.808852158554557,1.79624623342219,"BIC_corrected",5,1,4,TRUE,113
56.4,26,30.4,4,539.6,0.460992907801418,0.866666666666667,0.601851851851852,0.43046357615894,0.872809804183106,1.9472813775525,"BIC_corrected_localonly",5,1,4,TRUE,NA
23.3,20.9,2.4,9.1,567.6,0.896995708154506,0.696666666666667,0.784240150093809,0.645061728395062,0.916644584230036,2.02202010699799,"BIC_corrected_local_thresh",5,1,4,TRUE,NA
25,25,0,5,570,1,0.833333333333333,0.909090909090909,0.833333333333333,0.816606014677305,1.83803323704624,"BIC_corrected_thresh",5,1,4,TRUE,25
61,26,35,4,535,0.426229508196721,0.866666666666667,0.571428571428571,0.4,1.12805715809729,2.42709625482901,"path_best_F1",5,1,4,TRUE,61
257,30,227,0,343,0.116731517509728,1,0.209059233449477,0.116731517509728,0.707966730927689,1.50669376219742,"val_mse",5,2,6,TRUE,257
121.1,28.1,93,1.9,477,0.232039636663914,0.936666666666667,0.371939113170086,0.228455284552846,0.854936541095475,1.76970199262489,"val_mse_localonly",5,2,6,TRUE,NA
34.8,26,8.8,4,561.2,0.747126436781609,0.866666666666667,0.802469135802469,0.670103092783505,0.813002667103331,1.7538591490352,"val_mse_local_thresh",5,2,6,TRUE,NA
116,30,86,0,484,0.258620689655172,1,0.410958904109589,0.258620689655172,0.895596347981746,1.80127028569783,"val_1se",5,2,3,TRUE,116
61.2,26,35.2,4,534.8,0.42483660130719,0.866666666666667,0.570175438596491,0.398773006134969,0.953569913502863,1.98863602162055,"val_1se_localonly",5,2,3,TRUE,NA
21.3,20.2,1.1,9.8,568.9,0.948356807511737,0.673333333333333,0.787524366471735,0.64951768488746,1.00039409798025,2.05888993456183,"val_1se_local_thresh",5,2,3,TRUE,NA
26,26,0,4,570,1,0.866666666666667,0.928571428571429,0.866666666666667,0.915701630604134,1.80716341714384,"val_1se_thresh",5,2,3,TRUE,26
124,30,94,0,476,0.241935483870968,1,0.38961038961039,0.241935483870968,0.868720083216048,1.76070226344556,"BIC_corrected",5,2,4,TRUE,124
67,25.8,41.2,4.2,528.8,0.385074626865672,0.86,0.531958762886598,0.362359550561798,0.933429271992642,1.96865648101476,"BIC_corrected_localonly",5,2,4,TRUE,NA
22.3,20.7,1.6,9.3,568.4,0.928251121076233,0.69,0.791586998087954,0.65506329113924,0.969932582789496,2.00741678673187,"BIC_corrected_local_thresh",5,2,4,TRUE,NA
29,29,0,1,570,1,0.966666666666667,0.983050847457627,0.966666666666667,0.861366084949178,1.74144906550933,"BIC_corrected_thresh",5,2,4,TRUE,29
50,28,22,2,548,0.56,0.933333333333333,0.7,0.538461538461538,1.24480865770033,2.46349555544701,"path_best_F1",5,2,3,TRUE,50
259,30,229,0,341,0.115830115830116,1,0.207612456747405,0.115830115830116,0.72772050070659,1.81349088511825,"val_mse",5,3,6,TRUE,259
116.7,27.4,89.3,2.6,480.7,0.234790059982862,0.913333333333333,0.373551465576005,0.229673093042749,0.890738780095548,2.13155154796658,"val_mse_localonly",5,3,6,TRUE,NA
31.5,24.3,7.2,5.7,562.8,0.771428571428571,0.81,0.790243902439024,0.653225806451613,0.867999425807809,2.12649321830882,"val_mse_local_thresh",5,3,6,TRUE,NA
128,30,98,0,472,0.234375,1,0.379746835443038,0.234375,0.897300540894971,2.12847403477568,"val_1se",5,3,4,TRUE,128
58.3,26.1,32.2,3.9,537.8,0.447684391080617,0.87,0.591166477916195,0.419614147909968,0.986922398599774,2.33146100358888,"val_1se_localonly",5,3,4,TRUE,NA
21.7,18.8,2.9,11.2,567.1,0.866359447004608,0.626666666666667,0.727272727272727,0.571428571428572,1.05229863604583,2.49563251114817,"val_1se_local_thresh",5,3,4,TRUE,NA
23,23,0,7,570,1,0.766666666666667,0.867924528301887,0.766666666666667,0.943703503485761,2.25227435123747,"val_1se_thresh",5,3,4,TRUE,23
90,30,60,0,510,0.333333333333333,1,0.5,0.333333333333333,0.952872155064784,2.23693762735483,"BIC_corrected",5,3,3,TRUE,90
47.9,24.1,23.8,5.9,546.2,0.503131524008351,0.803333333333333,0.618741976893453,0.447955390334572,1.02701587491928,2.44260201664942,"BIC_corrected_localonly",5,3,3,TRUE,NA
19.3,17.2,2.1,12.8,567.9,0.89119170984456,0.573333333333333,0.697768762677485,0.53582554517134,1.09494230753105,2.65066054183356,"BIC_corrected_local_thresh",5,3,3,TRUE,NA
23,23,0,7,570,1,0.766666666666667,0.867924528301887,0.766666666666667,0.991056024917316,2.35247094683659,"BIC_corrected_thresh",5,3,3,TRUE,23
65,30,35,0,535,0.461538461538462,1,0.631578947368421,0.461538461538462,1.0981636491057,2.58912647307402,"path_best_F1",5,3,3,TRUE,65
295,30,265,0,305,0.101694915254237,1,0.184615384615385,0.101694915254237,0.716534485843683,1.57188171582825,"val_mse",5,4,8,TRUE,295
135.8,26.3,109.5,3.7,460.5,0.193667157584683,0.876666666666667,0.317249698431846,0.188530465949821,0.93814755398757,1.98670248718748,"val_mse_localonly",5,4,8,TRUE,NA
35.7,21.4,14.3,8.6,555.7,0.599439775910364,0.713333333333333,0.65144596651446,0.483069977426636,0.922231511453959,1.93799889534642,"val_mse_local_thresh",5,4,8,TRUE,NA
78,28,50,2,520,0.358974358974359,0.933333333333333,0.518518518518518,0.35,0.985149835962677,1.9363439185529,"val_1se",5,4,3,TRUE,78
41.8,20.9,20.9,9.1,549.1,0.5,0.696666666666667,0.582172701949861,0.410609037328094,1.05498958687544,2.18097189522937,"val_1se_localonly",5,4,3,TRUE,NA
15.9,15.6,0.3,14.4,569.7,0.981132075471698,0.52,0.679738562091503,0.514851485148515,1.09185925228867,2.2746358259043,"val_1se_local_thresh",5,4,3,TRUE,NA
24,24,0,6,570,1,0.8,0.888888888888889,0.8,0.993020732287618,1.95047812169531,"val_1se_thresh",5,4,3,TRUE,24
91,28,63,2,507,0.307692307692308,0.933333333333333,0.462809917355372,0.301075268817204,0.955296405384356,1.88984531799535,"BIC_corrected",5,4,3,TRUE,91
43.7,20.3,23.4,9.7,546.6,0.464530892448513,0.676666666666667,0.550881953867029,0.380149812734082,1.03266078026762,2.14679101962238,"BIC_corrected_localonly",5,4,3,TRUE,NA
17.2,16.2,1,13.8,569,0.941860465116279,0.54,0.686440677966102,0.52258064516129,1.06158051208749,2.18083254078961,"BIC_corrected_local_thresh",5,4,3,TRUE,NA
24,24,0,6,570,1,0.8,0.888888888888889,0.8,0.96341280524697,1.89757671245935,"BIC_corrected_thresh",5,4,3,TRUE,24
48,24,24,6,546,0.5,0.8,0.615384615384615,0.444444444444444,1.15762524487338,2.23934235547617,"path_best_F1",5,4,3,TRUE,48
246,30,216,0,354,0.121951219512195,1,0.217391304347826,0.121951219512195,0.801602610604653,1.40217035560901,"val_mse",5,5,5,TRUE,246
115.6,26.8,88.8,3.2,481.2,0.231833910034602,0.893333333333333,0.368131868131868,0.225589225589226,0.959400285854543,1.66775008740801,"val_mse_localonly",5,5,5,TRUE,NA
27.8,21.3,6.5,8.7,563.5,0.766187050359712,0.71,0.737024221453287,0.583561643835616,0.957566858145991,1.70383513822623,"val_mse_local_thresh",5,5,5,TRUE,NA
74,29,45,1,525,0.391891891891892,0.966666666666667,0.557692307692308,0.386666666666667,1.05208015341631,1.80738051562218,"val_1se",5,5,3,TRUE,74
40.4,22.1,18.3,7.9,551.7,0.547029702970297,0.736666666666667,0.627840909090909,0.457556935817805,1.10879219485424,1.95795783869198,"val_1se_localonly",5,5,3,TRUE,NA
15.3,15,0.3,15,569.7,0.980392156862745,0.5,0.662251655629139,0.495049504950495,1.17402199902285,2.10237307706483,"val_1se_local_thresh",5,5,3,TRUE,NA
21,21,0,9,570,1,0.7,0.823529411764706,0.7,1.09037462163359,1.90287227432366,"val_1se_thresh",5,5,3,TRUE,21
102,29,73,1,497,0.284313725490196,0.966666666666667,0.439393939393939,0.281553398058252,1.00661007585721,1.73274067993347,"BIC_corrected",5,5,4,TRUE,102
46.4,22.5,23.9,7.5,546.1,0.484913793103448,0.75,0.589005235602094,0.417439703153989,1.07234098894631,1.89115400993193,"BIC_corrected_localonly",5,5,4,TRUE,NA
17.8,16.9,0.9,13.1,569.1,0.949438202247191,0.563333333333333,0.707112970711297,0.546925566343042,1.11994313619977,2.00843004283262,"BIC_corrected_local_thresh",5,5,4,TRUE,NA
23,23,0,7,570,1,0.766666666666667,0.867924528301887,0.766666666666667,1.02212517906741,1.7847640483813,"BIC_corrected_thresh",5,5,4,TRUE,23
44,26,18,4,552,0.590909090909091,0.866666666666667,0.702702702702703,0.541666666666667,1.24777137505823,2.14122396748989,"path_best_F1",5,5,3,TRUE,44
466,30,436,0,134,0.0643776824034335,1,0.120967741935484,0.0643776824034335,0.613301963205809,1.12292671739381,"val_mse",5,6,11,TRUE,466
172.3,27.7,144.6,2.3,425.4,0.160766105629716,0.923333333333333,0.273850716757291,0.15864833906071,0.960147725463006,1.77070458518711,"val_mse_localonly",5,6,11,TRUE,NA
42,24.7,17.3,5.3,552.7,0.588095238095238,0.823333333333333,0.686111111111111,0.522198731501057,0.895235387314933,1.67015807061944,"val_mse_local_thresh",5,6,11,TRUE,NA
133,30,103,0,467,0.225563909774436,1,0.368098159509202,0.225563909774436,0.8707994318316,1.5997072363239,"val_1se",5,6,4,TRUE,133
60.7,25.6,35.1,4.4,534.9,0.42174629324547,0.853333333333333,0.564498346196251,0.393241167434716,0.94639881288646,1.7775141953317,"val_1se_localonly",5,6,4,TRUE,NA
23.4,21.1,2.3,8.9,567.7,0.901709401709402,0.703333333333333,0.790262172284644,0.653250773993808,0.9648560500707,1.87191630570284,"val_1se_local_thresh",5,6,4,TRUE,NA
26,25,1,5,569,0.961538461538462,0.833333333333333,0.892857142857143,0.806451612903226,0.878089044424284,1.65892620732353,"val_1se_thresh",5,6,4,TRUE,26
100,29,71,1,499,0.29,0.966666666666667,0.446153846153846,0.287128712871287,0.929581660389857,1.72273160739363,"BIC_corrected",5,6,4,TRUE,100
51.2,23.7,27.5,6.3,542.5,0.462890625,0.79,0.583743842364532,0.412173913043478,0.998125435517212,1.93214042206086,"BIC_corrected_localonly",5,6,4,TRUE,NA
20.6,19.1,1.5,10.9,568.5,0.927184466019418,0.636666666666667,0.754940711462451,0.606349206349206,1.01647361702253,2.00109215556969,"BIC_corrected_local_thresh",5,6,4,TRUE,NA
26,25,1,5,569,0.961538461538462,0.833333333333333,0.892857142857143,0.806451612903226,0.933920411521946,1.75691592515116,"BIC_corrected_thresh",5,6,4,TRUE,26
53,26,27,4,543,0.490566037735849,0.866666666666667,0.626506024096386,0.456140350877193,1.21698977987715,2.3358432214348,"path_best_F1",5,6,3,TRUE,53
218,30,188,0,382,0.137614678899083,1,0.241935483870968,0.137614678899083,0.637945106673096,1.48578463471266,"val_mse",5,7,5,TRUE,218
105.6,27.4,78.2,2.6,491.8,0.259469696969697,0.913333333333333,0.404129793510324,0.253234750462107,0.784992798147591,1.76625347592273,"val_mse_localonly",5,7,5,TRUE,NA
31.7,24.2,7.5,5.8,562.5,0.763406940063092,0.806666666666667,0.784440842787682,0.645333333333333,0.773448656196458,1.73513838560535,"val_mse_local_thresh",5,7,5,TRUE,NA
82,30,52,0,518,0.365853658536585,1,0.535714285714286,0.365853658536585,0.875780917137604,1.78338873704528,"val_1se",5,7,3,TRUE,82
46,24.4,21.6,5.6,548.4,0.530434782608696,0.813333333333333,0.642105263157895,0.472868217054264,0.930320492241075,1.97687038764987,"val_1se_localonly",5,7,3,TRUE,NA
21.7,20.1,1.6,9.9,568.4,0.926267281105991,0.67,0.777562862669246,0.636075949367089,0.966937377190629,2.03707882966153,"val_1se_local_thresh",5,7,3,TRUE,NA
28,28,0,2,570,1,0.933333333333333,0.96551724137931,0.933333333333333,0.878208492625483,1.79832077816874,"val_1se_thresh",5,7,3,TRUE,28
109,30,79,0,491,0.275229357798165,1,0.431654676258993,0.275229357798165,0.790578684572708,1.66289588820233,"BIC_corrected",5,7,4,TRUE,109
59.7,25,34.7,5,535.3,0.418760469011725,0.833333333333333,0.557413600891862,0.386398763523957,0.864713188154722,1.89161813629177,"BIC_corrected_localonly",5,7,4,TRUE,NA
23.2,20.9,2.3,9.1,567.7,0.900862068965517,0.696666666666667,0.785714285714286,0.647058823529412,0.888423853840021,1.90544083071994,"BIC_corrected_local_thresh",5,7,4,TRUE,NA
28,28,0,2,570,1,0.933333333333333,0.96551724137931,0.933333333333333,0.790442217379061,1.65770631376283,"BIC_corrected_thresh",5,7,4,TRUE,28
74,29,45,1,525,0.391891891891892,0.966666666666667,0.557692307692308,0.386666666666667,1.10970368827146,2.23605316387794,"path_best_F1",5,7,3,TRUE,74
208,30,178,0,392,0.144230769230769,1,0.252100840336134,0.144230769230769,0.689434694556414,1.70732086068167,"val_mse",5,8,5,TRUE,208
101.4,27.8,73.6,2.2,496.4,0.274161735700197,0.926666666666667,0.423135464231355,0.268339768339768,0.825996123690303,1.98860393874251,"val_mse_localonly",5,8,5,TRUE,NA
29.5,24,5.5,6,564.5,0.813559322033898,0.8,0.80672268907563,0.676056338028169,0.824356597473857,2.04240363097426,"val_mse_local_thresh",5,8,5,TRUE,NA
91,30,61,0,509,0.32967032967033,1,0.495867768595041,0.32967032967033,0.891917636024938,2.07008057044625,"val_1se",5,8,4,TRUE,91
45.9,23.6,22.3,6.4,547.7,0.514161220043573,0.786666666666667,0.621870882740448,0.451242829827916,0.960318018282982,2.3008794509467,"val_1se_localonly",5,8,4,TRUE,NA
22.3,19.8,2.5,10.2,567.5,0.887892376681614,0.66,0.75717017208413,0.609230769230769,0.985390583054447,2.35708103257102,"val_1se_local_thresh",5,8,4,TRUE,NA
26,26,0,4,570,1,0.866666666666667,0.928571428571429,0.866666666666667,0.916192996556118,2.07743258388125,"val_1se_thresh",5,8,4,TRUE,26
97,30,67,0,503,0.309278350515464,1,0.47244094488189,0.309278350515464,0.871666698462998,2.02728440737145,"BIC_corrected",5,8,4,TRUE,97
49.5,24.5,25,5.5,545,0.494949494949495,0.816666666666667,0.616352201257862,0.445454545454545,0.940191964634349,2.25594546661535,"BIC_corrected_localonly",5,8,4,TRUE,NA
22.4,19.7,2.7,10.3,567.3,0.879464285714286,0.656666666666667,0.751908396946565,0.602446483180428,0.975278223985939,2.32698754948789,"BIC_corrected_local_thresh",5,8,4,TRUE,NA
27,27,0,3,570,1,0.9,0.947368421052632,0.9,0.885895775349442,2.02351265726042,"BIC_corrected_thresh",5,8,4,TRUE,27
54,30,24,0,546,0.555555555555556,1,0.714285714285714,0.555555555555556,1.10130817437989,2.50944104345123,"path_best_F1",5,8,3,TRUE,54
209,30,179,0,391,0.143540669856459,1,0.251046025104602,0.143540669856459,0.832512886881712,1.78180963960449,"val_mse",5,9,5,TRUE,209
101.7,24.7,77,5.3,493,0.242871189773845,0.823333333333333,0.375094912680334,0.230841121495327,0.978424173764122,2.1274333101644,"val_mse_localonly",5,9,5,TRUE,NA
26.4,20,6.4,10,563.6,0.757575757575758,0.666666666666667,0.709219858156028,0.549450549450549,0.984379641844389,2.17401795154619,"val_mse_local_thresh",5,9,5,TRUE,NA
97,30,67,0,503,0.309278350515464,1,0.47244094488189,0.309278350515464,1.07050303397725,2.14571976201226,"val_1se",5,9,3,TRUE,97
52.6,21,31.6,9,538.4,0.399239543726236,0.7,0.508474576271187,0.340909090909091,1.14111130880506,2.46311015000184,"val_1se_localonly",5,9,3,TRUE,NA
18.8,15.7,3.1,14.3,566.9,0.835106382978723,0.523333333333333,0.64344262295082,0.474320241691843,1.16731843221207,2.50533271274709,"val_1se_local_thresh",5,9,3,TRUE,NA
25,25,0,5,570,1,0.833333333333333,0.909090909090909,0.833333333333333,1.08897665692279,2.13461686971819,"val_1se_thresh",5,9,3,TRUE,25
98,30,68,0,502,0.306122448979592,1,0.46875,0.306122448979592,1.02735757388002,2.11058872028134,"BIC_corrected",5,9,3,TRUE,98
45.6,22.9,22.7,7.1,547.3,0.50219298245614,0.763333333333333,0.605820105820106,0.434535104364326,1.10938969870301,2.31271805953044,"BIC_corrected_localonly",5,9,3,TRUE,NA
19.7,16.8,2.9,13.2,567.1,0.852791878172589,0.56,0.676056338028169,0.51063829787234,1.16165998010599,2.46357177062993,"BIC_corrected_local_thresh",5,9,3,TRUE,NA
22,22,0,8,570,1,0.733333333333333,0.846153846153846,0.733333333333333,1.07657254728397,2.20094510530743,"BIC_corrected_thresh",5,9,3,TRUE,22
61,29,32,1,538,0.475409836065574,0.966666666666667,0.637362637362637,0.467741935483871,1.22676873987636,2.53375722624061,"path_best_F1",5,9,3,TRUE,61
484,30,454,0,116,0.0619834710743802,1,0.116731517509728,0.0619834710743802,0.63618420071839,1.17354442758602,"val_mse",5,10,10,TRUE,484
135,26.5,108.5,3.5,461.5,0.196296296296296,0.883333333333333,0.321212121212121,0.191335740072202,0.947335149386925,1.9019926800218,"val_mse_localonly",5,10,10,TRUE,NA
27.9,22.5,5.4,7.5,564.6,0.806451612903226,0.75,0.77720207253886,0.635593220338983,0.879700812582974,1.76389535600594,"val_mse_local_thresh",5,10,10,TRUE,NA
78,30,48,0,522,0.384615384615385,1,0.555555555555556,0.384615384615385,0.923163910953973,1.60108233482819,"val_1se",5,10,3,TRUE,78
41.9,24.4,17.5,5.6,552.5,0.582338902147971,0.813333333333333,0.678720445062587,0.513684210526316,0.981137279887107,1.82460772589514,"val_1se_localonly",5,10,3,TRUE,NA
20.6,18.9,1.7,11.1,568.3,0.91747572815534,0.63,0.74703557312253,0.596214511041009,1.01913241127834,1.91576156641998,"val_1se_local_thresh",5,10,3,TRUE,NA
25,25,0,5,570,1,0.833333333333333,0.909090909090909,0.833333333333333,0.941460994940246,1.63390807754547,"val_1se_thresh",5,10,3,TRUE,25
75,30,45,0,525,0.4,1,0.571428571428571,0.4,0.890758579689353,1.56557997116611,"BIC_corrected",5,10,3,TRUE,75
43,25,18,5,552,0.581395348837209,0.833333333333333,0.684931506849315,0.520833333333333,0.941973464133337,1.75993559465978,"BIC_corrected_localonly",5,10,3,TRUE,NA
21,19.1,1.9,10.9,568.1,0.90952380952381,0.636666666666667,0.749019607843137,0.598746081504702,1.00035800644945,1.89797475992656,"BIC_corrected_local_thresh",5,10,3,TRUE,NA
25,25,0,5,570,1,0.833333333333333,0.909090909090909,0.833333333333333,0.915967881872897,1.6031980812485,"BIC_corrected_thresh",5,10,3,TRUE,25
57,30,27,0,543,0.526315789473684,1,0.689655172413793,0.526315789473684,1.04760219123611,1.82118222524923,"path_best_F1",5,10,3,TRUE,57
320,30,290,0,280,0.09375,1,0.171428571428571,0.09375,0.617655283477342,1.27227315509337,"val_mse",5,11,8,TRUE,320
126.7,27.7,99,2.3,471,0.218626677190213,0.923333333333333,0.353541799617103,0.214728682170543,0.898300004717568,1.77858576338901,"val_mse_localonly",5,11,8,TRUE,NA
42.5,24.7,17.8,5.3,552.2,0.581176470588235,0.823333333333333,0.681379310344828,0.51673640167364,0.875206085351651,1.7077434618697,"val_mse_local_thresh",5,11,8,TRUE,NA
108,30,78,0,492,0.277777777777778,1,0.434782608695652,0.277777777777778,0.943281117051694,1.76826666892483,"val_1se",5,11,3,TRUE,108
53.7,24.2,29.5,5.8,540.5,0.450651769087523,0.806666666666667,0.578255675029869,0.40672268907563,1.01075671909477,1.95962848530195,"val_1se_localonly",5,11,3,TRUE,NA
20,18.3,1.7,11.7,568.3,0.915,0.61,0.732,0.577287066246057,1.0432171525422,2.01425159238884,"val_1se_local_thresh",5,11,3,TRUE,NA
25,25,0,5,570,1,0.833333333333333,0.909090909090909,0.833333333333333,0.959508054258749,1.78725021675357,"val_1se_thresh",5,11,3,TRUE,25
119,30,89,0,481,0.252100840336134,1,0.402684563758389,0.252100840336134,0.915788716207737,1.72012427754299,"BIC_corrected",5,11,4,TRUE,119
57,24.8,32.2,5.2,537.8,0.435087719298246,0.826666666666667,0.570114942528736,0.398713826366559,0.989111939694131,1.91024057003237,"BIC_corrected_localonly",5,11,4,TRUE,NA
20.9,18.9,2,11.1,568,0.904306220095694,0.63,0.742632612966601,0.590625,1.02196003483681,1.96668194651931,"BIC_corrected_local_thresh",5,11,4,TRUE,NA
25,25,0,5,570,1,0.833333333333333,0.909090909090909,0.833333333333333,0.932576867369529,1.73194710813691,"BIC_corrected_thresh",5,11,4,TRUE,25
64,28,36,2,534,0.4375,0.933333333333333,0.595744680851064,0.424242424242424,1.19897899120103,2.33157146895965,"path_best_F1",5,11,3,TRUE,64
220,30,190,0,380,0.136363636363636,1,0.24,0.136363636363636,0.694630313727037,1.46899588215174,"val_mse",5,12,6,TRUE,220
95.6,26.5,69.1,3.5,500.9,0.277196652719665,0.883333333333333,0.421974522292994,0.267406659939455,0.874336922527695,1.80553664170563,"val_mse_localonly",5,12,6,TRUE,NA
28.3,23.1,5.2,6.9,564.8,0.816254416961131,0.77,0.792452830188679,0.65625,0.86577841882403,1.80417359109946,"val_mse_local_thresh",5,12,6,TRUE,NA
81,29,52,1,518,0.358024691358025,0.966666666666667,0.522522522522523,0.353658536585366,0.936569463114704,1.80847757751049,"val_1se",5,12,3,TRUE,81
44.9,24.4,20.5,5.6,549.5,0.543429844097996,0.813333333333333,0.651535380507343,0.483168316831683,1.01886979628628,2.02496751796588,"val_1se_localonly",5,12,3,TRUE,NA
20.6,18.9,1.7,11.1,568.3,0.91747572815534,0.63,0.74703557312253,0.596214511041009,1.06368026447313,2.08209935896275,"val_1se_local_thresh",5,12,3,TRUE,NA
27,27,0,3,570,1,0.9,0.947368421052632,0.9,0.945416662104894,1.79301019897029,"val_1se_thresh",5,12,3,TRUE,27
116,29,87,1,483,0.25,0.966666666666667,0.397260273972603,0.247863247863248,0.808436428880943,1.61247646557517,"BIC_corrected",5,12,4,TRUE,116
58,26.3,31.7,3.7,538.3,0.453448275862069,0.876666666666667,0.597727272727273,0.426256077795786,0.923839695808324,1.85691285605521,"BIC_corrected_localonly",5,12,4,TRUE,NA
23.4,20.5,2.9,9.5,567.1,0.876068376068376,0.683333333333333,0.767790262172285,0.623100303951368,0.982787755244885,1.97596826754403,"BIC_corrected_local_thresh",5,12,4,TRUE,NA
29,29,0,1,570,1,0.966666666666667,0.983050847457627,0.966666666666667,0.7930520014494,1.55020166403817,"BIC_corrected_thresh",5,12,4,TRUE,29
70,29,41,1,529,0.414285714285714,0.966666666666667,0.58,0.408450704225352,1.11413534506267,2.15909008867493,"path_best_F1",5,12,4,TRUE,70
217,30,187,0,383,0.138248847926267,1,0.242914979757085,0.138248847926267,0.739932419893182,1.2663477943413,"val_mse",5,13,6,TRUE,217
90.6,27.6,63,2.4,507,0.304635761589404,0.92,0.45771144278607,0.296774193548387,0.867428020971453,1.49311529812964,"val_mse_localonly",5,13,6,TRUE,NA
28.1,23.7,4.4,6.3,565.6,0.843416370106762,0.79,0.815834767641997,0.688953488372093,0.863901264992119,1.48929477817281,"val_mse_local_thresh",5,13,6,TRUE,NA
101,30,71,0,499,0.297029702970297,1,0.458015267175573,0.297029702970297,0.975938913545947,1.5370469693293,"val_1se",5,13,4,TRUE,101
47.7,26,21.7,4,548.3,0.545073375262054,0.866666666666667,0.669240669240669,0.502901353965184,1.04424756893837,1.71063596301236,"val_1se_localonly",5,13,4,TRUE,NA
18.7,18.1,0.6,11.9,569.4,0.967914438502674,0.603333333333333,0.743326488706366,0.591503267973856,1.11432435687643,1.8302113399726,"val_1se_local_thresh",5,13,4,TRUE,NA
25,25,0,5,570,1,0.833333333333333,0.909090909090909,0.833333333333333,0.985795152672928,1.55336534840228,"val_1se_thresh",5,13,4,TRUE,25
93,29,64,1,506,0.311827956989247,0.966666666666667,0.471544715447154,0.308510638297872,0.934768661290693,1.50032099946682,"BIC_corrected",5,13,3,TRUE,93
51.3,23.1,28.2,6.9,541.8,0.450292397660819,0.77,0.568265682656827,0.396907216494845,0.994793978961957,1.71453472502211,"BIC_corrected_localonly",5,13,3,TRUE,NA
20.7,19.5,1.2,10.5,568.8,0.942028985507246,0.65,0.769230769230769,0.625,1.02100356068352,1.72998331287775,"BIC_corrected_local_thresh",5,13,3,TRUE,NA
26,26,0,4,570,1,0.866666666666667,0.928571428571429,0.866666666666667,0.946648301522078,1.49595228037112,"BIC_corrected_thresh",5,13,3,TRUE,26
77,30,47,0,523,0.38961038961039,1,0.560747663551402,0.38961038961039,1.07275865727124,1.69456224496386,"path_best_F1",5,13,4,TRUE,77
379,30,349,0,221,0.079155672823219,1,0.146699266503667,0.079155672823219,0.735700975014075,1.51505251937688,"val_mse",5,14,9,TRUE,379
134.9,26.5,108.4,3.5,461.6,0.19644180874722,0.883333333333333,0.321406913280776,0.191473988439306,1.03277166628278,2.1445162673706,"val_mse_localonly",5,14,9,TRUE,NA
36.2,21.3,14.9,8.7,555.1,0.588397790055249,0.71,0.643504531722054,0.474387527839644,1.03638638318148,2.14449638688639,"val_mse_local_thresh",5,14,9,TRUE,NA
83,30,53,0,517,0.36144578313253,1,0.530973451327434,0.36144578313253,1.01456025146835,2.11361809240558,"val_1se",5,14,3,TRUE,83
44.2,23.9,20.3,6.1,549.7,0.540723981900452,0.796666666666667,0.644204851752022,0.475149105367793,1.09556891029129,2.33880992574662,"val_1se_localonly",5,14,3,TRUE,NA
18.8,16.9,1.9,13.1,568.1,0.898936170212766,0.563333333333333,0.692622950819672,0.529780564263323,1.13435874273057,2.41654329461248,"val_1se_local_thresh",5,14,3,TRUE,NA
26,26,0,4,570,1,0.866666666666667,0.928571428571429,0.866666666666667,1.01831753696352,2.09965019508699,"val_1se_thresh",5,14,3,TRUE,26
81,30,51,0,519,0.37037037037037,1,0.540540540540541,0.37037037037037,1.01645992944389,2.11638380156465,"BIC_corrected",5,14,3,TRUE,81
42.8,22.7,20.1,7.3,549.9,0.530373831775701,0.756666666666667,0.623626373626374,0.45309381237525,1.09715814475666,2.34783125191817,"BIC_corrected_localonly",5,14,3,TRUE,NA
18.9,16.7,2.2,13.3,567.8,0.883597883597884,0.556666666666667,0.683026584867076,0.518633540372671,1.14035469211964,2.42751321141747,"BIC_corrected_local_thresh",5,14,3,TRUE,NA
26,26,0,4,570,1,0.866666666666667,0.928571428571429,0.866666666666667,1.02112685507878,2.1047509665763,"BIC_corrected_thresh",5,14,3,TRUE,26
70,29,41,1,529,0.414285714285714,0.966666666666667,0.58,0.408450704225352,1.22151548213662,2.52546119246698,"path_best_F1",5,14,3,TRUE,70
214,30,184,0,386,0.14018691588785,1,0.245901639344262,0.14018691588785,0.602319105199037,1.39243861377408,"val_mse",5,15,5,TRUE,214
99.4,28.7,70.7,1.3,499.3,0.288732394366197,0.956666666666667,0.443585780525502,0.285004965243297,0.783447618514302,1.72473777723422,"val_mse_localonly",5,15,5,TRUE,NA
29.7,24.9,4.8,5.1,565.2,0.838383838383838,0.83,0.834170854271357,0.71551724137931,0.780469810779876,1.72381740591865,"val_mse_local_thresh",5,15,5,TRUE,NA
79,30,49,0,521,0.379746835443038,1,0.55045871559633,0.379746835443038,0.848484030870906,1.68380367942111,"val_1se",5,15,3,TRUE,79
44.5,24.8,19.7,5.2,550.3,0.557303370786517,0.826666666666667,0.665771812080537,0.498993963782696,0.925293878746505,1.8747253944816,"val_1se_localonly",5,15,3,TRUE,NA
21.7,21.5,0.2,8.5,569.8,0.990783410138249,0.716666666666667,0.831721470019342,0.711920529801324,0.945576552500358,1.90083780195187,"val_1se_local_thresh",5,15,3,TRUE,NA
29,29,0,1,570,1,0.966666666666667,0.983050847457627,0.966666666666667,0.850212972220987,1.66824192607148,"val_1se_thresh",5,15,3,TRUE,29
69,30,39,0,531,0.434782608695652,1,0.606060606060606,0.434782608695652,0.880900132142798,1.72365514557572,"BIC_corrected",5,15,3,TRUE,69
39,24.1,14.9,5.9,555.1,0.617948717948718,0.803333333333333,0.698550724637681,0.536748329621381,0.95433234748108,1.91037528992175,"BIC_corrected_localonly",5,15,3,TRUE,NA
20.6,20.4,0.2,9.6,569.8,0.990291262135922,0.68,0.806324110671937,0.675496688741722,0.983794813880067,1.94610328176465,"BIC_corrected_local_thresh",5,15,3,TRUE,NA
28,28,0,2,570,1,0.933333333333333,0.96551724137931,0.933333333333333,0.896916504101167,1.73605980671985,"BIC_corrected_thresh",5,15,3,TRUE,28
56,30,26,0,544,0.535714285714286,1,0.697674418604651,0.535714285714286,1.05046191113942,1.95652623373745,"path_best_F1",5,15,3,TRUE,56
241,30,211,0,359,0.12448132780083,1,0.22140221402214,0.12448132780083,0.615942397455183,1.28046033714902,"val_mse",5,16,6,TRUE,241
104.3,27.5,76.8,2.5,493.2,0.26366251198466,0.916666666666667,0.409530900967982,0.25749063670412,0.787922941651419,1.58009073382362,"val_mse_localonly",5,16,6,TRUE,NA
24.9,22.5,2.4,7.5,567.6,0.903614457831325,0.75,0.819672131147541,0.694444444444444,0.810207331183532,1.6396074540923,"val_mse_local_thresh",5,16,6,TRUE,NA
64,30,34,0,536,0.46875,1,0.638297872340426,0.46875,0.915517346147291,1.63478466674768,"val_1se",5,16,3,TRUE,64
34.1,23.3,10.8,6.7,559.2,0.683284457478006,0.776666666666667,0.726989079563182,0.571078431372549,0.99416221248771,1.84883492340667,"val_1se_localonly",5,16,3,TRUE,NA
18.1,18.1,0,11.9,570,1,0.603333333333333,0.752598752598753,0.603333333333333,1.04033563511952,1.92389657809905,"val_1se_local_thresh",5,16,3,TRUE,NA
25,25,0,5,570,1,0.833333333333333,0.909090909090909,0.833333333333333,0.936543245953026,1.65932926071235,"val_1se_thresh",5,16,3,TRUE,25
49,29,20,1,550,0.591836734693878,0.966666666666667,0.734177215189873,0.58,0.905860208009162,1.61316820599144,"BIC_corrected",5,16,3,TRUE,49
30.2,21,9.2,9,560.8,0.695364238410596,0.7,0.697674418604651,0.535714285714286,0.979119627565942,1.87606979865501,"BIC_corrected_localonly",5,16,3,TRUE,NA
18.5,18.5,0,11.5,570,1,0.616666666666667,0.762886597938144,0.616666666666667,1.00624326016334,1.8986972102169,"BIC_corrected_local_thresh",5,16,3,TRUE,NA
26,26,0,4,570,1,0.866666666666667,0.928571428571429,0.866666666666667,0.924795533266185,1.62558919453978,"BIC_corrected_thresh",5,16,3,TRUE,26
55,30,25,0,545,0.545454545454545,1,0.705882352941177,0.545454545454545,1.01928826412266,1.80183691257948,"path_best_F1",5,16,3,TRUE,55
220,30,190,0,380,0.136363636363636,1,0.24,0.136363636363636,0.710178952093984,1.69164237826874,"val_mse",5,17,5,TRUE,220
102.3,27.4,74.9,2.6,495.1,0.267839687194526,0.913333333333333,0.414210128495843,0.261201143946616,0.887860678012989,2.07877841917679,"val_mse_localonly",5,17,5,TRUE,NA
29.7,22.7,7,7.3,563,0.764309764309764,0.756666666666667,0.760469011725293,0.613513513513513,0.875063550536777,2.06592351610367,"val_mse_local_thresh",5,17,5,TRUE,NA
91,29,62,1,508,0.318681318681319,0.966666666666667,0.479338842975207,0.315217391304348,0.905637162478253,2.05535087252073,"val_1se",5,17,3,TRUE,91
47.5,23.5,24,6.5,546,0.494736842105263,0.783333333333333,0.606451612903226,0.435185185185185,0.980516650637814,2.28450513978964,"val_1se_localonly",5,17,3,TRUE,NA
21.4,19.8,1.6,10.2,568.4,0.925233644859813,0.66,0.770428015564202,0.626582278481013,1.00569978827443,2.37428438839289,"val_1se_local_thresh",5,17,3,TRUE,NA
27,27,0,3,570,1,0.9,0.947368421052632,0.9,0.907728851465925,2.06589892411597,"val_1se_thresh",5,17,3,TRUE,27
99,29,70,1,500,0.292929292929293,0.966666666666667,0.449612403100775,0.29,0.879954714400696,2.00027918304649,"BIC_corrected",5,17,3,TRUE,99
48.5,25,23.5,5,546.5,0.515463917525773,0.833333333333333,0.636942675159236,0.467289719626168,0.974816195935354,2.2403461347021,"BIC_corrected_localonly",5,17,3,TRUE,NA
23.6,20.5,3.1,9.5,566.9,0.86864406779661,0.683333333333333,0.764925373134328,0.619335347432024,1.00506707039806,2.3373281973274,"BIC_corrected_local_thresh",5,17,3,TRUE,NA
26,26,0,4,570,1,0.866666666666667,0.928571428571429,0.866666666666667,0.887609017937807,2.04004721181668,"BIC_corrected_thresh",5,17,3,TRUE,26
50,28,22,2,548,0.56,0.933333333333333,0.7,0.538461538461538,1.11050887767516,2.49116674279755,"path_best_F1",5,17,3,TRUE,50
224,30,194,0,376,0.133928571428571,1,0.236220472440945,0.133928571428571,0.757821653942881,1.97887312944847,"val_mse",5,18,6,TRUE,224
104.1,23.9,80.2,6.1,489.8,0.229586935638809,0.796666666666667,0.356450410141685,0.216878402903811,0.920589807932708,2.4346834608794,"val_mse_localonly",5,18,6,TRUE,NA
29,22.6,6.4,7.4,563.6,0.779310344827586,0.753333333333333,0.766101694915254,0.620879120879121,0.871645806018059,2.33990679010876,"val_mse_local_thresh",5,18,6,TRUE,NA
95,30,65,0,505,0.315789473684211,1,0.48,0.315789473684211,0.929229253128511,2.34672939646255,"val_1se",5,18,4,TRUE,95
45.4,22.4,23,7.6,547,0.493392070484582,0.746666666666667,0.594164456233422,0.422641509433962,1.00391239971055,2.63575512310225,"val_1se_localonly",5,18,4,TRUE,NA
18.4,17.5,0.9,12.5,569.1,0.951086956521739,0.583333333333333,0.723140495867769,0.566343042071197,1.04638338735801,2.73826585652161,"val_1se_local_thresh",5,18,4,TRUE,NA
24,24,0,6,570,1,0.8,0.888888888888889,0.8,0.963964207705383,2.47578477537379,"val_1se_thresh",5,18,4,TRUE,24
101,30,71,0,499,0.297029702970297,1,0.458015267175573,0.297029702970297,0.933774645694171,2.36294199556427,"BIC_corrected",5,18,3,TRUE,101
46,23.9,22.1,6.1,547.9,0.519565217391304,0.796666666666667,0.628947368421053,0.45873320537428,1.00730750721824,2.60930002115239,"BIC_corrected_localonly",5,18,3,TRUE,NA
20.2,18.2,2,11.8,568,0.900990099009901,0.606666666666667,0.725099601593625,0.56875,1.05402438834211,2.74245979559228,"BIC_corrected_local_thresh",5,18,3,TRUE,NA
23,23,0,7,570,1,0.766666666666667,0.867924528301887,0.766666666666667,0.967871081635248,2.48301645646574,"BIC_corrected_thresh",5,18,3,TRUE,23
58,29,29,1,541,0.5,0.966666666666667,0.659090909090909,0.491525423728814,1.0977488022574,2.83138023148442,"path_best_F1",5,18,3,TRUE,58
425,30,395,0,175,0.0705882352941176,1,0.131868131868132,0.0705882352941176,0.53621620872348,1.25629888340148,"val_mse",5,19,8,TRUE,425
124.1,28.1,96,1.9,474,0.226430298146656,0.936666666666667,0.36469824789098,0.223015873015873,0.826023407710142,1.89423106613192,"val_mse_localonly",5,19,8,TRUE,NA
36,25.4,10.6,4.6,559.4,0.705555555555555,0.846666666666667,0.76969696969697,0.625615763546798,0.801787216806379,1.80142445432654,"val_mse_local_thresh",5,19,8,TRUE,NA
112,29,83,1,487,0.258928571428571,0.966666666666667,0.408450704225352,0.256637168141593,0.801022526864872,1.81126293964316,"val_1se",5,19,4,TRUE,112
53,26.5,26.5,3.5,543.5,0.5,0.883333333333333,0.63855421686747,0.469026548672566,0.880469288258107,2.01086385624745,"val_1se_localonly",5,19,4,TRUE,NA
22.7,20.9,1.8,9.1,568.2,0.920704845814978,0.696666666666667,0.793168880455408,0.657232704402516,0.926971844203245,2.0847741209613,"val_1se_local_thresh",5,19,4,TRUE,NA
26,26,0,4,570,1,0.866666666666667,0.928571428571429,0.866666666666667,0.811392262645507,1.80892102330179,"val_1se_thresh",5,19,4,TRUE,26
102,29,73,1,497,0.284313725490196,0.966666666666667,0.439393939393939,0.281553398058252,0.804960931158584,1.81457118602247,"BIC_corrected",5,19,4,TRUE,102
49.8,26.2,23.6,3.8,546.4,0.526104417670683,0.873333333333333,0.656641604010025,0.488805970149254,0.88131153765215,2.00478929740065,"BIC_corrected_localonly",5,19,4,TRUE,NA
23.3,21.5,1.8,8.5,568.2,0.92274678111588,0.716666666666667,0.806754221388368,0.676100628930818,0.917427335600181,2.04241156690646,"BIC_corrected_local_thresh",5,19,4,TRUE,NA
26,26,0,4,570,1,0.866666666666667,0.928571428571429,0.866666666666667,0.815637432498287,1.81875957473277,"BIC_corrected_thresh",5,19,4,TRUE,26
48,27,21,3,549,0.5625,0.9,0.692307692307692,0.529411764705882,1.07619177015747,2.53575778655959,"path_best_F1",5,19,3,TRUE,48
271,30,241,0,329,0.11070110701107,1,0.199335548172757,0.11070110701107,0.698421126113594,1.6526906958509,"val_mse",5,20,6,TRUE,271
128,27.1,100.9,2.9,469.1,0.21171875,0.903333333333333,0.343037974683544,0.207028265851795,0.878658219523017,2.00884102851999,"val_mse_localonly",5,20,6,TRUE,NA
35.7,24.1,11.6,5.9,558.4,0.675070028011204,0.803333333333333,0.733637747336377,0.579326923076923,0.832705172215526,1.87983886096315,"val_mse_local_thresh",5,20,6,TRUE,NA
122,29,93,1,477,0.237704918032787,0.966666666666667,0.381578947368421,0.235772357723577,0.910653514667639,1.9236661469053,"val_1se",5,20,4,TRUE,122
55.1,23.6,31.5,6.4,538.5,0.428312159709619,0.786666666666667,0.554641598119859,0.383739837398374,0.975516595574829,2.09756315143351,"val_1se_localonly",5,20,4,TRUE,NA
19.6,18,1.6,12,568.4,0.918367346938775,0.6,0.725806451612903,0.569620253164557,1.03702783708774,2.19945210002379,"val_1se_local_thresh",5,20,4,TRUE,NA
24,24,0,6,570,1,0.8,0.888888888888889,0.8,0.930865889851198,1.93675895477751,"val_1se_thresh",5,20,4,TRUE,24
151,30,121,0,449,0.198675496688742,1,0.331491712707182,0.198675496688742,0.814052775740437,1.76215540913891,"BIC_corrected",5,20,4,TRUE,151
74.1,25.2,48.9,4.8,521.1,0.340080971659919,0.84,0.484149855907781,0.319391634980989,0.908813664830457,2.00478445117693,"BIC_corrected_localonly",5,20,4,TRUE,NA
26,22.3,3.7,7.7,566.3,0.857692307692308,0.743333333333333,0.796428571428571,0.661721068249258,0.89752738859714,1.94522567155419,"BIC_corrected_local_thresh",5,20,4,TRUE,NA
26,26,0,4,570,1,0.866666666666667,0.928571428571429,0.866666666666667,0.822575217069578,1.73595580604101,"BIC_corrected_thresh",5,20,4,TRUE,26
59,27,32,3,538,0.457627118644068,0.9,0.606741573033708,0.435483870967742,1.1491093279216,2.39786619543794,"path_best_F1",5,20,3,TRUE,59
312,30,282,0,288,0.0961538461538462,1,0.175438596491228,0.0961538461538462,0.586122890002501,1.03110512610029,"val_mse",5,21,7,TRUE,312
141.8,28.1,113.7,1.9,456.3,0.198166431593794,0.936666666666667,0.327124563445867,0.195546276965901,0.809144474434314,1.42724746357921,"val_mse_localonly",5,21,7,TRUE,NA
36.5,25.8,10.7,4.2,559.3,0.706849315068493,0.86,0.77593984962406,0.633906633906634,0.735328557405671,1.32148718225366,"val_mse_local_thresh",5,21,7,TRUE,NA
111,30,81,0,489,0.27027027027027,1,0.425531914893617,0.27027027027027,0.885423535672189,1.36133118351851,"val_1se",5,21,4,TRUE,111
50.6,22.8,27.8,7.2,542.2,0.450592885375494,0.76,0.56575682382134,0.394463667820069,0.94855615993541,1.61924916023553,"val_1se_localonly",5,21,4,TRUE,NA
22.1,21,1.1,9,568.9,0.950226244343891,0.7,0.806142034548944,0.67524115755627,0.951250157227626,1.62221613851015,"val_1se_local_thresh",5,21,4,TRUE,NA
28,28,0,2,570,1,0.933333333333333,0.96551724137931,0.933333333333333,0.895768378123936,1.37005764458393,"val_1se_thresh",5,21,4,TRUE,28
90,30,60,0,510,0.333333333333333,1,0.5,0.333333333333333,0.872127112429802,1.35071489502523,"BIC_corrected",5,21,3,TRUE,90
45.6,24.2,21.4,5.8,548.6,0.530701754385965,0.806666666666667,0.64021164021164,0.470817120622568,0.926595640182064,1.57599293825453,"BIC_corrected_localonly",5,21,3,TRUE,NA
23,21.7,1.3,8.3,568.7,0.943478260869565,0.723333333333333,0.818867924528302,0.693290734824281,0.940192898368283,1.61519854066996,"BIC_corrected_local_thresh",5,21,3,TRUE,NA
29,29,0,1,570,1,0.966666666666667,0.983050847457627,0.966666666666667,0.870183443556613,1.35751187072597,"BIC_corrected_thresh",5,21,3,TRUE,29
64,29,35,1,535,0.453125,0.966666666666667,0.617021276595745,0.446153846153846,1.11386969911755,1.76514438372029,"path_best_F1",5,21,3,TRUE,64
411,30,381,0,189,0.072992700729927,1,0.136054421768707,0.072992700729927,0.574209893374998,1.4390265315357,"val_mse",5,22,9,TRUE,411
164.4,28.9,135.5,1.1,434.5,0.175790754257908,0.963333333333333,0.297325102880658,0.174622356495468,0.899521324090074,2.10408526659579,"val_mse_localonly",5,22,9,TRUE,NA
29,22,7,8,563,0.758620689655172,0.733333333333333,0.745762711864407,0.594594594594595,0.857216233281992,2.11563343507664,"val_mse_local_thresh",5,22,9,TRUE,NA
126,30,96,0,474,0.238095238095238,1,0.384615384615385,0.238095238095238,0.914798813452856,2.08900797270895,"val_1se",5,22,4,TRUE,126
62.7,22.3,40.4,7.7,529.6,0.355661881977671,0.743333333333333,0.481121898597627,0.316761363636364,0.991109512233882,2.35575928296617,"val_1se_localonly",5,22,4,TRUE,NA
21.4,18.8,2.6,11.2,567.4,0.878504672897196,0.626666666666667,0.731517509727626,0.576687116564417,1.01263093275832,2.42024399003738,"val_1se_local_thresh",5,22,4,TRUE,NA
26,26,0,4,570,1,0.866666666666667,0.928571428571429,0.866666666666667,0.922013614681749,2.15813340124648,"val_1se_thresh",5,22,4,TRUE,26
120,30,90,0,480,0.25,1,0.4,0.25,0.909855150320952,2.08176729957093,"BIC_corrected",5,22,4,TRUE,120
56.6,25.2,31.4,4.8,538.6,0.445229681978799,0.84,0.581986143187067,0.41042345276873,0.993100471014616,2.29574939829073,"BIC_corrected_localonly",5,22,4,TRUE,NA
21.8,19.6,2.2,10.4,567.8,0.899082568807339,0.653333333333333,0.756756756756757,0.608695652173913,1.01630566715507,2.39047643864339,"BIC_corrected_local_thresh",5,22,4,TRUE,NA
27,27,0,3,570,1,0.9,0.947368421052632,0.9,0.90669578168712,2.10359321305693,"BIC_corrected_thresh",5,22,4,TRUE,27
54,28,26,2,544,0.518518518518518,0.933333333333333,0.666666666666667,0.5,1.23940466130431,2.87143210918331,"path_best_F1",5,22,3,TRUE,54
213,30,183,0,387,0.140845070422535,1,0.246913580246914,0.140845070422535,0.636728499111236,1.21008010788239,"val_mse",5,23,5,TRUE,213
105.9,27.6,78.3,2.4,491.7,0.260623229461756,0.92,0.406181015452539,0.254847645429363,0.779586459416037,1.49554707729364,"val_mse_localonly",5,23,5,TRUE,NA
28,24.9,3.1,5.1,566.9,0.889285714285714,0.83,0.858620689655172,0.75226586102719,0.764634991456811,1.48740018473612,"val_mse_local_thresh",5,23,5,TRUE,NA
100,30,70,0,500,0.3,1,0.461538461538462,0.3,0.841557982499304,1.55324680089721,"val_1se",5,23,3,TRUE,100
50.8,27.1,23.7,2.9,546.3,0.533464566929134,0.903333333333333,0.670792079207921,0.504655493482309,0.916693333489838,1.76597344798728,"val_1se_localonly",5,23,3,TRUE,NA
21.4,20.1,1.3,9.9,568.7,0.939252336448598,0.67,0.782101167315175,0.642172523961661,0.982487881442106,1.91102803045223,"val_1se_local_thresh",5,23,3,TRUE,NA
27,27,0,3,570,1,0.9,0.947368421052632,0.9,0.854433147440462,1.6161826474588,"val_1se_thresh",5,23,3,TRUE,27
114,30,84,0,486,0.263157894736842,1,0.416666666666667,0.263157894736842,0.797657382008932,1.48271986841509,"BIC_corrected",5,23,4,TRUE,114
51.3,26.9,24.4,3.1,545.6,0.524366471734893,0.896666666666667,0.661746617466175,0.494485294117647,0.894590290146761,1.70565984652457,"BIC_corrected_localonly",5,23,4,TRUE,NA
23.8,21.9,1.9,8.1,568.1,0.920168067226891,0.73,0.814126394052045,0.686520376175549,0.933736265296098,1.76782627651505,"BIC_corrected_local_thresh",5,23,4,TRUE,NA
28,28,0,2,570,1,0.933333333333333,0.96551724137931,0.933333333333333,0.797211723771934,1.51466158805063,"BIC_corrected_thresh",5,23,4,TRUE,28
61,30,31,0,539,0.491803278688525,1,0.659340659340659,0.491803278688525,1.08356086240233,2.04838842856649,"path_best_F1",5,23,3,TRUE,61
284,29,255,1,315,0.102112676056338,0.966666666666667,0.184713375796178,0.101754385964912,0.743660402333645,1.62349649843583,"val_mse",5,24,7,TRUE,284
110.6,27.2,83.4,2.8,486.6,0.245931283905967,0.906666666666667,0.386913229018492,0.239858906525573,0.936234555021683,2.05427400136965,"val_mse_localonly",5,24,7,TRUE,NA
32.2,23.4,8.8,6.6,561.2,0.726708074534161,0.78,0.752411575562701,0.603092783505154,0.930374047292964,2.08627544723393,"val_mse_local_thresh",5,24,7,TRUE,NA
119,28,91,2,479,0.235294117647059,0.933333333333333,0.375838926174497,0.231404958677686,1.0310005652322,2.13109105778723,"val_1se",5,24,4,TRUE,119
50.6,23.8,26.8,6.2,543.2,0.470355731225296,0.793333333333333,0.590570719602978,0.419014084507042,1.11229837006254,2.36771406751401,"val_1se_localonly",5,24,4,TRUE,NA
17.5,15.8,1.7,14.2,568.3,0.902857142857143,0.526666666666667,0.665263157894737,0.498422712933754,1.19027197757768,2.52388102858251,"val_1se_local_thresh",5,24,4,TRUE,NA
25,24,1,6,569,0.96,0.8,0.872727272727273,0.774193548387097,1.05115798803559,2.13157827531749,"val_1se_thresh",5,24,4,TRUE,25
85,29,56,1,514,0.341176470588235,0.966666666666667,0.504347826086956,0.337209302325581,1.03375693408355,2.0992655643513,"BIC_corrected",5,24,4,TRUE,85
45.4,23.6,21.8,6.4,548.2,0.519823788546255,0.786666666666667,0.625994694960212,0.455598455598456,1.09896141156886,2.30857720873292,"BIC_corrected_localonly",5,24,4,TRUE,NA
18.8,17.1,1.7,12.9,568.3,0.909574468085106,0.57,0.700819672131147,0.539432176656151,1.14648182933318,2.39333014470343,"BIC_corrected_local_thresh",5,24,4,TRUE,NA
26,25,1,5,569,0.961538461538462,0.833333333333333,0.892857142857143,0.806451612903226,1.04784905937199,2.09416780673179,"BIC_corrected_thresh",5,24,4,TRUE,26
54,28,26,2,544,0.518518518518518,0.933333333333333,0.666666666666667,0.5,1.23244112159618,2.53574961801123,"path_best_F1",5,24,3,TRUE,54
273,30,243,0,327,0.10989010989011,1,0.198019801980198,0.10989010989011,0.675735824385371,1.44210737143086,"val_mse",5,25,5,TRUE,273
131.9,28.1,103.8,1.9,466.2,0.213040181956027,0.936666666666667,0.347127856701668,0.210014947683109,0.860815400165971,1.74325455725334,"val_mse_localonly",5,25,5,TRUE,NA
32.4,25.1,7.3,4.9,562.7,0.774691358024691,0.836666666666667,0.80448717948718,0.672922252010724,0.82744645487765,1.68040086269993,"val_mse_local_thresh",5,25,5,TRUE,NA
113,30,83,0,487,0.265486725663717,1,0.41958041958042,0.265486725663717,0.861675327833424,1.71592375671392,"val_1se",5,25,4,TRUE,113
59.8,26.3,33.5,3.7,536.5,0.439799331103679,0.876666666666667,0.585746102449889,0.414173228346457,0.946989816194501,1.88077642349098,"val_1se_localonly",5,25,4,TRUE,NA
23,21,2,9,568,0.91304347826087,0.7,0.792452830188679,0.65625,0.980040322876428,1.95955430255371,"val_1se_local_thresh",5,25,4,TRUE,NA
28,28,0,2,570,1,0.933333333333333,0.96551724137931,0.933333333333333,0.867523097061131,1.73343755479108,"val_1se_thresh",5,25,4,TRUE,28
94,30,64,0,506,0.319148936170213,1,0.483870967741935,0.319148936170213,0.906154846699879,1.78842462905864,"BIC_corrected",5,25,3,TRUE,94
50.2,25.7,24.5,4.3,545.5,0.51195219123506,0.856666666666667,0.640897755610973,0.471559633027523,0.986119208580101,1.95153194259163,"BIC_corrected_localonly",5,25,3,TRUE,NA
23.1,21.3,1.8,8.7,568.2,0.922077922077922,0.71,0.80225988700565,0.669811320754717,1.01529801908346,2.01468252290325,"BIC_corrected_local_thresh",5,25,3,TRUE,NA
28,28,0,2,570,1,0.933333333333333,0.96551724137931,0.933333333333333,0.910634532024963,1.81113379465149,"BIC_corrected_thresh",5,25,3,TRUE,28
56,30,26,0,544,0.535714285714286,1,0.697674418604651,0.535714285714286,1.17261934080202,2.28488529169469,"path_best_F1",5,25,3,TRUE,56
246,30,216,0,354,0.121951219512195,1,0.217391304347826,0.121951219512195,0.670164298637759,1.22579828767825,"val_mse",5,26,5,TRUE,246
113.4,27.2,86.2,2.8,483.8,0.239858906525573,0.906666666666667,0.379358437935844,0.23407917383821,0.870473827088648,1.61593330100077,"val_mse_localonly",5,26,5,TRUE,NA
30.9,24.7,6.2,5.3,563.8,0.799352750809062,0.823333333333333,0.811165845648604,0.68232044198895,0.829078993986649,1.54490771560444,"val_mse_local_thresh",5,26,5,TRUE,NA
89,30,59,0,511,0.337078651685393,1,0.504201680672269,0.337078651685393,0.878871945628889,1.57596423042455,"val_1se",5,26,4,TRUE,89
46.2,25.1,21.1,4.9,548.9,0.543290043290043,0.836666666666667,0.658792650918635,0.49119373776908,0.978208886382423,1.81782500927042,"val_1se_localonly",5,26,4,TRUE,NA
22.2,20.3,1.9,9.7,568.1,0.914414414414415,0.676666666666667,0.777777777777778,0.636363636363636,1.03319106257068,1.97965511524262,"val_1se_local_thresh",5,26,4,TRUE,NA
28,28,0,2,570,1,0.933333333333333,0.96551724137931,0.933333333333333,0.882422886742205,1.60542840653936,"val_1se_thresh",5,26,4,TRUE,28
94,30,64,0,506,0.319148936170213,1,0.483870967741935,0.319148936170213,0.847536079089962,1.51804588707563,"BIC_corrected",5,26,4,TRUE,94
48.8,25.3,23.5,4.7,546.5,0.51844262295082,0.843333333333333,0.642131979695432,0.472897196261682,0.955189466345928,1.76852452765447,"BIC_corrected_localonly",5,26,4,TRUE,NA
23.3,21.2,2.1,8.8,567.9,0.909871244635193,0.706666666666667,0.795497185741088,0.660436137071651,1.0006259787008,1.92435842451857,"BIC_corrected_local_thresh",5,26,4,TRUE,NA
28,28,0,2,570,1,0.933333333333333,0.96551724137931,0.933333333333333,0.852149915746126,1.55427220090423,"BIC_corrected_thresh",5,26,4,TRUE,28
55,29,26,1,544,0.527272727272727,0.966666666666667,0.682352941176471,0.517857142857143,1.06261212258656,1.94867065988022,"path_best_F1",5,26,3,TRUE,55
177,30,147,0,423,0.169491525423729,1,0.289855072463768,0.169491525423729,0.75792122621549,1.74881241012012,"val_mse",5,27,4,TRUE,177
79.4,25.9,53.5,4.1,516.5,0.326196473551637,0.863333333333333,0.473491773308958,0.310179640718563,0.856689908002215,2.01957027959099,"val_mse_localonly",5,27,4,TRUE,NA
26.5,22.7,3.8,7.3,566.2,0.856603773584906,0.756666666666667,0.80353982300885,0.671597633136095,0.869068030219365,2.05233312236486,"val_mse_local_thresh",5,27,4,TRUE,NA
70,30,40,0,530,0.428571428571429,1,0.6,0.428571428571429,0.988695211197719,2.11256825316247,"val_1se",5,27,3,TRUE,70
37.8,23.5,14.3,6.5,555.7,0.621693121693122,0.783333333333333,0.693215339233038,0.530474040632054,1.03955097124883,2.35807818881709,"val_1se_localonly",5,27,3,TRUE,NA
16.7,15.7,1,14.3,569,0.940119760479042,0.523333333333333,0.67237687366167,0.506451612903226,1.11471366341711,2.50521078170258,"val_1se_local_thresh",5,27,3,TRUE,NA
22,22,0,8,570,1,0.733333333333333,0.846153846153846,0.733333333333333,1.02585699544222,2.18405166529575,"val_1se_thresh",5,27,3,TRUE,22
112,30,82,0,488,0.267857142857143,1,0.422535211267606,0.267857142857143,0.844900266098436,1.86184811415999,"BIC_corrected",5,27,4,TRUE,112
53.6,25.1,28.5,4.9,541.5,0.468283582089552,0.836666666666667,0.600478468899522,0.429059829059829,0.917942208083346,2.08629841192731,"BIC_corrected_localonly",5,27,4,TRUE,NA
22.7,20,2.7,10,567.3,0.881057268722467,0.666666666666667,0.759013282732448,0.611620795107034,0.966941404437695,2.15093630121753,"BIC_corrected_local_thresh",5,27,4,TRUE,NA
24,24,0,6,570,1,0.8,0.888888888888889,0.8,0.875100319165348,1.9006395114954,"BIC_corrected_thresh",5,27,4,TRUE,24
62,30,32,0,538,0.483870967741935,1,0.652173913043478,0.483870967741935,1.04895979655591,2.23123405561167,"path_best_F1",5,27,3,TRUE,62
303,30,273,0,297,0.099009900990099,1,0.18018018018018,0.099009900990099,0.571572092923737,1.30795149480161,"val_mse",5,28,7,TRUE,303
114.7,28.5,86.2,1.5,483.8,0.248474280732345,0.95,0.393918451969592,0.24526678141136,0.828803884911528,1.66373302037201,"val_mse_localonly",5,28,7,TRUE,NA
36.3,25.7,10.6,4.3,559.4,0.707988980716253,0.856666666666667,0.77526395173454,0.633004926108374,0.811356264878294,1.71345089926664,"val_mse_local_thresh",5,28,7,TRUE,NA
104,30,74,0,496,0.288461538461538,1,0.447761194029851,0.288461538461538,0.823908311384511,1.73144934053824,"val_1se",5,28,4,TRUE,104
52.5,26.9,25.6,3.1,544.4,0.512380952380952,0.896666666666667,0.652121212121212,0.483812949640288,0.901795321009245,1.86853466578836,"val_1se_localonly",5,28,4,TRUE,NA
20.2,19.1,1.1,10.9,568.9,0.945544554455445,0.636666666666667,0.760956175298805,0.614147909967846,0.981624773275326,2.0857808864186,"val_1se_local_thresh",5,28,4,TRUE,NA
27,27,0,3,570,1,0.9,0.947368421052632,0.9,0.841252327184238,1.80379106432448,"val_1se_thresh",5,28,4,TRUE,27
98,30,68,0,502,0.306122448979592,1,0.46875,0.306122448979592,0.818016697362547,1.71733068250064,"BIC_corrected",5,28,4,TRUE,98
55.1,27,28.1,3,541.9,0.490018148820327,0.9,0.63454759106933,0.464716006884682,0.887039336389191,1.86543410961494,"BIC_corrected_localonly",5,28,4,TRUE,NA
22.5,21.5,1,8.5,569,0.955555555555556,0.716666666666667,0.819047619047619,0.693548387096774,0.929794567552136,2.01216806977104,"BIC_corrected_local_thresh",5,28,4,TRUE,NA
30,29,1,1,569,0.966666666666667,0.966666666666667,0.966666666666667,0.935483870967742,0.816727780836556,1.7562436679254,"BIC_corrected_thresh",5,28,4,TRUE,30
53,29,24,1,546,0.547169811320755,0.966666666666667,0.698795180722892,0.537037037037037,1.10796078142828,2.35458568185427,"path_best_F1",5,28,3,TRUE,53
360,30,330,0,240,0.0833333333333333,1,0.153846153846154,0.0833333333333333,0.592216778317467,1.36313809792359,"val_mse",5,29,8,TRUE,360
133.2,28.6,104.6,1.4,465.4,0.214714714714715,0.953333333333333,0.350490196078431,0.212481426448737,0.863088412025659,1.7401812138012,"val_mse_localonly",5,29,8,TRUE,NA
31.9,24.8,7.1,5.2,562.9,0.77742946708464,0.826666666666667,0.801292407108239,0.668463611859838,0.824588950299043,1.67976926962055,"val_mse_local_thresh",5,29,8,TRUE,NA
159,30,129,0,441,0.188679245283019,1,0.317460317460317,0.188679245283019,0.809238995114088,1.55905814765786,"val_1se",5,29,6,TRUE,159
65.1,26.4,38.7,3.6,531.3,0.405529953917051,0.88,0.555205047318612,0.384279475982533,0.937735206709292,1.77800834759915,"val_1se_localonly",5,29,6,TRUE,NA
23.6,20.5,3.1,9.5,566.9,0.86864406779661,0.683333333333333,0.764925373134328,0.619335347432024,1.00321203792087,1.89496580352512,"val_1se_local_thresh",5,29,6,TRUE,NA
26,26,0,4,570,1,0.866666666666667,0.928571428571429,0.866666666666667,0.822431064190501,1.59449931611288,"val_1se_thresh",5,29,6,TRUE,26
63,29,34,1,536,0.46031746031746,0.966666666666667,0.623655913978495,0.453125,0.992278659196561,1.83875684881366,"BIC_corrected",5,29,3,TRUE,63
35.5,23.9,11.6,6.1,558.4,0.673239436619718,0.796666666666667,0.729770992366412,0.574519230769231,1.06044376474789,2.0250228201486,"BIC_corrected_localonly",5,29,3,TRUE,NA
17.3,16.9,0.4,13.1,569.6,0.976878612716763,0.563333333333333,0.714587737843552,0.555921052631579,1.12564395607505,2.19289211928413,"BIC_corrected_local_thresh",5,29,3,TRUE,NA
25,25,0,5,570,1,0.833333333333333,0.909090909090909,0.833333333333333,1.01519393548421,1.90468065830756,"BIC_corrected_thresh",5,29,3,TRUE,25
56,27,29,3,541,0.482142857142857,0.9,0.627906976744186,0.457627118644068,1.15838142341492,2.20841637098709,"path_best_F1",5,29,3,TRUE,56
331,30,301,0,269,0.0906344410876133,1,0.166204986149584,0.0906344410876133,0.56458977147175,1.39390538214316,"val_mse",5,30,8,TRUE,331
124.3,28.5,95.8,1.5,474.2,0.229283990345937,0.95,0.369410239792612,0.226550079491256,0.890934146515635,2.00524668308139,"val_mse_localonly",5,30,8,TRUE,NA
38,23.9,14.1,6.1,555.9,0.628947368421053,0.796666666666667,0.702941176470588,0.541950113378685,0.883549336197283,1.90251078251576,"val_mse_local_thresh",5,30,8,TRUE,NA
160,30,130,0,440,0.1875,1,0.315789473684211,0.1875,0.820024973301657,1.7530623046177,"val_1se",5,30,6,TRUE,160
62,26.8,35.2,3.2,534.8,0.432258064516129,0.893333333333333,0.582608695652174,0.411042944785276,0.978774062112082,2.10890938139989,"val_1se_localonly",5,30,6,TRUE,NA
22.9,20,2.9,10,567.1,0.873362445414847,0.666666666666667,0.756143667296786,0.60790273556231,1.03511178996477,2.23604480861607,"val_1se_local_thresh",5,30,6,TRUE,NA
27,27,0,3,570,1,0.9,0.947368421052632,0.9,0.832571757963155,1.7698902156984,"val_1se_thresh",5,30,6,TRUE,27
106,30,76,0,494,0.283018867924528,1,0.441176470588235,0.283018867924528,0.869431659885416,1.84719458938617,"BIC_corrected",5,30,4,TRUE,106
54.3,24,30.3,6,539.7,0.441988950276243,0.8,0.569395017793594,0.398009950248756,0.955828292612326,2.16988741443624,"BIC_corrected_localonly",5,30,4,TRUE,NA
22.2,20.6,1.6,9.4,568.4,0.927927927927928,0.686666666666667,0.789272030651341,0.651898734177215,0.968221687978103,2.17836601769716,"BIC_corrected_local_thresh",5,30,4,TRUE,NA
28,28,0,2,570,1,0.933333333333333,0.96551724137931,0.933333333333333,0.871082798729019,1.83383794575503,"BIC_corrected_thresh",5,30,4,TRUE,28
67,29,38,1,532,0.432835820895522,0.966666666666667,0.597938144329897,0.426470588235294,1.12042772604654,2.39299837944587,"path_best_F1",5,30,3,TRUE,67
230,30,200,0,370,0.130434782608696,1,0.230769230769231,0.130434782608696,0.769175225774788,1.55015059180201,"val_mse",5,31,5,TRUE,230
107.4,26.2,81.2,3.8,488.8,0.243947858472998,0.873333333333333,0.38136826783115,0.235611510791367,0.913958787050096,1.84755813115402,"val_mse_localonly",5,31,5,TRUE,NA
26.1,21.6,4.5,8.4,565.5,0.827586206896552,0.72,0.770053475935829,0.626086956521739,0.903473418396095,1.80964696209282,"val_mse_local_thresh",5,31,5,TRUE,NA
82,29,53,1,517,0.353658536585366,0.966666666666667,0.517857142857143,0.349397590361446,1.01765669726187,2.01296946135291,"val_1se",5,31,3,TRUE,82
42.6,22.2,20.4,7.8,549.6,0.52112676056338,0.74,0.611570247933884,0.440476190476191,1.07616348915837,2.22967084318366,"val_1se_localonly",5,31,3,TRUE,NA
18.3,17,1.3,13,568.7,0.92896174863388,0.566666666666667,0.703933747412008,0.543130990415335,1.11537695202089,2.31304269120521,"val_1se_local_thresh",5,31,3,TRUE,NA
22,22,0,8,570,1,0.733333333333333,0.846153846153846,0.733333333333333,1.05314648155654,2.06400873167995,"val_1se_thresh",5,31,3,TRUE,22
96,29,67,1,503,0.302083333333333,0.966666666666667,0.46031746031746,0.298969072164948,0.957229531688274,1.88656705195794,"BIC_corrected",5,31,3,TRUE,96
48,23.4,24.6,6.6,545.4,0.4875,0.78,0.6,0.428571428571429,1.02400063761778,2.08728570662953,"BIC_corrected_localonly",5,31,3,TRUE,NA
19.2,17.9,1.3,12.1,568.7,0.932291666666667,0.596666666666667,0.727642276422764,0.571884984025559,1.07344992481878,2.18325935869017,"BIC_corrected_local_thresh",5,31,3,TRUE,NA
23,23,0,7,570,1,0.766666666666667,0.867924528301887,0.766666666666667,0.986194194700357,1.91466400187694,"BIC_corrected_thresh",5,31,3,TRUE,23
59,29,30,1,540,0.491525423728814,0.966666666666667,0.651685393258427,0.483333333333333,1.14415982905016,2.27779373233083,"path_best_F1",5,31,3,TRUE,59
220,30,190,0,380,0.136363636363636,1,0.24,0.136363636363636,0.731561764244032,1.47417600136119,"val_mse",5,32,6,TRUE,220
95.6,26.8,68.8,3.2,501.2,0.280334728033473,0.893333333333333,0.426751592356688,0.271255060728745,0.880282571284905,1.76924685704853,"val_mse_localonly",5,32,6,TRUE,NA
29.7,22.9,6.8,7.1,563.2,0.771043771043771,0.763333333333333,0.767169179229481,0.622282608695652,0.879636808515499,1.7076629608661,"val_mse_local_thresh",5,32,6,TRUE,NA
111,30,81,0,489,0.27027027027027,1,0.425531914893617,0.27027027027027,0.897425584585771,1.66243801665815,"val_1se",5,32,4,TRUE,111
53.1,25.5,27.6,4.5,542.4,0.480225988700565,0.85,0.613718411552347,0.442708333333333,0.972434842721255,1.83233509313593,"val_1se_localonly",5,32,4,TRUE,NA
22,20.8,1.2,9.2,568.8,0.945454545454545,0.693333333333333,0.8,0.666666666666667,0.998534300676293,1.88107074744861,"val_1se_local_thresh",5,32,4,TRUE,NA
27,27,0,3,570,1,0.9,0.947368421052632,0.9,0.914956154869016,1.68816912638442,"val_1se_thresh",5,32,4,TRUE,27
87,30,57,0,513,0.344827586206897,1,0.512820512820513,0.344827586206897,0.92629674120991,1.70996898813191,"BIC_corrected",5,32,3,TRUE,87
46.8,24.1,22.7,5.9,547.3,0.514957264957265,0.803333333333333,0.627604166666667,0.4573055028463,0.987610199027179,1.87112828994267,"BIC_corrected_localonly",5,32,3,TRUE,NA
21.3,20.5,0.8,9.5,569.2,0.962441314553991,0.683333333333333,0.799220272904483,0.665584415584416,1.00806457077029,1.90518658729638,"BIC_corrected_local_thresh",5,32,3,TRUE,NA
26,26,0,4,570,1,0.866666666666667,0.928571428571429,0.866666666666667,0.95153106483966,1.75850344457906,"BIC_corrected_thresh",5,32,3,TRUE,26
48,29,19,1,551,0.604166666666667,0.966666666666667,0.743589743589744,0.591836734693878,1.29113870545762,2.39215269170802,"path_best_F1",5,32,3,TRUE,48
232,29,203,1,367,0.125,0.966666666666667,0.221374045801527,0.124463519313305,0.742399688291808,1.56563309353565,"val_mse",5,33,5,TRUE,232
107.6,26.8,80.8,3.2,489.2,0.24907063197026,0.893333333333333,0.38953488372093,0.24187725631769,0.874104998717145,1.88722637767571,"val_mse_localonly",5,33,5,TRUE,NA
27.1,21.5,5.6,8.5,564.4,0.793357933579336,0.716666666666667,0.753064798598949,0.603932584269663,0.88750254644297,1.96622799457733,"val_mse_local_thresh",5,33,5,TRUE,NA
80,28,52,2,518,0.35,0.933333333333333,0.509090909090909,0.341463414634146,0.915131136316991,1.91093668472776,"val_1se",5,33,3,TRUE,80
44.4,23.4,21,6.6,549,0.527027027027027,0.78,0.629032258064516,0.458823529411765,0.970302037449188,2.1143361503283,"val_1se_localonly",5,33,3,TRUE,NA
19.3,18.8,0.5,11.2,569.5,0.974093264248705,0.626666666666667,0.762677484787018,0.616393442622951,1.00723513292026,2.20369292828047,"val_1se_local_thresh",5,33,3,TRUE,NA
25,25,0,5,570,1,0.833333333333333,0.909090909090909,0.833333333333333,0.926458118278477,1.95585586934158,"val_1se_thresh",5,33,3,TRUE,25
78,28,50,2,520,0.358974358974359,0.933333333333333,0.518518518518518,0.35,0.912434713552683,1.90061843205171,"BIC_corrected",5,33,3,TRUE,78
44,23.4,20.6,6.6,549.4,0.531818181818182,0.78,0.632432432432432,0.462450592885375,0.968466324360756,2.10134610883824,"BIC_corrected_localonly",5,33,3,TRUE,NA
21.6,20,1.6,10,568.4,0.925925925925926,0.666666666666667,0.775193798449612,0.632911392405063,0.990450218576371,2.19736422153382,"BIC_corrected_local_thresh",5,33,3,TRUE,NA
25,25,0,5,570,1,0.833333333333333,0.909090909090909,0.833333333333333,0.922892868366417,1.95223913464249,"BIC_corrected_thresh",5,33,3,TRUE,25
45,26,19,4,551,0.577777777777778,0.866666666666667,0.693333333333333,0.530612244897959,1.2127894936107,2.65987452394227,"path_best_F1",5,33,3,TRUE,45
186,30,156,0,414,0.161290322580645,1,0.277777777777778,0.161290322580645,0.768593052135422,1.9236919939124,"val_mse",5,34,5,TRUE,186
93.4,24.8,68.6,5.2,501.4,0.265524625267666,0.826666666666667,0.40194489465154,0.251521298174442,0.908974959326984,2.33984947708854,"val_mse_localonly",5,34,5,TRUE,NA
24.1,20.5,3.6,9.5,566.4,0.850622406639004,0.683333333333333,0.757855822550832,0.610119047619048,0.897005993013367,2.31473613480626,"val_mse_local_thresh",5,34,5,TRUE,NA
81,30,51,0,519,0.37037037037037,1,0.540540540540541,0.37037037037037,0.945362941612753,2.27345728252717,"val_1se",5,34,3,TRUE,81
44,21.5,22.5,8.5,547.5,0.488636363636364,0.716666666666667,0.581081081081081,0.40952380952381,1.01278912361843,2.56345583644598,"val_1se_localonly",5,34,3,TRUE,NA
19.2,18.1,1.1,11.9,568.9,0.942708333333333,0.603333333333333,0.735772357723577,0.581993569131833,1.04765750354263,2.66571291928146,"val_1se_local_thresh",5,34,3,TRUE,NA
24,23,1,7,569,0.958333333333333,0.766666666666667,0.851851851851852,0.741935483870968,0.985485292092229,2.35337073165211,"val_1se_thresh",5,34,3,TRUE,24
84,30,54,0,516,0.357142857142857,1,0.526315789473684,0.357142857142857,0.924495919759128,2.23800094220227,"BIC_corrected",5,34,4,TRUE,84
42.3,23.9,18.4,6.1,551.6,0.565011820330969,0.796666666666667,0.661134163208852,0.493801652892562,0.99619985040495,2.45909962248998,"BIC_corrected_localonly",5,34,4,TRUE,NA
20,18.4,1.6,11.6,568.4,0.92,0.613333333333333,0.736,0.582278481012658,1.03855718108362,2.57463716388577,"BIC_corrected_local_thresh",5,34,4,TRUE,NA
23,23,0,7,570,1,0.766666666666667,0.867924528301887,0.766666666666667,0.958425442687451,2.3051112474531,"BIC_corrected_thresh",5,34,4,TRUE,23
100,30,70,0,500,0.3,1,0.461538461538462,0.3,1.02326948264927,2.47704588098408,"path_best_F1",5,34,5,TRUE,100
212,30,182,0,388,0.141509433962264,1,0.247933884297521,0.141509433962264,0.792409430280593,1.72736218270262,"val_mse",5,35,5,TRUE,212
100.6,27.5,73.1,2.5,496.9,0.273359840954274,0.916666666666667,0.421133231240429,0.266731328806984,0.934561671353229,2.05928412241685,"val_mse_localonly",5,35,5,TRUE,NA
24.9,19.5,5.4,10.5,564.6,0.783132530120482,0.65,0.710382513661202,0.550847457627119,0.954722288759229,2.13066619832955,"val_mse_local_thresh",5,35,5,TRUE,NA
92,29,63,1,507,0.315217391304348,0.966666666666667,0.475409836065574,0.311827956989247,1.0041077579018,2.23026926516527,"val_1se",5,35,3,TRUE,92
46.1,22.3,23.8,7.7,546.2,0.483731019522777,0.743333333333333,0.586070959264126,0.414498141263941,1.06963447589726,2.44287919036254,"val_1se_localonly",5,35,3,TRUE,NA
17.5,15.9,1.6,14.1,568.4,0.908571428571429,0.53,0.669473684210526,0.503164556962025,1.11372165817473,2.58636451338536,"val_1se_local_thresh",5,35,3,TRUE,NA
21,21,0,9,570,1,0.7,0.823529411764706,0.7,1.01468537955381,2.30430383299742,"val_1se_thresh",5,35,3,TRUE,21
67,28,39,2,531,0.417910447761194,0.933333333333333,0.577319587628866,0.405797101449275,1.06601894940761,2.38962937940477,"BIC_corrected",5,35,3,TRUE,67
35.5,19.5,16,10.5,554,0.549295774647887,0.65,0.595419847328244,0.423913043478261,1.12997081924824,2.6299046911969,"BIC_corrected_localonly",5,35,3,TRUE,NA
16.2,15.3,0.9,14.7,569.1,0.944444444444444,0.51,0.662337662337662,0.495145631067961,1.14678537383828,2.7015377924554,"BIC_corrected_local_thresh",5,35,3,TRUE,NA
21,21,0,9,570,1,0.7,0.823529411764706,0.7,1.07275803320432,2.44977985313962,"BIC_corrected_thresh",5,35,3,TRUE,21
53,21,32,9,538,0.39622641509434,0.7,0.506024096385542,0.338709677419355,1.24676309581925,2.94915627993847,"path_best_F1",5,35,3,TRUE,53
314,30,284,0,286,0.0955414012738854,1,0.174418604651163,0.0955414012738854,0.741017089568176,1.73255314781724,"val_mse",5,36,7,TRUE,314
147.6,26.1,121.5,3.9,448.5,0.176829268292683,0.87,0.293918918918919,0.172277227722772,0.986189689730351,2.22156658942843,"val_mse_localonly",5,36,7,TRUE,NA
34.5,22.7,11.8,7.3,558.2,0.657971014492754,0.756666666666667,0.703875968992248,0.543062200956938,0.936769412952721,2.1877354986169,"val_mse_local_thresh",5,36,7,TRUE,NA
90,30,60,0,510,0.333333333333333,1,0.5,0.333333333333333,1.02814140194157,2.24903753360376,"val_1se",5,36,3,TRUE,90
47.8,23.2,24.6,6.8,545.4,0.485355648535565,0.773333333333333,0.596401028277635,0.424908424908425,1.09595167903331,2.45558288285558,"val_1se_localonly",5,36,3,TRUE,NA
17.4,15.9,1.5,14.1,568.5,0.913793103448276,0.53,0.670886075949367,0.504761904761905,1.15217595785509,2.57692000152768,"val_1se_local_thresh",5,36,3,TRUE,NA
23,23,0,7,570,1,0.766666666666667,0.867924528301887,0.766666666666667,1.05807732042863,2.32581906683506,"val_1se_thresh",5,36,3,TRUE,23
113,30,83,0,487,0.265486725663717,1,0.41958041958042,0.265486725663717,0.950712598741597,2.11034213321698,"BIC_corrected",5,36,3,TRUE,113
57,24.8,32.2,5.2,537.8,0.435087719298246,0.826666666666667,0.570114942528736,0.398713826366559,1.03539804097074,2.33398034077095,"BIC_corrected_localonly",5,36,3,TRUE,NA
20.3,18.4,1.9,11.6,568.1,0.9064039408867,0.613333333333333,0.731610337972167,0.576802507836991,1.07893582940504,2.40713514098752,"BIC_corrected_local_thresh",5,36,3,TRUE,NA
24,24,0,6,570,1,0.8,0.888888888888889,0.8,0.98140988423555,2.15446306538844,"BIC_corrected_thresh",5,36,3,TRUE,24
66,29,37,1,533,0.439393939393939,0.966666666666667,0.604166666666667,0.432835820895522,1.19056202839167,2.60154857532963,"path_best_F1",5,36,3,TRUE,66
217,30,187,0,383,0.138248847926267,1,0.242914979757085,0.138248847926267,0.780578446025794,1.56022289451904,"val_mse",5,37,6,TRUE,217
97.7,28.2,69.5,1.8,500.5,0.28863868986694,0.94,0.441660140955364,0.283417085427136,0.910752301389688,1.82809716576656,"val_mse_localonly",5,37,6,TRUE,NA
30,24,6,6,564,0.8,0.8,0.8,0.666666666666667,0.921605983906747,1.88283559007083,"val_mse_local_thresh",5,37,6,TRUE,NA
86,29,57,1,513,0.337209302325581,0.966666666666667,0.5,0.333333333333333,1.03934480114653,2.02358310275654,"val_1se",5,37,3,TRUE,86
44.6,24.3,20.3,5.7,549.7,0.544843049327354,0.81,0.651474530831099,0.483101391650099,1.09551376912522,2.18731512729757,"val_1se_localonly",5,37,3,TRUE,NA
17.8,17.2,0.6,12.8,569.4,0.966292134831461,0.573333333333333,0.719665271966527,0.562091503267974,1.15995905423304,2.32550909460598,"val_1se_local_thresh",5,37,3,TRUE,NA
22,22,0,8,570,1,0.733333333333333,0.846153846153846,0.733333333333333,1.07793084185666,2.09523146421483,"val_1se_thresh",5,37,3,TRUE,22
121,30,91,0,479,0.247933884297521,1,0.397350993377483,0.247933884297521,0.90431592343821,1.78396124507484,"BIC_corrected",5,37,4,TRUE,121
64.9,25.3,39.6,4.7,530.4,0.389830508474576,0.843333333333333,0.533192834562698,0.363505747126437,0.974411978486802,2.00480128203096,"BIC_corrected_localonly",5,37,4,TRUE,NA
20.8,19.7,1.1,10.3,568.9,0.947115384615385,0.656666666666667,0.775590551181102,0.633440514469453,1.01064883315166,2.10917256963078,"BIC_corrected_local_thresh",5,37,4,TRUE,NA
27,27,0,3,570,1,0.9,0.947368421052632,0.9,0.912593408150946,1.82443851969644,"BIC_corrected_thresh",5,37,4,TRUE,27
44,28,16,2,554,0.636363636363636,0.933333333333333,0.756756756756757,0.608695652173913,1.22001688145485,2.43864283294432,"path_best_F1",5,37,3,TRUE,44
322,30,292,0,278,0.093167701863354,1,0.170454545454545,0.093167701863354,0.612680140451982,1.37558561094789,"val_mse",5,38,7,TRUE,322
137.2,28.8,108.4,1.2,461.6,0.209912536443149,0.96,0.344497607655502,0.208092485549133,0.855331781029775,1.78606602516483,"val_mse_localonly",5,38,7,TRUE,NA
37.5,24.4,13.1,5.6,556.9,0.650666666666667,0.813333333333333,0.722962962962963,0.566125290023202,0.840393011650248,1.71078280939355,"val_mse_local_thresh",5,38,7,TRUE,NA
146,30,116,0,454,0.205479452054795,1,0.340909090909091,0.205479452054795,0.878296352591512,1.68838645815665,"val_1se",5,38,5,TRUE,146
60.5,24.8,35.7,5.2,534.3,0.409917355371901,0.826666666666667,0.548066298342541,0.377473363774734,0.993273792278565,1.93200886686306,"val_1se_localonly",5,38,5,TRUE,NA
21,17.5,3.5,12.5,566.5,0.833333333333333,0.583333333333333,0.686274509803922,0.522388059701492,1.04044184377267,1.99960941221715,"val_1se_local_thresh",5,38,5,TRUE,NA
22,22,0,8,570,1,0.733333333333333,0.846153846153846,0.733333333333333,0.90729415874472,1.78641324108738,"val_1se_thresh",5,38,5,TRUE,22
138,30,108,0,462,0.217391304347826,1,0.357142857142857,0.217391304347826,0.826339021644486,1.61568321827647,"BIC_corrected",5,38,4,TRUE,138
67.6,26.5,41.1,3.5,528.9,0.392011834319527,0.883333333333333,0.543032786885246,0.372714486638537,0.935060485452134,1.84356673126618,"BIC_corrected_localonly",5,38,4,TRUE,NA
23.6,20.9,2.7,9.1,567.3,0.885593220338983,0.696666666666667,0.779850746268657,0.63914373088685,0.952124356626384,1.87762124975753,"BIC_corrected_local_thresh",5,38,4,TRUE,NA
24,24,0,6,570,1,0.8,0.888888888888889,0.8,0.842731027066959,1.67664772528016,"BIC_corrected_thresh",5,38,4,TRUE,24
48,27,21,3,549,0.5625,0.9,0.692307692307692,0.529411764705882,1.14131400338723,2.20046194809426,"path_best_F1",5,38,3,TRUE,48
325,30,295,0,275,0.0923076923076923,1,0.169014084507042,0.0923076923076923,0.648215128521861,1.62672303618043,"val_mse",5,39,8,TRUE,325
127.8,27.9,99.9,2.1,470.1,0.21830985915493,0.93,0.35361216730038,0.214780600461894,0.90965546505626,2.09256964034597,"val_mse_localonly",5,39,8,TRUE,NA
30.2,23.7,6.5,6.3,563.5,0.78476821192053,0.79,0.787375415282392,0.649315068493151,0.871086700775007,2.08350393947786,"val_mse_local_thresh",5,39,8,TRUE,NA
105,30,75,0,495,0.285714285714286,1,0.444444444444444,0.285714285714286,0.976681946215921,2.08114363233308,"val_1se",5,39,4,TRUE,105
49.6,24.8,24.8,5.2,545.2,0.5,0.826666666666667,0.623115577889447,0.452554744525548,1.05844647958837,2.28141856872391,"val_1se_localonly",5,39,4,TRUE,NA
18.8,17.4,1.4,12.6,568.6,0.925531914893617,0.58,0.713114754098361,0.554140127388535,1.11607063117603,2.3814395204894,"val_1se_local_thresh",5,39,4,TRUE,NA
24,24,0,6,570,1,0.8,0.888888888888889,0.8,0.994601278126626,2.09224796005941,"val_1se_thresh",5,39,4,TRUE,24
107,30,77,0,493,0.280373831775701,1,0.437956204379562,0.280373831775701,0.927501771744698,1.99211292893228,"BIC_corrected",5,39,4,TRUE,107
51.7,24.2,27.5,5.8,542.5,0.468085106382979,0.806666666666667,0.592411260709914,0.420869565217391,1.03172422178973,2.27857712516214,"BIC_corrected_localonly",5,39,4,TRUE,NA
21.3,17.8,3.5,12.2,566.5,0.835680751173709,0.593333333333333,0.693957115009747,0.53134328358209,1.08756780860382,2.3874512076726,"BIC_corrected_local_thresh",5,39,4,TRUE,NA
25,25,0,5,570,1,0.833333333333333,0.909090909090909,0.833333333333333,0.947738346540422,2.00021084853244,"BIC_corrected_thresh",5,39,4,TRUE,25
57,28,29,2,541,0.491228070175439,0.933333333333333,0.64367816091954,0.474576271186441,1.19448899554575,2.46320603370927,"path_best_F1",5,39,3,TRUE,57
314,30,284,0,286,0.0955414012738854,1,0.174418604651163,0.0955414012738854,0.628371578711591,1.10088657124422,"val_mse",5,40,7,TRUE,314
123.6,28.4,95.2,1.6,474.8,0.229773462783172,0.946666666666667,0.369791666666667,0.226837060702875,0.867537304031472,1.4693171928464,"val_mse_localonly",5,40,7,TRUE,NA
38,24,14,6,556,0.631578947368421,0.8,0.705882352941177,0.545454545454545,0.86630551293511,1.49587200353223,"val_mse_local_thresh",5,40,7,TRUE,NA
117,30,87,0,483,0.256410256410256,1,0.408163265306122,0.256410256410256,0.901435214019591,1.46189162465501,"val_1se",5,40,4,TRUE,117
57.5,25.8,31.7,4.2,538.3,0.448695652173913,0.86,0.589714285714286,0.418152350081037,0.987354587496768,1.65880102318468,"val_1se_localonly",5,40,4,TRUE,NA
22.6,20.2,2.4,9.8,567.6,0.893805309734513,0.673333333333333,0.768060836501901,0.623456790123457,1.033659096089,1.77920374929093,"val_1se_local_thresh",5,40,4,TRUE,NA
31,29,2,1,568,0.935483870967742,0.966666666666667,0.950819672131147,0.90625,0.898634078310015,1.50286171757423,"val_1se_thresh",5,40,4,TRUE,31
139,30,109,0,461,0.215827338129496,1,0.355029585798817,0.215827338129496,0.820730477294135,1.32414457455753,"BIC_corrected",5,40,4,TRUE,139
70.4,27.1,43.3,2.9,526.7,0.384943181818182,0.903333333333333,0.539840637450199,0.369713506139154,0.922044258048609,1.54651876635148,"BIC_corrected_localonly",5,40,4,TRUE,NA
26,21.9,4.1,8.1,565.9,0.842307692307692,0.73,0.782142857142857,0.642228739002933,0.949587410901547,1.6191049939961,"BIC_corrected_local_thresh",5,40,4,TRUE,NA
31,29,2,1,568,0.935483870967742,0.966666666666667,0.950819672131147,0.90625,0.815046744839162,1.36089472287912,"BIC_corrected_thresh",5,40,4,TRUE,31
67,30,37,0,533,0.447761194029851,1,0.618556701030928,0.447761194029851,1.15105167613152,1.96906477905489,"path_best_F1",5,40,3,TRUE,67
227,30,197,0,373,0.13215859030837,1,0.233463035019455,0.13215859030837,0.77196779816811,1.7360484053111,"val_mse",5,41,5,TRUE,227
97.4,26.9,70.5,3.1,499.5,0.276180698151951,0.896666666666667,0.422291993720565,0.267661691542289,0.949052242653929,2.0974148948303,"val_mse_localonly",5,41,5,TRUE,NA
29.5,21.6,7.9,8.4,562.1,0.732203389830508,0.72,0.726050420168067,0.569920844327177,0.951565622198129,2.07248496779158,"val_mse_local_thresh",5,41,5,TRUE,NA
113,29,84,1,486,0.256637168141593,0.966666666666667,0.405594405594406,0.254385964912281,0.967348505983711,2.04189752342675,"val_1se",5,41,4,TRUE,113
51.9,24.2,27.7,5.8,542.3,0.466281310211946,0.806666666666667,0.590964590964591,0.419410745233969,1.06372857970599,2.26888316993182,"val_1se_localonly",5,41,4,TRUE,NA
20.4,17.9,2.5,12.1,567.5,0.877450980392157,0.596666666666667,0.71031746031746,0.550769230769231,1.10304633218768,2.3282189205746,"val_1se_local_thresh",5,41,4,TRUE,NA
24,24,0,6,570,1,0.8,0.888888888888889,0.8,0.983179782995177,2.06471350703156,"val_1se_thresh",5,41,4,TRUE,24
119,30,89,0,481,0.252100840336134,1,0.402684563758389,0.252100840336134,0.928819050163143,1.98361412625563,"BIC_corrected",5,41,4,TRUE,119
56.3,24.4,31.9,5.6,538.1,0.433392539964476,0.813333333333333,0.565469293163384,0.394184168012924,1.04147779838888,2.23857726048499,"BIC_corrected_localonly",5,41,4,TRUE,NA
22.5,19.1,3.4,10.9,566.6,0.848888888888889,0.636666666666667,0.727619047619048,0.57185628742515,1.06838105491964,2.26640330975318,"BIC_corrected_local_thresh",5,41,4,TRUE,NA
24,24,0,6,570,1,0.8,0.888888888888889,0.8,0.953258102647566,2.01193154974931,"BIC_corrected_thresh",5,41,4,TRUE,24
62,29,33,1,537,0.467741935483871,0.966666666666667,0.630434782608696,0.46031746031746,1.22257458857113,2.58224559256625,"path_best_F1",5,41,3,TRUE,62
269,30,239,0,331,0.111524163568773,1,0.20066889632107,0.111524163568773,0.709216743724147,1.41657227964135,"val_mse",5,42,6,TRUE,269
136,28.7,107.3,1.3,462.7,0.211029411764706,0.956666666666667,0.34578313253012,0.209031318281136,0.929012790768496,1.82495614985325,"val_mse_localonly",5,42,6,TRUE,NA
30.5,22.7,7.8,7.3,562.2,0.744262295081967,0.756666666666667,0.750413223140496,0.600529100529101,0.918498277163298,1.83757104410572,"val_mse_local_thresh",5,42,6,TRUE,NA
112,30,82,0,488,0.267857142857143,1,0.422535211267606,0.267857142857143,0.929577436017767,1.69757296712995,"val_1se",5,42,4,TRUE,112
57.6,26,31.6,4,538.4,0.451388888888889,0.866666666666667,0.593607305936073,0.422077922077922,1.02978659893984,1.96709269836732,"val_1se_localonly",5,42,4,TRUE,NA
18.8,17.2,1.6,12.8,568.4,0.914893617021276,0.573333333333333,0.704918032786885,0.544303797468354,1.10461949969256,2.10955098615154,"val_1se_local_thresh",5,42,4,TRUE,NA
26,25,1,5,569,0.961538461538462,0.833333333333333,0.892857142857143,0.806451612903226,0.944607241489749,1.72473143320516,"val_1se_thresh",5,42,4,TRUE,26
93,30,63,0,507,0.32258064516129,1,0.48780487804878,0.32258064516129,0.990140766507333,1.7976275378074,"BIC_corrected",5,42,4,TRUE,93
47.9,23.7,24.2,6.3,545.8,0.494780793319415,0.79,0.608472400513479,0.437269372693727,1.08290875886224,2.08051586109465,"BIC_corrected_localonly",5,42,4,TRUE,NA
18.4,16.5,1.9,13.5,568.1,0.896739130434783,0.55,0.681818181818182,0.517241379310345,1.13206507311163,2.15572238914213,"BIC_corrected_local_thresh",5,42,4,TRUE,NA
26,25,1,5,569,0.961538461538462,0.833333333333333,0.892857142857143,0.806451612903226,1.00018817137243,1.81158933682041,"BIC_corrected_thresh",5,42,4,TRUE,26
70,28,42,2,528,0.4,0.933333333333333,0.56,0.388888888888889,1.17515657360901,2.07972887172314,"path_best_F1",5,42,3,TRUE,70
286,30,256,0,314,0.104895104895105,1,0.189873417721519,0.104895104895105,0.659130191311117,1.58538737896294,"val_mse",5,43,7,TRUE,286
120.8,27.1,93.7,2.9,476.3,0.224337748344371,0.903333333333333,0.359416445623342,0.219078415521423,0.884379238857726,2.12565840131125,"val_mse_localonly",5,43,7,TRUE,NA
32.5,23.8,8.7,6.2,561.3,0.732307692307692,0.793333333333333,0.7616,0.614987080103359,0.849903369262405,2.05393176217017,"val_mse_local_thresh",5,43,7,TRUE,NA
110,30,80,0,490,0.272727272727273,1,0.428571428571429,0.272727272727273,0.865838910748779,1.96985255522579,"val_1se",5,43,4,TRUE,110
50.9,25.7,25.2,4.3,544.8,0.504911591355599,0.856666666666667,0.635352286773795,0.465579710144927,0.931186835794879,2.19062198600903,"val_1se_localonly",5,43,4,TRUE,NA
22,19.7,2.3,10.3,567.7,0.895454545454545,0.656666666666667,0.757692307692308,0.609907120743034,0.976790856046966,2.30346417727443,"val_1se_local_thresh",5,43,4,TRUE,NA
23,23,0,7,570,1,0.766666666666667,0.867924528301887,0.766666666666667,0.904129390266819,1.987804100024,"val_1se_thresh",5,43,4,TRUE,23
117,30,87,0,483,0.256410256410256,1,0.408163265306122,0.256410256410256,0.845250157978022,1.93522935381801,"BIC_corrected",5,43,4,TRUE,117
53.5,25.9,27.6,4.1,542.4,0.48411214953271,0.863333333333333,0.620359281437126,0.449652777777778,0.916649538654566,2.16922814060928,"BIC_corrected_localonly",5,43,4,TRUE,NA
22,19.7,2.3,10.3,567.7,0.895454545454545,0.656666666666667,0.757692307692308,0.609907120743034,0.966323949901709,2.28972677590361,"BIC_corrected_local_thresh",5,43,4,TRUE,NA
24,24,0,6,570,1,0.8,0.888888888888889,0.8,0.87575242086429,1.94019538581385,"BIC_corrected_thresh",5,43,4,TRUE,24
93,30,63,0,507,0.32258064516129,1,0.48780487804878,0.32258064516129,0.938294845917896,2.11205314381391,"path_best_F1",5,43,4,TRUE,93
232,30,202,0,368,0.129310344827586,1,0.229007633587786,0.129310344827586,0.632450524724267,1.25696757822805,"val_mse",5,44,6,TRUE,232
105.1,28.9,76.2,1.1,493.8,0.274976213130352,0.963333333333333,0.427831236121392,0.272128060263653,0.779815171236426,1.48851348225673,"val_mse_localonly",5,44,6,TRUE,NA
30,25.6,4.4,4.4,565.6,0.853333333333333,0.853333333333333,0.853333333333333,0.744186046511628,0.75994787169812,1.4571112016875,"val_mse_local_thresh",5,44,6,TRUE,NA
117,30,87,0,483,0.256410256410256,1,0.408163265306122,0.256410256410256,0.829132558274208,1.53757570307488,"val_1se",5,44,4,TRUE,117
56.3,26.5,29.8,3.5,540.2,0.470692717584369,0.883333333333333,0.614136732329085,0.44314381270903,0.899757257161956,1.69042010473217,"val_1se_localonly",5,44,4,TRUE,NA
23.7,22.3,1.4,7.7,568.6,0.940928270042194,0.743333333333333,0.830540037243948,0.710191082802548,0.939648673664399,1.79753804765829,"val_1se_local_thresh",5,44,4,TRUE,NA
29,29,0,1,570,1,0.966666666666667,0.983050847457627,0.966666666666667,0.825795274099632,1.5420979671031,"val_1se_thresh",5,44,4,TRUE,29
101,30,71,0,499,0.297029702970297,1,0.458015267175573,0.297029702970297,0.847668766831739,1.57627340977184,"BIC_corrected",5,44,3,TRUE,101
52.5,26.3,26.2,3.7,543.8,0.500952380952381,0.876666666666667,0.637575757575758,0.46797153024911,0.909011806713523,1.74271004771779,"BIC_corrected_localonly",5,44,3,TRUE,NA
22.1,21.1,1,8.9,569,0.95475113122172,0.703333333333333,0.809980806142035,0.680645161290323,0.956518912652347,1.87886258758991,"BIC_corrected_local_thresh",5,44,3,TRUE,NA
29,29,0,1,570,1,0.966666666666667,0.983050847457627,0.966666666666667,0.845993607734053,1.58305809295722,"BIC_corrected_thresh",5,44,3,TRUE,29
52,30,22,0,548,0.576923076923077,1,0.731707317073171,0.576923076923077,1.21126920141146,2.37784003205311,"path_best_F1",5,44,3,TRUE,52
316,30,286,0,284,0.0949367088607595,1,0.173410404624277,0.0949367088607595,0.670171944128224,1.31792225805985,"val_mse",5,45,7,TRUE,316
146.6,28.5,118.1,1.5,451.9,0.194406548431105,0.95,0.322763306908267,0.192437542201215,0.885699590893142,1.69009207964655,"val_mse_localonly",5,45,7,TRUE,NA
35.3,24.1,11.2,5.9,558.8,0.68271954674221,0.803333333333333,0.738131699846861,0.58495145631068,0.842957586833008,1.61713608787676,"val_mse_local_thresh",5,45,7,TRUE,NA
126,30,96,0,474,0.238095238095238,1,0.384615384615385,0.238095238095238,0.906622139516312,1.62160646745862,"val_1se",5,45,4,TRUE,126
63.7,26.2,37.5,3.8,532.5,0.411302982731554,0.873333333333333,0.55923159018143,0.388148148148148,0.971922492556736,1.77951110924131,"val_1se_localonly",5,45,4,TRUE,NA
22,19.6,2.4,10.4,567.6,0.890909090909091,0.653333333333333,0.753846153846154,0.604938271604938,1.02728115234686,1.93158874779911,"val_1se_local_thresh",5,45,4,TRUE,NA
26,26,0,4,570,1,0.866666666666667,0.928571428571429,0.866666666666667,0.922313124097985,1.65137773550927,"val_1se_thresh",5,45,4,TRUE,26
113,30,83,0,487,0.265486725663717,1,0.41958041958042,0.265486725663717,0.919752371765855,1.62722964161865,"BIC_corrected",5,45,4,TRUE,113
55.4,25.5,29.9,4.5,540.1,0.46028880866426,0.85,0.597189695550351,0.425709515859766,0.986367290595599,1.78200694184895,"BIC_corrected_localonly",5,45,4,TRUE,NA
21.9,20,1.9,10,568.1,0.91324200913242,0.666666666666667,0.770712909441233,0.626959247648903,1.02337508769595,1.91463422473747,"BIC_corrected_local_thresh",5,45,4,TRUE,NA
26,26,0,4,570,1,0.866666666666667,0.928571428571429,0.866666666666667,0.932217074161841,1.67149037358239,"BIC_corrected_thresh",5,45,4,TRUE,26
48,26,22,4,548,0.541666666666667,0.866666666666667,0.666666666666667,0.5,1.33951943018882,2.39250730304758,"path_best_F1",5,45,3,TRUE,48
216,29,187,1,383,0.134259259259259,0.966666666666667,0.235772357723577,0.133640552995392,0.639753872949589,1.42150305513262,"val_mse",5,46,6,TRUE,216
92.3,27.5,64.8,2.5,505.2,0.297941495124594,0.916666666666667,0.44971381847915,0.290084388185654,0.795914413125559,1.69698951398351,"val_mse_localonly",5,46,6,TRUE,NA
32.1,24.6,7.5,5.4,562.5,0.766355140186916,0.82,0.792270531400966,0.656,0.778221899456904,1.73557978014467,"val_mse_local_thresh",5,46,6,TRUE,NA
93,30,63,0,507,0.32258064516129,1,0.48780487804878,0.32258064516129,0.823411809269868,1.7504711503024,"val_1se",5,46,4,TRUE,93
48.9,26,22.9,4,547.1,0.531697341513292,0.866666666666667,0.659062103929024,0.491493383742911,0.902010626375515,1.94746145541928,"val_1se_localonly",5,46,4,TRUE,NA
20.2,19.3,0.9,10.7,569.1,0.955445544554456,0.643333333333333,0.768924302788845,0.624595469255663,0.958377104025353,2.0603470161704,"val_1se_local_thresh",5,46,4,TRUE,NA
28,28,0,2,570,1,0.933333333333333,0.96551724137931,0.933333333333333,0.82329599422039,1.76352662405103,"val_1se_thresh",5,46,4,TRUE,28
119,29,90,1,480,0.243697478991597,0.966666666666667,0.389261744966443,0.241666666666667,0.750923390816485,1.61785823945855,"BIC_corrected",5,46,4,TRUE,119
62.2,24.9,37.3,5.1,532.7,0.40032154340836,0.83,0.540130151843818,0.36998514115899,0.854423619822757,1.89156207293303,"BIC_corrected_localonly",5,46,4,TRUE,NA
24.6,22.1,2.5,7.9,567.5,0.898373983739837,0.736666666666667,0.80952380952381,0.68,0.849813188894959,1.90549871074308,"BIC_corrected_local_thresh",5,46,4,TRUE,NA
30,29,1,1,569,0.966666666666667,0.966666666666667,0.966666666666667,0.935483870967742,0.732780059559578,1.60966207936455,"BIC_corrected_thresh",5,46,4,TRUE,30
49,30,19,0,551,0.612244897959184,1,0.759493670886076,0.612244897959184,1.05094351724835,2.20026596236352,"path_best_F1",5,46,3,TRUE,49
286,30,256,0,314,0.104895104895105,1,0.189873417721519,0.104895104895105,0.678808145727131,1.57808831417145,"val_mse",5,47,6,TRUE,286
131.1,28.3,102.8,1.7,467.2,0.215865751334859,0.943333333333333,0.351334574798262,0.213102409638554,0.913253399358386,1.98307026930401,"val_mse_localonly",5,47,6,TRUE,NA
36,23.9,12.1,6.1,557.9,0.663888888888889,0.796666666666667,0.724242424242424,0.567695961995249,0.896403761349052,2.06939593660891,"val_mse_local_thresh",5,47,6,TRUE,NA
139,30,109,0,461,0.215827338129496,1,0.355029585798817,0.215827338129496,0.87748664340897,1.88105918633695,"val_1se",5,47,4,TRUE,139
68.4,24.7,43.7,5.3,526.3,0.361111111111111,0.823333333333333,0.502032520325203,0.335142469470828,0.968756937064799,2.12737668576062,"val_1se_localonly",5,47,4,TRUE,NA
21.5,19.3,2.2,10.7,567.8,0.897674418604651,0.643333333333333,0.749514563106796,0.599378881987578,1.00374032060768,2.22607677041942,"val_1se_local_thresh",5,47,4,TRUE,NA
26,26,0,4,570,1,0.866666666666667,0.928571428571429,0.866666666666667,0.891623386486694,1.90882109516521,"val_1se_thresh",5,47,4,TRUE,26
102,29,73,1,497,0.284313725490196,0.966666666666667,0.439393939393939,0.281553398058252,0.923120939535052,1.93808724725094,"BIC_corrected",5,47,4,TRUE,102
52.2,23.7,28.5,6.3,541.5,0.454022988505747,0.79,0.576642335766423,0.405128205128205,0.999841599972973,2.16286765073396,"BIC_corrected_localonly",5,47,4,TRUE,NA
21.4,19.5,1.9,10.5,568.1,0.911214953271028,0.65,0.75875486381323,0.61128526645768,1.02618992178328,2.22380501019582,"BIC_corrected_local_thresh",5,47,4,TRUE,NA
25,25,0,5,570,1,0.833333333333333,0.909090909090909,0.833333333333333,0.941677173588012,1.9933527198392,"BIC_corrected_thresh",5,47,4,TRUE,25
65,29,36,1,534,0.446153846153846,0.966666666666667,0.610526315789474,0.439393939393939,1.17377420482924,2.48706419136085,"path_best_F1",5,47,3,TRUE,65
197,30,167,0,403,0.152284263959391,1,0.26431718061674,0.152284263959391,0.699886038139617,1.3753087320604,"val_mse",5,48,5,TRUE,197
83.3,25.7,57.6,4.3,512.4,0.308523409363746,0.856666666666667,0.453662842012357,0.29337899543379,0.834125073898643,1.62618360099875,"val_mse_localonly",5,48,5,TRUE,NA
26.6,22.7,3.9,7.3,566.1,0.853383458646617,0.756666666666667,0.802120141342756,0.669616519174041,0.823929440539353,1.56532154191715,"val_mse_local_thresh",5,48,5,TRUE,NA
59,29,30,1,540,0.491525423728814,0.966666666666667,0.651685393258427,0.483333333333333,0.981339377838671,1.76891199876871,"val_1se",5,48,3,TRUE,59
34,22.5,11.5,7.5,558.5,0.661764705882353,0.75,0.703125,0.542168674698795,1.02625325332572,1.91911748809469,"val_1se_localonly",5,48,3,TRUE,NA
18.1,17.8,0.3,12.2,569.7,0.983425414364641,0.593333333333333,0.74012474012474,0.587458745874587,1.05625673830177,1.98898714884256,"val_1se_local_thresh",5,48,3,TRUE,NA
23,23,0,7,570,1,0.766666666666667,0.867924528301887,0.766666666666667,1.00334793012757,1.85035005229316,"val_1se_thresh",5,48,3,TRUE,23
97,29,68,1,502,0.298969072164948,0.966666666666667,0.456692913385827,0.295918367346939,0.810465564606804,1.49600405168179,"BIC_corrected",5,48,3,TRUE,97
53.5,24.6,28.9,5.4,541.1,0.45981308411215,0.82,0.589221556886228,0.417657045840408,0.878535437012884,1.6698291612047,"BIC_corrected_localonly",5,48,3,TRUE,NA
21.3,20.7,0.6,9.3,569.4,0.971830985915493,0.69,0.807017543859649,0.676470588235294,0.89592150866,1.68581644676917,"BIC_corrected_local_thresh",5,48,3,TRUE,NA
25,25,0,5,570,1,0.833333333333333,0.909090909090909,0.833333333333333,0.827153735509377,1.50789690294532,"BIC_corrected_thresh",5,48,3,TRUE,25
51,28,23,2,547,0.549019607843137,0.933333333333333,0.691358024691358,0.528301886792453,1.05240896891948,1.92821215787037,"path_best_F1",5,48,3,TRUE,51
248,30,218,0,352,0.120967741935484,1,0.215827338129496,0.120967741935484,0.664294468007478,1.38668453635263,"val_mse",5,49,6,TRUE,248
112.5,27.8,84.7,2.2,485.3,0.247111111111111,0.926666666666667,0.390175438596491,0.242371403661726,0.874332107993848,1.72165202251823,"val_mse_localonly",5,49,6,TRUE,NA
31.5,23.3,8.2,6.7,561.8,0.73968253968254,0.776666666666667,0.757723577235772,0.609947643979058,0.866560846421799,1.71607892923046,"val_mse_local_thresh",5,49,6,TRUE,NA
128,30,98,0,472,0.234375,1,0.379746835443038,0.234375,0.887476916166262,1.69312843086839,"val_1se",5,49,4,TRUE,128
58.7,25.7,33,4.3,537,0.437819420783646,0.856666666666667,0.579481397970688,0.407936507936508,0.988237857169884,1.90493002321212,"val_1se_localonly",5,49,4,TRUE,NA
19.2,18.8,0.4,11.2,569.6,0.979166666666667,0.626666666666667,0.764227642276423,0.618421052631579,1.04294289746096,1.98720708047303,"val_1se_local_thresh",5,49,4,TRUE,NA
27,27,0,3,570,1,0.9,0.947368421052632,0.9,0.901126632014597,1.68991637076584,"val_1se_thresh",5,49,4,TRUE,27
83,30,53,0,517,0.36144578313253,1,0.530973451327434,0.36144578313253,0.980399007216515,1.82378002814088,"BIC_corrected",5,49,3,TRUE,83
42.7,21.4,21.3,8.6,548.7,0.501170960187354,0.713333333333333,0.588720770288858,0.417153996101364,1.0630958837631,2.05859014025456,"BIC_corrected_localonly",5,49,3,TRUE,NA
17.5,17.5,0,12.5,570,1,0.583333333333333,0.736842105263158,0.583333333333333,1.09294841718202,2.11141829690707,"BIC_corrected_local_thresh",5,49,3,TRUE,NA
24,24,0,6,570,1,0.8,0.888888888888889,0.8,1.01572669864226,1.8758704757731,"BIC_corrected_thresh",5,49,3,TRUE,24
55,30,25,0,545,0.545454545454545,1,0.705882352941177,0.545454545454545,1.16527439356489,2.19853413063228,"path_best_F1",5,49,3,TRUE,55
186,30,156,0,414,0.161290322580645,1,0.277777777777778,0.161290322580645,0.766422567180198,1.69831954478497,"val_mse",5,50,5,TRUE,186
82.5,27.1,55.4,2.9,514.6,0.328484848484848,0.903333333333333,0.481777777777778,0.317330210772834,0.889594129529545,1.97586275639887,"val_mse_localonly",5,50,5,TRUE,NA
26.9,21.5,5.4,8.5,564.6,0.799256505576208,0.716666666666667,0.755711775043937,0.607344632768362,0.933039910692427,2.02919325997197,"val_mse_local_thresh",5,50,5,TRUE,NA
50,28,22,2,548,0.56,0.933333333333333,0.7,0.538461538461538,1.11999446805301,2.4201768884793,"val_1se",5,50,3,TRUE,50
29,20.4,8.6,9.6,561.4,0.703448275862069,0.68,0.691525423728814,0.528497409326425,1.16362171889601,2.62765721913622,"val_1se_localonly",5,50,3,TRUE,NA
14.9,13.7,1.2,16.3,568.8,0.919463087248322,0.456666666666667,0.610244988864143,0.439102564102564,1.22828766880143,2.8155478681577,"val_1se_local_thresh",5,50,3,TRUE,NA
22,22,0,8,570,1,0.733333333333333,0.846153846153846,0.733333333333333,1.14819685451308,2.4756047273933,"val_1se_thresh",5,50,3,TRUE,22
84,30,54,0,516,0.357142857142857,1,0.526315789473684,0.357142857142857,0.937596187270605,1.99566728048162,"BIC_corrected",5,50,3,TRUE,84
46,25.3,20.7,4.7,549.3,0.55,0.843333333333333,0.665789473684211,0.499013806706114,1.00101062214106,2.1980221700755,"BIC_corrected_localonly",5,50,3,TRUE,NA
21.4,18.8,2.6,11.2,567.4,0.878504672897196,0.626666666666667,0.731517509727626,0.576687116564417,1.04676186439596,2.27705967187154,"BIC_corrected_local_thresh",5,50,3,TRUE,NA
25,25,0,5,570,1,0.833333333333333,0.909090909090909,0.833333333333333,0.960623379883609,1.99763871327561,"BIC_corrected_thresh",5,50,3,TRUE,25
51,29,22,1,548,0.568627450980392,0.966666666666667,0.716049382716049,0.557692307692308,1.12580407764245,2.4356380348559,"path_best_F1",5,50,3,TRUE,51
175,30,145,0,425,0.171428571428571,1,0.292682926829268,0.171428571428571,0.776047696363203,1.47875895582584,"val_mse",5,51,5,TRUE,175
80.7,25.9,54.8,4.1,515.2,0.32094175960347,0.863333333333333,0.467931345980126,0.305424528301887,0.911644200162281,1.77238341275378,"val_mse_localonly",5,51,5,TRUE,NA
27.6,23,4.6,7,565.4,0.833333333333333,0.766666666666667,0.798611111111111,0.664739884393064,0.909484844903382,1.81442796788324,"val_mse_local_thresh",5,51,5,TRUE,NA
65,30,35,0,535,0.461538461538462,1,0.631578947368421,0.461538461538462,1.00359500632191,1.88068079849911,"val_1se",5,51,3,TRUE,65
35.8,22.5,13.3,7.5,556.7,0.628491620111732,0.75,0.683890577507599,0.519630484988453,1.06807880437024,2.06982384892462,"val_1se_localonly",5,51,3,TRUE,NA
18.8,17.9,0.9,12.1,569.1,0.952127659574468,0.596666666666667,0.733606557377049,0.579288025889968,1.11359532346551,2.16095377596097,"val_1se_local_thresh",5,51,3,TRUE,NA
21,21,0,9,570,1,0.7,0.823529411764706,0.7,1.05185155914857,1.98959930179891,"val_1se_thresh",5,51,3,TRUE,21
79,30,49,0,521,0.379746835443038,1,0.55045871559633,0.379746835443038,0.930643476128929,1.74173084188483,"BIC_corrected",5,51,3,TRUE,79
43.5,23.4,20.1,6.6,549.9,0.537931034482759,0.78,0.636734693877551,0.467065868263473,1.00333722127142,1.94967844657939,"BIC_corrected_localonly",5,51,3,TRUE,NA
22.8,21.7,1.1,8.3,568.9,0.951754385964912,0.723333333333333,0.821969696969697,0.697749196141479,1.00412479957526,1.97152236145617,"BIC_corrected_local_thresh",5,51,3,TRUE,NA
23,23,0,7,570,1,0.766666666666667,0.867924528301887,0.766666666666667,0.975598385142714,1.82927357857735,"BIC_corrected_thresh",5,51,3,TRUE,23
62,30,32,0,538,0.483870967741935,1,0.652173913043478,0.483870967741935,1.11518127314548,2.11540950879575,"path_best_F1",5,51,3,TRUE,62
255,30,225,0,345,0.117647058823529,1,0.210526315789474,0.117647058823529,0.73124457945676,1.51374000040571,"val_mse",5,52,7,TRUE,255
110.4,27.4,83,2.6,487,0.248188405797101,0.913333333333333,0.39031339031339,0.242477876106195,0.921265482692975,1.8889907244254,"val_mse_localonly",5,52,7,TRUE,NA
27.8,22.5,5.3,7.5,564.7,0.809352517985611,0.75,0.778546712802768,0.637393767705382,0.920271949012326,1.90565742317884,"val_mse_local_thresh",5,52,7,TRUE,NA
94,30,64,0,506,0.319148936170213,1,0.483870967741935,0.319148936170213,0.936024723413703,1.97187271449689,"val_1se",5,52,3,TRUE,94
45.4,24.4,21,5.6,549,0.537444933920705,0.813333333333333,0.647214854111406,0.47843137254902,1.02475459718194,2.1499454199111,"val_1se_localonly",5,52,3,TRUE,NA
19,17.4,1.6,12.6,568.4,0.91578947368421,0.58,0.710204081632653,0.550632911392405,1.10194756973424,2.35249273493341,"val_1se_local_thresh",5,52,3,TRUE,NA
23,23,0,7,570,1,0.766666666666667,0.867924528301887,0.766666666666667,0.967865670145455,2.04653341043618,"val_1se_thresh",5,52,3,TRUE,23
82,30,52,0,518,0.365853658536585,1,0.535714285714286,0.365853658536585,0.974498547950892,2.04921353349576,"BIC_corrected",5,52,3,TRUE,82
42.4,22.8,19.6,7.2,550.4,0.537735849056604,0.76,0.629834254143646,0.459677419354839,1.05685723849598,2.24673361772243,"BIC_corrected_localonly",5,52,3,TRUE,NA
18.3,17.1,1.2,12.9,568.8,0.934426229508197,0.57,0.708074534161491,0.548076923076923,1.1146526744433,2.43544595049834,"BIC_corrected_local_thresh",5,52,3,TRUE,NA
23,23,0,7,570,1,0.766666666666667,0.867924528301887,0.766666666666667,0.999784304878571,2.12133004765417,"BIC_corrected_thresh",5,52,3,TRUE,23
54,27,27,3,543,0.5,0.9,0.642857142857143,0.473684210526316,1.09550757867146,2.37081929237673,"path_best_F1",5,52,3,TRUE,54
245,30,215,0,355,0.122448979591837,1,0.218181818181818,0.122448979591837,0.75215100051037,1.59993349984236,"val_mse",5,53,5,TRUE,245
109.5,26.7,82.8,3.3,487.2,0.243835616438356,0.89,0.382795698924731,0.236702127659574,0.893767929464507,1.88163818020261,"val_mse_localonly",5,53,5,TRUE,NA
28.4,22.8,5.6,7.2,564.4,0.802816901408451,0.76,0.780821917808219,0.640449438202247,0.884718287563881,1.89675208065844,"val_mse_local_thresh",5,53,5,TRUE,NA
80,29,51,1,519,0.3625,0.966666666666667,0.527272727272727,0.358024691358025,1.01099323870534,2.15644463101701,"val_1se",5,53,3,TRUE,80
39.4,24.7,14.7,5.3,555.3,0.626903553299492,0.823333333333333,0.711815561959654,0.552572706935123,1.06097884346242,2.28777379318834,"val_1se_localonly",5,53,3,TRUE,NA
19.5,18.7,0.8,11.3,569.2,0.958974358974359,0.623333333333333,0.755555555555556,0.607142857142857,1.11140521029605,2.41356315794019,"val_1se_local_thresh",5,53,3,TRUE,NA
25,25,0,5,570,1,0.833333333333333,0.909090909090909,0.833333333333333,1.02189300074896,2.18248997225825,"val_1se_thresh",5,53,3,TRUE,25
57,29,28,1,542,0.508771929824561,0.966666666666667,0.666666666666667,0.5,1.06560127929614,2.28151782480766,"BIC_corrected",5,53,3,TRUE,57
33.1,22.1,11,7.9,559,0.667673716012085,0.736666666666667,0.700475435816165,0.539024390243902,1.10694353868707,2.44716312407057,"BIC_corrected_localonly",5,53,3,TRUE,NA
17.5,16.9,0.6,13.1,569.4,0.965714285714286,0.563333333333333,0.711578947368421,0.552287581699346,1.15031282882297,2.58067340862585,"BIC_corrected_local_thresh",5,53,3,TRUE,NA
25,25,0,5,570,1,0.833333333333333,0.909090909090909,0.833333333333333,1.07487079933131,2.29094085587196,"BIC_corrected_thresh",5,53,3,TRUE,25
65,29,36,1,534,0.446153846153846,0.966666666666667,0.610526315789474,0.439393939393939,1.15409239496296,2.50129088817549,"path_best_F1",5,53,3,TRUE,65
310,30,280,0,290,0.0967741935483871,1,0.176470588235294,0.0967741935483871,0.691408041896977,1.37417222417917,"val_mse",5,54,7,TRUE,310
159,28.4,130.6,1.6,439.4,0.178616352201258,0.946666666666667,0.300529100529101,0.176836861768369,0.922530071260153,1.79343766026337,"val_mse_localonly",5,54,7,TRUE,NA
35.7,22.2,13.5,7.8,556.5,0.621848739495798,0.74,0.675799086757991,0.510344827586207,0.893808518255649,1.80958912446871,"val_mse_local_thresh",5,54,7,TRUE,NA
156,29,127,1,443,0.185897435897436,0.966666666666667,0.311827956989247,0.184713375796178,0.882144518515638,1.67537772413573,"val_1se",5,54,4,TRUE,156
81.6,24.8,56.8,5.2,513.2,0.303921568627451,0.826666666666667,0.444444444444444,0.285714285714286,0.969534078294168,1.94863014420988,"val_1se_localonly",5,54,4,TRUE,NA
21.3,19,2.3,11,567.7,0.892018779342723,0.633333333333333,0.740740740740741,0.588235294117647,0.986998786043414,2.01944861981013,"val_1se_local_thresh",5,54,4,TRUE,NA
26,26,0,4,570,1,0.866666666666667,0.928571428571429,0.866666666666667,0.885320673923479,1.69622195672611,"val_1se_thresh",5,54,4,TRUE,26
86,28,58,2,512,0.325581395348837,0.933333333333333,0.482758620689655,0.318181818181818,0.994016213662033,1.87413783058241,"BIC_corrected",5,54,3,TRUE,86
48,21.6,26.4,8.4,543.6,0.45,0.72,0.553846153846154,0.382978723404255,1.05106623802836,2.09859728132326,"BIC_corrected_localonly",5,54,3,TRUE,NA
17.9,16.9,1,13.1,569,0.94413407821229,0.563333333333333,0.705636743215031,0.545161290322581,1.08923617140477,2.21334975815318,"BIC_corrected_local_thresh",5,54,3,TRUE,NA
26,26,0,4,570,1,0.866666666666667,0.928571428571429,0.866666666666667,0.99306952792181,1.87508847371051,"BIC_corrected_thresh",5,54,3,TRUE,26
51,27,24,3,546,0.529411764705882,0.9,0.666666666666667,0.5,1.17765061507725,2.21320762315399,"path_best_F1",5,54,3,TRUE,51
206,30,176,0,394,0.145631067961165,1,0.254237288135593,0.145631067961165,0.667530978029235,1.77883207703667,"val_mse",5,55,5,TRUE,206
96.5,26.9,69.6,3.1,500.4,0.278756476683938,0.896666666666667,0.425296442687747,0.270080321285141,0.794004751642935,2.02114218492503,"val_mse_localonly",5,55,5,TRUE,NA
25.8,22.8,3,7.2,567,0.883720930232558,0.76,0.817204301075269,0.690909090909091,0.8033674655544,2.02203100658006,"val_mse_local_thresh",5,55,5,TRUE,NA
103,30,73,0,497,0.29126213592233,1,0.451127819548872,0.29126213592233,0.853031034871438,2.07746073348736,"val_1se",5,55,4,TRUE,103
50.1,25.9,24.2,4.1,545.8,0.516966067864271,0.863333333333333,0.64669163545568,0.477859778597786,0.91547752915181,2.22711518802052,"val_1se_localonly",5,55,4,TRUE,NA
21.2,20.3,0.9,9.7,569.1,0.957547169811321,0.676666666666667,0.79296875,0.656957928802589,0.953584068277131,2.29074912411244,"val_1se_local_thresh",5,55,4,TRUE,NA
24,24,0,6,570,1,0.8,0.888888888888889,0.8,0.885035391733032,2.11281410480064,"val_1se_thresh",5,55,4,TRUE,24
94,30,64,0,506,0.319148936170213,1,0.483870967741935,0.319148936170213,0.838425461372893,2.04718500096919,"BIC_corrected",5,55,4,TRUE,94
47.2,25.5,21.7,4.5,548.3,0.540254237288136,0.85,0.660621761658031,0.493230174081238,0.902542160371047,2.19794002333171,"BIC_corrected_localonly",5,55,4,TRUE,NA
22,20.7,1.3,9.3,568.7,0.940909090909091,0.69,0.796153846153846,0.661341853035144,0.941428120805912,2.24985573565063,"BIC_corrected_local_thresh",5,55,4,TRUE,NA
25,25,0,5,570,1,0.833333333333333,0.909090909090909,0.833333333333333,0.866880556583891,2.10286960444056,"BIC_corrected_thresh",5,55,4,TRUE,25
49,27,22,3,548,0.551020408163265,0.9,0.683544303797468,0.519230769230769,1.13903557185271,2.68123798820259,"path_best_F1",5,55,3,TRUE,49
303,30,273,0,297,0.099009900990099,1,0.18018018018018,0.099009900990099,0.641376533417525,1.66772269339059,"val_mse",5,56,8,TRUE,303
130.2,29,101.2,1,468.8,0.22273425499232,0.966666666666667,0.362047440699126,0.221036585365854,0.84988609319561,2.05152692278541,"val_mse_localonly",5,56,8,TRUE,NA
33.8,24.8,9,5.2,561,0.733727810650888,0.826666666666667,0.777429467084639,0.635897435897436,0.837081144608937,2.02136783477566,"val_mse_local_thresh",5,56,8,TRUE,NA
121,30,91,0,479,0.247933884297521,1,0.397350993377483,0.247933884297521,0.841173936138416,1.87474123473984,"val_1se",5,56,4,TRUE,121
56.9,27.6,29.3,2.4,540.7,0.48506151142355,0.92,0.635212888377445,0.465430016863406,0.917933754780629,2.01864598947168,"val_1se_localonly",5,56,4,TRUE,NA
21.3,20.4,0.9,9.6,569.1,0.957746478873239,0.68,0.795321637426901,0.660194174757282,0.983891437838357,2.13170640025321,"val_1se_local_thresh",5,56,4,TRUE,NA
25,25,0,5,570,1,0.833333333333333,0.909090909090909,0.833333333333333,0.864726868398606,1.87083724577938,"val_1se_thresh",5,56,4,TRUE,25
76,30,46,0,524,0.394736842105263,1,0.566037735849057,0.394736842105263,0.938574739042959,1.99419456618437,"BIC_corrected",5,56,3,TRUE,76
42.6,23.9,18.7,6.1,551.3,0.561032863849765,0.796666666666667,0.658402203856749,0.490759753593429,1.00157788246276,2.15551861593936,"BIC_corrected_localonly",5,56,3,TRUE,NA
19.2,18.4,0.8,11.6,569.2,0.958333333333333,0.613333333333333,0.747967479674797,0.597402597402597,1.05184138687302,2.23169867605459,"BIC_corrected_local_thresh",5,56,3,TRUE,NA
26,26,0,4,570,1,0.866666666666667,0.928571428571429,0.866666666666667,0.940664296472502,1.97418644410944,"BIC_corrected_thresh",5,56,3,TRUE,26
34,26,8,4,562,0.764705882352941,0.866666666666667,0.8125,0.684210526315789,1.1744485859483,2.44516609038899,"path_best_F1",5,56,3,TRUE,34
323,30,293,0,277,0.0928792569659443,1,0.169971671388102,0.0928792569659443,0.688942779417572,1.32631502782371,"val_mse",5,57,7,TRUE,323
118.9,28,90.9,2,479.1,0.235492010092515,0.933333333333333,0.376091336467428,0.231596360628619,0.896795955835909,1.69299135944613,"val_mse_localonly",5,57,7,TRUE,NA
26.3,21.3,5,8.7,565,0.809885931558935,0.71,0.756660746003552,0.608571428571429,0.926098489829838,1.71231603305014,"val_mse_local_thresh",5,57,7,TRUE,NA
89,30,59,0,511,0.337078651685393,1,0.504201680672269,0.337078651685393,1.05585954221614,1.74115995507128,"val_1se",5,57,3,TRUE,89
46.5,21.6,24.9,8.4,545.1,0.464516129032258,0.72,0.564705882352941,0.39344262295082,1.10593898897628,1.92681801712102,"val_1se_localonly",5,57,3,TRUE,NA
17.9,17.3,0.6,12.7,569.4,0.966480446927374,0.576666666666667,0.722338204592902,0.565359477124183,1.12480170774864,1.94526785125118,"val_1se_local_thresh",5,57,3,TRUE,NA
24,24,0,6,570,1,0.8,0.888888888888889,0.8,1.07512826784338,1.77607157769208,"val_1se_thresh",5,57,3,TRUE,24
111,30,81,0,489,0.27027027027027,1,0.425531914893617,0.27027027027027,0.947217391605311,1.59503899611874,"BIC_corrected",5,57,3,TRUE,111
58.9,23.8,35.1,6.2,534.9,0.404074702886248,0.793333333333333,0.535433070866142,0.365591397849462,1.00865189860962,1.78253395279837,"BIC_corrected_localonly",5,57,3,TRUE,NA
20.6,18.8,1.8,11.2,568.2,0.912621359223301,0.626666666666667,0.743083003952569,0.591194968553459,1.03763413728754,1.83090178552055,"BIC_corrected_local_thresh",5,57,3,TRUE,NA
27,27,0,3,570,1,0.9,0.947368421052632,0.9,0.952995803977646,1.6161959605471,"BIC_corrected_thresh",5,57,3,TRUE,27
56,28,28,2,542,0.5,0.933333333333333,0.651162790697674,0.482758620689655,1.26292204634668,2.10904984736554,"path_best_F1",5,57,3,TRUE,56
476,30,446,0,124,0.0630252100840336,1,0.118577075098814,0.0630252100840336,0.534462823464018,1.33823035553595,"val_mse",5,58,11,TRUE,476
163,28.6,134.4,1.4,435.6,0.175460122699387,0.953333333333333,0.296373056994819,0.173965936739659,0.916180125508033,1.94205904625023,"val_mse_localonly",5,58,11,TRUE,NA
49,26,23,4,547,0.530612244897959,0.866666666666667,0.658227848101266,0.490566037735849,0.876888142904446,1.90185087120027,"val_mse_local_thresh",5,58,11,TRUE,NA
98,30,68,0,502,0.306122448979592,1,0.46875,0.306122448979592,0.888621221120814,1.95389378653793,"val_1se",5,58,4,TRUE,98
51.8,23.4,28.4,6.6,541.6,0.451737451737452,0.78,0.572127139364303,0.400684931506849,0.975603735728072,2.26497030045692,"val_1se_localonly",5,58,4,TRUE,NA
21.3,19.3,2,10.7,568,0.906103286384977,0.643333333333333,0.752436647173489,0.603125,0.999855995730694,2.3140046154842,"val_1se_local_thresh",5,58,4,TRUE,NA
30,29,1,1,569,0.966666666666667,0.966666666666667,0.966666666666667,0.935483870967742,0.88766966602817,1.98684236314153,"val_1se_thresh",5,58,4,TRUE,30
113,30,83,0,487,0.265486725663717,1,0.41958041958042,0.265486725663717,0.833745269172317,1.85945243611373,"BIC_corrected",5,58,4,TRUE,113
58.6,25.5,33.1,4.5,536.9,0.435153583617747,0.85,0.575620767494357,0.404120443740095,0.937506628709607,2.1396238364892,"BIC_corrected_localonly",5,58,4,TRUE,NA
23.3,20.4,2.9,9.6,567.1,0.875536480686695,0.68,0.765478424015009,0.620060790273556,0.97195900422632,2.2387077683206,"BIC_corrected_local_thresh",5,58,4,TRUE,NA
30,29,1,1,569,0.966666666666667,0.966666666666667,0.966666666666667,0.935483870967742,0.828524800761525,1.87512665089542,"BIC_corrected_thresh",5,58,4,TRUE,30
44,27,17,3,553,0.613636363636364,0.9,0.72972972972973,0.574468085106383,1.2287425973622,2.76930153162168,"path_best_F1",5,58,3,TRUE,44
262,30,232,0,338,0.114503816793893,1,0.205479452054795,0.114503816793893,0.742299276625297,1.39604305266811,"val_mse",5,59,6,TRUE,262
113.9,27,86.9,3,483.1,0.237050043898156,0.9,0.375260597637248,0.230966638152267,0.907059618905012,1.79235711678848,"val_mse_localonly",5,59,6,TRUE,NA
30.8,22.3,8.5,7.7,561.5,0.724025974025974,0.743333333333333,0.733552631578947,0.579220779220779,0.91769677422227,1.87751767954973,"val_mse_local_thresh",5,59,6,TRUE,NA
90,30,60,0,510,0.333333333333333,1,0.5,0.333333333333333,0.985062029874374,1.84388038509424,"val_1se",5,59,3,TRUE,90
43.6,23.8,19.8,6.2,550.2,0.545871559633027,0.793333333333333,0.646739130434783,0.477911646586345,1.04926836160376,2.0773012142576,"val_1se_localonly",5,59,3,TRUE,NA
19.2,17.6,1.6,12.4,568.4,0.916666666666667,0.586666666666667,0.715447154471545,0.556962025316456,1.09586064558042,2.14983018951953,"val_1se_local_thresh",5,59,3,TRUE,NA
23,23,0,7,570,1,0.766666666666667,0.867924528301887,0.766666666666667,1.03418201345949,1.92312101120674,"val_1se_thresh",5,59,3,TRUE,23
87,30,57,0,513,0.344827586206897,1,0.512820512820513,0.344827586206897,0.974695825734289,1.82628064245563,"BIC_corrected",5,59,4,TRUE,87
41.6,23.6,18,6.4,552,0.567307692307692,0.786666666666667,0.659217877094972,0.491666666666667,1.03420862746196,2.04211253861295,"BIC_corrected_localonly",5,59,4,TRUE,NA
20.4,18.5,1.9,11.5,568.1,0.906862745098039,0.616666666666667,0.734126984126984,0.579937304075235,1.08263839389728,2.11414531357244,"BIC_corrected_local_thresh",5,59,4,TRUE,NA
24,24,0,6,570,1,0.8,0.888888888888889,0.8,1.01171347970044,1.90080950292765,"BIC_corrected_thresh",5,59,4,TRUE,24
60,29,31,1,539,0.483333333333333,0.966666666666667,0.644444444444444,0.475409836065574,1.16014771432671,2.22622298195692,"path_best_F1",5,59,3,TRUE,60
240,30,210,0,360,0.125,1,0.222222222222222,0.125,0.687236862832652,1.33924169771043,"val_mse",5,60,5,TRUE,240
114.8,27.8,87,2.2,483,0.242160278745645,0.926666666666667,0.383977900552486,0.237606837606838,0.828957391005458,1.57152929686163,"val_mse_localonly",5,60,5,TRUE,NA
28.2,23.1,5.1,6.9,564.9,0.819148936170213,0.77,0.793814432989691,0.658119658119658,0.828427324556121,1.64861166978315,"val_mse_local_thresh",5,60,5,TRUE,NA
105,30,75,0,495,0.285714285714286,1,0.444444444444444,0.285714285714286,0.879992324390285,1.62287915352423,"val_1se",5,60,4,TRUE,105
53.6,25.6,28,4.4,542,0.477611940298507,0.853333333333333,0.61244019138756,0.441379310344828,0.945801442730989,1.77468820176748,"val_1se_localonly",5,60,4,TRUE,NA
21.7,20.2,1.5,9.8,568.5,0.930875576036866,0.673333333333333,0.781431334622824,0.641269841269841,0.983662894691695,1.85009034618933,"val_1se_local_thresh",5,60,4,TRUE,NA
27,25,2,5,568,0.925925925925926,0.833333333333333,0.87719298245614,0.78125,0.905352971776095,1.66258339549543,"val_1se_thresh",5,60,4,TRUE,27
90,30,60,0,510,0.333333333333333,1,0.5,0.333333333333333,0.905064289545023,1.66114183642838,"BIC_corrected",5,60,4,TRUE,90
45.7,25.1,20.6,4.9,549.4,0.549234135667396,0.836666666666667,0.663143989431968,0.49604743083004,0.967202436122285,1.79924490249052,"BIC_corrected_localonly",5,60,4,TRUE,NA
20.8,19.6,1.2,10.4,568.8,0.942307692307692,0.653333333333333,0.771653543307087,0.628205128205128,1.00969408052592,1.85137092236386,"BIC_corrected_local_thresh",5,60,4,TRUE,NA
25,25,0,5,570,1,0.833333333333333,0.909090909090909,0.833333333333333,0.923411766127571,1.69000377103101,"BIC_corrected_thresh",5,60,4,TRUE,25
45,29,16,1,554,0.644444444444444,0.966666666666667,0.773333333333333,0.630434782608696,1.17907034881488,2.11358521456885,"path_best_F1",5,60,3,TRUE,45
238,30,208,0,362,0.126050420168067,1,0.223880597014925,0.126050420168067,0.716555115778025,1.46522463911144,"val_mse",5,61,5,TRUE,238
117,26.8,90.2,3.2,479.8,0.229059829059829,0.893333333333333,0.364625850340136,0.222961730449251,0.886649274503163,1.81709364902603,"val_mse_localonly",5,61,5,TRUE,NA
27.6,22,5.6,8,564.4,0.797101449275362,0.733333333333333,0.763888888888889,0.617977528089888,0.878744345922125,1.86831595341599,"val_mse_local_thresh",5,61,5,TRUE,NA
72,29,43,1,527,0.402777777777778,0.966666666666667,0.568627450980392,0.397260273972603,1.00314748294549,2.05374355394524,"val_1se",5,61,3,TRUE,72
39.6,23.5,16.1,6.5,553.9,0.593434343434343,0.783333333333333,0.675287356321839,0.509761388286334,1.0716230799964,2.24412448826051,"val_1se_localonly",5,61,3,TRUE,NA
19.1,17.9,1.2,12.1,568.8,0.93717277486911,0.596666666666667,0.729124236252546,0.573717948717949,1.11843417562855,2.33852422397485,"val_1se_local_thresh",5,61,3,TRUE,NA
26,26,0,4,570,1,0.866666666666667,0.928571428571429,0.866666666666667,1.01636631701242,2.05381062529183,"val_1se_thresh",5,61,3,TRUE,26
109,29,80,1,490,0.26605504587156,0.966666666666667,0.41726618705036,0.263636363636364,0.876671397603155,1.78394477763979,"BIC_corrected",5,61,3,TRUE,109
53.1,24.3,28.8,5.7,541.2,0.457627118644068,0.81,0.584837545126354,0.413265306122449,0.973400378644217,2.01780143795041,"BIC_corrected_localonly",5,61,3,TRUE,NA
22.2,20.6,1.6,9.4,568.4,0.927927927927928,0.686666666666667,0.789272030651341,0.651898734177215,0.99896806124093,2.07896085635567,"BIC_corrected_local_thresh",5,61,3,TRUE,NA
27,27,0,3,570,1,0.9,0.947368421052632,0.9,0.877373350247371,1.77234732656051,"BIC_corrected_thresh",5,61,3,TRUE,27
44,27,17,3,553,0.613636363636364,0.9,0.72972972972973,0.574468085106383,1.25257028930039,2.69902838017016,"path_best_F1",5,61,3,TRUE,44
244,30,214,0,356,0.122950819672131,1,0.218978102189781,0.122950819672131,0.805848361280625,1.89817219061401,"val_mse",5,62,7,TRUE,244
103.9,25.5,78.4,4.5,491.6,0.245428296438884,0.85,0.380881254667662,0.235239852398524,0.992383737722383,2.33739075811121,"val_mse_localonly",5,62,7,TRUE,NA
29.9,21.2,8.7,8.8,561.3,0.709030100334448,0.706666666666667,0.707846410684474,0.547803617571059,0.977757722681585,2.40875388856429,"val_mse_local_thresh",5,62,7,TRUE,NA
92,29,63,1,507,0.315217391304348,0.966666666666667,0.475409836065574,0.311827956989247,1.11534814389466,2.63360107334326,"val_1se",5,62,4,TRUE,92
43.6,19.6,24,10.4,546,0.44954128440367,0.653333333333333,0.532608695652174,0.362962962962963,1.16444450610186,2.90486757835991,"val_1se_localonly",5,62,4,TRUE,NA
14.9,13.4,1.5,16.6,568.5,0.899328859060403,0.446666666666667,0.596881959910913,0.425396825396825,1.21061265706699,3.03017935746311,"val_1se_local_thresh",5,62,4,TRUE,NA
23,23,0,7,570,1,0.766666666666667,0.867924528301887,0.766666666666667,1.12829793602232,2.71329127836644,"val_1se_thresh",5,62,4,TRUE,23
109,30,79,0,491,0.275229357798165,1,0.431654676258993,0.275229357798165,1.00874912510033,2.35720999604443,"BIC_corrected",5,62,3,TRUE,109
56,22.7,33.3,7.3,536.7,0.405357142857143,0.756666666666667,0.527906976744186,0.358609794628752,1.06504085880432,2.57880375932265,"BIC_corrected_localonly",5,62,3,TRUE,NA
17.8,16.1,1.7,13.9,568.3,0.904494382022472,0.536666666666667,0.673640167364017,0.50788643533123,1.11716716357487,2.78152993106925,"BIC_corrected_local_thresh",5,62,3,TRUE,NA
24,24,0,6,570,1,0.8,0.888888888888889,0.8,1.02349578840777,2.4669452722377,"BIC_corrected_thresh",5,62,3,TRUE,24
65,26,39,4,531,0.4,0.866666666666667,0.547368421052632,0.376811594202899,1.21958249340086,2.96076453426437,"path_best_F1",5,62,3,TRUE,65
209,30,179,0,391,0.143540669856459,1,0.251046025104602,0.143540669856459,0.645889730913205,1.53988391990698,"val_mse",5,63,5,TRUE,209
98.5,28.1,70.4,1.9,499.6,0.285279187817259,0.936666666666667,0.437354085603113,0.279880478087649,0.788591801205664,1.83207601902582,"val_mse_localonly",5,63,5,TRUE,NA
32.4,25.3,7.1,4.7,562.9,0.780864197530864,0.843333333333333,0.810897435897436,0.681940700808625,0.768026046561555,1.76928309233709,"val_mse_local_thresh",5,63,5,TRUE,NA
87,30,57,0,513,0.344827586206897,1,0.512820512820513,0.344827586206897,0.879105137656072,1.78886281568045,"val_1se",5,63,3,TRUE,87
46.3,25.7,20.6,4.3,549.4,0.555075593952484,0.856666666666667,0.673656618610747,0.507905138339921,0.939693112422408,2.00806393680806,"val_1se_localonly",5,63,3,TRUE,NA
22.9,21.2,1.7,8.8,568.3,0.925764192139738,0.706666666666667,0.801512287334593,0.668769716088328,0.968014229712075,2.01138407339921,"val_1se_local_thresh",5,63,3,TRUE,NA
26,26,0,4,570,1,0.866666666666667,0.928571428571429,0.866666666666667,0.894261241783877,1.7625865032328,"val_1se_thresh",5,63,3,TRUE,26
121,30,91,0,479,0.247933884297521,1,0.397350993377483,0.247933884297521,0.776424127513583,1.67279940166844,"BIC_corrected",5,63,4,TRUE,121
60.2,27.2,33,2.8,537,0.451827242524917,0.906666666666667,0.60310421286031,0.431746031746032,0.859572231105383,1.9097516205845,"BIC_corrected_localonly",5,63,4,TRUE,NA
26.3,23.3,3,6.7,567,0.885931558935361,0.776666666666667,0.827708703374778,0.706060606060606,0.874162629359376,1.87871571098739,"BIC_corrected_local_thresh",5,63,4,TRUE,NA
28,28,0,2,570,1,0.933333333333333,0.96551724137931,0.933333333333333,0.774536895179428,1.6084818328618,"BIC_corrected_thresh",5,63,4,TRUE,28
63,27,36,3,534,0.428571428571429,0.9,0.580645161290323,0.409090909090909,1.10975195209607,2.21600155748988,"path_best_F1",5,63,3,TRUE,63
377,30,347,0,223,0.0795755968169761,1,0.147420147420147,0.0795755968169761,0.612849823610146,1.35762144600643,"val_mse",5,64,9,TRUE,377
164.6,28.2,136.4,1.8,433.6,0.171324422843256,0.94,0.289825282631038,0.169471153846154,0.895040618771389,1.79410349172633,"val_mse_localonly",5,64,9,TRUE,NA
32.7,23.6,9.1,6.4,560.9,0.7217125382263,0.786666666666667,0.752791068580542,0.603580562659847,0.824404781585109,1.675685610546,"val_mse_local_thresh",5,64,9,TRUE,NA
115,29,86,1,484,0.252173913043478,0.966666666666667,0.4,0.25,0.893484382259294,1.73173644253702,"val_1se",5,64,4,TRUE,115
59.7,25.4,34.3,4.6,535.7,0.425460636515913,0.846666666666667,0.566332218506132,0.3950233281493,0.959378073875469,1.88360889594608,"val_1se_localonly",5,64,4,TRUE,NA
21.9,19.2,2.7,10.8,567.3,0.876712328767123,0.64,0.739884393063584,0.587155963302752,1.00855861380027,2.01975077768757,"val_1se_local_thresh",5,64,4,TRUE,NA
25,25,0,5,570,1,0.833333333333333,0.909090909090909,0.833333333333333,0.895397224016294,1.7400251977501,"val_1se_thresh",5,64,4,TRUE,25
113,29,84,1,486,0.256637168141593,0.966666666666667,0.405594405594406,0.254385964912281,0.875907342477665,1.70527859793061,"BIC_corrected",5,64,4,TRUE,113
53.7,24.8,28.9,5.2,541.1,0.461824953445065,0.826666666666667,0.592592592592593,0.421052631578947,0.952084601316581,1.8589178797811,"BIC_corrected_localonly",5,64,4,TRUE,NA
23.2,20.3,2.9,9.7,567.1,0.875,0.676666666666667,0.763157894736842,0.617021276595745,0.982118718267378,1.97218523904212,"BIC_corrected_local_thresh",5,64,4,TRUE,NA
25,25,0,5,570,1,0.833333333333333,0.909090909090909,0.833333333333333,0.876361718755215,1.7184484885118,"BIC_corrected_thresh",5,64,4,TRUE,25
49,27,22,3,548,0.551020408163265,0.9,0.683544303797468,0.519230769230769,1.17043502699116,2.28522999538581,"path_best_F1",5,64,3,TRUE,49
223,30,193,0,377,0.134529147982063,1,0.237154150197628,0.134529147982063,0.777999152791598,1.47945536195311,"val_mse",5,65,6,TRUE,223
106,26.8,79.2,3.2,490.8,0.252830188679245,0.893333333333333,0.394117647058824,0.245421245421245,0.906408787784524,1.76891836779121,"val_mse_localonly",5,65,6,TRUE,NA
27.2,22.2,5,7.8,565,0.816176470588235,0.74,0.776223776223776,0.634285714285714,0.914563746117449,1.8192468517747,"val_mse_local_thresh",5,65,6,TRUE,NA
99,30,69,0,501,0.303030303030303,1,0.465116279069767,0.303030303030303,0.954659773472887,1.78127074638119,"val_1se",5,65,4,TRUE,99
51,25.4,25.6,4.6,544.4,0.498039215686274,0.846666666666667,0.62716049382716,0.456834532374101,1.01143110640323,1.95032291029149,"val_1se_localonly",5,65,4,TRUE,NA
19.1,18.1,1,11.9,569,0.947643979057592,0.603333333333333,0.737270875763748,0.583870967741935,1.07271966945243,2.06283021932238,"val_1se_local_thresh",5,65,4,TRUE,NA
24,24,0,6,570,1,0.8,0.888888888888889,0.8,0.989529854597718,1.84330292738627,"val_1se_thresh",5,65,4,TRUE,24
99,30,69,0,501,0.303030303030303,1,0.465116279069767,0.303030303030303,0.93902876974021,1.75442865168818,"BIC_corrected",5,65,4,TRUE,99
52,25.4,26.6,4.6,543.4,0.488461538461538,0.846666666666667,0.619512195121951,0.448763250883392,0.996966608081902,1.93049572201993,"BIC_corrected_localonly",5,65,4,TRUE,NA
19.1,18.1,1,11.9,569,0.947643979057592,0.603333333333333,0.737270875763748,0.583870967741935,1.06345222200979,2.04870272260942,"BIC_corrected_local_thresh",5,65,4,TRUE,NA
25,25,0,5,570,1,0.833333333333333,0.909090909090909,0.833333333333333,0.969002026145905,1.80674611850793,"BIC_corrected_thresh",5,65,4,TRUE,25
57,26,31,4,539,0.456140350877193,0.866666666666667,0.597701149425287,0.426229508196721,1.16955927170418,2.21200064820159,"path_best_F1",5,65,3,TRUE,57
239,30,209,0,361,0.125523012552301,1,0.223048327137546,0.125523012552301,0.769444753521923,1.48532614748051,"val_mse",5,66,5,TRUE,239
119,27.9,91.1,2.1,478.9,0.234453781512605,0.93,0.374496644295302,0.230388109000826,0.903783806897061,1.76558628104538,"val_mse_localonly",5,66,5,TRUE,NA
29.3,21.9,7.4,8.1,562.6,0.747440273037543,0.73,0.738617200674536,0.585561497326203,0.932960820315102,1.85948728645406,"val_mse_local_thresh",5,66,5,TRUE,NA
95,30,65,0,505,0.315789473684211,1,0.48,0.315789473684211,0.960616116171918,1.76659175152526,"val_1se",5,66,3,TRUE,95
50.6,24.7,25.9,5.3,544.1,0.488142292490119,0.823333333333333,0.612903225806452,0.441860465116279,1.03313233149199,2.00206561681388,"val_1se_localonly",5,66,3,TRUE,NA
20.8,18.4,2.4,11.6,567.6,0.884615384615385,0.613333333333333,0.724409448818898,0.567901234567901,1.07390290085281,2.10691269452661,"val_1se_local_thresh",5,66,3,TRUE,NA
25,25,0,5,570,1,0.833333333333333,0.909090909090909,0.833333333333333,0.986829927788857,1.84807678915734,"val_1se_thresh",5,66,3,TRUE,25
103,30,73,0,497,0.29126213592233,1,0.451127819548872,0.29126213592233,0.934252025959799,1.72896167065666,"BIC_corrected",5,66,3,TRUE,103
53.7,24.6,29.1,5.4,540.9,0.458100558659218,0.82,0.587813620071684,0.416243654822335,1.00994200803117,1.97142811029033,"BIC_corrected_localonly",5,66,3,TRUE,NA
21.6,18.3,3.3,11.7,566.7,0.847222222222222,0.61,0.709302325581395,0.54954954954955,1.05727346717906,2.10997257904846,"BIC_corrected_local_thresh",5,66,3,TRUE,NA
25,25,0,5,570,1,0.833333333333333,0.909090909090909,0.833333333333333,0.962758570571082,1.80590094662048,"BIC_corrected_thresh",5,66,3,TRUE,25
74,30,44,0,526,0.405405405405405,1,0.576923076923077,0.405405405405405,1.11746899266141,2.06369258224718,"path_best_F1",5,66,3,TRUE,74
319,30,289,0,281,0.0940438871473354,1,0.171919770773639,0.0940438871473354,0.627305079890802,1.3239580526441,"val_mse",5,67,8,TRUE,319
134.7,28.2,106.5,1.8,463.5,0.209354120267261,0.94,0.342440801457195,0.206593406593407,0.880706215472537,1.7822511181118,"val_mse_localonly",5,67,8,TRUE,NA
35.2,22.2,13,7.8,557,0.630681818181818,0.74,0.680981595092024,0.516279069767442,0.867219186257236,1.71939620583094,"val_mse_local_thresh",5,67,8,TRUE,NA
88,29,59,1,511,0.329545454545455,0.966666666666667,0.491525423728814,0.325842696629214,0.904433429371992,1.61991802231786,"val_1se",5,67,3,TRUE,88
45.2,21.2,24,8.8,546,0.469026548672566,0.706666666666667,0.563829787234043,0.392592592592593,0.974814025004566,1.89478328160238,"val_1se_localonly",5,67,3,TRUE,NA
18.5,18.2,0.3,11.8,569.7,0.983783783783784,0.606666666666667,0.750515463917526,0.600660066006601,0.994833751846287,1.93095073105886,"val_1se_local_thresh",5,67,3,TRUE,NA
25,25,0,5,570,1,0.833333333333333,0.909090909090909,0.833333333333333,0.925710232478948,1.66982702400829,"val_1se_thresh",5,67,3,TRUE,25
79,29,50,1,520,0.367088607594937,0.966666666666667,0.532110091743119,0.3625,0.931348011577005,1.6744333144351,"BIC_corrected",5,67,3,TRUE,79
43.2,20.3,22.9,9.7,547.1,0.469907407407407,0.676666666666667,0.554644808743169,0.383742911153119,0.99362203442396,1.94151233475715,"BIC_corrected_localonly",5,67,3,TRUE,NA
17,17,0,13,570,1,0.566666666666667,0.723404255319149,0.566666666666667,1.03156682906161,2.02147888179221,"BIC_corrected_local_thresh",5,67,3,TRUE,NA
24,24,0,6,570,1,0.8,0.888888888888889,0.8,0.95999960353284,1.72612335348729,"BIC_corrected_thresh",5,67,3,TRUE,24
82,27,55,3,515,0.329268292682927,0.9,0.482142857142857,0.317647058823529,1.18296462227461,2.0776510777698,"path_best_F1",5,67,4,TRUE,82
279,30,249,0,321,0.10752688172043,1,0.194174757281553,0.10752688172043,0.709868818805761,1.70417042539375,"val_mse",5,68,7,TRUE,279
133,26.9,106.1,3.1,463.9,0.202255639097744,0.896666666666667,0.330061349693252,0.197648787656135,0.896251531052608,2.04911677251483,"val_mse_localonly",5,68,7,TRUE,NA
31.6,23.7,7.9,6.3,562.1,0.75,0.79,0.76948051948052,0.62532981530343,0.847742362317894,1.91904083570131,"val_mse_local_thresh",5,68,7,TRUE,NA
107,29,78,1,492,0.271028037383178,0.966666666666667,0.423357664233577,0.268518518518519,0.987411682237165,2.17344140486196,"val_1se",5,68,4,TRUE,107
53.7,22.2,31.5,7.8,538.5,0.41340782122905,0.74,0.530465949820789,0.360975609756098,1.04578748439656,2.36858984887389,"val_1se_localonly",5,68,4,TRUE,NA
19.3,17,2.3,13,567.7,0.880829015544041,0.566666666666667,0.689655172413793,0.526315789473684,1.09519231708728,2.49175537966618,"val_1se_local_thresh",5,68,4,TRUE,NA
25,25,0,5,570,1,0.833333333333333,0.909090909090909,0.833333333333333,0.998730161457387,2.22111124894759,"val_1se_thresh",5,68,4,TRUE,25
85,29,56,1,514,0.341176470588235,0.966666666666667,0.504347826086956,0.337209302325581,0.990927253865287,2.20867633260699,"BIC_corrected",5,68,3,TRUE,85
46.2,23.3,22.9,6.7,547.1,0.504329004329004,0.776666666666667,0.611548556430446,0.440453686200378,1.05031917777629,2.35754335591679,"BIC_corrected_localonly",5,68,3,TRUE,NA
17.9,17.5,0.4,12.5,569.6,0.977653631284916,0.583333333333333,0.730688935281837,0.575657894736842,1.09909446006985,2.49138716144749,"BIC_corrected_local_thresh",5,68,3,TRUE,NA
25,25,0,5,570,1,0.833333333333333,0.909090909090909,0.833333333333333,1.00206049407484,2.24862895554806,"BIC_corrected_thresh",5,68,3,TRUE,25
40,26,14,4,556,0.65,0.866666666666667,0.742857142857143,0.590909090909091,1.29452208003956,2.93234773418773,"path_best_F1",5,68,3,TRUE,40
228,30,198,0,372,0.131578947368421,1,0.232558139534884,0.131578947368421,0.756197874368596,1.4471036561732,"val_mse",5,69,5,TRUE,228
109.1,26,83.1,4,486.9,0.238313473877177,0.866666666666667,0.373831775700935,0.229885057471264,0.922702350591859,1.81593343778827,"val_mse_localonly",5,69,5,TRUE,NA
27.5,21.3,6.2,8.7,563.8,0.774545454545455,0.71,0.740869565217391,0.588397790055249,0.923519207293661,1.82679449701231,"val_mse_local_thresh",5,69,5,TRUE,NA
99,29,70,1,500,0.292929292929293,0.966666666666667,0.449612403100775,0.29,0.968520971050317,1.79658304750682,"val_1se",5,69,4,TRUE,99
50.7,22.9,27.8,7.1,542.2,0.451676528599605,0.763333333333333,0.567534076827757,0.396193771626298,1.04289089215479,2.0315391729402,"val_1se_localonly",5,69,4,TRUE,NA
18.1,16.5,1.6,13.5,568.4,0.911602209944751,0.55,0.686070686070686,0.522151898734177,1.09462021559924,2.18123394529804,"val_1se_local_thresh",5,69,4,TRUE,NA
25,25,0,5,570,1,0.833333333333333,0.909090909090909,0.833333333333333,0.979531897270802,1.82430917812206,"val_1se_thresh",5,69,4,TRUE,25
90,30,60,0,510,0.333333333333333,1,0.5,0.333333333333333,0.975597447472077,1.81443893717758,"BIC_corrected",5,69,3,TRUE,90
47.5,22.8,24.7,7.2,545.3,0.48,0.76,0.588387096774194,0.416819012797075,1.05352891918977,2.07167764980707,"BIC_corrected_localonly",5,69,3,TRUE,NA
18.3,16.2,2.1,13.8,567.9,0.885245901639344,0.54,0.670807453416149,0.504672897196262,1.0939984223777,2.17512504188483,"BIC_corrected_local_thresh",5,69,3,TRUE,NA
24,24,0,6,570,1,0.8,0.888888888888889,0.8,0.993049057309102,1.85121345045275,"BIC_corrected_thresh",5,69,3,TRUE,24
62,28,34,2,536,0.451612903225806,0.933333333333333,0.608695652173913,0.4375,1.15007155021007,2.16182178279573,"path_best_F1",5,69,3,TRUE,62
195,29,166,1,404,0.148717948717949,0.966666666666667,0.257777777777778,0.147959183673469,0.832056839949466,1.36012596689195,"val_mse",5,70,5,TRUE,195
95.8,25.3,70.5,4.7,499.5,0.264091858037578,0.843333333333333,0.402225755166932,0.251741293532338,0.929374439395471,1.56613798820174,"val_mse_localonly",5,70,5,TRUE,NA
26.2,21.4,4.8,8.6,565.2,0.816793893129771,0.713333333333333,0.761565836298932,0.614942528735632,0.923964188675781,1.67793632689668,"val_mse_local_thresh",5,70,5,TRUE,NA
76,28,48,2,522,0.368421052631579,0.933333333333333,0.528301886792453,0.358974358974359,1.06587018447076,1.77129819469365,"val_1se",5,70,3,TRUE,76
43,22,21,8,549,0.511627906976744,0.733333333333333,0.602739726027397,0.431372549019608,1.10447798466989,1.91159462273959,"val_1se_localonly",5,70,3,TRUE,NA
17.4,16.6,0.8,13.4,569.2,0.954022988505747,0.553333333333333,0.70042194092827,0.538961038961039,1.15192867853355,2.02355412657227,"val_1se_local_thresh",5,70,3,TRUE,NA
23,22,1,8,569,0.956521739130435,0.733333333333333,0.830188679245283,0.709677419354839,1.09894809549738,1.85392262636173,"val_1se_thresh",5,70,3,TRUE,23
110,28,82,2,488,0.254545454545455,0.933333333333333,0.4,0.25,0.939991303829786,1.54058707616297,"BIC_corrected",5,70,4,TRUE,110
58.6,24.1,34.5,5.9,535.5,0.411262798634812,0.803333333333333,0.544018058690745,0.373643410852713,0.997660535149823,1.69257389453092,"BIC_corrected_localonly",5,70,4,TRUE,NA
21.8,19.7,2.1,10.3,567.9,0.903669724770642,0.656666666666667,0.760617760617761,0.613707165109034,1.01651119387663,1.77103675475721,"BIC_corrected_local_thresh",5,70,4,TRUE,NA
26,25,1,5,569,0.961538461538462,0.833333333333333,0.892857142857143,0.806451612903226,0.953415502066588,1.61168335594201,"BIC_corrected_thresh",5,70,4,TRUE,26
67,27,40,3,530,0.402985074626866,0.9,0.556701030927835,0.385714285714286,1.2741340733707,2.18642522110152,"path_best_F1",5,70,3,TRUE,67
291,30,261,0,309,0.103092783505155,1,0.186915887850467,0.103092783505155,0.592531741691074,1.27008123103651,"val_mse",5,71,6,TRUE,291
131.1,28,103.1,2,466.9,0.213577421815408,0.933333333333333,0.347610180012415,0.210368144252442,0.816576455914676,1.62597834062958,"val_mse_localonly",5,71,6,TRUE,NA
34,25.4,8.6,4.6,561.4,0.747058823529412,0.846666666666667,0.79375,0.658031088082901,0.772889240581167,1.56444318226982,"val_mse_local_thresh",5,71,6,TRUE,NA
126,30,96,0,474,0.238095238095238,1,0.384615384615385,0.238095238095238,0.789818868041033,1.43858883611252,"val_1se",5,71,4,TRUE,126
62,25.4,36.6,4.6,533.4,0.409677419354839,0.846666666666667,0.552173913043478,0.381381381381381,0.882541891990758,1.67570852606669,"val_1se_localonly",5,71,4,TRUE,NA
23,22.2,0.8,7.8,569.2,0.965217391304348,0.74,0.837735849056604,0.720779220779221,0.904676097560751,1.68743364337323,"val_1se_local_thresh",5,71,4,TRUE,NA
27,27,0,3,570,1,0.9,0.947368421052632,0.9,0.807269335414651,1.43840174267158,"val_1se_thresh",5,71,4,TRUE,27
104,30,74,0,496,0.288461538461538,1,0.447761194029851,0.288461538461538,0.831223012196128,1.48689316031867,"BIC_corrected",5,71,4,TRUE,104
50.4,25.6,24.8,4.4,545.2,0.507936507936508,0.853333333333333,0.63681592039801,0.467153284671533,0.914890946798584,1.70104817509923,"BIC_corrected_localonly",5,71,4,TRUE,NA
22.9,21.7,1.2,8.3,568.8,0.947598253275109,0.723333333333333,0.820415879017013,0.69551282051282,0.949040698716773,1.73948784324938,"BIC_corrected_local_thresh",5,71,4,TRUE,NA
27,27,0,3,570,1,0.9,0.947368421052632,0.9,0.846496433890636,1.48841564418148,"BIC_corrected_thresh",5,71,4,TRUE,27
58,29,29,1,541,0.5,0.966666666666667,0.659090909090909,0.491525423728814,1.06027483785178,1.83215463810268,"path_best_F1",5,71,3,TRUE,58
229,30,199,0,371,0.131004366812227,1,0.231660231660232,0.131004366812227,0.789371877591773,1.39219292671383,"val_mse",5,72,6,TRUE,229
99.5,26,73.5,4,496.5,0.261306532663317,0.866666666666667,0.401544401544402,0.251207729468599,0.932405000827189,1.71608140223731,"val_mse_localonly",5,72,6,TRUE,NA
29.1,22.2,6.9,7.8,563.1,0.762886597938144,0.74,0.751269035532995,0.601626016260163,0.911707632885643,1.65192294969127,"val_mse_local_thresh",5,72,6,TRUE,NA
116,30,86,0,484,0.258620689655172,1,0.410958904109589,0.258620689655172,0.976434352841002,1.60151812836964,"val_1se",5,72,4,TRUE,116
51.8,23.6,28.2,6.4,541.8,0.455598455598456,0.786666666666667,0.577017114914425,0.405498281786942,1.04254801044318,1.79922327922823,"val_1se_localonly",5,72,4,TRUE,NA
18.9,17.6,1.3,12.4,568.7,0.931216931216931,0.586666666666667,0.719836400817996,0.562300319488818,1.09603475280531,1.86918407130226,"val_1se_local_thresh",5,72,4,TRUE,NA
26,26,0,4,570,1,0.866666666666667,0.928571428571429,0.866666666666667,0.994304323968024,1.60004572142912,"val_1se_thresh",5,72,4,TRUE,26
71,30,41,0,529,0.422535211267606,1,0.594059405940594,0.422535211267606,1.03431946994813,1.64990061199214,"BIC_corrected",5,72,3,TRUE,71
37.2,20.9,16.3,9.1,553.7,0.561827956989247,0.696666666666667,0.62202380952381,0.451403887688985,1.08638031465491,1.85310873919514,"BIC_corrected_localonly",5,72,3,TRUE,NA
17.4,16.9,0.5,13.1,569.5,0.971264367816092,0.563333333333333,0.713080168776371,0.554098360655738,1.1166467534773,1.89950612623578,"BIC_corrected_local_thresh",5,72,3,TRUE,NA
25,25,0,5,570,1,0.833333333333333,0.909090909090909,0.833333333333333,1.05879899878152,1.69310122971434,"BIC_corrected_thresh",5,72,3,TRUE,25
95,30,65,0,505,0.315789473684211,1,0.48,0.315789473684211,1.22294947495111,1.92271070421929,"path_best_F1",5,72,4,TRUE,95
205,30,175,0,395,0.146341463414634,1,0.25531914893617,0.146341463414634,0.67401853089877,1.45884003038236,"val_mse",5,73,6,TRUE,205
96.3,28.4,67.9,1.6,502.1,0.294911734164071,0.946666666666667,0.44972288202692,0.290091930541369,0.822143417305024,1.69841204563467,"val_mse_localonly",5,73,6,TRUE,NA
29.9,24.4,5.5,5.6,564.5,0.816053511705686,0.813333333333333,0.814691151919866,0.687323943661972,0.827381006599891,1.70097931334846,"val_mse_local_thresh",5,73,6,TRUE,NA
82,30,52,0,518,0.365853658536585,1,0.535714285714286,0.365853658536585,0.944662374209433,1.88746792575367,"val_1se",5,73,4,TRUE,82
43.3,25.4,17.9,4.6,552.1,0.586605080831409,0.846666666666667,0.693042291950887,0.53027139874739,1.0131012972756,2.07335270358825,"val_1se_localonly",5,73,4,TRUE,NA
19,18.4,0.6,11.6,569.4,0.968421052631579,0.613333333333333,0.751020408163265,0.601307189542484,1.06340855670006,2.24767499887213,"val_1se_local_thresh",5,73,4,TRUE,NA
26,26,0,4,570,1,0.866666666666667,0.928571428571429,0.866666666666667,0.96874481821731,1.98567548313954,"val_1se_thresh",5,73,4,TRUE,26
131,30,101,0,469,0.229007633587786,1,0.372670807453416,0.229007633587786,0.781510206977539,1.60899665664365,"BIC_corrected",5,73,5,TRUE,131
64.9,26,38.9,4,531.1,0.400616332819723,0.866666666666667,0.547945205479452,0.377358490566038,0.883441899571511,1.82236594483046,"BIC_corrected_localonly",5,73,5,TRUE,NA
24.9,21.8,3.1,8.2,566.9,0.875502008032129,0.726666666666667,0.794171220400729,0.658610271903323,0.922569313088746,1.91819627186441,"BIC_corrected_local_thresh",5,73,5,TRUE,NA
29,29,0,1,570,1,0.966666666666667,0.983050847457627,0.966666666666667,0.772628624227316,1.63863618767922,"BIC_corrected_thresh",5,73,5,TRUE,29
67,30,37,0,533,0.447761194029851,1,0.618556701030928,0.447761194029851,1.01901561818093,2.05163790040569,"path_best_F1",5,73,3,TRUE,67
247,30,217,0,353,0.121457489878543,1,0.216606498194946,0.121457489878543,0.665285861871182,1.50725441668565,"val_mse",5,74,5,TRUE,247
121.8,28.3,93.5,1.7,476.5,0.232348111658457,0.943333333333333,0.372859025032938,0.22914979757085,0.844679589168774,1.83670012249366,"val_mse_localonly",5,74,5,TRUE,NA
32.4,24.6,7.8,5.4,562.2,0.759259259259259,0.82,0.788461538461539,0.650793650793651,0.799068929482366,1.84534136308693,"val_mse_local_thresh",5,74,5,TRUE,NA
113,30,83,0,487,0.265486725663717,1,0.41958041958042,0.265486725663717,0.850382155235555,1.84632057166293,"val_1se",5,74,4,TRUE,113
56.4,26,30.4,4,539.6,0.460992907801418,0.866666666666667,0.601851851851852,0.43046357615894,0.92708912401978,2.05371700894775,"val_1se_localonly",5,74,4,TRUE,NA
22.7,21.6,1.1,8.4,568.9,0.951541850220264,0.72,0.819734345351044,0.694533762057878,0.958090977988401,2.14942571173229,"val_1se_local_thresh",5,74,4,TRUE,NA
28,27,1,3,569,0.964285714285714,0.9,0.931034482758621,0.870967741935484,0.863171024488018,1.91213847839193,"val_1se_thresh",5,74,4,TRUE,28
104,30,74,0,496,0.288461538461538,1,0.447761194029851,0.288461538461538,0.858976761847699,1.85758852629473,"BIC_corrected",5,74,4,TRUE,104
54.8,25,29.8,5,540.2,0.456204379562044,0.833333333333333,0.589622641509434,0.418060200668896,0.935713841625709,2.09752494896885,"BIC_corrected_localonly",5,74,4,TRUE,NA
22.7,21.1,1.6,8.9,568.4,0.929515418502203,0.703333333333333,0.800759013282732,0.667721518987342,0.964526991837791,2.19363926095048,"BIC_corrected_local_thresh",5,74,4,TRUE,NA
28,27,1,3,569,0.964285714285714,0.9,0.931034482758621,0.870967741935484,0.872396371930321,1.92363346218903,"BIC_corrected_thresh",5,74,4,TRUE,28
59,30,29,0,541,0.508474576271186,1,0.674157303370786,0.508474576271186,1.09373576615286,2.35862393230269,"path_best_F1",5,74,3,TRUE,59
202,30,172,0,398,0.148514851485149,1,0.258620689655172,0.148514851485149,0.73352464691342,1.56442785993271,"val_mse",5,75,5,TRUE,202
94.3,27.6,66.7,2.4,503.3,0.292682926829268,0.92,0.444086886564763,0.285418821096174,0.862287494808698,1.82435976730836,"val_mse_localonly",5,75,5,TRUE,NA
28,22,6,8,564,0.785714285714286,0.733333333333333,0.758620689655172,0.611111111111111,0.880430401340962,1.89888710872527,"val_mse_local_thresh",5,75,5,TRUE,NA
75,30,45,0,525,0.4,1,0.571428571428571,0.4,0.991336410475193,2.13428358529235,"val_1se",5,75,3,TRUE,75
41.7,23.9,17.8,6.1,552.2,0.573141486810551,0.796666666666667,0.666666666666667,0.5,1.04635516210038,2.35574423925832,"val_1se_localonly",5,75,3,TRUE,NA
18.7,17.1,1.6,12.9,568.4,0.914438502673797,0.57,0.702258726899384,0.541139240506329,1.10568771875112,2.54285733991934,"val_1se_local_thresh",5,75,3,TRUE,NA
24,24,0,6,570,1,0.8,0.888888888888889,0.8,1.0245116970038,2.17736472393889,"val_1se_thresh",5,75,3,TRUE,24
123,30,93,0,477,0.24390243902439,1,0.392156862745098,0.24390243902439,0.817522800764998,1.74761776434921,"BIC_corrected",5,75,4,TRUE,123
61.4,27.4,34,2.6,536,0.446254071661238,0.913333333333333,0.599562363238512,0.428125,0.90880819321984,1.95677434177632,"BIC_corrected_localonly",5,75,4,TRUE,NA
22.8,20.1,2.7,9.9,567.3,0.881578947368421,0.67,0.761363636363636,0.614678899082569,0.957405947939171,2.13779917706707,"BIC_corrected_local_thresh",5,75,4,TRUE,NA
28,28,0,2,570,1,0.933333333333333,0.96551724137931,0.933333333333333,0.815964785758414,1.76897103175876,"BIC_corrected_thresh",5,75,4,TRUE,28
58,30,28,0,542,0.517241379310345,1,0.681818181818182,0.517241379310345,1.14484049845174,2.48945493183269,"path_best_F1",5,75,3,TRUE,58
236,30,206,0,364,0.127118644067797,1,0.225563909774436,0.127118644067797,0.742931838462625,1.61614555163985,"val_mse",5,76,6,TRUE,236
110,27.3,82.7,2.7,487.3,0.248181818181818,0.91,0.39,0.242236024844721,0.917562990619104,2.00651939269307,"val_mse_localonly",5,76,6,TRUE,NA
31,21.9,9.1,8.1,560.9,0.706451612903226,0.73,0.718032786885246,0.560102301790281,0.926435442113249,2.02452547023182,"val_mse_local_thresh",5,76,6,TRUE,NA
90,30,60,0,510,0.333333333333333,1,0.5,0.333333333333333,0.978007548529705,1.97222575343181,"val_1se",5,76,4,TRUE,90
45.2,21.7,23.5,8.3,546.5,0.480088495575221,0.723333333333333,0.577127659574468,0.405607476635514,1.05210332659073,2.23901703430513,"val_1se_localonly",5,76,4,TRUE,NA
19.7,16.8,2.9,13.2,567.1,0.852791878172589,0.56,0.676056338028169,0.51063829787234,1.08808251509552,2.30564499615885,"val_1se_local_thresh",5,76,4,TRUE,NA
24,24,0,6,570,1,0.8,0.888888888888889,0.8,0.998664373822101,2.02780707343865,"val_1se_thresh",5,76,4,TRUE,24
62,29,33,1,537,0.467741935483871,0.966666666666667,0.630434782608696,0.46031746031746,1.02967395288536,2.05474768415564,"BIC_corrected",5,76,3,TRUE,62
36.3,21.3,15,8.7,555,0.586776859504132,0.71,0.642533936651584,0.473333333333333,1.0855001028257,2.26266833593443,"BIC_corrected_localonly",5,76,3,TRUE,NA
18.7,16.3,2.4,13.7,567.6,0.871657754010695,0.543333333333333,0.669404517453799,0.503086419753086,1.12453366242419,2.35794111388885,"BIC_corrected_local_thresh",5,76,3,TRUE,NA
22,22,0,8,570,1,0.733333333333333,0.846153846153846,0.733333333333333,1.06216484276822,2.12740939439023,"BIC_corrected_thresh",5,76,3,TRUE,22
79,29,50,1,520,0.367088607594937,0.966666666666667,0.532110091743119,0.3625,1.09097859517943,2.19102325651222,"path_best_F1",5,76,4,TRUE,79
189,30,159,0,411,0.158730158730159,1,0.273972602739726,0.158730158730159,0.712515552381493,1.71360454024658,"val_mse",5,77,5,TRUE,189
94.2,27.1,67.1,2.9,502.9,0.287685774946921,0.903333333333333,0.436392914653784,0.279093717816684,0.871501987410492,2.01191150502383,"val_mse_localonly",5,77,5,TRUE,NA
29.7,23.6,6.1,6.4,563.9,0.794612794612795,0.786666666666667,0.790619765494137,0.653739612188366,0.853786286280972,2.00637740007451,"val_mse_local_thresh",5,77,5,TRUE,NA
85,30,55,0,515,0.352941176470588,1,0.521739130434783,0.352941176470588,0.967883703782715,2.19091319235815,"val_1se",5,77,3,TRUE,85
47.5,22.2,25.3,7.8,544.7,0.467368421052632,0.74,0.572903225806452,0.401446654611212,1.04077443936717,2.43318213739459,"val_1se_localonly",5,77,3,TRUE,NA
20.1,17.5,2.6,12.5,567.4,0.870646766169154,0.583333333333333,0.698602794411178,0.53680981595092,1.08555435434699,2.52365264721408,"val_1se_local_thresh",5,77,3,TRUE,NA
26,25,1,5,569,0.961538461538462,0.833333333333333,0.892857142857143,0.806451612903226,0.988737927951619,2.23068649297191,"val_1se_thresh",5,77,3,TRUE,26
133,30,103,0,467,0.225563909774436,1,0.368098159509202,0.225563909774436,0.800298328085005,1.87208629382101,"BIC_corrected",5,77,4,TRUE,133
64.7,26.1,38.6,3.9,531.4,0.403400309119011,0.87,0.551214361140443,0.380466472303207,0.909752729259001,2.10287230019772,"BIC_corrected_localonly",5,77,4,TRUE,NA
25.5,21.7,3.8,8.3,566.2,0.850980392156863,0.723333333333333,0.781981981981982,0.642011834319527,0.936453296474415,2.16050309128106,"BIC_corrected_local_thresh",5,77,4,TRUE,NA
29,28,1,2,569,0.96551724137931,0.933333333333333,0.949152542372881,0.903225806451613,0.80069669327514,1.86106734236621,"BIC_corrected_thresh",5,77,4,TRUE,29
54,28,26,2,544,0.518518518518518,0.933333333333333,0.666666666666667,0.5,1.12150484290956,2.50308735215383,"path_best_F1",5,77,3,TRUE,54
262,30,232,0,338,0.114503816793893,1,0.205479452054795,0.114503816793893,0.666397538828744,1.23645835113874,"val_mse",5,78,7,TRUE,262
108.2,27.8,80.4,2.2,489.6,0.256931608133087,0.926666666666667,0.402315484804631,0.251811594202899,0.838493549575129,1.52776118533747,"val_mse_localonly",5,78,7,TRUE,NA
29.5,24.4,5.1,5.6,564.9,0.827118644067797,0.813333333333333,0.820168067226891,0.695156695156695,0.809466120449212,1.49004866015941,"val_mse_local_thresh",5,78,7,TRUE,NA
136,30,106,0,464,0.220588235294118,1,0.36144578313253,0.220588235294118,0.859324117351003,1.5753636651884,"val_1se",5,78,5,TRUE,136
55,25.4,29.6,4.6,540.4,0.461818181818182,0.846666666666667,0.597647058823529,0.426174496644295,0.952254481808076,1.77367436325902,"val_1se_localonly",5,78,5,TRUE,NA
21,19.4,1.6,10.6,568.4,0.923809523809524,0.646666666666667,0.76078431372549,0.613924050632911,0.999411785354121,1.93889829503102,"val_1se_local_thresh",5,78,5,TRUE,NA
24,24,0,6,570,1,0.8,0.888888888888889,0.8,0.879831876935547,1.68969091105879,"val_1se_thresh",5,78,5,TRUE,24
128,30,98,0,472,0.234375,1,0.379746835443038,0.234375,0.863460462992609,1.56920624241253,"BIC_corrected",5,78,4,TRUE,128
59.7,25.5,34.2,4.5,535.8,0.42713567839196,0.85,0.568561872909699,0.397196261682243,0.941975018446072,1.76907719245219,"BIC_corrected_localonly",5,78,4,TRUE,NA
21.1,19.2,1.9,10.8,568.1,0.909952606635071,0.64,0.75146771037182,0.601880877742947,0.983183666193519,1.91648117391692,"BIC_corrected_local_thresh",5,78,4,TRUE,NA
24,24,0,6,570,1,0.8,0.888888888888889,0.8,0.884774626984055,1.69847313375536,"BIC_corrected_thresh",5,78,4,TRUE,24
66,29,37,1,533,0.439393939393939,0.966666666666667,0.604166666666667,0.432835820895522,0.996011688183864,1.87986661107831,"path_best_F1",5,78,4,TRUE,66
237,30,207,0,363,0.126582278481013,1,0.224719101123595,0.126582278481013,0.71081690393959,1.68965467813943,"val_mse",5,79,5,TRUE,237
115.6,28.8,86.8,1.2,483.2,0.249134948096886,0.96,0.395604395604396,0.246575342465753,0.876903818648387,2.00637472893194,"val_mse_localonly",5,79,5,TRUE,NA
34.7,25.3,9.4,4.7,560.6,0.729106628242075,0.843333333333333,0.782071097372488,0.642131979695431,0.863661868368295,1.99462734572443,"val_mse_local_thresh",5,79,5,TRUE,NA
97,30,67,0,503,0.309278350515464,1,0.47244094488189,0.309278350515464,0.981505025111232,2.20033381788824,"val_1se",5,79,3,TRUE,97
49.7,26.2,23.5,3.8,546.5,0.527162977867203,0.873333333333333,0.657465495608532,0.489719626168224,1.05389053735165,2.38826371039172,"val_1se_localonly",5,79,3,TRUE,NA
21.3,18.2,3.1,11.8,566.9,0.854460093896714,0.606666666666667,0.709551656920078,0.549848942598187,1.12491513336457,2.57545571567795,"val_1se_local_thresh",5,79,3,TRUE,NA
26,25,1,5,569,0.961538461538462,0.833333333333333,0.892857142857143,0.806451612903226,1.00637396721229,2.22399979611758,"val_1se_thresh",5,79,3,TRUE,26
114,30,84,0,486,0.263157894736842,1,0.416666666666667,0.263157894736842,0.906226414631118,2.04553273601389,"BIC_corrected",5,79,4,TRUE,114
58.7,26.2,32.5,3.8,537.5,0.44633730834753,0.873333333333333,0.59075535512965,0.4192,0.982582153610504,2.24179283014222,"BIC_corrected_localonly",5,79,4,TRUE,NA
23.8,20.2,3.6,9.8,566.4,0.848739495798319,0.673333333333333,0.75092936802974,0.601190476190476,1.03713913996325,2.37129417278055,"BIC_corrected_local_thresh",5,79,4,TRUE,NA
28,27,1,3,569,0.964285714285714,0.9,0.931034482758621,0.870967741935484,0.921383604525281,2.04075106687788,"BIC_corrected_thresh",5,79,4,TRUE,28
65,30,35,0,535,0.461538461538462,1,0.631578947368421,0.461538461538462,1.18017429373842,2.68779053675304,"path_best_F1",5,79,3,TRUE,65
268,30,238,0,332,0.111940298507463,1,0.201342281879195,0.111940298507463,0.67388423628983,1.30698915128076,"val_mse",5,80,6,TRUE,268
110.5,28.1,82.4,1.9,487.6,0.254298642533937,0.936666666666667,0.4,0.25,0.884203656227588,1.68718237089304,"val_mse_localonly",5,80,6,TRUE,NA
33.4,22.7,10.7,7.3,559.3,0.679640718562874,0.756666666666667,0.71608832807571,0.557739557739558,0.894020164410293,1.78675511185038,"val_mse_local_thresh",5,80,6,TRUE,NA
120,30,90,0,480,0.25,1,0.4,0.25,0.893124569792129,1.79351340351868,"val_1se",5,80,4,TRUE,120
55.4,24.6,30.8,5.4,539.2,0.444043321299639,0.82,0.576112412177986,0.404605263157895,0.977177619912352,2.0557294189694,"val_1se_localonly",5,80,4,TRUE,NA
22.4,21.1,1.3,8.9,568.7,0.941964285714286,0.703333333333333,0.805343511450382,0.674121405750799,0.993438208704298,2.16621519121212,"val_1se_local_thresh",5,80,4,TRUE,NA
28,28,0,2,570,1,0.933333333333333,0.96551724137931,0.933333333333333,0.900821348378216,1.85468998049916,"val_1se_thresh",5,80,4,TRUE,28
77,30,47,0,523,0.38961038961039,1,0.560747663551402,0.38961038961039,0.967607766178764,1.99062422097582,"BIC_corrected",5,80,4,TRUE,77
41,23,18,7,552,0.560975609756098,0.766666666666667,0.647887323943662,0.479166666666667,1.03374791341016,2.24231827082451,"BIC_corrected_localonly",5,80,4,TRUE,NA
18.6,18.6,0,11.4,570,1,0.62,0.765432098765432,0.62,1.08163196589194,2.40306699999368,"BIC_corrected_local_thresh",5,80,4,TRUE,NA
28,28,0,2,570,1,0.933333333333333,0.96551724137931,0.933333333333333,0.977297309557934,2.03577822304292,"BIC_corrected_thresh",5,80,4,TRUE,28
76,29,47,1,523,0.381578947368421,0.966666666666667,0.547169811320755,0.376623376623377,1.23673932578249,2.67223702442898,"path_best_F1",5,80,4,TRUE,76
284,30,254,0,316,0.105633802816901,1,0.191082802547771,0.105633802816901,0.684105317670611,1.45554765735654,"val_mse",5,81,6,TRUE,284
133.6,27.5,106.1,2.5,463.9,0.205838323353293,0.916666666666667,0.336185819070905,0.202057310800882,0.910048711650218,1.8758116051533,"val_mse_localonly",5,81,6,TRUE,NA
32,22.7,9.3,7.3,560.7,0.709375,0.756666666666667,0.732258064516129,0.577608142493639,0.891839828351563,1.85986139451707,"val_mse_local_thresh",5,81,6,TRUE,NA
90,30,60,0,510,0.333333333333333,1,0.5,0.333333333333333,1.0077447377852,1.98194505616907,"val_1se",5,81,4,TRUE,90
47.6,22.5,25.1,7.5,544.9,0.472689075630252,0.75,0.579896907216495,0.408348457350272,1.05198042891141,2.16113322666961,"val_1se_localonly",5,81,4,TRUE,NA
17.4,17.1,0.3,12.9,569.7,0.982758620689655,0.57,0.721518987341772,0.564356435643564,1.09315453883476,2.2487904083028,"val_1se_local_thresh",5,81,4,TRUE,NA
23,23,0,7,570,1,0.766666666666667,0.867924528301887,0.766666666666667,1.04412956468997,2.03399037372105,"val_1se_thresh",5,81,4,TRUE,23
111,30,81,0,489,0.27027027027027,1,0.425531914893617,0.27027027027027,0.95069592450305,1.86910140643564,"BIC_corrected",5,81,4,TRUE,111
55.7,24.1,31.6,5.9,538.4,0.432675044883303,0.803333333333333,0.56242707117853,0.391233766233766,1.0061597652561,2.0526574228709,"BIC_corrected_localonly",5,81,4,TRUE,NA
18.6,17.9,0.7,12.1,569.3,0.962365591397849,0.596666666666667,0.736625514403292,0.583061889250814,1.05384694194254,2.15815722989819,"BIC_corrected_local_thresh",5,81,4,TRUE,NA
25,25,0,5,570,1,0.833333333333333,0.909090909090909,0.833333333333333,0.969313910277113,1.89918267244306,"BIC_corrected_thresh",5,81,4,TRUE,25
102,28,74,2,496,0.274509803921569,0.933333333333333,0.424242424242424,0.269230769230769,1.13887737489902,2.2163706691701,"path_best_F1",5,81,4,TRUE,102
237,30,207,0,363,0.126582278481013,1,0.224719101123595,0.126582278481013,0.601520401914241,1.67794753504274,"val_mse",5,82,6,TRUE,237
105.7,28.4,77.3,1.6,492.7,0.268684957426679,0.946666666666667,0.418570375829035,0.264678471575023,0.784999303590891,2.03483013329169,"val_mse_localonly",5,82,6,TRUE,NA
35.7,25.8,9.9,4.2,560.1,0.722689075630252,0.86,0.785388127853881,0.646616541353383,0.76062228805793,1.99197776831288,"val_mse_local_thresh",5,82,6,TRUE,NA
123,30,93,0,477,0.24390243902439,1,0.392156862745098,0.24390243902439,0.771967265952511,2.03368124870103,"val_1se",5,82,4,TRUE,123
58.7,27.5,31.2,2.5,538.8,0.468483816013629,0.916666666666667,0.620067643742954,0.449346405228758,0.858420566066166,2.24216587920197,"val_1se_localonly",5,82,4,TRUE,NA
23.8,22.4,1.4,7.6,568.6,0.941176470588235,0.746666666666667,0.83271375464684,0.713375796178344,0.899940655443962,2.31603164638043,"val_1se_local_thresh",5,82,4,TRUE,NA
30,30,0,0,570,1,1,1,1,0.758573366300089,1.98565137259306,"val_1se_thresh",5,82,4,TRUE,30
96,30,66,0,504,0.3125,1,0.476190476190476,0.3125,0.801838087519064,2.10834546632373,"BIC_corrected",5,82,3,TRUE,96
51.9,25.4,26.5,4.6,543.5,0.489402697495183,0.846666666666667,0.62026862026862,0.449557522123894,0.882547944698321,2.36615991852028,"BIC_corrected_localonly",5,82,3,TRUE,NA
22.5,20.1,2.4,9.9,567.6,0.893333333333333,0.67,0.765714285714286,0.62037037037037,0.932971866249996,2.5172785278949,"BIC_corrected_local_thresh",5,82,3,TRUE,NA
30,30,0,0,570,1,1,1,1,0.790190769181587,2.05319967598015,"BIC_corrected_thresh",5,82,3,TRUE,30
63,30,33,0,537,0.476190476190476,1,0.645161290322581,0.476190476190476,1.08525237503139,2.78278874111046,"path_best_F1",5,82,3,TRUE,63
255,30,225,0,345,0.117647058823529,1,0.210526315789474,0.117647058823529,0.665544800705447,1.44974869535672,"val_mse",5,83,6,TRUE,255
114.6,28,86.6,2,483.4,0.244328097731239,0.933333333333333,0.387275242047026,0.240137221269297,0.81568047405146,1.69440811530286,"val_mse_localonly",5,83,6,TRUE,NA
29.2,23.2,6,6.8,564,0.794520547945205,0.773333333333333,0.783783783783784,0.644444444444444,0.798951688011543,1.63251795154784,"val_mse_local_thresh",5,83,6,TRUE,NA
95,30,65,0,505,0.315789473684211,1,0.48,0.315789473684211,0.863309663560251,1.76843779323213,"val_1se",5,83,3,TRUE,95
49.7,24.8,24.9,5.2,545.1,0.498993963782696,0.826666666666667,0.622333751568381,0.451730418943534,0.917133887441999,1.90107238155951,"val_1se_localonly",5,83,3,TRUE,NA
22.5,20.2,2.3,9.8,567.7,0.897777777777778,0.673333333333333,0.769523809523809,0.625386996904025,0.958820904108548,2.00243767420609,"val_1se_local_thresh",5,83,3,TRUE,NA
25,24,1,6,569,0.96,0.8,0.872727272727273,0.774193548387097,0.880795241057226,1.8231896323835,"val_1se_thresh",5,83,3,TRUE,25
87,30,57,0,513,0.344827586206897,1,0.512820512820513,0.344827586206897,0.875455823376167,1.79386555612277,"BIC_corrected",5,83,3,TRUE,87
45.7,24.8,20.9,5.2,549.1,0.542669584245077,0.826666666666667,0.655217965653897,0.487229862475442,0.927518963875104,1.92063684985468,"BIC_corrected_localonly",5,83,3,TRUE,NA
22.5,20.2,2.3,9.8,567.7,0.897777777777778,0.673333333333333,0.769523809523809,0.625386996904025,0.967716431324224,2.01832029472261,"BIC_corrected_local_thresh",5,83,3,TRUE,NA
25,24,1,6,569,0.96,0.8,0.872727272727273,0.774193548387097,0.891649768730827,1.84449648027654,"BIC_corrected_thresh",5,83,3,TRUE,25
49,27,22,3,548,0.551020408163265,0.9,0.683544303797468,0.519230769230769,1.08184491243713,2.23549836083525,"path_best_F1",5,83,3,TRUE,49
191,30,161,0,409,0.157068062827225,1,0.271493212669683,0.157068062827225,0.685115780749015,1.20023157288589,"val_mse",5,84,4,TRUE,191
91.6,26.9,64.7,3.1,505.3,0.293668122270742,0.896666666666667,0.442434210526316,0.284054910242872,0.806774775020414,1.46557289617979,"val_mse_localonly",5,84,4,TRUE,NA
25.6,22.4,3.2,7.6,566.8,0.875,0.746666666666667,0.805755395683453,0.674698795180723,0.802658684124189,1.47464446017561,"val_mse_local_thresh",5,84,4,TRUE,NA
97,30,67,0,503,0.309278350515464,1,0.47244094488189,0.309278350515464,0.867236622797303,1.3580859893945,"val_1se",5,84,4,TRUE,97
50.7,24.4,26.3,5.6,543.7,0.481262327416174,0.813333333333333,0.604708798017348,0.433392539964476,0.933857947206563,1.58308951234581,"val_1se_localonly",5,84,4,TRUE,NA
20.7,19.5,1.2,10.5,568.8,0.942028985507246,0.65,0.769230769230769,0.625,0.968851387305842,1.67038688916373,"val_1se_local_thresh",5,84,4,TRUE,NA
27,27,0,3,570,1,0.9,0.947368421052632,0.9,0.877070011353097,1.37241800705671,"val_1se_thresh",5,84,4,TRUE,27
137,30,107,0,463,0.218978102189781,1,0.359281437125749,0.218978102189781,0.775717269500514,1.26584205306056,"BIC_corrected",5,84,4,TRUE,137
62.1,26.6,35.5,3.4,534.5,0.428341384863124,0.886666666666667,0.577633007600434,0.406106870229008,0.863189161908836,1.47007609884468,"BIC_corrected_localonly",5,84,4,TRUE,NA
22.8,21.6,1.2,8.4,568.8,0.947368421052632,0.72,0.818181818181818,0.692307692307692,0.880363725251966,1.48518707848605,"BIC_corrected_local_thresh",5,84,4,TRUE,NA
28,28,0,2,570,1,0.933333333333333,0.96551724137931,0.933333333333333,0.771180649830396,1.25912016626872,"BIC_corrected_thresh",5,84,4,TRUE,28
44,28,16,2,554,0.636363636363636,0.933333333333333,0.756756756756757,0.608695652173913,1.11079724239243,1.72672030344897,"path_best_F1",5,84,3,TRUE,44
195,30,165,0,405,0.153846153846154,1,0.266666666666667,0.153846153846154,0.748551264790276,1.69348235505391,"val_mse",5,85,6,TRUE,195
84.1,24.9,59.2,5.1,510.8,0.296076099881094,0.83,0.436459246275197,0.27914798206278,0.897442036857963,2.00814407571675,"val_mse_localonly",5,85,6,TRUE,NA
27.5,22,5.5,8,564.5,0.8,0.733333333333333,0.765217391304348,0.619718309859155,0.887756975651709,2.00640276368654,"val_mse_local_thresh",5,85,6,TRUE,NA
62,28,34,2,536,0.451612903225806,0.933333333333333,0.608695652173913,0.4375,0.964427761069685,2.15315976596059,"val_1se",5,85,3,TRUE,62
34.4,20.4,14,9.6,556,0.593023255813953,0.68,0.633540372670808,0.463636363636364,1.03217876163618,2.44652510491686,"val_1se_localonly",5,85,3,TRUE,NA
16.8,16.8,0,13.2,570,1,0.56,0.717948717948718,0.56,1.07468191041128,2.53219613245419,"val_1se_local_thresh",5,85,3,TRUE,NA
24,24,0,6,570,1,0.8,0.888888888888889,0.8,0.983924242724427,2.17253663600288,"val_1se_thresh",5,85,3,TRUE,24
95,29,66,1,504,0.305263157894737,0.966666666666667,0.464,0.302083333333333,0.838718458530259,1.87498348039317,"BIC_corrected",5,85,3,TRUE,95
48.4,24.3,24.1,5.7,545.9,0.502066115702479,0.81,0.619897959183673,0.44916820702403,0.92411446730645,2.10605699181644,"BIC_corrected_localonly",5,85,3,TRUE,NA
20.5,19.6,0.9,10.4,569.1,0.95609756097561,0.653333333333333,0.776237623762376,0.634304207119741,0.967131170986004,2.18164526232832,"BIC_corrected_local_thresh",5,85,3,TRUE,NA
25,25,0,5,570,1,0.833333333333333,0.909090909090909,0.833333333333333,0.853557639019181,1.87133124297399,"BIC_corrected_thresh",5,85,3,TRUE,25
38,26,12,4,558,0.684210526315789,0.866666666666667,0.764705882352941,0.619047619047619,1.14076071671572,2.56228487199724,"path_best_F1",5,85,3,TRUE,38
248,30,218,0,352,0.120967741935484,1,0.215827338129496,0.120967741935484,0.823735373848826,1.6006570989535,"val_mse",5,86,6,TRUE,248
105.6,25.4,80.2,4.6,489.8,0.240530303030303,0.846666666666667,0.374631268436578,0.23049001814882,0.972593691388823,1.89818170530591,"val_mse_localonly",5,86,6,TRUE,NA
27.8,21.2,6.6,8.8,563.4,0.762589928057554,0.706666666666667,0.73356401384083,0.579234972677596,0.958332481549177,1.8653280788829,"val_mse_local_thresh",5,86,6,TRUE,NA
97,28,69,2,501,0.288659793814433,0.933333333333333,0.440944881889764,0.282828282828283,0.996849321534741,1.91387435747863,"val_1se",5,86,3,TRUE,97
46.7,22,24.7,8,545.3,0.471092077087794,0.733333333333333,0.573663624511082,0.402193784277879,1.06485099034401,2.08106572525928,"val_1se_localonly",5,86,3,TRUE,NA
18.3,17.7,0.6,12.3,569.4,0.967213114754098,0.59,0.732919254658385,0.57843137254902,1.10186556937231,2.18342929017059,"val_1se_local_thresh",5,86,3,TRUE,NA
24,24,0,6,570,1,0.8,0.888888888888889,0.8,1.01967471273781,1.99048640646176,"val_1se_thresh",5,86,3,TRUE,24
98,28,70,2,500,0.285714285714286,0.933333333333333,0.4375,0.28,0.990806632837231,1.90694861713062,"BIC_corrected",5,86,3,TRUE,98
45.8,21.1,24.7,8.9,545.3,0.460698689956332,0.703333333333333,0.556728232189974,0.385740402193784,1.06008312197192,2.07742541546331,"BIC_corrected_localonly",5,86,3,TRUE,NA
20.1,18.6,1.5,11.4,568.5,0.925373134328358,0.62,0.74251497005988,0.59047619047619,1.08294647703052,2.15484560583278,"BIC_corrected_local_thresh",5,86,3,TRUE,NA
24,24,0,6,570,1,0.8,0.888888888888889,0.8,1.01415113754299,1.97925212073369,"BIC_corrected_thresh",5,86,3,TRUE,24
42,28,14,2,556,0.666666666666667,0.933333333333333,0.777777777777778,0.636363636363636,1.27492927283024,2.55881243911555,"path_best_F1",5,86,3,TRUE,42
374,30,344,0,226,0.0802139037433155,1,0.148514851485149,0.0802139037433155,0.616344703790226,1.4271050228741,"val_mse",5,87,9,TRUE,374
132.7,28,104.7,2,465.3,0.211002260738508,0.933333333333333,0.34419176398279,0.207869339272457,0.935713433425795,1.97266601182602,"val_mse_localonly",5,87,9,TRUE,NA
44.5,25.2,19.3,4.8,550.7,0.566292134831461,0.84,0.676510067114094,0.511156186612576,0.901661400475913,1.93807442723396,"val_mse_local_thresh",5,87,9,TRUE,NA
193,30,163,0,407,0.155440414507772,1,0.269058295964126,0.155440414507772,0.839192011166567,1.77211098495069,"val_1se",5,87,6,TRUE,193
75,26.2,48.8,3.8,521.2,0.349333333333333,0.873333333333333,0.499047619047619,0.33248730964467,0.976611583168988,2.06878709646531,"val_1se_localonly",5,87,6,TRUE,NA
23.4,19.9,3.5,10.1,566.5,0.85042735042735,0.663333333333333,0.745318352059925,0.594029850746269,1.00742469392454,2.14783708820841,"val_1se_local_thresh",5,87,6,TRUE,NA
26,25,1,5,569,0.961538461538462,0.833333333333333,0.892857142857143,0.806451612903226,0.853054547670786,1.82276377806396,"val_1se_thresh",5,87,6,TRUE,26
95,29,66,1,504,0.305263157894737,0.966666666666667,0.464,0.302083333333333,0.92679598063435,1.93815013231229,"BIC_corrected",5,87,3,TRUE,95
51,23.9,27.1,6.1,542.9,0.468627450980392,0.796666666666667,0.590123456790123,0.418563922942207,1.01243352028819,2.20755077402287,"BIC_corrected_localonly",5,87,3,TRUE,NA
21,18.5,2.5,11.5,567.5,0.880952380952381,0.616666666666667,0.725490196078431,0.569230769230769,1.03830960270717,2.28450155431637,"BIC_corrected_local_thresh",5,87,3,TRUE,NA
25,24,1,6,569,0.96,0.8,0.872727272727273,0.774193548387097,0.947112370481042,1.98948773218347,"BIC_corrected_thresh",5,87,3,TRUE,25
46,25,21,5,549,0.543478260869565,0.833333333333333,0.657894736842105,0.490196078431373,1.22480721509321,2.64246620772763,"path_best_F1",5,87,3,TRUE,46
265,30,235,0,335,0.113207547169811,1,0.203389830508475,0.113207547169811,0.702974283741885,1.45753332108024,"val_mse",5,88,7,TRUE,265
129.6,27.5,102.1,2.5,467.9,0.212191358024691,0.916666666666667,0.344611528822055,0.208175624526874,0.891721244746704,1.81670325223994,"val_mse_localonly",5,88,7,TRUE,NA
28.1,21.9,6.2,8.1,563.8,0.779359430604982,0.73,0.753872633390706,0.604972375690608,0.892685026922455,1.85704923001106,"val_mse_local_thresh",5,88,7,TRUE,NA
120,29,91,1,479,0.241666666666667,0.966666666666667,0.386666666666667,0.239669421487603,0.888823002329147,1.74229499134099,"val_1se",5,88,4,TRUE,120
59.6,26.2,33.4,3.8,536.6,0.439597315436242,0.873333333333333,0.584821428571429,0.413249211356467,0.967065385669811,1.91837479147194,"val_1se_localonly",5,88,4,TRUE,NA
18.9,18.2,0.7,11.8,569.3,0.962962962962963,0.606666666666667,0.744376278118609,0.592833876221498,1.02962968877517,2.0312587380047,"val_1se_local_thresh",5,88,4,TRUE,NA
26,26,0,4,570,1,0.866666666666667,0.928571428571429,0.866666666666667,0.892641732261756,1.73045849725074,"val_1se_thresh",5,88,4,TRUE,26
57,28,29,2,541,0.491228070175439,0.933333333333333,0.64367816091954,0.474576271186441,1.05560856263765,2.07594075150849,"BIC_corrected",5,88,3,TRUE,57
31.2,20.6,10.6,9.4,559.4,0.66025641025641,0.686666666666667,0.673202614379085,0.507389162561576,1.1080643893718,2.25738111936313,"BIC_corrected_localonly",5,88,3,TRUE,NA
14.7,14.7,0,15.3,570,1,0.49,0.657718120805369,0.49,1.16038675365688,2.37299236343342,"BIC_corrected_local_thresh",5,88,3,TRUE,NA
23,23,0,7,570,1,0.766666666666667,0.867924528301887,0.766666666666667,1.07579082574874,2.1111435312805,"BIC_corrected_thresh",5,88,3,TRUE,23
66,27,39,3,531,0.409090909090909,0.9,0.5625,0.391304347826087,1.1854257649143,2.36942511092455,"path_best_F1",5,88,3,TRUE,66
287,30,257,0,313,0.104529616724739,1,0.189274447949527,0.104529616724739,0.682277532591008,1.58179116854907,"val_mse",5,89,6,TRUE,287
126,28.4,97.6,1.6,472.4,0.225396825396825,0.946666666666667,0.364102564102564,0.22257053291536,0.864504707949643,1.90956776844027,"val_mse_localonly",5,89,6,TRUE,NA
32.4,23.7,8.7,6.3,561.3,0.731481481481482,0.79,0.759615384615384,0.612403100775194,0.847532476699086,1.89729336590673,"val_mse_local_thresh",5,89,6,TRUE,NA
104,29,75,1,495,0.278846153846154,0.966666666666667,0.432835820895522,0.276190476190476,0.865097103352475,1.9592145140526,"val_1se",5,89,3,TRUE,104
55.8,25.4,30.4,4.6,539.6,0.455197132616487,0.846666666666667,0.592074592074592,0.420529801324503,0.9384396154096,2.15457549350507,"val_1se_localonly",5,89,3,TRUE,NA
22.2,20.5,1.7,9.5,568.3,0.923423423423423,0.683333333333333,0.78544061302682,0.646687697160883,0.969482385840461,2.2561685347502,"val_1se_local_thresh",5,89,3,TRUE,NA
26,26,0,4,570,1,0.866666666666667,0.928571428571429,0.866666666666667,0.868175932137147,1.97106235524127,"val_1se_thresh",5,89,3,TRUE,26
91,29,62,1,508,0.318681318681319,0.966666666666667,0.479338842975207,0.315217391304348,0.887205515605048,2.00118073050824,"BIC_corrected",5,89,3,TRUE,91
51.7,24.6,27.1,5.4,542.9,0.475822050290135,0.82,0.602203182374541,0.430823117338003,0.956188224140661,2.19874257789474,"BIC_corrected_localonly",5,89,3,TRUE,NA
21.8,20.1,1.7,9.9,568.3,0.922018348623853,0.67,0.776061776061776,0.634069400630915,0.983467959163532,2.28443606419984,"BIC_corrected_local_thresh",5,89,3,TRUE,NA
25,25,0,5,570,1,0.833333333333333,0.909090909090909,0.833333333333333,0.899649535102926,2.04847747733083,"BIC_corrected_thresh",5,89,3,TRUE,25
49,27,22,3,548,0.551020408163265,0.9,0.683544303797468,0.519230769230769,1.13806776485934,2.6276482417557,"path_best_F1",5,89,3,TRUE,49
250,30,220,0,350,0.12,1,0.214285714285714,0.12,0.762226875855371,1.43594186013736,"val_mse",5,90,6,TRUE,250
108.9,26.9,82,3.1,488,0.247015610651974,0.896666666666667,0.387329013678906,0.240178571428571,0.912073036755682,1.81285035734468,"val_mse_localonly",5,90,6,TRUE,NA
32.8,22.9,9.9,7.1,560.1,0.698170731707317,0.763333333333333,0.729299363057325,0.573934837092732,0.912054871832106,1.83482824973359,"val_mse_local_thresh",5,90,6,TRUE,NA
142,30,112,0,458,0.211267605633803,1,0.348837209302326,0.211267605633803,0.917154035670497,1.59456659298994,"val_1se",5,90,4,TRUE,142
64.2,26.5,37.7,3.5,532.3,0.412772585669782,0.883333333333333,0.562632696390658,0.391432791728213,0.996620290120161,1.83799753076962,"val_1se_localonly",5,90,4,TRUE,NA
20.2,18.3,1.9,11.7,568.1,0.905940594059406,0.61,0.729083665338645,0.573667711598746,1.05215625832283,1.94779534791234,"val_1se_local_thresh",5,90,4,TRUE,NA
25,25,0,5,570,1,0.833333333333333,0.909090909090909,0.833333333333333,0.938860063330401,1.61873299311294,"val_1se_thresh",5,90,4,TRUE,25
92,30,62,0,508,0.326086956521739,1,0.491803278688525,0.326086956521739,0.963228576243734,1.6809873166112,"BIC_corrected",5,90,3,TRUE,92
50.2,23.3,26.9,6.7,543.1,0.464143426294821,0.776666666666667,0.581047381546135,0.409490333919156,1.02324614345625,1.9214273028461,"BIC_corrected_localonly",5,90,3,TRUE,NA
18.9,17,1.9,13,568.1,0.8994708994709,0.566666666666667,0.695296523517382,0.532915360501567,1.07109638056471,1.98461300584902,"BIC_corrected_local_thresh",5,90,3,TRUE,NA
25,25,0,5,570,1,0.833333333333333,0.909090909090909,0.833333333333333,0.984148836959255,1.68929696824374,"BIC_corrected_thresh",5,90,3,TRUE,25
95,29,66,1,504,0.305263157894737,0.966666666666667,0.464,0.302083333333333,1.10155779967314,1.90242452814489,"path_best_F1",5,90,4,TRUE,95
277,30,247,0,323,0.108303249097473,1,0.195439739413681,0.108303249097473,0.680761105611297,1.48872378140122,"val_mse",5,91,7,TRUE,277
123.8,28,95.8,2,474.2,0.226171243941842,0.933333333333333,0.364109232769831,0.222575516693164,0.86825938372574,1.80939801980529,"val_mse_localonly",5,91,7,TRUE,NA
35.3,24.3,11,5.7,559,0.688385269121813,0.81,0.744257274119449,0.592682926829268,0.855614987913822,1.78686003615074,"val_mse_local_thresh",5,91,7,TRUE,NA
176,30,146,0,424,0.170454545454545,1,0.29126213592233,0.170454545454545,0.841395241359886,1.76799505580517,"val_1se",5,91,5,TRUE,176
78.4,27.1,51.3,2.9,518.7,0.345663265306122,0.903333333333333,0.5,0.333333333333333,0.947509403303266,1.99955166708754,"val_1se_localonly",5,91,5,TRUE,NA
23.2,20.4,2.8,9.6,567.2,0.879310344827586,0.68,0.766917293233083,0.621951219512195,0.982769336681867,2.07636574810229,"val_1se_local_thresh",5,91,5,TRUE,NA
26,26,0,4,570,1,0.866666666666667,0.928571428571429,0.866666666666667,0.848572958187002,1.7904605819775,"val_1se_thresh",5,91,5,TRUE,26
108,30,78,0,492,0.277777777777778,1,0.434782608695652,0.277777777777778,0.906622907138853,1.88034890364254,"BIC_corrected",5,91,4,TRUE,108
56.1,24.9,31.2,5.1,538.8,0.443850267379679,0.83,0.578397212543554,0.406862745098039,0.98936804172812,2.13852632875071,"BIC_corrected_localonly",5,91,4,TRUE,NA
20.7,19.7,1,10.3,569,0.951690821256039,0.656666666666667,0.777120315581854,0.635483870967742,1.01297384533795,2.22216344769752,"BIC_corrected_local_thresh",5,91,4,TRUE,NA
25,25,0,5,570,1,0.833333333333333,0.909090909090909,0.833333333333333,0.925359639910145,1.9213919757647,"BIC_corrected_thresh",5,91,4,TRUE,25
55,28,27,2,543,0.509090909090909,0.933333333333333,0.658823529411765,0.491228070175439,1.13498647801268,2.40091475899386,"path_best_F1",5,91,3,TRUE,55
302,30,272,0,298,0.0993377483443709,1,0.180722891566265,0.0993377483443709,0.705690206526113,1.81048094668201,"val_mse",5,92,7,TRUE,302
137.2,27.9,109.3,2.1,460.7,0.2033527696793,0.93,0.333732057416268,0.200287150035894,0.937158245411832,2.32211990477833,"val_mse_localonly",5,92,7,TRUE,NA
31.1,23.6,7.5,6.4,562.5,0.758842443729904,0.786666666666667,0.772504091653028,0.629333333333333,0.893878511105441,2.22885999511065,"val_mse_local_thresh",5,92,7,TRUE,NA
127,30,97,0,473,0.236220472440945,1,0.382165605095541,0.236220472440945,0.916477321568752,2.20242167974726,"val_1se",5,92,4,TRUE,127
66.6,25.1,41.5,4.9,528.5,0.376876876876877,0.836666666666667,0.519668737060041,0.351048951048951,1.00138620799248,2.48266835319049,"val_1se_localonly",5,92,4,TRUE,NA
21.8,18.3,3.5,11.7,566.5,0.839449541284404,0.61,0.706563706563707,0.546268656716418,1.05434841161236,2.54950354747748,"val_1se_local_thresh",5,92,4,TRUE,NA
26,26,0,4,570,1,0.866666666666667,0.928571428571429,0.866666666666667,0.921002046313405,2.19064253226429,"val_1se_thresh",5,92,4,TRUE,26
99,30,69,0,501,0.303030303030303,1,0.465116279069767,0.303030303030303,0.988665582843816,2.34784591034834,"BIC_corrected",5,92,3,TRUE,99
50.3,24.1,26.2,5.9,543.8,0.479125248508946,0.803333333333333,0.600249066002491,0.428825622775801,1.06485883152225,2.59774965258527,"BIC_corrected_localonly",5,92,3,TRUE,NA
19.4,17.5,1.9,12.5,568.1,0.902061855670103,0.583333333333333,0.708502024291498,0.54858934169279,1.10580894196109,2.68935701965284,"BIC_corrected_local_thresh",5,92,3,TRUE,NA
25,25,0,5,570,1,0.833333333333333,0.909090909090909,0.833333333333333,0.998662446434539,2.36519603881218,"BIC_corrected_thresh",5,92,3,TRUE,25
65,26,39,4,531,0.4,0.866666666666667,0.547368421052632,0.376811594202899,1.15297433355473,2.77016350199852,"path_best_F1",5,92,3,TRUE,65
242,30,212,0,358,0.12396694214876,1,0.220588235294118,0.12396694214876,0.843441985967488,1.62074450116683,"val_mse",5,93,6,TRUE,242
116.6,24.9,91.7,5.1,478.3,0.213550600343053,0.83,0.339699863574352,0.204601479046836,1.00578893053167,1.97972922905342,"val_mse_localonly",5,93,6,TRUE,NA
25,20.6,4.4,9.4,565.6,0.824,0.686666666666667,0.749090909090909,0.598837209302326,0.992287579531066,1.95538657744242,"val_mse_local_thresh",5,93,6,TRUE,NA
105,28,77,2,493,0.266666666666667,0.933333333333333,0.414814814814815,0.261682242990654,1.07187360751427,2.044834047985,"val_1se",5,93,4,TRUE,105
49.4,21.2,28.2,8.8,541.8,0.42914979757085,0.706666666666667,0.534005037783375,0.36426116838488,1.13983392740969,2.27622639651564,"val_1se_localonly",5,93,4,TRUE,NA
16.8,15.2,1.6,14.8,568.4,0.904761904761905,0.506666666666667,0.64957264957265,0.481012658227848,1.18842470359388,2.37887573393244,"val_1se_local_thresh",5,93,4,TRUE,NA
24,24,0,6,570,1,0.8,0.888888888888889,0.8,1.08384501992929,2.08079339647872,"val_1se_thresh",5,93,4,TRUE,24
73,29,44,1,526,0.397260273972603,0.966666666666667,0.563106796116505,0.391891891891892,1.12207812767338,2.13198376581266,"BIC_corrected",5,93,3,TRUE,73
36.8,20.3,16.5,9.7,553.5,0.551630434782609,0.676666666666667,0.607784431137725,0.436559139784946,1.18317182141002,2.34761041569358,"BIC_corrected_localonly",5,93,3,TRUE,NA
16.5,15,1.5,15,568.5,0.909090909090909,0.5,0.645161290322581,0.476190476190476,1.22324820696565,2.40898696879422,"BIC_corrected_local_thresh",5,93,3,TRUE,NA
23,23,0,7,570,1,0.766666666666667,0.867924528301887,0.766666666666667,1.14858270219334,2.21337176948601,"BIC_corrected_thresh",5,93,3,TRUE,23
60,28,32,2,538,0.466666666666667,0.933333333333333,0.622222222222222,0.451612903225806,1.20456286418561,2.30361259686405,"path_best_F1",5,93,3,TRUE,60
185,30,155,0,415,0.162162162162162,1,0.27906976744186,0.162162162162162,0.825883620920918,2.00778460797624,"val_mse",5,94,5,TRUE,185
83.4,26.9,56.5,3.1,513.5,0.322541966426858,0.896666666666667,0.474426807760141,0.310982658959538,0.925205667220515,2.27235986047356,"val_mse_localonly",5,94,5,TRUE,NA
24.6,21.3,3.3,8.7,566.7,0.865853658536585,0.71,0.78021978021978,0.63963963963964,0.95570064315613,2.38917082922632,"val_mse_local_thresh",5,94,5,TRUE,NA
74,29,45,1,525,0.391891891891892,0.966666666666667,0.557692307692308,0.386666666666667,1.03968728562281,2.55242235956126,"val_1se",5,94,3,TRUE,74
40,21.7,18.3,8.3,551.7,0.5425,0.723333333333333,0.62,0.449275362318841,1.09300853030937,2.78251667584404,"val_1se_localonly",5,94,3,TRUE,NA
16.7,15.9,0.8,14.1,569.2,0.952095808383233,0.53,0.680942184154176,0.516233766233766,1.14101836103236,2.92585791826379,"val_1se_local_thresh",5,94,3,TRUE,NA
23,23,0,7,570,1,0.766666666666667,0.867924528301887,0.766666666666667,1.07135388556309,2.65421896928704,"val_1se_thresh",5,94,3,TRUE,23
83,30,53,0,517,0.36144578313253,1,0.530973451327434,0.36144578313253,0.963811556584946,2.35004047407663,"BIC_corrected",5,94,3,TRUE,83
45.1,24.5,20.6,5.5,549.4,0.543237250554324,0.816666666666667,0.652463382157124,0.484189723320158,1.02163224762878,2.54810633425633,"BIC_corrected_localonly",5,94,3,TRUE,NA
18.3,17.1,1.2,12.9,568.8,0.934426229508197,0.57,0.708074534161491,0.548076923076923,1.09319940871166,2.7594023658284,"BIC_corrected_local_thresh",5,94,3,TRUE,NA
25,25,0,5,570,1,0.833333333333333,0.909090909090909,0.833333333333333,0.986860249459377,2.45100720432551,"BIC_corrected_thresh",5,94,3,TRUE,25
64,28,36,2,534,0.4375,0.933333333333333,0.595744680851064,0.424242424242424,1.14256006596263,2.84507040226387,"path_best_F1",5,94,3,TRUE,64
274,30,244,0,326,0.109489051094891,1,0.197368421052632,0.109489051094891,0.651166962725263,1.46251323710077,"val_mse",5,95,7,TRUE,274
120.6,27.6,93,2.4,477,0.228855721393035,0.92,0.366533864541833,0.224390243902439,0.848528085223357,1.81383321977533,"val_mse_localonly",5,95,7,TRUE,NA
35,25.7,9.3,4.3,560.7,0.734285714285714,0.856666666666667,0.790769230769231,0.653944020356234,0.798944077220051,1.73305405278936,"val_mse_local_thresh",5,95,7,TRUE,NA
128,30,98,0,472,0.234375,1,0.379746835443038,0.234375,0.868089606682871,1.77663674177168,"val_1se",5,95,4,TRUE,128
58.8,25.7,33.1,4.3,536.9,0.437074829931973,0.856666666666667,0.578828828828829,0.407290015847861,0.959918267297701,2.02986097617125,"val_1se_localonly",5,95,4,TRUE,NA
22,18.9,3.1,11.1,566.9,0.859090909090909,0.63,0.726923076923077,0.570996978851964,1.01388221374124,2.15210016563088,"val_1se_local_thresh",5,95,4,TRUE,NA
27,27,0,3,570,1,0.9,0.947368421052632,0.9,0.880292816184843,1.75904905643131,"val_1se_thresh",5,95,4,TRUE,27
110,30,80,0,490,0.272727272727273,1,0.428571428571429,0.272727272727273,0.895276072080868,1.8356680389432,"BIC_corrected",5,95,4,TRUE,110
52.7,25,27.7,5,542.3,0.47438330170778,0.833333333333333,0.60459492140266,0.433275563258232,0.974528978036179,2.05522093858039,"BIC_corrected_localonly",5,95,4,TRUE,NA
23.2,19.9,3.3,10.1,566.7,0.857758620689655,0.663333333333333,0.74812030075188,0.597597597597598,1.01697985758047,2.17999031196723,"BIC_corrected_local_thresh",5,95,4,TRUE,NA
27,27,0,3,570,1,0.9,0.947368421052632,0.9,0.905087775639562,1.81651050353569,"BIC_corrected_thresh",5,95,4,TRUE,27
63,29,34,1,536,0.46031746031746,0.966666666666667,0.623655913978495,0.453125,1.1794381136127,2.45674401929158,"path_best_F1",5,95,3,TRUE,63
261,30,231,0,339,0.114942528735632,1,0.206185567010309,0.114942528735632,0.699021347300101,1.2401432296615,"val_mse",5,96,5,TRUE,261
124.1,28.3,95.8,1.7,474.2,0.228041901692184,0.943333333333333,0.36729396495782,0.224960254372019,0.871787163519295,1.51481878851879,"val_mse_localonly",5,96,5,TRUE,NA
27.5,23.6,3.9,6.4,566.1,0.858181818181818,0.786666666666667,0.820869565217391,0.696165191740413,0.856597961963691,1.51540918758763,"val_mse_local_thresh",5,96,5,TRUE,NA
115,30,85,0,485,0.260869565217391,1,0.413793103448276,0.260869565217391,0.892207055297488,1.49387681056202,"val_1se",5,96,4,TRUE,115
55.7,26.7,29,3.3,541,0.47935368043088,0.89,0.623103850641774,0.452542372881356,0.990046835644438,1.70010520989992,"val_1se_localonly",5,96,4,TRUE,NA
20.5,18.2,2.3,11.8,567.7,0.88780487804878,0.606666666666667,0.720792079207921,0.563467492260062,1.06863488384459,1.85938364288794,"val_1se_local_thresh",5,96,4,TRUE,NA
24,24,0,6,570,1,0.8,0.888888888888889,0.8,0.921852017521199,1.52512616589157,"val_1se_thresh",5,96,4,TRUE,24
95,30,65,0,505,0.315789473684211,1,0.48,0.315789473684211,0.926244574523811,1.55486887733808,"BIC_corrected",5,96,3,TRUE,95
48.7,25.5,23.2,4.5,546.8,0.523613963039014,0.85,0.648030495552732,0.479323308270677,1.01747979031735,1.76900814014666,"BIC_corrected_localonly",5,96,3,TRUE,NA
19.8,17.5,2.3,12.5,567.7,0.883838383838384,0.583333333333333,0.70281124497992,0.541795665634675,1.09101880850015,1.91033986086497,"BIC_corrected_local_thresh",5,96,3,TRUE,NA
24,24,0,6,570,1,0.8,0.888888888888889,0.8,0.952159307408429,1.57740108236375,"BIC_corrected_thresh",5,96,3,TRUE,24
58,28,30,2,540,0.482758620689655,0.933333333333333,0.636363636363636,0.466666666666667,1.217338485798,2.06967570354616,"path_best_F1",5,96,3,TRUE,58
158,30,128,0,442,0.189873417721519,1,0.319148936170213,0.189873417721519,0.899351365495557,2.033525993622,"val_mse",5,97,4,TRUE,158
80.1,24.5,55.6,5.5,514.4,0.305867665418227,0.816666666666667,0.445049954586739,0.286214953271028,0.992027513646192,2.31923957983016,"val_mse_localonly",5,97,4,TRUE,NA
22.6,20,2.6,10,567.4,0.884955752212389,0.666666666666667,0.760456273764259,0.613496932515337,1.00070972473926,2.40652436992822,"val_mse_local_thresh",5,97,4,TRUE,NA
77,30,47,0,523,0.38961038961039,1,0.560747663551402,0.38961038961039,1.12984448637278,2.68334973532632,"val_1se",5,97,3,TRUE,77
43.2,20.7,22.5,9.3,547.5,0.479166666666667,0.69,0.565573770491803,0.394285714285714,1.17364994230583,2.918220432067,"val_1se_localonly",5,97,3,TRUE,NA
15.5,15,0.5,15,569.5,0.967741935483871,0.5,0.659340659340659,0.491803278688525,1.21079340338531,3.05807860910606,"val_1se_local_thresh",5,97,3,TRUE,NA
22,22,0,8,570,1,0.733333333333333,0.846153846153846,0.733333333333333,1.16218003505404,2.80514725811646,"val_1se_thresh",5,97,3,TRUE,22
124,30,94,0,476,0.241935483870968,1,0.38961038961039,0.241935483870968,0.951597265560505,2.17951433392731,"BIC_corrected",5,97,4,TRUE,124
65.2,22.1,43.1,7.9,526.9,0.338957055214724,0.736666666666667,0.464285714285714,0.302325581395349,1.02603766316581,2.47799713939072,"BIC_corrected_localonly",5,97,4,TRUE,NA
20.9,18.6,2.3,11.4,567.7,0.889952153110048,0.62,0.730844793713163,0.575851393188854,1.04658615280876,2.53639436846105,"BIC_corrected_local_thresh",5,97,4,TRUE,NA
26,25,1,5,569,0.961538461538462,0.833333333333333,0.892857142857143,0.806451612903226,0.9756116510105,2.29066300887615,"BIC_corrected_thresh",5,97,4,TRUE,26
71,27,44,3,526,0.380281690140845,0.9,0.534653465346535,0.364864864864865,1.21351701983293,2.9749105509442,"path_best_F1",5,97,3,TRUE,71
324,30,294,0,276,0.0925925925925926,1,0.169491525423729,0.0925925925925926,0.614381653982865,1.54929985698751,"val_mse",5,98,8,TRUE,324
117.2,28.8,88.4,1.2,481.6,0.245733788395904,0.96,0.391304347826087,0.243243243243243,0.907767646350207,2.05973826620702,"val_mse_localonly",5,98,8,TRUE,NA
32.9,23,9.9,7,560.1,0.699088145896657,0.766666666666667,0.731319554848967,0.576441102756892,0.892614307469213,1.99009316540707,"val_mse_local_thresh",5,98,8,TRUE,NA
96,30,66,0,504,0.3125,1,0.476190476190476,0.3125,0.953519030206508,2.00395667386774,"val_1se",5,98,4,TRUE,96
45.9,23.1,22.8,6.9,547.2,0.503267973856209,0.77,0.608695652173913,0.4375,1.02585674046647,2.24053337790908,"val_1se_localonly",5,98,4,TRUE,NA
20.2,19.1,1.1,10.9,568.9,0.945544554455445,0.636666666666667,0.760956175298805,0.614147909967846,1.0483546192943,2.23880956382329,"val_1se_local_thresh",5,98,4,TRUE,NA
25,25,0,5,570,1,0.833333333333333,0.909090909090909,0.833333333333333,0.972728125515498,2.02571214805261,"val_1se_thresh",5,98,4,TRUE,25
72,30,42,0,528,0.416666666666667,1,0.588235294117647,0.416666666666667,0.98961178254704,2.07684656762398,"BIC_corrected",5,98,3,TRUE,72
40.4,22.2,18.2,7.8,551.8,0.54950495049505,0.74,0.630681818181818,0.460580912863071,1.05244060104823,2.29770613262501,"BIC_corrected_localonly",5,98,3,TRUE,NA
20.4,17.4,3,12.6,567,0.852941176470588,0.58,0.69047619047619,0.527272727272727,1.08140488078462,2.35901729659003,"BIC_corrected_local_thresh",5,98,3,TRUE,NA
25,25,0,5,570,1,0.833333333333333,0.909090909090909,0.833333333333333,1.00400205176035,2.07575306615556,"BIC_corrected_thresh",5,98,3,TRUE,25
61,28,33,2,537,0.459016393442623,0.933333333333333,0.615384615384615,0.444444444444444,1.19549096369353,2.41938962931096,"path_best_F1",5,98,3,TRUE,61
205,30,175,0,395,0.146341463414634,1,0.25531914893617,0.146341463414634,0.703514096016557,1.50820669372891,"val_mse",5,99,5,TRUE,205
96.6,28.4,68.2,1.6,501.8,0.29399585921325,0.946666666666667,0.448657187993681,0.289205702647658,0.841184645858674,1.77478024301522,"val_mse_localonly",5,99,5,TRUE,NA
30.7,23.5,7.2,6.5,562.8,0.765472312703583,0.783333333333333,0.774299835255354,0.631720430107527,0.847123118468569,1.77146157832173,"val_mse_local_thresh",5,99,5,TRUE,NA
84,30,54,0,516,0.357142857142857,1,0.526315789473684,0.357142857142857,0.961792478531944,1.99267346816512,"val_1se",5,99,3,TRUE,84
44.8,24.4,20.4,5.6,549.6,0.544642857142857,0.813333333333333,0.6524064171123,0.484126984126984,1.01839765203987,2.15473115599597,"val_1se_localonly",5,99,3,TRUE,NA
18.7,17.4,1.3,12.6,568.7,0.93048128342246,0.58,0.714579055441478,0.55591054313099,1.08673166289865,2.2782965372588,"val_1se_local_thresh",5,99,3,TRUE,NA
25,25,0,5,570,1,0.833333333333333,0.909090909090909,0.833333333333333,0.98421800353217,2.00742447573612,"val_1se_thresh",5,99,3,TRUE,25
102,30,72,0,498,0.294117647058824,1,0.454545454545455,0.294117647058824,0.885045487359345,1.84643446182158,"BIC_corrected",5,99,4,TRUE,102
56.1,25.1,31,4.9,539,0.447415329768271,0.836666666666667,0.583042973286876,0.411475409836066,0.956329315408065,2.05687011070411,"BIC_corrected_localonly",5,99,4,TRUE,NA
22.1,20.6,1.5,9.4,568.5,0.932126696832579,0.686666666666667,0.790786948176584,0.653968253968254,0.981298420107603,2.10458550534581,"BIC_corrected_local_thresh",5,99,4,TRUE,NA
25,25,0,5,570,1,0.833333333333333,0.909090909090909,0.833333333333333,0.91573485335771,1.83627199263092,"BIC_corrected_thresh",5,99,4,TRUE,25
59,30,29,0,541,0.508474576271186,1,0.674157303370786,0.508474576271186,1.08006102162536,2.2687052245582,"path_best_F1",5,99,3,TRUE,59
224,30,194,0,376,0.133928571428571,1,0.236220472440945,0.133928571428571,0.736805790202545,1.2891992180214,"val_mse",5,100,5,TRUE,224
109.8,25.8,84,4.2,486,0.234972677595628,0.86,0.369098712446352,0.226315789473684,0.867726677371722,1.56026562325797,"val_mse_localonly",5,100,5,TRUE,NA
25.9,22.2,3.7,7.8,566.3,0.857142857142857,0.74,0.794275491949911,0.658753709198813,0.852356437403717,1.62509440232753,"val_mse_local_thresh",5,100,5,TRUE,NA
85,30,55,0,515,0.352941176470588,1,0.521739130434783,0.352941176470588,0.930789989202361,1.54156773319536,"val_1se",5,100,3,TRUE,85
45.8,23.4,22.4,6.6,547.6,0.510917030567686,0.78,0.617414248021108,0.446564885496183,0.994278794834613,1.75361182127782,"val_1se_localonly",5,100,3,TRUE,NA
21.6,19.8,1.8,10.2,568.2,0.916666666666667,0.66,0.767441860465116,0.622641509433962,1.02209548061982,1.82048353841211,"val_1se_local_thresh",5,100,3,TRUE,NA
28,27,1,3,569,0.964285714285714,0.9,0.931034482758621,0.870967741935484,0.931722330184769,1.58141235775765,"val_1se_thresh",5,100,3,TRUE,28
85,30,55,0,515,0.352941176470588,1,0.521739130434783,0.352941176470588,0.923838942913189,1.53171995385552,"BIC_corrected",5,100,3,TRUE,85
46.2,23.8,22.4,6.2,547.6,0.515151515151515,0.793333333333333,0.624671916010499,0.454198473282443,0.987476762622987,1.73778351796365,"BIC_corrected_localonly",5,100,3,TRUE,NA
22,20,2,10,568,0.909090909090909,0.666666666666667,0.769230769230769,0.625,1.01860402541873,1.8098557383023,"BIC_corrected_local_thresh",5,100,3,TRUE,NA
28,27,1,3,569,0.964285714285714,0.9,0.931034482758621,0.870967741935484,0.924468382860439,1.57586766758705,"BIC_corrected_thresh",5,100,3,TRUE,28
51,27,24,3,546,0.529411764705882,0.9,0.666666666666667,0.5,1.222019561138,2.02237735289395,"path_best_F1",5,100,3,TRUE,51
