K,rep,seed,n_site,fedavg_FP,pooled_FP,fedavg_FP_fraction,pooled_FP_fraction,max_epoch_difference,max_fedavg_formula_error,pooled_formula_error,rounds_E1,rounds_E3,rounds_E20
2,0,20260911,120,2,0,0.16666666666666666,0,1.3877787807814457e-17,1.3877787807814457e-17,0,2,2,2
2,1,20260911,120,2,0,0.16666666666666666,0,4.4235448637408581e-17,4.2500725161431774e-17,0,2,2,2
2,2,20260911,120,5,1,0.41666666666666669,0.083333333333333329,4.8572257327350599e-17,6.2450045135165055e-17,1.3877787807814457e-17,2,2,2
2,3,20260911,120,3,1,0.25,0.083333333333333329,4.3368086899420177e-17,3.2959746043559335e-17,3.1225022567582528e-17,2,2,2
2,4,20260911,120,1,0,0.083333333333333329,0,1.474514954580286e-17,1.9949319973733282e-17,0,2,2,2
2,5,20260911,120,5,1,0.41666666666666669,0.083333333333333329,4.5102810375396984e-17,6.4184768611141862e-17,1.6696713456276768e-17,2,2,2
2,6,20260911,120,1,0,0.083333333333333329,0,2.9707139526102821e-17,1.8431436932253575e-17,0,2,2,2
2,7,20260911,120,3,0,0.25,0,5.9197438617708542e-17,4.1958624075189022e-17,0,2,2,2
2,8,20260911,120,3,1,0.25,0.083333333333333329,9.0205620750793969e-17,5.8980598183211441e-17,1.214306433183765e-17,2,2,2
2,9,20260911,120,1,0,0.083333333333333329,0,0,3.4694469519536142e-18,0,2,2,2
2,10,20260911,120,4,0,0.33333333333333331,0,8.8470897274817162e-17,4.6837533851373792e-17,0,2,2,2
2,11,20260911,120,2,0,0.16666666666666666,0,5.8980598183211441e-17,4.6837533851373792e-17,0,2,2,2
2,12,20260911,120,1,0,0.083333333333333329,0,3.1225022567582528e-17,2.0816681711721685e-17,0,2,2,2
2,13,20260911,120,2,0,0.16666666666666666,0,1.5612511283791264e-17,2.7755575615628914e-17,0,2,2,2
2,14,20260911,120,0,0,0,0,0,0,0,1,1,1
2,15,20260911,120,2,0,0.16666666666666666,0,2.9490299091605721e-17,2.1250362580715887e-17,0,2,2,2
2,16,20260911,120,1,0,0.083333333333333329,0,1.474514954580286e-17,1.2576745200831851e-17,0,2,2,2
2,17,20260911,120,0,0,0,0,0,0,0,1,1,1
2,18,20260911,120,2,0,0.16666666666666666,0,2.9490299091605721e-17,1.9949319973733282e-17,0,2,2,2
2,19,20260911,120,2,0,0.16666666666666666,0,0,1.7347234759768071e-17,0,2,2,2
2,20,20260911,120,4,0,0.33333333333333331,0,3.1225022567582528e-17,5.5511151231257827e-17,0,2,2,2
2,21,20260911,120,3,0,0.25,0,1.7347234759768071e-17,5.8980598183211441e-17,0,2,2,2
2,22,20260911,120,1,0,0.083333333333333329,0,4.5102810375396984e-17,2.4286128663675299e-17,0,2,2,2
2,23,20260911,120,3,0,0.25,0,3.1225022567582528e-17,2.3201926491189795e-17,0,2,2,2
2,24,20260911,120,1,0,0.083333333333333329,0,7.3725747729014302e-17,5.8980598183211441e-17,0,2,2,2
2,25,20260911,120,2,0,0.16666666666666666,0,4.5102810375396984e-17,5.2909066017292616e-17,0,2,2,2
2,26,20260911,120,3,0,0.25,0,3.0357660829594124e-17,3.3827107781547738e-17,0,2,2,2
2,27,20260911,120,3,0,0.25,0,1.474514954580286e-17,3.2092384305570931e-17,0,2,2,2
2,28,20260911,120,3,0,0.25,0,4.4452289071905682e-17,4.7488055154865094e-17,0,2,2,2
2,29,20260911,120,3,1,0.25,0.083333333333333329,4.163336342344337e-17,3.1225022567582528e-17,2.7755575615628914e-17,2,2,2
2,30,20260911,120,6,1,0.5,0.083333333333333329,5.8980598183211441e-17,3.2959746043559335e-17,3.4694469519536142e-17,2,2,2
2,31,20260911,120,0,0,0,0,0,0,0,1,1,1
2,32,20260911,120,2,0,0.16666666666666666,0,0,3.4694469519536142e-17,0,2,2,2
2,33,20260911,120,1,0,0.083333333333333329,0,0,2.0816681711721685e-17,0,2,2,2
2,34,20260911,120,4,0,0.33333333333333331,0,4.5102810375396984e-17,3.5561831257524545e-17,0,2,2,2
2,35,20260911,120,1,0,0.083333333333333329,0,5.5511151231257827e-17,4.163336342344337e-17,0,2,2,2
2,36,20260911,120,3,1,0.25,0.083333333333333329,2.9490299091605721e-17,3.4694469519536142e-17,5.2041704279304213e-17,2,2,2
2,37,20260911,120,0,0,0,0,0,0,0,1,1,1
2,38,20260911,120,1,0,0.083333333333333329,0,3.0357660829594124e-17,6.4184768611141862e-17,0,2,2,2
2,39,20260911,120,4,0,0.33333333333333331,0,4.5102810375396984e-17,2.7755575615628914e-17,0,2,2,2
2,40,20260911,120,1,0,0.083333333333333329,0,2.7755575615628914e-17,2.7755575615628914e-17,0,2,2,2
2,41,20260911,120,2,0,0.16666666666666666,0,1.474514954580286e-17,1.7780915628762273e-17,0,2,2,2
2,42,20260911,120,1,0,0.083333333333333329,0,0,3.4694469519536142e-18,0,2,2,2
2,43,20260911,120,0,0,0,0,0,0,0,1,1,1
2,44,20260911,120,1,1,0.083333333333333329,0.083333333333333329,2.7755575615628914e-17,4.163336342344337e-17,1.5612511283791264e-17,2,2,2
2,45,20260911,120,4,0,0.33333333333333331,0,5.9197438617708542e-17,4.163336342344337e-17,0,2,2,2
2,46,20260911,120,3,0,0.25,0,7.3942588163511402e-17,6.5268970783627367e-17,0,2,2,2
2,47,20260911,120,3,0,0.25,0,2.7755575615628914e-17,4.163336342344337e-17,0,2,2,2
2,48,20260911,120,1,0,0.083333333333333329,0,3.4694469519536142e-17,4.163336342344337e-17,0,2,2,2
2,49,20260911,120,2,0,0.16666666666666666,0,3.1225022567582528e-17,3.4694469519536142e-17,0,2,2,2
2,50,20260911,120,1,0,0.083333333333333329,0,0,7.3725747729014302e-18,0,2,2,2
2,51,20260911,120,4,1,0.33333333333333331,0.083333333333333329,2.9490299091605721e-17,5.2041704279304213e-17,2.4286128663675299e-17,2,2,2
2,52,20260911,120,1,0,0.083333333333333329,0,4.4235448637408581e-17,5.9847959921199845e-17,0,2,2,2
2,53,20260911,120,1,0,0.083333333333333329,0,1.474514954580286e-17,8.6736173798840355e-18,0,2,2,2
2,54,20260911,120,2,0,0.16666666666666666,0,7.2858385991025898e-17,4.8572257327350599e-17,0,2,2,2
2,55,20260911,120,0,0,0,0,0,0,0,1,1,1
2,56,20260911,120,3,0,0.25,0,2.9490299091605721e-17,4.5536491244391186e-17,0,2,2,2
2,57,20260911,120,2,0,0.16666666666666666,0,3.4694469519536142e-17,3.8163916471489756e-17,0,2,2,2
2,58,20260911,120,3,0,0.25,0,1.5178830414797062e-17,1.6479873021779667e-17,0,2,2,2
2,59,20260911,120,2,0,0.16666666666666666,0,1.474514954580286e-17,2.8622937353617317e-17,0,2,2,2
2,60,20260911,120,3,0,0.25,0,2.9490299091605721e-17,2.0816681711721685e-17,0,2,2,2
2,61,20260911,120,1,0,0.083333333333333329,0,1.7347234759768071e-17,3.8163916471489756e-17,0,2,2,2
2,62,20260911,120,3,0,0.25,0,3.4694469519536142e-17,3.8163916471489756e-17,0,2,2,2
2,63,20260911,120,2,0,0.16666666666666666,0,3.1225022567582528e-17,4.163336342344337e-17,0,2,2,2
2,64,20260911,120,3,0,0.25,0,1.5612511283791264e-17,1.9081958235744878e-17,0,2,2,2
2,65,20260911,120,2,0,0.16666666666666666,0,2.9490299091605721e-17,3.4694469519536142e-17,0,2,2,2
2,66,20260911,120,2,0,0.16666666666666666,0,4.5102810375396984e-17,2.4286128663675299e-17,0,2,2,2
2,67,20260911,120,3,1,0.25,0.083333333333333329,5.8980598183211441e-17,3.8163916471489756e-17,1.0408340855860843e-17,2,2,2
2,68,20260911,120,5,1,0.41666666666666669,0.083333333333333329,4.4235448637408581e-17,4.163336342344337e-17,5.5511151231257827e-17,2,2,2
2,69,20260911,120,2,0,0.16666666666666666,0,1.4812912181583204e-17,3.6144589925235504e-17,0,2,2,2
2,70,20260911,120,2,0,0.16666666666666666,0,4.5102810375396984e-17,4.5102810375396984e-17,0,2,2,2
2,71,20260911,120,3,0,0.25,0,0,2.0816681711721685e-17,0,2,2,2
2,72,20260911,120,3,0,0.25,0,3.1225022567582528e-17,2.4286128663675299e-17,0,2,2,2
2,73,20260911,120,1,0,0.083333333333333329,0,0,8.6736173798840355e-19,0,2,2,2
2,74,20260911,120,2,1,0.16666666666666666,0.083333333333333329,1.3877787807814457e-17,2.4286128663675299e-17,3.9898639947466563e-17,2,2,2
2,75,20260911,120,3,0,0.25,0,2.9490299091605721e-17,3.2959746043559335e-17,0,2,2,2
2,76,20260911,120,1,0,0.083333333333333329,0,0,1.5612511283791264e-17,0,2,2,2
2,77,20260911,120,2,0,0.16666666666666666,0,4.4669129506402783e-17,4.6837533851373792e-17,0,2,2,2
2,78,20260911,120,2,0,0.16666666666666666,0,4.8572257327350599e-17,5.8980598183211441e-17,0,2,2,2
2,79,20260911,120,2,0,0.16666666666666666,0,1.7347234759768071e-17,4.5102810375396984e-17,0,2,2,2
2,80,20260911,120,4,1,0.33333333333333331,0.083333333333333329,1.3877787807814457e-17,2.0816681711721685e-17,2.0383000842727483e-17,2,2,2
2,81,20260911,120,3,1,0.25,0.083333333333333329,2.9490299091605721e-17,2.2985086056692694e-17,1.214306433183765e-17,2,2,2
2,82,20260911,120,2,0,0.16666666666666666,0,1.7347234759768071e-17,1.5612511283791264e-17,0,2,2,2
2,83,20260911,120,5,3,0.41666666666666669,0.25,2.7755575615628914e-17,8.3266726846886741e-17,4.163336342344337e-17,2,2,2
2,84,20260911,120,2,1,0.16666666666666666,0.083333333333333329,6.9388939039072284e-17,4.163336342344337e-17,3.2092384305570931e-17,2,2,2
2,85,20260911,120,0,0,0,0,0,0,0,1,1,1
2,86,20260911,120,2,1,0.16666666666666666,0.083333333333333329,1.5612511283791264e-17,3.4694469519536142e-17,3.8163916471489756e-17,2,2,2
2,87,20260911,120,2,0,0.16666666666666666,0,3.1225022567582528e-17,2.7755575615628914e-17,0,2,2,2
2,88,20260911,120,3,0,0.25,0,3.1225022567582528e-17,3.3827107781547738e-17,0,2,2,2
2,89,20260911,120,2,0,0.16666666666666666,0,1.5612511283791264e-17,2.4286128663675299e-17,0,2,2,2
2,90,20260911,120,4,0,0.33333333333333331,0,5.8980598183211441e-17,3.4694469519536142e-17,0,2,2,2
2,91,20260911,120,2,0,0.16666666666666666,0,1.3877787807814457e-17,3.1225022567582528e-17,0,2,2,2
2,92,20260911,120,4,1,0.33333333333333331,0.083333333333333329,5.8980598183211441e-17,5.5511151231257827e-17,1.9949319973733282e-17,2,2,2
2,93,20260911,120,0,0,0,0,0,0,0,1,1,1
2,94,20260911,120,3,1,0.25,0.083333333333333329,1.3877787807814457e-17,2.6020852139652106e-17,2.5153490401663703e-17,2,2,2
2,95,20260911,120,3,0,0.25,0,5.5511151231257827e-17,4.163336342344337e-17,0,2,2,2
2,96,20260911,120,2,0,0.16666666666666666,0,2.9490299091605721e-17,4.5102810375396984e-17,0,2,2,2
2,97,20260911,120,3,0,0.25,0,4.4452289071905682e-17,3.8163916471489756e-17,0,2,2,2
2,98,20260911,120,2,0,0.16666666666666666,0,2.9598719308854271e-17,1.5720931501039814e-17,0,2,2,2
2,99,20260911,120,2,0,0.16666666666666666,0,2.7755575615628914e-17,4.163336342344337e-17,0,2,2,2
2,100,20260911,120,4,0,0.33333333333333331,0,5.5511151231257827e-17,1.3877787807814457e-16,0,2,2,2
2,101,20260911,120,2,0,0.16666666666666666,0,2.9490299091605721e-17,2.688821387764051e-17,0,2,2,2
2,102,20260911,120,1,0,0.083333333333333329,0,2.9490299091605721e-17,2.2551405187698492e-17,0,2,2,2
2,103,20260911,120,1,0,0.083333333333333329,0,7.4159428598008503e-17,5.9847959921199845e-17,0,2,2,2
2,104,20260911,120,1,0,0.083333333333333329,0,0,2.7755575615628914e-17,0,2,2,2
2,105,20260911,120,2,0,0.16666666666666666,0,2.9490299091605721e-17,2.2551405187698492e-17,0,2,2,2
2,106,20260911,120,3,0,0.25,0,4.3368086899420177e-17,3.8163916471489756e-17,0,2,2,2
2,107,20260911,120,2,0,0.16666666666666666,0,1.3530843112619095e-16,7.6327832942979512e-17,0,2,2,2
2,108,20260911,120,2,1,0.16666666666666666,0.083333333333333329,1.474514954580286e-17,1.9081958235744878e-17,5.6378512969246231e-18,2,2,2
2,109,20260911,120,2,0,0.16666666666666666,0,1.7347234759768071e-17,3.1225022567582528e-17,0,2,2,2
2,110,20260911,120,2,0,0.16666666666666666,0,0,2.3418766925686896e-17,0,2,2,2
2,111,20260911,120,0,0,0,0,0,0,0,1,1,1
2,112,20260911,120,2,0,0.16666666666666666,0,5.9847959921199845e-17,3.8163916471489756e-17,0,2,2,2
2,113,20260911,120,1,0,0.083333333333333329,0,2.7755575615628914e-17,4.163336342344337e-17,0,2,2,2
2,114,20260911,120,5,0,0.41666666666666669,0,4.4235448637408581e-17,4.8572257327350599e-17,0,2,2,2
2,115,20260911,120,1,0,0.083333333333333329,0,0,5.2041704279304213e-18,0,2,2,2
2,116,20260911,120,2,0,0.16666666666666666,0,0,2.2551405187698492e-17,0,2,2,2
2,117,20260911,120,2,0,0.16666666666666666,0,5.5511151231257827e-17,4.163336342344337e-17,0,2,2,2
2,118,20260911,120,0,0,0,0,0,0,0,1,1,1
2,119,20260911,120,2,0,0.16666666666666666,0,6.2450045135165055e-17,3.6429192995512949e-17,0,2,2,2
2,120,20260911,120,1,0,0.083333333333333329,0,1.7347234759768071e-17,4.8572257327350599e-17,0,2,2,2
2,121,20260911,120,2,1,0.16666666666666666,0.083333333333333329,1.7347234759768071e-17,1.3877787807814457e-17,1.3877787807814457e-17,2,2,2
2,122,20260911,120,2,0,0.16666666666666666,0,2.7755575615628914e-17,1.3877787807814457e-17,0,2,2,2
2,123,20260911,120,3,1,0.25,0.083333333333333329,4.8572257327350599e-17,4.163336342344337e-17,2.7755575615628914e-17,2,2,2
2,124,20260911,120,3,0,0.25,0,3.4694469519536142e-17,4.163336342344337e-17,0,2,2,2
2,125,20260911,120,3,0,0.25,0,1.3877787807814457e-17,2.0816681711721685e-17,0,2,2,2
2,126,20260911,120,2,0,0.16666666666666666,0,2.9490299091605721e-17,5.2909066017292616e-17,0,2,2,2
2,127,20260911,120,3,1,0.25,0.083333333333333329,2.0816681711721685e-17,4.163336342344337e-17,1.0842021724855044e-17,2,2,2
2,128,20260911,120,2,0,0.16666666666666666,0,2.9490299091605721e-17,6.2450045135165055e-17,0,2,2,2
2,129,20260911,120,2,1,0.16666666666666666,0.083333333333333329,6.9388939039072284e-17,5.5511151231257827e-17,2.4286128663675299e-17,2,2,2
2,130,20260911,120,2,1,0.16666666666666666,0.083333333333333329,1.3877787807814457e-17,1.7347234759768071e-17,1.0408340855860843e-17,2,2,2
2,131,20260911,120,3,1,0.25,0.083333333333333329,6.2450045135165055e-17,5.5511151231257827e-17,5.5511151231257827e-17,2,2,2
2,132,20260911,120,1,0,0.083333333333333329,0,1.3877787807814457e-17,5.5511151231257827e-17,0,2,2,2
2,133,20260911,120,3,0,0.25,0,3.1225022567582528e-17,3.3827107781547738e-17,0,2,2,2
2,134,20260911,120,2,0,0.16666666666666666,0,4.5102810375396984e-17,6.0715321659188248e-17,0,2,2,2
2,135,20260911,120,1,0,0.083333333333333329,0,0,6.9388939039072284e-18,0,2,2,2
2,136,20260911,120,3,1,0.25,0.083333333333333329,4.4235448637408581e-17,3.8163916471489756e-17,3.5128150388530344e-17,2,2,2
2,137,20260911,120,4,0,0.33333333333333331,0,4.5102810375396984e-17,5.2041704279304213e-17,0,2,2,2
2,138,20260911,120,2,0,0.16666666666666666,0,2.7755575615628914e-17,3.4694469519536142e-17,0,2,2,2
2,139,20260911,120,2,0,0.16666666666666666,0,3.0357660829594124e-17,3.2092384305570931e-17,0,2,2,2
2,140,20260911,120,1,0,0.083333333333333329,0,1.3877787807814457e-17,1.0408340855860843e-17,0,2,2,2
2,141,20260911,120,4,0,0.33333333333333331,0,4.5102810375396984e-17,4.163336342344337e-17,0,2,2,2
2,142,20260911,120,1,0,0.083333333333333329,0,4.3368086899420177e-17,4.6837533851373792e-17,0,2,2,2
2,143,20260911,120,3,0,0.25,0,9.0205620750793969e-17,7.6327832942979512e-17,0,2,2,2
2,144,20260911,120,4,1,0.33333333333333331,0.083333333333333329,4.8572257327350599e-17,4.8572257327350599e-17,2.0816681711721685e-17,2,2,2
2,145,20260911,120,4,0,0.33333333333333331,0,1.474514954580286e-17,2.9598719308854271e-17,0,2,2,2
2,146,20260911,120,0,0,0,0,0,0,0,1,1,1
2,147,20260911,120,1,0,0.083333333333333329,0,4.8572257327350599e-17,4.163336342344337e-17,0,2,2,2
2,148,20260911,120,2,0,0.16666666666666666,0,0,1.9081958235744878e-17,0,2,2,2
2,149,20260911,120,3,0,0.25,0,2.9923979960599922e-17,3.2526065174565133e-17,0,2,2,2
2,150,20260911,120,3,0,0.25,0,5.8980598183211441e-17,3.2959746043559335e-17,0,2,2,2
2,151,20260911,120,0,0,0,0,0,0,0,1,1,1
2,152,20260911,120,1,0,0.083333333333333329,0,3.1225022567582528e-17,4.8572257327350599e-17,0,2,2,2
2,153,20260911,120,1,1,0.083333333333333329,0.083333333333333329,3.1225022567582528e-17,4.163336342344337e-17,6.2450045135165055e-17,2,2,2
2,154,20260911,120,5,2,0.41666666666666669,0.16666666666666666,4.4235448637408581e-17,3.5561831257524545e-17,3.1225022567582528e-17,2,2,2
2,155,20260911,120,1,0,0.083333333333333329,0,0,0,0,2,2,2
2,156,20260911,120,2,0,0.16666666666666666,0,5.9197438617708542e-17,5.0957502106818708e-17,0,2,2,2
2,157,20260911,120,2,0,0.16666666666666666,0,1.3877787807814457e-17,2.4286128663675299e-17,0,2,2,2
2,158,20260911,120,4,2,0.33333333333333331,0.16666666666666666,2.9490299091605721e-17,1.0408340855860843e-16,6.9388939039072284e-17,2,2,2
2,159,20260911,120,5,0,0.41666666666666669,0,4.4398078963281407e-17,8.3266726846886741e-17,0,2,2,2
2,160,20260911,120,1,0,0.083333333333333329,0,2.9923979960599922e-17,3.903127820947816e-17,0,2,2,2
2,161,20260911,120,4,1,0.33333333333333331,0.083333333333333329,4.163336342344337e-17,9.7144514654701197e-17,6.9388939039072284e-17,2,2,2
2,162,20260911,120,4,1,0.33333333333333331,0.083333333333333329,1.0408340855860843e-16,7.6327832942979512e-17,0,2,2,2
2,163,20260911,120,2,1,0.16666666666666666,0.083333333333333329,1.474514954580286e-17,2.4286128663675299e-17,3.2526065174565133e-18,2,2,2
2,164,20260911,120,1,0,0.083333333333333329,0,0,4.8572257327350599e-17,0,2,2,2
2,165,20260911,120,3,0,0.25,0,4.3368086899420177e-17,3.2959746043559335e-17,0,2,2,2
2,166,20260911,120,2,0,0.16666666666666666,0,2.9490299091605721e-17,4.5102810375396984e-17,0,2,2,2
2,167,20260911,120,4,1,0.33333333333333331,0.083333333333333329,3.1225022567582528e-17,2.7755575615628914e-17,6.9388939039072284e-18,2,2,2
2,168,20260911,120,2,1,0.16666666666666666,0.083333333333333329,4.5102810375396984e-17,5.2041704279304213e-17,1.7347234759768071e-18,2,2,2
2,169,20260911,120,3,1,0.25,0.083333333333333329,2.9490299091605721e-17,2.5153490401663703e-17,1.7347234759768071e-18,2,2,2
2,170,20260911,120,2,1,0.16666666666666666,0.083333333333333329,1.3877787807814457e-17,2.0816681711721685e-17,4.4235448637408581e-17,2,2,2
2,171,20260911,120,4,0,0.33333333333333331,0,7.3725747729014302e-17,4.4669129506402783e-17,0,2,2,2
2,172,20260911,120,2,0,0.16666666666666666,0,2.9490299091605721e-17,3.6429192995512949e-17,0,2,2,2
2,173,20260911,120,2,1,0.16666666666666666,0.083333333333333329,4.4425184017593544e-17,4.1687573532067645e-17,2.5587171270657905e-17,2,2,2
2,174,20260911,120,0,0,0,0,0,0,0,1,1,1
2,175,20260911,120,2,0,0.16666666666666666,0,4.4669129506402783e-17,3.2526065174565133e-17,0,2,2,2
2,176,20260911,120,1,0,0.083333333333333329,0,0,2.6020852139652106e-17,0,2,2,2
2,177,20260911,120,3,0,0.25,0,7.3942588163511402e-17,4.401860820291148e-17,0,2,2,2
2,178,20260911,120,1,0,0.083333333333333329,0,2.7755575615628914e-17,4.163336342344337e-17,0,2,2,2
2,179,20260911,120,3,0,0.25,0,2.9490299091605721e-17,3.4694469519536142e-17,0,2,2,2
2,180,20260911,120,3,1,0.25,0.083333333333333329,4.4235448637408581e-17,3.9464959078472361e-17,1.0408340855860843e-17,2,2,2
2,181,20260911,120,1,0,0.083333333333333329,0,0,2.0816681711721685e-17,0,2,2,2
2,182,20260911,120,2,0,0.16666666666666666,0,2.7755575615628914e-17,2.8189256484623115e-17,0,2,2,2
2,183,20260911,120,1,0,0.083333333333333329,0,1.3877787807814457e-17,2.0816681711721685e-17,0,2,2,2
2,184,20260911,120,2,0,0.16666666666666666,0,4.3368086899420177e-17,4.3368086899420177e-17,0,2,2,2
2,185,20260911,120,1,0,0.083333333333333329,0,1.3877787807814457e-17,1.3877787807814457e-17,0,2,2,2
2,186,20260911,120,2,0,0.16666666666666666,0,1.3877787807814457e-17,2.7755575615628914e-17,0,2,2,2
2,187,20260911,120,3,0,0.25,0,4.5102810375396984e-17,3.1225022567582528e-17,0,2,2,2
2,188,20260911,120,2,0,0.16666666666666666,0,4.4343868854657131e-17,2.3093506273941244e-17,0,2,2,2
2,189,20260911,120,1,0,0.083333333333333329,0,1.474514954580286e-17,2.3418766925686896e-17,0,2,2,2
2,190,20260911,120,2,0,0.16666666666666666,0,3.2959746043559335e-17,3.1225022567582528e-17,0,2,2,2
2,191,20260911,120,1,0,0.083333333333333329,0,2.9490299091605721e-17,2.6020852139652106e-17,0,2,2,2
2,192,20260911,120,2,1,0.16666666666666666,0.083333333333333329,2.7755575615628914e-17,2.4286128663675299e-17,3.4694469519536142e-17,2,2,2
2,193,20260911,120,3,0,0.25,0,2.7755575615628914e-17,6.2450045135165055e-17,0,2,2,2
2,194,20260911,120,4,0,0.33333333333333331,0,4.5102810375396984e-17,4.5102810375396984e-17,0,2,2,2
2,195,20260911,120,5,0,0.41666666666666669,0,1.0581813203458523e-16,7.4593109467002705e-17,0,2,2,2
2,196,20260911,120,1,0,0.083333333333333329,0,1.3877787807814457e-17,2.7755575615628914e-17,0,2,2,2
2,197,20260911,120,2,0,0.16666666666666666,0,1.474514954580286e-17,4.163336342344337e-17,0,2,2,2
2,198,20260911,120,2,0,0.16666666666666666,0,0,2.5153490401663703e-17,0,2,2,2
2,199,20260911,120,2,0,0.16666666666666666,0,4.4235448637408581e-17,3.3176586478056436e-17,0,2,2,2
2,200,20260911,120,2,0,0.16666666666666666,0,5.8980598183211441e-17,2.9490299091605721e-17,0,2,2,2
2,201,20260911,120,0,0,0,0,0,0,0,1,1,1
2,202,20260911,120,4,0,0.33333333333333331,0,3.1225022567582528e-17,3.4694469519536142e-17,0,2,2,2
2,203,20260911,120,2,0,0.16666666666666666,0,0,3.1225022567582528e-17,0,2,2,2
2,204,20260911,120,4,0,0.33333333333333331,0,4.5102810375396984e-17,6.0715321659188248e-17,0,2,2,2
2,205,20260911,120,3,0,0.25,0,4.5102810375396984e-17,2.7755575615628914e-17,0,2,2,2
2,206,20260911,120,1,0,0.083333333333333329,0,2.9598719308854271e-17,1.7672495411513722e-17,0,2,2,2
2,207,20260911,120,4,0,0.33333333333333331,0,6.9388939039072284e-17,5.8980598183211441e-17,0,2,2,2
2,208,20260911,120,2,0,0.16666666666666666,0,2.7755575615628914e-17,4.163336342344337e-17,0,2,2,2
2,209,20260911,120,1,0,0.083333333333333329,0,0,6.9388939039072284e-18,0,2,2,2
2,210,20260911,120,1,0,0.083333333333333329,0,2.9490299091605721e-17,3.3827107781547738e-17,0,2,2,2
2,211,20260911,120,2,0,0.16666666666666666,0,2.7755575615628914e-17,2.4286128663675299e-17,0,2,2,2
2,212,20260911,120,2,0,0.16666666666666666,0,4.5102810375396984e-17,6.591949208711867e-17,0,2,2,2
2,213,20260911,120,2,0,0.16666666666666666,0,1.5612511283791264e-17,3.1225022567582528e-17,0,2,2,2
2,214,20260911,120,1,0,0.083333333333333329,0,1.7347234759768071e-17,1.0408340855860843e-17,0,2,2,2
2,215,20260911,120,3,0,0.25,0,4.3368086899420177e-17,3.8163916471489756e-17,0,2,2,2
2,216,20260911,120,2,1,0.16666666666666666,0.083333333333333329,2.9490299091605721e-17,2.0816681711721685e-17,1.3877787807814457e-17,2,2,2
2,217,20260911,120,3,0,0.25,0,1.7347234759768071e-17,2.0816681711721685e-17,0,2,2,2
2,218,20260911,120,5,0,0.41666666666666669,0,6.2450045135165055e-17,5.1174342541315809e-17,0,2,2,2
2,219,20260911,120,2,0,0.16666666666666666,0,4.5102810375396984e-17,2.7755575615628914e-17,0,2,2,2
2,220,20260911,120,1,1,0.083333333333333329,0.083333333333333329,0,3.8163916471489756e-17,2.0816681711721685e-17,2,2,2
2,221,20260911,120,5,0,0.41666666666666669,0,4.4235448637408581e-17,5.5511151231257827e-17,0,2,2,2
2,222,20260911,120,5,0,0.41666666666666669,0,4.5102810375396984e-17,3.2959746043559335e-17,0,2,2,2
2,223,20260911,120,4,0,0.33333333333333331,0,5.8980598183211441e-17,4.8572257327350599e-17,0,2,2,2
2,224,20260911,120,2,0,0.16666666666666666,0,0,8.6736173798840355e-18,0,2,2,2
2,225,20260911,120,2,0,0.16666666666666666,0,1.3877787807814457e-17,1.7347234759768071e-17,0,2,2,2
2,226,20260911,120,0,0,0,0,0,0,0,1,1,1
2,227,20260911,120,2,1,0.16666666666666666,0.083333333333333329,4.5102810375396984e-17,4.5102810375396984e-17,3.1225022567582528e-17,2,2,2
2,228,20260911,120,3,0,0.25,0,5.8980598183211441e-17,2.9490299091605721e-17,0,2,2,2
2,229,20260911,120,1,0,0.083333333333333329,0,5.9847959921199845e-17,9.1940344226770776e-17,0,2,2,2
2,230,20260911,120,1,0,0.083333333333333329,0,0,2.9490299091605721e-17,0,2,2,2
2,231,20260911,120,2,0,0.16666666666666666,0,4.3368086899420177e-17,4.6837533851373792e-17,0,2,2,2
2,232,20260911,120,4,1,0.33333333333333331,0.083333333333333329,4.163336342344337e-17,4.163336342344337e-17,1.0408340855860843e-17,2,2,2
2,233,20260911,120,3,0,0.25,0,4.4452289071905682e-17,4.6837533851373792e-17,0,2,2,2
2,234,20260911,120,2,0,0.16666666666666666,0,2.7755575615628914e-17,3.1225022567582528e-17,0,2,2,2
2,235,20260911,120,1,0,0.083333333333333329,0,2.9490299091605721e-17,3.4694469519536142e-17,0,2,2,2
2,236,20260911,120,3,0,0.25,0,7.2858385991025898e-17,4.5102810375396984e-17,0,2,2,2
2,237,20260911,120,4,1,0.33333333333333331,0.083333333333333329,9.0205620750793969e-17,8.3266726846886741e-17,6.9388939039072284e-18,2,2,2
2,238,20260911,120,1,0,0.083333333333333329,0,1.3877787807814457e-17,2.0816681711721685e-17,0,2,2,2
2,239,20260911,120,2,0,0.16666666666666666,0,2.7755575615628914e-17,3.8163916471489756e-17,0,2,2,2
2,240,20260911,120,3,1,0.25,0.083333333333333329,3.4694469519536142e-17,6.2450045135165055e-17,5.2041704279304213e-18,2,2,2
2,241,20260911,120,1,0,0.083333333333333329,0,1.5612511283791264e-17,3.8163916471489756e-17,0,2,2,2
2,242,20260911,120,0,0,0,0,0,0,0,1,1,1
2,243,20260911,120,3,0,0.25,0,4.4235448637408581e-17,6.3317406873153459e-17,0,2,2,2
2,244,20260911,120,3,0,0.25,0,4.163336342344337e-17,6.9388939039072284e-17,0,2,2,2
2,245,20260911,120,3,0,0.25,0,4.5102810375396984e-17,3.4694469519536142e-17,0,2,2,2
2,246,20260911,120,6,0,0.5,0,4.5102810375396984e-17,4.8572257327350599e-17,0,2,2,2
2,247,20260911,120,1,0,0.083333333333333329,0,2.9490299091605721e-17,2.3418766925686896e-17,0,2,2,2
2,248,20260911,120,2,0,0.16666666666666666,0,2.7755575615628914e-17,3.4694469519536142e-17,0,2,2,2
2,249,20260911,120,2,0,0.16666666666666666,0,2.7755575615628914e-17,2.7755575615628914e-17,0,2,2,2
2,250,20260911,120,1,0,0.083333333333333329,0,0,1.214306433183765e-17,0,2,2,2
2,251,20260911,120,3,0,0.25,0,4.5102810375396984e-17,4.7704895589362195e-17,0,2,2,2
2,252,20260911,120,2,0,0.16666666666666666,0,1.5612511283791264e-17,2.7755575615628914e-17,0,2,2,2
2,253,20260911,120,2,0,0.16666666666666666,0,0,2.9490299091605721e-17,0,2,2,2
2,254,20260911,120,2,1,0.16666666666666666,0.083333333333333329,1.474514954580286e-17,3.4694469519536142e-17,2.7755575615628914e-17,2,2,2
2,255,20260911,120,1,0,0.083333333333333329,0,0,3.4694469519536142e-17,0,2,2,2
2,256,20260911,120,3,1,0.25,0.083333333333333329,4.5102810375396984e-17,4.8572257327350599e-17,1.3444106938820255e-17,2,2,2
2,257,20260911,120,3,0,0.25,0,4.5102810375396984e-17,4.0766001685454967e-17,0,2,2,2
2,258,20260911,120,2,0,0.16666666666666666,0,4.5102810375396984e-17,3.8163916471489756e-17,0,2,2,2
2,259,20260911,120,2,0,0.16666666666666666,0,1.5612511283791264e-17,6.2450045135165055e-17,0,2,2,2
2,260,20260911,120,1,1,0.083333333333333329,0.083333333333333329,1.3877787807814457e-17,5.5511151231257827e-17,4.8572257327350599e-17,2,2,2
2,261,20260911,120,1,0,0.083333333333333329,0,1.3877787807814457e-17,4.8572257327350599e-17,0,2,2,2
2,262,20260911,120,4,2,0.33333333333333331,0.16666666666666666,5.8980598183211441e-17,3.2959746043559335e-17,3.4694469519536142e-18,2,2,2
2,263,20260911,120,1,0,0.083333333333333329,0,2.9490299091605721e-17,1.7347234759768071e-17,0,2,2,2
2,264,20260911,120,2,0,0.16666666666666666,0,4.5102810375396984e-17,2.2551405187698492e-17,0,2,2,2
2,265,20260911,120,2,0,0.16666666666666666,0,1.474514954580286e-17,2.688821387764051e-17,0,2,2,2
2,266,20260911,120,2,0,0.16666666666666666,0,1.3877787807814457e-17,1.0408340855860843e-17,0,2,2,2
2,267,20260911,120,4,1,0.33333333333333331,0.083333333333333329,4.8572257327350599e-17,4.8572257327350599e-17,1.3877787807814457e-17,2,2,2
2,268,20260911,120,1,0,0.083333333333333329,0,3.4694469519536142e-17,2.7755575615628914e-17,0,2,2,2
2,269,20260911,120,2,1,0.16666666666666666,0.083333333333333329,4.5102810375396984e-17,3.4694469519536142e-17,0,2,2,2
2,270,20260911,120,2,0,0.16666666666666666,0,2.9707139526102821e-17,2.5153490401663703e-17,0,2,2,2
2,271,20260911,120,1,0,0.083333333333333329,0,5.8980598183211441e-17,4.8572257327350599e-17,0,2,2,2
2,272,20260911,120,1,0,0.083333333333333329,0,0,6.5052130349130266e-19,0,2,2,2
2,273,20260911,120,4,0,0.33333333333333331,0,1.474514954580286e-17,3.1225022567582528e-17,0,2,2,2
2,274,20260911,120,3,1,0.25,0.083333333333333329,6.2450045135165055e-17,4.163336342344337e-17,2.0816681711721685e-17,2,2,2
2,275,20260911,120,2,0,0.16666666666666666,0,2.9490299091605721e-17,2.4286128663675299e-17,0,2,2,2
2,276,20260911,120,2,1,0.16666666666666666,0.083333333333333329,2.7755575615628914e-17,5.5511151231257827e-17,5.2041704279304213e-18,2,2,2
2,277,20260911,120,3,1,0.25,0.083333333333333329,6.0715321659188248e-17,6.2450045135165055e-17,4.8572257327350599e-17,2,2,2
2,278,20260911,120,2,0,0.16666666666666666,0,4.4669129506402783e-17,6.114900252818245e-17,0,2,2,2
2,279,20260911,120,2,0,0.16666666666666666,0,1.7347234759768071e-17,3.4694469519536142e-17,0,2,2,2
2,280,20260911,120,1,0,0.083333333333333329,0,1.3877787807814457e-17,4.8572257327350599e-17,0,2,2,2
2,281,20260911,120,1,0,0.083333333333333329,0,0,5.6378512969246231e-18,0,2,2,2
2,282,20260911,120,3,0,0.25,0,3.0357660829594124e-17,3.8163916471489756e-17,0,2,2,2
2,283,20260911,120,2,0,0.16666666666666666,0,1.7347234759768071e-17,1.0408340855860843e-17,0,2,2,2
2,284,20260911,120,1,0,0.083333333333333329,0,2.9490299091605721e-17,3.9898639947466563e-17,0,2,2,2
2,285,20260911,120,1,0,0.083333333333333329,0,1.474514954580286e-17,9.540979117872439e-18,0,2,2,2
2,286,20260911,120,1,0,0.083333333333333329,0,1.474514954580286e-17,2.3852447794681098e-17,0,2,2,2
2,287,20260911,120,2,0,0.16666666666666666,0,1.5612511283791264e-17,2.2551405187698492e-17,0,2,2,2
2,288,20260911,120,1,0,0.083333333333333329,0,1.3877787807814457e-17,3.4694469519536142e-17,0,2,2,2
2,289,20260911,120,2,0,0.16666666666666666,0,2.7755575615628914e-17,2.7755575615628914e-17,0,2,2,2
2,290,20260911,120,2,0,0.16666666666666666,0,0,9.0801931945660996e-19,0,2,2,2
2,291,20260911,120,4,0,0.33333333333333331,0,7.4593109467002705e-17,4.7704895589362195e-17,0,2,2,2
2,292,20260911,120,1,1,0.083333333333333329,0.083333333333333329,2.7755575615628914e-17,2.0816681711721685e-17,6.9388939039072284e-18,2,2,2
2,293,20260911,120,2,2,0.16666666666666666,0.16666666666666666,2.7755575615628914e-17,2.4286128663675299e-17,5.5511151231257827e-17,2,2,2
2,294,20260911,120,4,0,0.33333333333333331,0,7.4051008380759953e-17,8.1423583153661383e-17,0,2,2,2
2,295,20260911,120,1,0,0.083333333333333329,0,1.7347234759768071e-17,1.7347234759768071e-17,0,2,2,2
2,296,20260911,120,1,0,0.083333333333333329,0,0,3.8163916471489756e-17,0,2,2,2
2,297,20260911,120,2,0,0.16666666666666666,0,3.1225022567582528e-17,3.1225022567582528e-17,0,2,2,2
2,298,20260911,120,2,0,0.16666666666666666,0,2.7755575615628914e-17,2.7755575615628914e-17,0,2,2,2
2,299,20260911,120,3,1,0.25,0.083333333333333329,2.9598719308854271e-17,5.2041704279304213e-17,8.8904578143811364e-18,2,2,2
2,300,20260911,120,1,0,0.083333333333333329,0,2.9707139526102821e-17,2.0383000842727483e-17,0,2,2,2
2,301,20260911,120,3,0,0.25,0,4.4235448637408581e-17,4.163336342344337e-17,0,2,2,2
2,302,20260911,120,2,0,0.16666666666666666,0,4.4452289071905682e-17,5.2692225582795515e-17,0,2,2,2
2,303,20260911,120,2,0,0.16666666666666666,0,4.5102810375396984e-17,3.8163916471489756e-17,0,2,2,2
2,304,20260911,120,0,0,0,0,0,0,0,1,1,1
2,305,20260911,120,2,1,0.16666666666666666,0.083333333333333329,1.3877787807814457e-17,2.7755575615628914e-17,3.1225022567582528e-17,2,2,2
2,306,20260911,120,2,0,0.16666666666666666,0,2.9490299091605721e-17,3.2959746043559335e-17,0,2,2,2
2,307,20260911,120,1,0,0.083333333333333329,0,1.474514954580286e-17,3.7296554733501353e-17,0,2,2,2
2,308,20260911,120,0,0,0,0,0,0,0,1,1,1
2,309,20260911,120,2,1,0.16666666666666666,0.083333333333333329,2.7755575615628914e-17,5.5511151231257827e-17,0,2,2,2
2,310,20260911,120,0,0,0,0,0,0,0,1,1,1
2,311,20260911,120,3,1,0.25,0.083333333333333329,4.8572257327350599e-17,4.163336342344337e-17,1.214306433183765e-17,2,2,2
2,312,20260911,120,2,1,0.16666666666666666,0.083333333333333329,5.8980598183211441e-17,5.377642775528102e-17,4.2500725161431774e-17,2,2,2
2,313,20260911,120,2,0,0.16666666666666666,0,3.0357660829594124e-17,3.2092384305570931e-17,0,2,2,2
2,314,20260911,120,3,0,0.25,0,2.9490299091605721e-17,1.6479873021779667e-17,0,2,2,2
2,315,20260911,120,1,0,0.083333333333333329,0,1.5612511283791264e-17,2.9490299091605721e-17,0,2,2,2
2,316,20260911,120,2,0,0.16666666666666666,0,4.5102810375396984e-17,7.9797279894933126e-17,0,2,2,2
2,317,20260911,120,0,0,0,0,0,0,0,1,1,1
2,318,20260911,120,3,0,0.25,0,7.6327832942979512e-17,5.8980598183211441e-17,0,2,2,2
2,319,20260911,120,1,1,0.083333333333333329,0.083333333333333329,3.1225022567582528e-17,1.7347234759768071e-17,8.6736173798840355e-18,2,2,2
2,320,20260911,120,1,0,0.083333333333333329,0,0,8.6736173798840355e-18,0,2,2,2
2,321,20260911,120,2,0,0.16666666666666666,0,4.8572257327350599e-17,2.7755575615628914e-17,0,2,2,2
2,322,20260911,120,2,0,0.16666666666666666,0,1.3877787807814457e-17,1.7347234759768071e-17,0,2,2,2
2,323,20260911,120,4,1,0.33333333333333331,0.083333333333333329,4.163336342344337e-17,6.591949208711867e-17,1.9081958235744878e-17,2,2,2
2,324,20260911,120,0,0,0,0,0,0,0,1,1,1
2,325,20260911,120,0,0,0,0,0,0,0,1,1,1
2,326,20260911,120,3,0,0.25,0,3.1225022567582528e-17,2.2551405187698492e-17,0,2,2,2
2,327,20260911,120,4,0,0.33333333333333331,0,2.9490299091605721e-17,6.0715321659188248e-17,0,2,2,2
2,328,20260911,120,1,0,0.083333333333333329,0,1.5612511283791264e-17,1.7347234759768071e-17,0,2,2,2
2,329,20260911,120,1,0,0.083333333333333329,0,0,2.2985086056692694e-17,0,2,2,2
2,330,20260911,120,3,1,0.25,0.083333333333333329,2.9490299091605721e-17,2.8622937353617317e-17,1.5612511283791264e-17,2,2,2
2,331,20260911,120,3,0,0.25,0,4.163336342344337e-17,2.7755575615628914e-17,0,2,2,2
2,332,20260911,120,1,1,0.083333333333333329,0.083333333333333329,2.7755575615628914e-17,5.5511151231257827e-17,6.9388939039072284e-18,2,2,2
2,333,20260911,120,1,0,0.083333333333333329,0,3.4694469519536142e-17,2.0816681711721685e-17,0,2,2,2
2,334,20260911,120,2,0,0.16666666666666666,0,2.9490299091605721e-17,1.7347234759768071e-17,0,2,2,2
2,335,20260911,120,3,1,0.25,0.083333333333333329,4.8572257327350599e-17,5.5511151231257827e-17,2.9490299091605721e-17,2,2,2
2,336,20260911,120,1,0,0.083333333333333329,0,0,3.4694469519536142e-18,0,2,2,2
2,337,20260911,120,2,0,0.16666666666666666,0,4.4669129506402783e-17,2.9490299091605721e-17,0,2,2,2
2,338,20260911,120,6,1,0.5,0.083333333333333329,2.9490299091605721e-17,6.591949208711867e-17,2.4286128663675299e-17,2,2,2
2,339,20260911,120,1,0,0.083333333333333329,0,1.5612511283791264e-17,3.2959746043559335e-17,0,2,2,2
2,340,20260911,120,1,0,0.083333333333333329,0,0,0,0,2,2,2
2,341,20260911,120,0,0,0,0,0,0,0,1,1,1
2,342,20260911,120,0,0,0,0,0,0,0,1,1,1
2,343,20260911,120,3,0,0.25,0,3.0357660829594124e-17,4.3584927333917278e-17,0,2,2,2
2,344,20260911,120,2,0,0.16666666666666666,0,1.474514954580286e-17,1.9949319973733282e-17,0,2,2,2
2,345,20260911,120,3,0,0.25,0,4.5102810375396984e-17,8.3266726846886741e-17,0,2,2,2
2,346,20260911,120,4,0,0.33333333333333331,0,4.5102810375396984e-17,2.7755575615628914e-17,0,2,2,2
2,347,20260911,120,1,0,0.083333333333333329,0,1.474514954580286e-17,1.3010426069826053e-17,0,2,2,2
2,348,20260911,120,3,0,0.25,0,2.7755575615628914e-17,4.163336342344337e-17,0,2,2,2
2,349,20260911,120,4,4,0.33333333333333331,0.33333333333333331,4.5102810375396984e-17,5.5511151231257827e-17,3.903127820947816e-17,2,2,2
2,350,20260911,120,1,0,0.083333333333333329,0,0,2.0816681711721685e-17,0,2,2,2
2,351,20260911,120,0,0,0,0,0,0,0,1,1,1
2,352,20260911,120,3,1,0.25,0.083333333333333329,2.0816681711721685e-17,2.7755575615628914e-17,4.8572257327350599e-17,2,2,2
2,353,20260911,120,2,0,0.16666666666666666,0,2.9490299091605721e-17,1.9081958235744878e-17,0,2,2,2
2,354,20260911,120,4,1,0.33333333333333331,0.083333333333333329,4.5102810375396984e-17,5.2041704279304213e-17,6.9388939039072284e-18,2,2,2
2,355,20260911,120,1,0,0.083333333333333329,0,2.7755575615628914e-17,4.163336342344337e-17,0,2,2,2
2,356,20260911,120,1,1,0.083333333333333329,0.083333333333333329,1.3877787807814457e-17,2.7755575615628914e-17,7.6327832942979512e-17,2,2,2
2,357,20260911,120,2,0,0.16666666666666666,0,4.163336342344337e-17,6.2450045135165055e-17,0,2,2,2
2,358,20260911,120,2,0,0.16666666666666666,0,5.8980598183211441e-17,3.9898639947466563e-17,0,2,2,2
2,359,20260911,120,3,0,0.25,0,4.8572257327350599e-17,4.8572257327350599e-17,0,2,2,2
2,360,20260911,120,3,0,0.25,0,4.5102810375396984e-17,4.5102810375396984e-17,0,2,2,2
2,361,20260911,120,3,0,0.25,0,4.4235448637408581e-17,4.9439619065339002e-17,0,2,2,2
2,362,20260911,120,2,0,0.16666666666666666,0,4.3368086899420177e-17,2.4286128663675299e-17,0,2,2,2
2,363,20260911,120,4,1,0.33333333333333331,0.083333333333333329,4.5102810375396984e-17,5.5511151231257827e-17,1.6479873021779667e-17,2,2,2
2,364,20260911,120,2,1,0.16666666666666666,0.083333333333333329,3.4694469519536142e-17,2.7755575615628914e-17,3.8163916471489756e-17,2,2,2
2,365,20260911,120,7,0,0.58333333333333337,0,7.4593109467002705e-17,5.5511151231257827e-17,0,2,2,2
2,366,20260911,120,3,1,0.25,0.083333333333333329,5.5511151231257827e-17,2.7755575615628914e-17,1.3877787807814457e-17,2,2,2
2,367,20260911,120,1,0,0.083333333333333329,0,1.0408340855860843e-16,9.3675067702747583e-17,0,2,2,2
2,368,20260911,120,1,0,0.083333333333333329,0,1.474514954580286e-17,2.8189256484623115e-17,0,2,2,2
2,369,20260911,120,2,1,0.16666666666666666,0.083333333333333329,4.5102810375396984e-17,6.591949208711867e-17,3.1225022567582528e-17,2,2,2
2,370,20260911,120,3,0,0.25,0,2.9490299091605721e-17,2.0816681711721685e-17,0,2,2,2
2,371,20260911,120,2,1,0.16666666666666666,0.083333333333333329,2.9490299091605721e-17,3.9898639947466563e-17,4.163336342344337e-17,2,2,2
2,372,20260911,120,4,0,0.33333333333333331,0,5.8980598183211441e-17,4.4235448637408581e-17,0,2,2,2
2,373,20260911,120,3,0,0.25,0,3.4694469519536142e-17,3.4694469519536142e-17,0,2,2,2
2,374,20260911,120,1,1,0.083333333333333329,0.083333333333333329,2.0816681711721685e-17,3.4694469519536142e-17,6.9388939039072284e-18,2,2,2
2,375,20260911,120,3,0,0.25,0,7.4593109467002705e-17,4.8572257327350599e-17,0,2,2,2
2,376,20260911,120,2,1,0.16666666666666666,0.083333333333333329,2.7755575615628914e-17,2.0816681711721685e-17,8.4567769453869346e-18,2,2,2
2,377,20260911,120,1,0,0.083333333333333329,0,2.9490299091605721e-17,2.9490299091605721e-17,0,2,2,2
2,378,20260911,120,2,0,0.16666666666666666,0,3.1225022567582528e-17,3.1225022567582528e-17,0,2,2,2
2,379,20260911,120,0,0,0,0,0,0,0,1,1,1
2,380,20260911,120,3,0,0.25,0,5.8980598183211441e-17,6.2450045135165055e-17,0,2,2,2
2,381,20260911,120,0,0,0,0,0,0,0,1,1,1
2,382,20260911,120,3,1,0.25,0.083333333333333329,5.5511151231257827e-17,5.5511151231257827e-17,3.4694469519536142e-18,2,2,2
2,383,20260911,120,3,0,0.25,0,2.9490299091605721e-17,3.1225022567582528e-17,0,2,2,2
2,384,20260911,120,1,0,0.083333333333333329,0,0,7.589415207398531e-18,0,2,2,2
2,385,20260911,120,2,0,0.16666666666666666,0,2.9490299091605721e-17,2.2551405187698492e-17,0,2,2,2
2,386,20260911,120,2,0,0.16666666666666666,0,3.4694469519536142e-17,1.7347234759768071e-17,0,2,2,2
2,387,20260911,120,4,0,0.33333333333333331,0,6.2450045135165055e-17,5.5511151231257827e-17,0,2,2,2
2,388,20260911,120,1,0,0.083333333333333329,0,0,3.4694469519536142e-18,0,2,2,2
2,389,20260911,120,3,0,0.25,0,3.1225022567582528e-17,5.8980598183211441e-17,0,2,2,2
2,390,20260911,120,2,0,0.16666666666666666,0,4.5102810375396984e-17,4.5102810375396984e-17,0,2,2,2
2,391,20260911,120,2,0,0.16666666666666666,0,4.5102810375396984e-17,5.8980598183211441e-17,0,2,2,2
2,392,20260911,120,3,0,0.25,0,3.4694469519536142e-17,4.163336342344337e-17,0,2,2,2
2,393,20260911,120,1,0,0.083333333333333329,0,1.3877787807814457e-17,1.3877787807814457e-17,0,2,2,2
2,394,20260911,120,4,0,0.33333333333333331,0,2.9490299091605721e-17,3.4694469519536142e-17,0,2,2,2
2,395,20260911,120,3,1,0.25,0.083333333333333329,2.9490299091605721e-17,3.8163916471489756e-17,1.7347234759768071e-17,2,2,2
2,396,20260911,120,1,0,0.083333333333333329,0,0,5.2041704279304213e-18,0,2,2,2
2,397,20260911,120,1,1,0.083333333333333329,0.083333333333333329,4.163336342344337e-17,4.8572257327350599e-17,2.7755575615628914e-17,2,2,2
2,398,20260911,120,4,0,0.33333333333333331,0,5.5511151231257827e-17,5.5511151231257827e-17,0,2,2,2
2,399,20260911,120,2,0,0.16666666666666666,0,1.474514954580286e-17,1.3444106938820255e-17,0,2,2,2
2,400,20260911,120,1,0,0.083333333333333329,0,2.9490299091605721e-17,2.6454533008646308e-17,0,2,2,2
2,401,20260911,120,3,0,0.25,0,2.9490299091605721e-17,5.2041704279304213e-17,0,2,2,2
2,402,20260911,120,2,0,0.16666666666666666,0,2.9490299091605721e-17,5.8980598183211441e-17,0,2,2,2
2,403,20260911,120,0,0,0,0,0,0,0,1,1,1
2,404,20260911,120,3,1,0.25,0.083333333333333329,4.4235448637408581e-17,3.2092384305570931e-17,3.7296554733501353e-17,2,2,2
2,405,20260911,120,4,1,0.33333333333333331,0.083333333333333329,3.1225022567582528e-17,3.4694469519536142e-17,6.9388939039072284e-18,2,2,2
2,406,20260911,120,0,0,0,0,0,0,0,1,1,1
2,407,20260911,120,3,0,0.25,0,5.8980598183211441e-17,3.4694469519536142e-17,0,2,2,2
2,408,20260911,120,2,0,0.16666666666666666,0,4.163336342344337e-17,4.8572257327350599e-17,0,2,2,2
2,409,20260911,120,1,0,0.083333333333333329,0,4.163336342344337e-17,2.0816681711721685e-17,0,2,2,2
2,410,20260911,120,3,0,0.25,0,2.7755575615628914e-17,2.7755575615628914e-17,0,2,2,2
2,411,20260911,120,1,0,0.083333333333333329,0,4.5102810375396984e-17,2.7755575615628914e-17,0,2,2,2
2,412,20260911,120,1,0,0.083333333333333329,0,4.4235448637408581e-17,2.5153490401663703e-17,0,2,2,2
2,413,20260911,120,1,0,0.083333333333333329,0,1.7347234759768071e-17,1.0408340855860843e-17,0,2,2,2
2,414,20260911,120,0,0,0,0,0,0,0,1,1,1
2,415,20260911,120,2,1,0.16666666666666666,0.083333333333333329,4.5102810375396984e-17,4.8572257327350599e-17,3.4694469519536142e-17,2,2,2
2,416,20260911,120,3,1,0.25,0.083333333333333329,1.3877787807814457e-17,2.0816681711721685e-17,6.9388939039072284e-18,2,2,2
2,417,20260911,120,3,0,0.25,0,2.9490299091605721e-17,1.9081958235744878e-17,0,2,2,2
2,418,20260911,120,1,1,0.083333333333333329,0.083333333333333329,1.7347234759768071e-17,1.3877787807814457e-17,1.3877787807814457e-17,2,2,2
2,419,20260911,120,1,0,0.083333333333333329,0,7.3725747729014302e-17,4.3368086899420177e-17,0,2,2,2
2,420,20260911,120,3,0,0.25,0,5.5511151231257827e-17,2.7755575615628914e-17,0,2,2,2
2,421,20260911,120,2,0,0.16666666666666666,0,1.4799359654427136e-17,3.2282119685755895e-17,0,2,2,2
2,422,20260911,120,3,0,0.25,0,1.7347234759768071e-17,2.0816681711721685e-17,0,2,2,2
2,423,20260911,120,2,0,0.16666666666666666,0,0,2.7321894746634712e-17,0,2,2,2
2,424,20260911,120,3,0,0.25,0,2.9490299091605721e-17,3.4694469519536142e-17,0,2,2,2
2,425,20260911,120,2,0,0.16666666666666666,0,3.1225022567582528e-17,2.0816681711721685e-17,0,2,2,2
2,426,20260911,120,2,0,0.16666666666666666,0,1.5612511283791264e-17,1.5612511283791264e-17,0,2,2,2
2,427,20260911,120,2,0,0.16666666666666666,0,5.8980598183211441e-17,6.0715321659188248e-17,0,2,2,2
2,428,20260911,120,2,1,0.16666666666666666,0.083333333333333329,4.163336342344337e-17,4.8572257327350599e-17,2.7755575615628914e-17,2,2,2
2,429,20260911,120,3,1,0.25,0.083333333333333329,1.474514954580286e-17,2.7755575615628914e-17,1.3877787807814457e-17,2,2,2
2,430,20260911,120,1,0,0.083333333333333329,0,2.9490299091605721e-17,2.1684043449710089e-17,0,2,2,2
2,431,20260911,120,1,0,0.083333333333333329,0,2.9923979960599922e-17,2.3418766925686896e-17,0,2,2,2
2,432,20260911,120,2,0,0.16666666666666666,0,4.5102810375396984e-17,6.9388939039072284e-17,0,2,2,2
2,433,20260911,120,1,0,0.083333333333333329,0,2.7755575615628914e-17,2.4286128663675299e-17,0,2,2,2
2,434,20260911,120,3,0,0.25,0,0,2.4286128663675299e-17,0,2,2,2
2,435,20260911,120,0,0,0,0,0,0,0,1,1,1
2,436,20260911,120,2,0,0.16666666666666666,0,6.2450045135165055e-17,3.4694469519536142e-17,0,2,2,2
2,437,20260911,120,1,0,0.083333333333333329,0,2.7755575615628914e-17,2.0816681711721685e-17,0,2,2,2
2,438,20260911,120,2,0,0.16666666666666666,0,0,4.5102810375396984e-17,0,2,2,2
2,439,20260911,120,1,0,0.083333333333333329,0,0,1.7347234759768071e-17,0,2,2,2
2,440,20260911,120,3,0,0.25,0,4.5102810375396984e-17,6.4184768611141862e-17,0,2,2,2
2,441,20260911,120,3,0,0.25,0,2.9490299091605721e-17,2.8622937353617317e-17,0,2,2,2
2,442,20260911,120,2,0,0.16666666666666666,0,4.163336342344337e-17,6.2450045135165055e-17,0,2,2,2
2,443,20260911,120,0,0,0,0,0,0,0,1,1,1
2,444,20260911,120,1,0,0.083333333333333329,0,1.4961989980299961e-17,7.589415207398531e-18,0,2,2,2
2,445,20260911,120,3,0,0.25,0,1.3877787807814457e-17,3.1225022567582528e-17,0,2,2,2
2,446,20260911,120,3,0,0.25,0,3.1225022567582528e-17,2.7755575615628914e-17,0,2,2,2
2,447,20260911,120,0,0,0,0,0,0,0,1,1,1
2,448,20260911,120,3,1,0.25,0.083333333333333329,1.4799359654427136e-17,4.5102810375396984e-17,3.3827107781547738e-17,2,2,2
2,449,20260911,120,3,0,0.25,0,1.5612511283791264e-17,2.7755575615628914e-17,0,2,2,2
2,450,20260911,120,1,0,0.083333333333333329,0,1.474514954580286e-17,2.1684043449710089e-17,0,2,2,2
2,451,20260911,120,4,0,0.33333333333333331,0,2.7755575615628914e-17,5.5511151231257827e-17,0,2,2,2
2,452,20260911,120,3,0,0.25,0,4.5102810375396984e-17,2.4286128663675299e-17,0,2,2,2
2,453,20260911,120,4,0,0.33333333333333331,0,2.9490299091605721e-17,2.5153490401663703e-17,0,2,2,2
2,454,20260911,120,2,1,0.16666666666666666,0.083333333333333329,2.9490299091605721e-17,2.7755575615628914e-17,3.4694469519536142e-17,2,2,2
2,455,20260911,120,1,0,0.083333333333333329,0,4.3368086899420177e-17,3.6429192995512949e-17,0,2,2,2
2,456,20260911,120,2,1,0.16666666666666666,0.083333333333333329,4.8572257327350599e-17,9.7144514654701197e-17,5.2041704279304213e-17,2,2,2
2,457,20260911,120,3,0,0.25,0,3.4694469519536142e-17,4.5102810375396984e-17,0,2,2,2
2,458,20260911,120,1,0,0.083333333333333329,0,3.1225022567582528e-17,4.163336342344337e-17,0,2,2,2
2,459,20260911,120,2,0,0.16666666666666666,0,3.1225022567582528e-17,3.1225022567582528e-17,0,2,2,2
2,460,20260911,120,4,0,0.33333333333333331,0,4.8572257327350599e-17,2.7755575615628914e-17,0,2,2,2
2,461,20260911,120,2,0,0.16666666666666666,0,2.9490299091605721e-17,3.8163916471489756e-17,0,2,2,2
2,462,20260911,120,2,0,0.16666666666666666,0,1.5178830414797062e-17,2.8622937353617317e-17,0,2,2,2
2,463,20260911,120,4,0,0.33333333333333331,0,5.9414279052205643e-17,4.8572257327350599e-17,0,2,2,2
2,464,20260911,120,2,0,0.16666666666666666,0,2.7755575615628914e-17,4.8572257327350599e-17,0,2,2,2
2,465,20260911,120,0,0,0,0,0,0,0,1,1,1
2,466,20260911,120,2,0,0.16666666666666666,0,2.7755575615628914e-17,3.1225022567582528e-17,0,2,2,2
2,467,20260911,120,1,0,0.083333333333333329,0,0,5.2041704279304213e-18,0,2,2,2
2,468,20260911,120,5,1,0.41666666666666669,0.083333333333333329,4.4343868854657131e-17,3.7079714299004252e-17,2.2551405187698492e-17,2,2,2
2,469,20260911,120,4,0,0.33333333333333331,0,7.2858385991025898e-17,4.8572257327350599e-17,0,2,2,2
2,470,20260911,120,3,0,0.25,0,2.9923979960599922e-17,1.7780915628762273e-17,0,2,2,2
2,471,20260911,120,2,0,0.16666666666666666,0,4.5102810375396984e-17,3.8163916471489756e-17,0,2,2,2
2,472,20260911,120,4,0,0.33333333333333331,0,4.4235448637408581e-17,2.6020852139652106e-17,0,2,2,2
2,473,20260911,120,1,0,0.083333333333333329,0,2.7755575615628914e-17,3.1225022567582528e-17,0,2,2,2
2,474,20260911,120,1,0,0.083333333333333329,0,0,2.0816681711721685e-17,0,2,2,2
2,475,20260911,120,2,0,0.16666666666666666,0,4.4669129506402783e-17,4.163336342344337e-17,0,2,2,2
2,476,20260911,120,1,0,0.083333333333333329,0,4.5102810375396984e-17,2.7755575615628914e-17,0,2,2,2
2,477,20260911,120,2,0,0.16666666666666666,0,1.5612511283791264e-17,1.3877787807814457e-17,0,2,2,2
2,478,20260911,120,4,0,0.33333333333333331,0,4.5102810375396984e-17,4.163336342344337e-17,0,2,2,2
2,479,20260911,120,1,0,0.083333333333333329,0,2.9490299091605721e-17,1.8214596497756474e-17,0,2,2,2
2,480,20260911,120,3,0,0.25,0,4.5102810375396984e-17,3.2959746043559335e-17,0,2,2,2
2,481,20260911,120,2,0,0.16666666666666666,0,2.0816681711721685e-17,1.3877787807814457e-17,0,2,2,2
2,482,20260911,120,0,0,0,0,0,0,0,1,1,1
2,483,20260911,120,2,0,0.16666666666666666,0,4.5102810375396984e-17,4.5970172113385388e-17,0,2,2,2
2,484,20260911,120,4,0,0.33333333333333331,0,1.7347234759768071e-17,4.8572257327350599e-17,0,2,2,2
2,485,20260911,120,1,0,0.083333333333333329,0,0,3.8163916471489756e-17,0,2,2,2
2,486,20260911,120,5,1,0.41666666666666669,0.083333333333333329,6.2450045135165055e-17,5.2041704279304213e-17,3.4694469519536142e-18,2,2,2
2,487,20260911,120,1,0,0.083333333333333329,0,4.4452289071905682e-17,3.0791341698588326e-17,0,2,2,2
2,488,20260911,120,3,0,0.25,0,2.0816681711721685e-17,2.688821387764051e-17,0,2,2,2
2,489,20260911,120,3,0,0.25,0,3.1225022567582528e-17,3.4694469519536142e-17,0,2,2,2
2,490,20260911,120,3,0,0.25,0,2.9490299091605721e-17,3.1225022567582528e-17,0,2,2,2
2,491,20260911,120,3,1,0.25,0.083333333333333329,2.9490299091605721e-17,3.1225022567582528e-17,6.9388939039072284e-18,2,2,2
2,492,20260911,120,5,0,0.41666666666666669,0,4.163336342344337e-17,5.5511151231257827e-17,0,2,2,2
2,493,20260911,120,4,0,0.33333333333333331,0,2.9490299091605721e-17,1.9081958235744878e-17,0,2,2,2
2,494,20260911,120,5,1,0.41666666666666669,0.083333333333333329,3.1225022567582528e-17,3.8163916471489756e-17,4.163336342344337e-17,2,2,2
2,495,20260911,120,4,3,0.33333333333333331,0.25,4.163336342344337e-17,6.2450045135165055e-17,4.163336342344337e-17,2,2,2
2,496,20260911,120,2,1,0.16666666666666666,0.083333333333333329,3.1225022567582528e-17,3.1225022567582528e-17,5.2041704279304213e-18,2,2,2
2,497,20260911,120,3,1,0.25,0.083333333333333329,1.3877787807814457e-17,2.7755575615628914e-17,6.9388939039072284e-18,2,2,2
2,498,20260911,120,3,1,0.25,0.083333333333333329,2.7755575615628914e-17,3.4694469519536142e-17,2.7755575615628914e-17,2,2,2
2,499,20260911,120,4,1,0.33333333333333331,0.083333333333333329,2.9490299091605721e-17,5.5511151231257827e-17,8.3266726846886741e-17,2,2,2
2,500,20260911,120,2,0,0.16666666666666666,0,1.474514954580286e-17,3.4694469519536142e-17,0,2,2,2
2,501,20260911,120,2,0,0.16666666666666666,0,1.5612511283791264e-17,2.0816681711721685e-17,0,2,2,2
2,502,20260911,120,1,0,0.083333333333333329,0,2.9490299091605721e-17,2.2551405187698492e-17,0,2,2,2
2,503,20260911,120,2,1,0.16666666666666666,0.083333333333333329,4.5102810375396984e-17,4.163336342344337e-17,3.4694469519536142e-18,2,2,2
2,504,20260911,120,0,0,0,0,0,0,0,1,1,1
2,505,20260911,120,2,0,0.16666666666666666,0,1.5612511283791264e-17,1.7347234759768071e-17,0,2,2,2
2,506,20260911,120,2,0,0.16666666666666666,0,4.5102810375396984e-17,3.8163916471489756e-17,0,2,2,2
2,507,20260911,120,2,0,0.16666666666666666,0,5.8980598183211441e-17,3.7730235602495554e-17,0,2,2,2
2,508,20260911,120,2,1,0.16666666666666666,0.083333333333333329,4.163336342344337e-17,2.7755575615628914e-17,2.7755575615628914e-17,2,2,2
2,509,20260911,120,3,0,0.25,0,4.4669129506402783e-17,3.1225022567582528e-17,0,2,2,2
2,510,20260911,120,4,0,0.33333333333333331,0,2.9490299091605721e-17,3.5561831257524545e-17,0,2,2,2
2,511,20260911,120,2,1,0.16666666666666666,0.083333333333333329,1.3877787807814457e-17,1.3877787807814457e-17,2.0816681711721685e-17,2,2,2
2,512,20260911,120,2,1,0.16666666666666666,0.083333333333333329,1.3877787807814457e-17,4.163336342344337e-17,0,2,2,2
2,513,20260911,120,2,0,0.16666666666666666,0,1.3877787807814457e-17,6.9388939039072284e-18,0,2,2,2
2,514,20260911,120,1,0,0.083333333333333329,0,0,6.9388939039072284e-18,0,2,2,2
2,515,20260911,120,6,0,0.5,0,4.163336342344337e-17,5.2041704279304213e-17,0,2,2,2
2,516,20260911,120,3,0,0.25,0,2.9598719308854271e-17,4.163336342344337e-17,0,2,2,2
2,517,20260911,120,5,1,0.41666666666666669,0.083333333333333329,4.3368086899420177e-17,8.3266726846886741e-17,1.214306433183765e-17,2,2,2
2,518,20260911,120,3,1,0.25,0.083333333333333329,1.5612511283791264e-17,4.5102810375396984e-17,6.4184768611141862e-17,2,2,2
2,519,20260911,120,3,1,0.25,0.083333333333333329,5.8980598183211441e-17,6.2450045135165055e-17,1.7347234759768071e-18,2,2,2
2,520,20260911,120,5,2,0.41666666666666669,0.16666666666666666,4.163336342344337e-17,4.8572257327350599e-17,2.0816681711721685e-17,2,2,2
2,521,20260911,120,1,0,0.083333333333333329,0,1.474514954580286e-17,1.9949319973733282e-17,0,2,2,2
2,522,20260911,120,2,0,0.16666666666666666,0,6.0715321659188248e-17,5.8980598183211441e-17,0,2,2,2
2,523,20260911,120,5,0,0.41666666666666669,0,4.4235448637408581e-17,3.5561831257524545e-17,0,2,2,2
2,524,20260911,120,2,0,0.16666666666666666,0,1.5612511283791264e-17,3.8163916471489756e-17,0,2,2,2
2,525,20260911,120,2,0,0.16666666666666666,0,2.9490299091605721e-17,2.9490299091605721e-17,0,2,2,2
2,526,20260911,120,2,0,0.16666666666666666,0,4.8572257327350599e-17,3.4694469519536142e-17,0,2,2,2
2,527,20260911,120,4,0,0.33333333333333331,0,2.9598719308854271e-17,6.2450045135165055e-17,0,2,2,2
2,528,20260911,120,3,0,0.25,0,4.3368086899420177e-17,2.2551405187698492e-17,0,2,2,2
2,529,20260911,120,2,0,0.16666666666666666,0,1.474514954580286e-17,2.7755575615628914e-17,0,2,2,2
2,530,20260911,120,3,0,0.25,0,1.7347234759768071e-17,2.4286128663675299e-17,0,2,2,2
2,531,20260911,120,2,0,0.16666666666666666,0,2.9490299091605721e-17,2.6020852139652106e-17,0,2,2,2
2,532,20260911,120,2,0,0.16666666666666666,0,2.9490299091605721e-17,7.2858385991025898e-17,0,2,2,2
2,533,20260911,120,0,0,0,0,0,0,0,1,1,1
2,534,20260911,120,2,0,0.16666666666666666,0,5.9414279052205643e-17,3.1658703436576729e-17,0,2,2,2
2,535,20260911,120,3,0,0.25,0,5.9414279052205643e-17,4.163336342344337e-17,0,2,2,2
2,536,20260911,120,4,1,0.33333333333333331,0.083333333333333329,4.8572257327350599e-17,2.9490299091605721e-17,2.4286128663675299e-17,2,2,2
2,537,20260911,120,2,0,0.16666666666666666,0,4.163336342344337e-17,4.8572257327350599e-17,0,2,2,2
2,538,20260911,120,1,0,0.083333333333333329,0,0,2.7755575615628914e-17,0,2,2,2
2,539,20260911,120,2,0,0.16666666666666666,0,3.1225022567582528e-17,4.163336342344337e-17,0,2,2,2
2,540,20260911,120,3,0,0.25,0,3.4694469519536142e-17,3.4694469519536142e-17,0,2,2,2
2,541,20260911,120,1,0,0.083333333333333329,0,1.5612511283791264e-17,2.6020852139652106e-17,0,2,2,2
2,542,20260911,120,3,0,0.25,0,5.9847959921199845e-17,4.7704895589362195e-17,0,2,2,2
2,543,20260911,120,5,1,0.41666666666666669,0.083333333333333329,4.4398078963281407e-17,6.0200325627257634e-17,2.0816681711721685e-17,2,2,2
2,544,20260911,120,3,1,0.25,0.083333333333333329,5.9210991144864611e-17,5.1784206263338906e-17,7.8062556418956319e-17,2,2,2
2,545,20260911,120,2,0,0.16666666666666666,0,4.4669129506402783e-17,3.6429192995512949e-17,0,2,2,2
2,546,20260911,120,0,0,0,0,0,0,0,1,1,1
2,547,20260911,120,1,0,0.083333333333333329,0,0,2.0816681711721685e-17,0,2,2,2
2,548,20260911,120,1,0,0.083333333333333329,0,2.9490299091605721e-17,3.2959746043559335e-17,0,2,2,2
2,549,20260911,120,5,0,0.41666666666666669,0,4.163336342344337e-17,5.1174342541315809e-17,0,2,2,2
2,550,20260911,120,0,0,0,0,0,0,0,1,1,1
2,551,20260911,120,6,1,0.5,0.083333333333333329,1.5612511283791264e-17,2.0816681711721685e-17,4.6837533851373792e-17,2,2,2
2,552,20260911,120,1,0,0.083333333333333329,0,3.1225022567582528e-17,2.9490299091605721e-17,0,2,2,2
2,553,20260911,120,3,0,0.25,0,4.163336342344337e-17,4.5102810375396984e-17,0,2,2,2
2,554,20260911,120,1,0,0.083333333333333329,0,0,1.1275702593849246e-17,0,2,2,2
2,555,20260911,120,2,0,0.16666666666666666,0,2.9490299091605721e-17,3.7296554733501353e-17,0,2,2,2
2,556,20260911,120,3,0,0.25,0,3.4694469519536142e-17,2.7755575615628914e-17,0,2,2,2
2,557,20260911,120,3,0,0.25,0,4.5102810375396984e-17,3.4694469519536142e-17,0,2,2,2
2,558,20260911,120,2,0,0.16666666666666666,0,3.1225022567582528e-17,5.2041704279304213e-17,0,2,2,2
2,559,20260911,120,3,0,0.25,0,4.4235448637408581e-17,6.9388939039072284e-17,0,2,2,2
2,560,20260911,120,3,1,0.25,0.083333333333333329,2.7755575615628914e-17,4.4235448637408581e-17,2.9490299091605721e-17,2,2,2
2,561,20260911,120,6,0,0.5,0,4.4235448637408581e-17,4.8572257327350599e-17,0,2,2,2
2,562,20260911,120,2,0,0.16666666666666666,0,4.5102810375396984e-17,2.4286128663675299e-17,0,2,2,2
2,563,20260911,120,1,0,0.083333333333333329,0,6.2450045135165055e-17,3.4694469519536142e-17,0,2,2,2
2,564,20260911,120,4,0,0.33333333333333331,0,4.4343868854657131e-17,3.0140820395097023e-17,0,2,2,2
2,565,20260911,120,2,0,0.16666666666666666,0,3.1225022567582528e-17,2.3635607360183997e-17,0,2,2,2
2,566,20260911,120,3,0,0.25,0,4.163336342344337e-17,9.7144514654701197e-17,0,2,2,2
2,567,20260911,120,4,1,0.33333333333333331,0.083333333333333329,5.8980598183211441e-17,4.8572257327350599e-17,0,2,2,2
2,568,20260911,120,3,0,0.25,0,1.474514954580286e-17,2.7755575615628914e-17,0,2,2,2
2,569,20260911,120,3,0,0.25,0,3.1225022567582528e-17,6.591949208711867e-17,0,2,2,2
2,570,20260911,120,3,1,0.25,0.083333333333333329,3.1225022567582528e-17,3.4694469519536142e-17,5.4210108624275222e-18,2,2,2
2,571,20260911,120,2,0,0.16666666666666666,0,4.4235448637408581e-17,5.8113236445223038e-17,0,2,2,2
2,572,20260911,120,3,0,0.25,0,3.1225022567582528e-17,4.8572257327350599e-17,0,2,2,2
2,573,20260911,120,2,0,0.16666666666666666,0,0,3.1441863002079629e-17,0,2,2,2
2,574,20260911,120,1,0,0.083333333333333329,0,0,8.6736173798840355e-18,0,2,2,2
2,575,20260911,120,3,0,0.25,0,4.4235448637408581e-17,7.6327832942979512e-17,0,2,2,2
2,576,20260911,120,5,0,0.41666666666666669,0,3.1225022567582528e-17,3.5128150388530344e-17,0,2,2,2
2,577,20260911,120,1,0,0.083333333333333329,0,3.4694469519536142e-17,4.8572257327350599e-17,0,2,2,2
2,578,20260911,120,1,0,0.083333333333333329,0,0,6.9388939039072284e-18,0,2,2,2
2,579,20260911,120,3,0,0.25,0,9.0205620750793969e-17,4.8572257327350599e-17,0,2,2,2
2,580,20260911,120,3,1,0.25,0.083333333333333329,4.163336342344337e-17,6.9388939039072284e-17,1.3877787807814457e-17,2,2,2
2,581,20260911,120,4,0,0.33333333333333331,0,4.163336342344337e-17,4.5102810375396984e-17,0,2,2,2
2,582,20260911,120,1,0,0.083333333333333329,0,0,7.4809949901499806e-18,0,2,2,2
2,583,20260911,120,1,0,0.083333333333333329,0,2.7755575615628914e-17,4.8572257327350599e-17,0,2,2,2
2,584,20260911,120,3,0,0.25,0,2.7755575615628914e-17,2.1033522146218786e-17,0,2,2,2
2,585,20260911,120,2,0,0.16666666666666666,0,1.474514954580286e-17,1.8214596497756474e-17,0,2,2,2
2,586,20260911,120,4,1,0.33333333333333331,0.083333333333333329,5.8980598183211441e-17,7.5460471204991109e-17,3.1225022567582528e-17,2,2,2
2,587,20260911,120,4,0,0.33333333333333331,0,3.1225022567582528e-17,3.4694469519536142e-17,0,2,2,2
2,588,20260911,120,2,0,0.16666666666666666,0,6.2450045135165055e-17,1.1102230246251565e-16,0,2,2,2
2,589,20260911,120,2,0,0.16666666666666666,0,4.5102810375396984e-17,6.2450045135165055e-17,0,2,2,2
2,590,20260911,120,3,0,0.25,0,6.9388939039072284e-17,3.8163916471489756e-17,0,2,2,2
2,591,20260911,120,3,0,0.25,0,2.9707139526102821e-17,2.0383000842727483e-17,0,2,2,2
2,592,20260911,120,4,0,0.33333333333333331,0,4.163336342344337e-17,3.1225022567582528e-17,0,2,2,2
2,593,20260911,120,2,0,0.16666666666666666,0,1.5612511283791264e-17,2.3418766925686896e-17,0,2,2,2
2,594,20260911,120,3,1,0.25,0.083333333333333329,2.9490299091605721e-17,1.8214596497756474e-17,5.7245874707234634e-17,2,2,2
2,595,20260911,120,1,0,0.083333333333333329,0,4.5102810375396984e-17,6.2450045135165055e-17,0,2,2,2
2,596,20260911,120,0,0,0,0,0,0,0,1,1,1
2,597,20260911,120,1,0,0.083333333333333329,0,4.5102810375396984e-17,3.4694469519536142e-17,0,2,2,2
2,598,20260911,120,1,0,0.083333333333333329,0,0,6.9388939039072284e-18,0,2,2,2
2,599,20260911,120,1,0,0.083333333333333329,0,4.163336342344337e-17,3.4694469519536142e-17,0,2,2,2
2,600,20260911,120,3,0,0.25,0,5.8980598183211441e-17,5.0306980803327406e-17,0,2,2,2
2,601,20260911,120,1,0,0.083333333333333329,0,1.7347234759768071e-17,1.7347234759768071e-17,0,2,2,2
2,602,20260911,120,4,1,0.33333333333333331,0.083333333333333329,5.5511151231257827e-17,6.2450045135165055e-17,4.8572257327350599e-17,2,2,2
2,603,20260911,120,3,2,0.25,0.16666666666666666,4.5102810375396984e-17,5.5511151231257827e-17,4.9439619065339002e-17,2,2,2
2,604,20260911,120,3,0,0.25,0,7.2858385991025898e-17,4.163336342344337e-17,0,2,2,2
2,605,20260911,120,2,0,0.16666666666666666,0,2.9490299091605721e-17,2.2551405187698492e-17,0,2,2,2
2,606,20260911,120,4,0,0.33333333333333331,0,2.7755575615628914e-17,4.8572257327350599e-17,0,2,2,2
2,607,20260911,120,2,0,0.16666666666666666,0,1.5612511283791264e-17,2.0816681711721685e-17,0,2,2,2
2,608,20260911,120,1,0,0.083333333333333329,0,1.7347234759768071e-17,3.4694469519536142e-17,0,2,2,2
2,609,20260911,120,1,0,0.083333333333333329,0,4.4235448637408581e-17,2.9056618222611519e-17,0,2,2,2
2,610,20260911,120,3,1,0.25,0.083333333333333329,2.7755575615628914e-17,5.5511151231257827e-17,2.7755575615628914e-17,2,2,2
2,611,20260911,120,3,0,0.25,0,4.8572257327350599e-17,5.5511151231257827e-17,0,2,2,2
2,612,20260911,120,2,1,0.16666666666666666,0.083333333333333329,6.9388939039072284e-17,6.7654215563095477e-17,6.9388939039072284e-18,2,2,2
2,613,20260911,120,3,0,0.25,0,4.163336342344337e-17,3.4694469519536142e-17,0,2,2,2
2,614,20260911,120,4,0,0.33333333333333331,0,4.5102810375396984e-17,3.4694469519536142e-17,0,2,2,2
2,615,20260911,120,2,0,0.16666666666666666,0,4.5102810375396984e-17,3.1225022567582528e-17,0,2,2,2
2,616,20260911,120,0,0,0,0,0,0,0,1,1,1
2,617,20260911,120,2,0,0.16666666666666666,0,2.9490299091605721e-17,3.5995512126518747e-17,0,2,2,2
2,618,20260911,120,3,0,0.25,0,1.5612511283791264e-17,2.7755575615628914e-17,0,2,2,2
2,619,20260911,120,2,1,0.16666666666666666,0.083333333333333329,2.7755575615628914e-17,3.1225022567582528e-17,4.4235448637408581e-17,2,2,2
2,620,20260911,120,3,0,0.25,0,3.4694469519536142e-17,4.8572257327350599e-17,0,2,2,2
2,621,20260911,120,1,0,0.083333333333333329,0,2.9490299091605721e-17,1.6479873021779667e-17,0,2,2,2
2,622,20260911,120,2,0,0.16666666666666666,0,4.5102810375396984e-17,3.4694469519536142e-17,0,2,2,2
2,623,20260911,120,4,0,0.33333333333333331,0,5.8980598183211441e-17,6.2450045135165055e-17,0,2,2,2
2,624,20260911,120,1,0,0.083333333333333329,0,1.3877787807814457e-17,1.214306433183765e-17,0,2,2,2
2,625,20260911,120,4,0,0.33333333333333331,0,4.163336342344337e-17,7.6327832942979512e-17,0,2,2,2
2,626,20260911,120,2,0,0.16666666666666666,0,1.474514954580286e-17,1.9949319973733282e-17,0,2,2,2
2,627,20260911,120,1,0,0.083333333333333329,0,1.5612511283791264e-17,1.3877787807814457e-17,0,2,2,2
2,628,20260911,120,1,0,0.083333333333333329,0,2.9490299091605721e-17,2.2551405187698492e-17,0,2,2,2
2,629,20260911,120,4,0,0.33333333333333331,0,6.9388939039072284e-17,4.8572257327350599e-17,0,2,2,2
2,630,20260911,120,1,0,0.083333333333333329,0,2.9490299091605721e-17,1.5612511283791264e-17,0,2,2,2
2,631,20260911,120,3,0,0.25,0,1.474514954580286e-17,1.951563910473908e-17,0,2,2,2
2,632,20260911,120,3,0,0.25,0,2.9490299091605721e-17,4.0332320816460765e-17,0,2,2,2
2,633,20260911,120,2,0,0.16666666666666666,0,2.9490299091605721e-17,2.9490299091605721e-17,0,2,2,2
2,634,20260911,120,1,0,0.083333333333333329,0,2.9490299091605721e-17,3.903127820947816e-17,0,2,2,2
2,635,20260911,120,2,0,0.16666666666666666,0,6.2450045135165055e-17,4.163336342344337e-17,0,2,2,2
2,636,20260911,120,4,0,0.33333333333333331,0,2.9923979960599922e-17,2.5153490401663703e-17,0,2,2,2
2,637,20260911,120,1,0,0.083333333333333329,0,1.5178830414797062e-17,1.0842021724855044e-17,0,2,2,2
2,638,20260911,120,4,0,0.33333333333333331,0,6.2450045135165055e-17,5.5511151231257827e-17,0,2,2,2
2,639,20260911,120,2,1,0.16666666666666666,0.083333333333333329,1.474514954580286e-17,8.0230960763927328e-18,1.3877787807814457e-17,2,2,2
2,640,20260911,120,1,0,0.083333333333333329,0,4.5102810375396984e-17,3.9898639947466563e-17,0,2,2,2
2,641,20260911,120,1,0,0.083333333333333329,0,1.3877787807814457e-17,1.0408340855860843e-17,0,2,2,2
2,642,20260911,120,2,0,0.16666666666666666,0,2.9490299091605721e-17,1.5612511283791264e-17,0,2,2,2
2,643,20260911,120,2,0,0.16666666666666666,0,1.474514954580286e-17,2.4286128663675299e-17,0,2,2,2
2,644,20260911,120,5,0,0.41666666666666669,0,4.4235448637408581e-17,3.5995512126518747e-17,0,2,2,2
2,645,20260911,120,1,0,0.083333333333333329,0,2.7755575615628914e-17,4.163336342344337e-17,0,2,2,2
2,646,20260911,120,0,0,0,0,0,0,0,1,1,1
2,647,20260911,120,3,0,0.25,0,1.474514954580286e-17,1.7347234759768071e-17,0,2,2,2
2,648,20260911,120,5,1,0.41666666666666669,0.083333333333333329,4.5102810375396984e-17,4.8572257327350599e-17,0,2,2,2
2,649,20260911,120,3,0,0.25,0,3.1225022567582528e-17,3.4694469519536142e-17,0,2,2,2
2,650,20260911,120,4,0,0.33333333333333331,0,1.4799359654427136e-17,3.4694469519536142e-17,0,2,2,2
2,651,20260911,120,2,0,0.16666666666666666,0,2.9923979960599922e-17,5.5511151231257827e-17,0,2,2,2
2,652,20260911,120,2,0,0.16666666666666666,0,6.2450045135165055e-17,3.8163916471489756e-17,0,2,2,2
2,653,20260911,120,2,2,0.16666666666666666,0.16666666666666666,1.3877787807814457e-17,1.3877787807814457e-17,1.0408340855860843e-17,2,2,2
2,654,20260911,120,1,0,0.083333333333333329,0,0,5.2041704279304213e-18,0,2,2,2
2,655,20260911,120,3,1,0.25,0.083333333333333329,1.474514954580286e-17,3.3610267347050637e-17,4.8111471404044259e-17,2,2,2
2,656,20260911,120,1,0,0.083333333333333329,0,0,1.9081958235744878e-17,0,2,2,2
2,657,20260911,120,0,0,0,0,0,0,0,1,1,1
2,658,20260911,120,2,1,0.16666666666666666,0.083333333333333329,4.8572257327350599e-17,8.3266726846886741e-17,2.4286128663675299e-17,2,2,2
2,659,20260911,120,2,0,0.16666666666666666,0,3.1225022567582528e-17,1.5612511283791264e-17,0,2,2,2
2,660,20260911,120,3,0,0.25,0,1.474514954580286e-17,2.0816681711721685e-17,0,2,2,2
2,661,20260911,120,0,0,0,0,0,0,0,1,1,1
2,662,20260911,120,2,0,0.16666666666666666,0,3.4694469519536142e-17,2.7755575615628914e-17,0,2,2,2
2,663,20260911,120,2,0,0.16666666666666666,0,4.4235448637408581e-17,4.5970172113385388e-17,0,2,2,2
2,664,20260911,120,3,0,0.25,0,3.4694469519536142e-17,5.2041704279304213e-17,0,2,2,2
2,665,20260911,120,1,1,0.083333333333333329,0.083333333333333329,5.5511151231257827e-17,5.5511151231257827e-17,3.4694469519536142e-17,2,2,2
2,666,20260911,120,1,0,0.083333333333333329,0,1.3877787807814457e-17,4.163336342344337e-17,0,2,2,2
2,667,20260911,120,1,0,0.083333333333333329,0,1.474514954580286e-17,1.5612511283791264e-17,0,2,2,2
2,668,20260911,120,3,0,0.25,0,4.163336342344337e-17,3.4694469519536142e-17,0,2,2,2
2,669,20260911,120,2,0,0.16666666666666666,0,3.4694469519536142e-17,2.7755575615628914e-17,0,2,2,2
2,670,20260911,120,3,1,0.25,0.083333333333333329,2.7755575615628914e-17,4.163336342344337e-17,3.8163916471489756e-17,2,2,2
2,671,20260911,120,4,0,0.33333333333333331,0,2.7755575615628914e-17,4.6837533851373792e-17,0,2,2,2
2,672,20260911,120,4,0,0.33333333333333331,0,4.5102810375396984e-17,4.8572257327350599e-17,0,2,2,2
2,673,20260911,120,5,1,0.41666666666666669,0.083333333333333329,2.0816681711721685e-17,2.7755575615628914e-17,3.2959746043559335e-17,2,2,2
2,674,20260911,120,1,0,0.083333333333333329,0,0,2.3852447794681098e-18,0,2,2,2
2,675,20260911,120,1,1,0.083333333333333329,0.083333333333333329,0,6.9388939039072284e-17,6.9388939039072284e-18,2,2,2
2,676,20260911,120,1,0,0.083333333333333329,0,0,3.8163916471489756e-17,0,2,2,2
2,677,20260911,120,2,0,0.16666666666666666,0,1.5612511283791264e-17,2.9490299091605721e-17,0,2,2,2
2,678,20260911,120,0,0,0,0,0,0,0,1,1,1
2,679,20260911,120,2,1,0.16666666666666666,0.083333333333333329,4.163336342344337e-17,3.4694469519536142e-17,2.0816681711721685e-17,2,2,2
2,680,20260911,120,0,0,0,0,0,0,0,1,1,1
2,681,20260911,120,3,0,0.25,0,2.9490299091605721e-17,3.9898639947466563e-17,0,2,2,2
2,682,20260911,120,4,0,0.33333333333333331,0,3.4694469519536142e-17,4.8572257327350599e-17,0,2,2,2
2,683,20260911,120,6,3,0.5,0.25,4.5102810375396984e-17,4.163336342344337e-17,3.2959746043559335e-17,2,2,2
2,684,20260911,120,2,0,0.16666666666666666,0,3.1225022567582528e-17,4.5102810375396984e-17,0,2,2,2
2,685,20260911,120,5,0,0.41666666666666669,0,4.5102810375396984e-17,5.2041704279304213e-17,0,2,2,2
2,686,20260911,120,0,0,0,0,0,0,0,1,1,1
2,687,20260911,120,1,0,0.083333333333333329,0,2.9490299091605721e-17,2.3418766925686896e-17,0,2,2,2
2,688,20260911,120,4,0,0.33333333333333331,0,4.4235448637408581e-17,6.2450045135165055e-17,0,2,2,2
2,689,20260911,120,3,1,0.25,0.083333333333333329,6.2450045135165055e-17,5.8980598183211441e-17,1.4799359654427136e-17,2,2,2
2,690,20260911,120,5,0,0.41666666666666669,0,1.4799359654427136e-17,2.2226144535952841e-17,0,2,2,2
2,691,20260911,120,2,0,0.16666666666666666,0,2.7755575615628914e-17,2.0816681711721685e-17,0,2,2,2
2,692,20260911,120,3,0,0.25,0,4.163336342344337e-17,2.7755575615628914e-17,0,2,2,2
2,693,20260911,120,3,0,0.25,0,4.8572257327350599e-17,4.163336342344337e-17,0,2,2,2
2,694,20260911,120,3,1,0.25,0.083333333333333329,2.7755575615628914e-17,3.4694469519536142e-17,1.3010426069826053e-17,2,2,2
2,695,20260911,120,5,0,0.41666666666666669,0,3.1225022567582528e-17,2.4286128663675299e-17,0,2,2,2
2,696,20260911,120,1,0,0.083333333333333329,0,4.163336342344337e-17,4.5102810375396984e-17,0,2,2,2
2,697,20260911,120,2,0,0.16666666666666666,0,1.5612511283791264e-17,3.9898639947466563e-17,0,2,2,2
2,698,20260911,120,2,1,0.16666666666666666,0.083333333333333329,1.3877787807814457e-17,2.0816681711721685e-17,1.9081958235744878e-17,2,2,2
2,699,20260911,120,4,2,0.33333333333333331,0.16666666666666666,4.8572257327350599e-17,8.3266726846886741e-17,2.4286128663675299e-17,2,2,2
2,700,20260911,120,2,0,0.16666666666666666,0,4.5102810375396984e-17,5.2041704279304213e-17,0,2,2,2
2,701,20260911,120,0,0,0,0,0,0,0,1,1,1
2,702,20260911,120,1,0,0.083333333333333329,0,1.3877787807814457e-17,4.8572257327350599e-17,0,2,2,2
2,703,20260911,120,1,0,0.083333333333333329,0,3.4694469519536142e-17,3.4694469519536142e-17,0,2,2,2
2,704,20260911,120,1,0,0.083333333333333329,0,2.9490299091605721e-17,2.0816681711721685e-17,0,2,2,2
2,705,20260911,120,2,0,0.16666666666666666,0,2.0816681711721685e-17,2.6020852139652106e-17,0,2,2,2
2,706,20260911,120,3,0,0.25,0,2.9490299091605721e-17,2.7755575615628914e-17,0,2,2,2
2,707,20260911,120,1,0,0.083333333333333329,0,0,5.2041704279304213e-18,0,2,2,2
2,708,20260911,120,4,1,0.33333333333333331,0.083333333333333329,2.7755575615628914e-17,3.4694469519536142e-17,0,2,2,2
2,709,20260911,120,4,1,0.33333333333333331,0.083333333333333329,1.474514954580286e-17,3.4694469519536142e-17,1.3877787807814457e-17,2,2,2
2,710,20260911,120,2,0,0.16666666666666666,0,2.9490299091605721e-17,2.6020852139652106e-17,0,2,2,2
2,711,20260911,120,1,0,0.083333333333333329,0,2.7755575615628914e-17,2.4286128663675299e-17,0,2,2,2
2,712,20260911,120,1,0,0.083333333333333329,0,1.7347234759768071e-17,3.8163916471489756e-17,0,2,2,2
2,713,20260911,120,1,0,0.083333333333333329,0,1.3877787807814457e-17,1.3877787807814457e-17,0,2,2,2
2,714,20260911,120,3,0,0.25,0,1.5612511283791264e-17,2.1684043449710089e-17,0,2,2,2
2,715,20260911,120,3,0,0.25,0,4.4235448637408581e-17,6.9388939039072284e-17,0,2,2,2
2,716,20260911,120,2,0,0.16666666666666666,0,3.0357660829594124e-17,3.8163916471489756e-17,0,2,2,2
2,717,20260911,120,3,0,0.25,0,3.1225022567582528e-17,3.1225022567582528e-17,0,2,2,2
2,718,20260911,120,1,0,0.083333333333333329,0,1.474514954580286e-17,1.4528309111305759e-17,0,2,2,2
2,719,20260911,120,5,1,0.41666666666666669,0.083333333333333329,8.5001450322863548e-17,4.9439619065339002e-17,1.6723818510588906e-17,2,2,2
2,720,20260911,120,1,0,0.083333333333333329,0,3.4694469519536142e-17,2.7755575615628914e-17,0,2,2,2
2,721,20260911,120,2,0,0.16666666666666666,0,5.8980598183211441e-17,5.8113236445223038e-17,0,2,2,2
2,722,20260911,120,3,0,0.25,0,1.474514954580286e-17,1.8214596497756474e-17,0,2,2,2
2,723,20260911,120,5,0,0.41666666666666669,0,4.5102810375396984e-17,4.5102810375396984e-17,0,2,2,2
2,724,20260911,120,3,0,0.25,0,3.1225022567582528e-17,2.0816681711721685e-17,0,2,2,2
2,725,20260911,120,3,0,0.25,0,3.1225022567582528e-17,4.8572257327350599e-17,0,2,2,2
2,726,20260911,120,3,0,0.25,0,2.7755575615628914e-17,3.4694469519536142e-17,0,2,2,2
2,727,20260911,120,1,0,0.083333333333333329,0,2.9598719308854271e-17,2.7538735181131813e-17,0,2,2,2
2,728,20260911,120,3,0,0.25,0,4.5102810375396984e-17,5.8980598183211441e-17,0,2,2,2
2,729,20260911,120,1,0,0.083333333333333329,0,0,2.7755575615628914e-17,0,2,2,2
2,730,20260911,120,4,0,0.33333333333333331,0,5.8980598183211441e-17,6.4184768611141862e-17,0,2,2,2
2,731,20260911,120,2,0,0.16666666666666666,0,7.4593109467002705e-17,6.0715321659188248e-17,0,2,2,2
2,732,20260911,120,1,1,0.083333333333333329,0.083333333333333329,0,6.9388939039072284e-18,1.8214596497756474e-17,2,2,2
2,733,20260911,120,2,0,0.16666666666666666,0,0,2.7755575615628914e-17,0,2,2,2
2,734,20260911,120,1,0,0.083333333333333329,0,0,8.6736173798840355e-18,0,2,2,2
2,735,20260911,120,4,0,0.33333333333333331,0,7.4593109467002705e-17,5.2041704279304213e-17,0,2,2,2
2,736,20260911,120,2,0,0.16666666666666666,0,2.9490299091605721e-17,3.8597597340483958e-17,0,2,2,2
2,737,20260911,120,3,0,0.25,0,3.1225022567582528e-17,3.9898639947466563e-17,0,2,2,2
2,738,20260911,120,2,0,0.16666666666666666,0,0,3.2959746043559335e-17,0,2,2,2
2,739,20260911,120,3,0,0.25,0,7.2858385991025898e-17,3.8163916471489756e-17,0,2,2,2
2,740,20260911,120,2,0,0.16666666666666666,0,1.3877787807814457e-17,5.5511151231257827e-17,0,2,2,2
2,741,20260911,120,0,0,0,0,0,0,0,1,1,1
2,742,20260911,120,4,0,0.33333333333333331,0,4.3368086899420177e-17,3.2959746043559335e-17,0,2,2,2
2,743,20260911,120,4,0,0.33333333333333331,0,4.163336342344337e-17,6.591949208711867e-17,0,2,2,2
2,744,20260911,120,5,0,0.41666666666666669,0,4.5102810375396984e-17,8.3266726846886741e-17,0,2,2,2
2,745,20260911,120,3,0,0.25,0,5.8980598183211441e-17,3.6429192995512949e-17,0,2,2,2
2,746,20260911,120,3,1,0.25,0.083333333333333329,2.9490299091605721e-17,1.9081958235744878e-17,1.7347234759768071e-17,2,2,2
2,747,20260911,120,4,0,0.33333333333333331,0,5.9197438617708542e-17,3.7079714299004252e-17,0,2,2,2
2,748,20260911,120,1,0,0.083333333333333329,0,4.4235448637408581e-17,2.9490299091605721e-17,0,2,2,2
2,749,20260911,120,4,0,0.33333333333333331,0,3.1225022567582528e-17,5.5511151231257827e-17,0,2,2,2
2,750,20260911,120,1,0,0.083333333333333329,0,2.9490299091605721e-17,1.6479873021779667e-17,0,2,2,2
2,751,20260911,120,1,0,0.083333333333333329,0,4.4235448637408581e-17,3.903127820947816e-17,0,2,2,2
2,752,20260911,120,3,0,0.25,0,6.2450045135165055e-17,3.4694469519536142e-17,0,2,2,2
2,753,20260911,120,3,1,0.25,0.083333333333333329,4.4669129506402783e-17,5.5511151231257827e-17,2.0816681711721685e-17,2,2,2
2,754,20260911,120,3,1,0.25,0.083333333333333329,1.5178830414797062e-17,3.4694469519536142e-17,2.7755575615628914e-17,2,2,2
2,755,20260911,120,2,0,0.16666666666666666,0,3.4694469519536142e-17,2.0816681711721685e-17,0,2,2,2
2,756,20260911,120,1,0,0.083333333333333329,0,1.3877787807814457e-17,1.5612511283791264e-17,0,2,2,2
2,757,20260911,120,5,0,0.41666666666666669,0,4.5102810375396984e-17,4.163336342344337e-17,0,2,2,2
2,758,20260911,120,6,0,0.5,0,4.4235448637408581e-17,4.163336342344337e-17,0,2,2,2
2,759,20260911,120,0,0,0,0,0,0,0,1,1,1
2,760,20260911,120,1,0,0.083333333333333329,0,4.163336342344337e-17,4.8572257327350599e-17,0,2,2,2
2,761,20260911,120,1,0,0.083333333333333329,0,1.474514954580286e-17,1.1275702593849246e-17,0,2,2,2
2,762,20260911,120,2,0,0.16666666666666666,0,5.8980598183211441e-17,7.6327832942979512e-17,0,2,2,2
2,763,20260911,120,1,1,0.083333333333333329,0.083333333333333329,2.7755575615628914e-17,2.0816681711721685e-17,1.3877787807814457e-17,2,2,2
2,764,20260911,120,5,1,0.41666666666666669,0.083333333333333329,5.5511151231257827e-17,4.3801767768414379e-17,1.3877787807814457e-17,2,2,2
2,765,20260911,120,2,0,0.16666666666666666,0,3.1225022567582528e-17,4.6837533851373792e-17,0,2,2,2
2,766,20260911,120,0,0,0,0,0,0,0,1,1,1
2,767,20260911,120,4,2,0.33333333333333331,0.16666666666666666,2.7755575615628914e-17,4.8572257327350599e-17,7.4593109467002705e-17,2,2,2
2,768,20260911,120,4,0,0.33333333333333331,0,2.7755575615628914e-17,4.5102810375396984e-17,0,2,2,2
2,769,20260911,120,1,0,0.083333333333333329,0,1.3877787807814457e-17,1.0408340855860843e-17,0,2,2,2
2,770,20260911,120,6,1,0.5,0.083333333333333329,3.0357660829594124e-17,3.1225022567582528e-17,8.6736173798840355e-18,2,2,2
2,771,20260911,120,3,0,0.25,0,2.9490299091605721e-17,3.9898639947466563e-17,0,2,2,2
2,772,20260911,120,2,0,0.16666666666666666,0,3.1225022567582528e-17,2.0816681711721685e-17,0,2,2,2
2,773,20260911,120,3,0,0.25,0,2.9490299091605721e-17,2.211772431870429e-17,0,2,2,2
2,774,20260911,120,2,1,0.16666666666666666,0.083333333333333329,1.3877787807814457e-17,2.7755575615628914e-17,2.4286128663675299e-17,2,2,2
2,775,20260911,120,2,0,0.16666666666666666,0,3.1225022567582528e-17,2.6020852139652106e-17,0,2,2,2
2,776,20260911,120,2,0,0.16666666666666666,0,1.7347234759768071e-17,1.7347234759768071e-17,0,2,2,2
2,777,20260911,120,1,0,0.083333333333333329,0,4.5102810375396984e-17,5.5511151231257827e-17,0,2,2,2
2,778,20260911,120,3,0,0.25,0,2.9490299091605721e-17,4.3368086899420177e-17,0,2,2,2
2,779,20260911,120,0,0,0,0,0,0,0,1,1,1
2,780,20260911,120,4,0,0.33333333333333331,0,4.3368086899420177e-17,2.9490299091605721e-17,0,2,2,2
2,781,20260911,120,3,0,0.25,0,1.3877787807814457e-17,2.2551405187698492e-17,0,2,2,2
2,782,20260911,120,3,0,0.25,0,2.9923979960599922e-17,4.8572257327350599e-17,0,2,2,2
2,783,20260911,120,7,0,0.58333333333333337,0,5.8980598183211441e-17,5.0306980803327406e-17,0,2,2,2
2,784,20260911,120,1,0,0.083333333333333329,0,2.9490299091605721e-17,3.8163916471489756e-17,0,2,2,2
2,785,20260911,120,2,0,0.16666666666666666,0,1.5612511283791264e-17,2.7755575615628914e-17,0,2,2,2
2,786,20260911,120,2,0,0.16666666666666666,0,1.5612511283791264e-17,3.4694469519536142e-17,0,2,2,2
2,787,20260911,120,2,0,0.16666666666666666,0,4.3368086899420177e-17,3.4694469519536142e-17,0,2,2,2
2,788,20260911,120,1,0,0.083333333333333329,0,0,1.7347234759768071e-17,0,2,2,2
2,789,20260911,120,3,1,0.25,0.083333333333333329,4.163336342344337e-17,4.8572257327350599e-17,1.0408340855860843e-17,2,2,2
2,790,20260911,120,1,0,0.083333333333333329,0,0,1.3877787807814457e-17,0,2,2,2
2,791,20260911,120,4,0,0.33333333333333331,0,7.3942588163511402e-17,3.903127820947816e-17,0,2,2,2
2,792,20260911,120,1,0,0.083333333333333329,0,3.1225022567582528e-17,1.7347234759768071e-17,0,2,2,2
2,793,20260911,120,3,1,0.25,0.083333333333333329,2.7755575615628914e-17,1.7347234759768071e-17,3.4694469519536142e-17,2,2,2
2,794,20260911,120,4,0,0.33333333333333331,0,5.8980598183211441e-17,5.0306980803327406e-17,0,2,2,2
2,795,20260911,120,5,0,0.41666666666666669,0,5.8980598183211441e-17,4.6837533851373792e-17,0,2,2,2
2,796,20260911,120,2,0,0.16666666666666666,0,1.5612511283791264e-17,3.4694469519536142e-17,0,2,2,2
2,797,20260911,120,2,0,0.16666666666666666,0,4.4669129506402783e-17,3.5995512126518747e-17,0,2,2,2
2,798,20260911,120,1,0,0.083333333333333329,0,0,3.4694469519536142e-17,0,2,2,2
2,799,20260911,120,0,0,0,0,0,0,0,1,1,1
2,800,20260911,120,1,0,0.083333333333333329,0,2.9490299091605721e-17,2.0816681711721685e-17,0,2,2,2
2,801,20260911,120,2,1,0.16666666666666666,0.083333333333333329,2.7755575615628914e-17,4.163336342344337e-17,2.4719809532669501e-17,2,2,2
2,802,20260911,120,1,0,0.083333333333333329,0,3.1225022567582528e-17,2.0816681711721685e-17,0,2,2,2
2,803,20260911,120,3,0,0.25,0,4.3368086899420177e-17,3.4694469519536142e-17,0,2,2,2
2,804,20260911,120,2,0,0.16666666666666666,0,4.163336342344337e-17,4.163336342344337e-17,0,2,2,2
2,805,20260911,120,0,0,0,0,0,0,0,1,1,1
2,806,20260911,120,3,0,0.25,0,2.9490299091605721e-17,2.3418766925686896e-17,0,2,2,2
2,807,20260911,120,2,0,0.16666666666666666,0,3.0357660829594124e-17,3.8163916471489756e-17,0,2,2,2
2,808,20260911,120,3,1,0.25,0.083333333333333329,1.3877787807814457e-17,3.1225022567582528e-17,3.4694469519536142e-18,2,2,2
2,809,20260911,120,3,0,0.25,0,3.1225022567582528e-17,2.7755575615628914e-17,0,2,2,2
2,810,20260911,120,1,0,0.083333333333333329,0,0,1.3010426069826053e-18,0,2,2,2
2,811,20260911,120,0,0,0,0,0,0,0,1,1,1
2,812,20260911,120,4,0,0.33333333333333331,0,4.3368086899420177e-17,4.163336342344337e-17,0,2,2,2
2,813,20260911,120,1,0,0.083333333333333329,0,0,2.6020852139652106e-17,0,2,2,2
2,814,20260911,120,4,1,0.33333333333333331,0.083333333333333329,2.9490299091605721e-17,8.3266726846886741e-17,5.2041704279304213e-17,2,2,2
2,815,20260911,120,3,0,0.25,0,2.9490299091605721e-17,4.8572257327350599e-17,0,2,2,2
2,816,20260911,120,2,0,0.16666666666666666,0,2.0816681711721685e-17,2.4286128663675299e-17,0,2,2,2
2,817,20260911,120,4,0,0.33333333333333331,0,5.9847959921199845e-17,5.5511151231257827e-17,0,2,2,2
2,818,20260911,120,3,0,0.25,0,2.9598719308854271e-17,3.8163916471489756e-17,0,2,2,2
2,819,20260911,120,2,0,0.16666666666666666,0,4.4235448637408581e-17,4.9873299934333204e-17,0,2,2,2
2,820,20260911,120,3,0,0.25,0,3.4694469519536142e-17,4.163336342344337e-17,0,2,2,2
2,821,20260911,120,3,1,0.25,0.083333333333333329,4.5102810375396984e-17,6.2450045135165055e-17,4.6837533851373792e-17,2,2,2
2,822,20260911,120,7,0,0.58333333333333337,0,5.8980598183211441e-17,4.5102810375396984e-17,0,2,2,2
2,823,20260911,120,4,0,0.33333333333333331,0,2.9490299091605721e-17,4.5102810375396984e-17,0,2,2,2
2,824,20260911,120,4,0,0.33333333333333331,0,2.9598719308854271e-17,2.7755575615628914e-17,0,2,2,2
2,825,20260911,120,3,0,0.25,0,2.9707139526102821e-17,3.4694469519536142e-17,0,2,2,2
2,826,20260911,120,2,0,0.16666666666666666,0,1.3877787807814457e-17,3.4694469519536142e-17,0,2,2,2
2,827,20260911,120,1,0,0.083333333333333329,0,1.3877787807814457e-17,2.0816681711721685e-17,0,2,2,2
2,828,20260911,120,1,0,0.083333333333333329,0,5.9197438617708542e-17,4.87890977618477e-17,0,2,2,2
2,829,20260911,120,4,0,0.33333333333333331,0,1.3877787807814457e-17,3.8163916471489756e-17,0,2,2,2
2,830,20260911,120,3,0,0.25,0,7.4593109467002705e-17,4.5102810375396984e-17,0,2,2,2
2,831,20260911,120,2,1,0.16666666666666666,0.083333333333333329,4.163336342344337e-17,2.7755575615628914e-17,6.9388939039072284e-18,2,2,2
2,832,20260911,120,2,0,0.16666666666666666,0,4.5102810375396984e-17,6.6461593173361422e-17,0,2,2,2
2,833,20260911,120,1,0,0.083333333333333329,0,2.9598719308854271e-17,3.4369208867790491e-17,0,2,2,2
2,834,20260911,120,5,0,0.41666666666666669,0,4.4669129506402783e-17,4.8572257327350599e-17,0,2,2,2
2,835,20260911,120,4,1,0.33333333333333331,0.083333333333333329,4.163336342344337e-17,2.7755575615628914e-17,2.0816681711721685e-17,2,2,2
2,836,20260911,120,1,0,0.083333333333333329,0,4.5102810375396984e-17,3.6429192995512949e-17,0,2,2,2
2,837,20260911,120,0,0,0,0,0,0,0,1,1,1
2,838,20260911,120,2,0,0.16666666666666666,0,1.3877787807814457e-17,2.0816681711721685e-17,0,2,2,2
2,839,20260911,120,3,0,0.25,0,5.8980598183211441e-17,3.9898639947466563e-17,0,2,2,2
2,840,20260911,120,1,0,0.083333333333333329,0,2.9490299091605721e-17,3.5561831257524545e-17,0,2,2,2
2,841,20260911,120,2,0,0.16666666666666666,0,1.3877787807814457e-17,1.0408340855860843e-17,0,2,2,2
2,842,20260911,120,2,1,0.16666666666666666,0.083333333333333329,5.9847959921199845e-17,5.0306980803327406e-17,2.688821387764051e-17,2,2,2
2,843,20260911,120,1,1,0.083333333333333329,0.083333333333333329,0,1.0408340855860843e-17,1.463672932855431e-17,2,2,2
2,844,20260911,120,3,1,0.25,0.083333333333333329,1.7347234759768071e-17,6.9388939039072284e-17,2.4286128663675299e-17,2,2,2
2,845,20260911,120,3,1,0.25,0.083333333333333329,5.5511151231257827e-17,5.5511151231257827e-17,3.4694469519536142e-17,2,2,2
2,846,20260911,120,3,0,0.25,0,4.5102810375396984e-17,6.2450045135165055e-17,0,2,2,2
2,847,20260911,120,7,0,0.58333333333333337,0,4.5102810375396984e-17,3.2959746043559335e-17,0,2,2,2
2,848,20260911,120,3,0,0.25,0,4.4235448637408581e-17,5.1174342541315809e-17,0,2,2,2
2,849,20260911,120,1,1,0.083333333333333329,0.083333333333333329,1.3877787807814457e-17,3.4694469519536142e-17,1.3877787807814457e-17,2,2,2
2,850,20260911,120,1,0,0.083333333333333329,0,0,3.4694469519536142e-18,0,2,2,2
2,851,20260911,120,3,0,0.25,0,4.163336342344337e-17,3.8163916471489756e-17,0,2,2,2
2,852,20260911,120,1,0,0.083333333333333329,0,0,9.540979117872439e-18,0,2,2,2
2,853,20260911,120,3,0,0.25,0,4.5102810375396984e-17,4.3368086899420177e-17,0,2,2,2
2,854,20260911,120,1,0,0.083333333333333329,0,2.0816681711721685e-17,3.4694469519536142e-17,0,2,2,2
2,855,20260911,120,1,0,0.083333333333333329,0,1.3877787807814457e-17,4.8572257327350599e-17,0,2,2,2
2,856,20260911,120,1,0,0.083333333333333329,0,0,2.0816681711721685e-17,0,2,2,2
2,857,20260911,120,2,0,0.16666666666666666,0,1.474514954580286e-17,1.3877787807814457e-17,0,2,2,2
2,858,20260911,120,1,0,0.083333333333333329,0,4.5102810375396984e-17,2.9490299091605721e-17,0,2,2,2
2,859,20260911,120,2,0,0.16666666666666666,0,3.1225022567582528e-17,3.4694469519536142e-17,0,2,2,2
2,860,20260911,120,1,0,0.083333333333333329,0,0,1.8214596497756474e-17,0,2,2,2
2,861,20260911,120,1,0,0.083333333333333329,0,1.3877787807814457e-17,2.0816681711721685e-17,0,2,2,2
2,862,20260911,120,1,0,0.083333333333333329,0,1.3877787807814457e-17,4.8572257327350599e-17,0,2,2,2
2,863,20260911,120,3,0,0.25,0,3.0357660829594124e-17,3.4694469519536142e-17,0,2,2,2
2,864,20260911,120,5,0,0.41666666666666669,0,5.9414279052205643e-17,5.5944832100252029e-17,0,2,2,2
2,865,20260911,120,1,0,0.083333333333333329,0,1.5612511283791264e-17,1.214306433183765e-17,0,2,2,2
2,866,20260911,120,1,1,0.083333333333333329,0.083333333333333329,1.3877787807814457e-17,2.0816681711721685e-17,6.2883726004159257e-18,2,2,2
2,867,20260911,120,4,0,0.33333333333333331,0,2.9598719308854271e-17,4.9764879717084654e-17,0,2,2,2
2,868,20260911,120,2,0,0.16666666666666666,0,1.5612511283791264e-17,2.9490299091605721e-17,0,2,2,2
2,869,20260911,120,2,0,0.16666666666666666,0,1.5612511283791264e-17,3.1225022567582528e-17,0,2,2,2
2,870,20260911,120,3,0,0.25,0,5.5511151231257827e-17,6.2450045135165055e-17,0,2,2,2
2,871,20260911,120,1,0,0.083333333333333329,0,0,1.3877787807814457e-17,0,2,2,2
2,872,20260911,120,2,1,0.16666666666666666,0.083333333333333329,2.0816681711721685e-17,4.163336342344337e-17,2.9490299091605721e-17,2,2,2
2,873,20260911,120,2,0,0.16666666666666666,0,7.4159428598008503e-17,4.0766001685454967e-17,0,2,2,2
2,874,20260911,120,2,0,0.16666666666666666,0,2.7755575615628914e-17,6.2450045135165055e-17,0,2,2,2
2,875,20260911,120,4,0,0.33333333333333331,0,2.9923979960599922e-17,4.5102810375396984e-17,0,2,2,2
2,876,20260911,120,2,0,0.16666666666666666,0,5.8980598183211441e-17,3.6862873864507151e-17,0,2,2,2
2,877,20260911,120,2,0,0.16666666666666666,0,2.7755575615628914e-17,3.1225022567582528e-17,0,2,2,2
2,878,20260911,120,2,1,0.16666666666666666,0.083333333333333329,2.7755575615628914e-17,5.2041704279304213e-17,3.1225022567582528e-17,2,2,2
2,879,20260911,120,6,0,0.5,0,4.5102810375396984e-17,3.6429192995512949e-17,0,2,2,2
2,880,20260911,120,3,1,0.25,0.083333333333333329,4.4235448637408581e-17,3.8163916471489756e-17,1.0408340855860843e-17,2,2,2
2,881,20260911,120,3,1,0.25,0.083333333333333329,7.4593109467002705e-17,6.9388939039072284e-17,1.3010426069826053e-18,2,2,2
2,882,20260911,120,4,0,0.33333333333333331,0,3.8163916471489756e-17,3.1225022567582528e-17,0,2,2,2
2,883,20260911,120,4,0,0.33333333333333331,0,4.163336342344337e-17,3.1225022567582528e-17,0,2,2,2
2,884,20260911,120,0,0,0,0,0,0,0,1,1,1
2,885,20260911,120,4,0,0.33333333333333331,0,2.9490299091605721e-17,3.6862873864507151e-17,0,2,2,2
2,886,20260911,120,2,0,0.16666666666666666,0,4.5102810375396984e-17,3.8163916471489756e-17,0,2,2,2
2,887,20260911,120,3,0,0.25,0,1.3877787807814457e-17,3.6429192995512949e-17,0,2,2,2
2,888,20260911,120,4,1,0.33333333333333331,0.083333333333333329,4.163336342344337e-17,6.9388939039072284e-17,6.9388939039072284e-18,2,2,2
2,889,20260911,120,4,0,0.33333333333333331,0,2.9598719308854271e-17,3.0249240612345574e-17,0,2,2,2
2,890,20260911,120,1,0,0.083333333333333329,0,1.474514954580286e-17,1.3010426069826053e-17,0,2,2,2
2,891,20260911,120,1,0,0.083333333333333329,0,0,1.214306433183765e-17,0,2,2,2
2,892,20260911,120,4,1,0.33333333333333331,0.083333333333333329,3.1225022567582528e-17,2.7755575615628914e-17,3.6429192995512949e-17,2,2,2
2,893,20260911,120,1,0,0.083333333333333329,0,0,1.7347234759768071e-17,0,2,2,2
2,894,20260911,120,2,0,0.16666666666666666,0,2.9490299091605721e-17,2.7755575615628914e-17,0,2,2,2
2,895,20260911,120,3,0,0.25,0,4.4235448637408581e-17,3.4694469519536142e-17,0,2,2,2
2,896,20260911,120,3,1,0.25,0.083333333333333329,3.1225022567582528e-17,4.5102810375396984e-17,1.0408340855860843e-17,2,2,2
2,897,20260911,120,4,0,0.33333333333333331,0,2.7755575615628914e-17,3.8163916471489756e-17,0,2,2,2
2,898,20260911,120,1,0,0.083333333333333329,0,1.3877787807814457e-17,2.0816681711721685e-17,0,2,2,2
2,899,20260911,120,3,0,0.25,0,4.163336342344337e-17,6.9388939039072284e-17,0,2,2,2
2,900,20260911,120,1,0,0.083333333333333329,0,0,0,0,2,2,2
2,901,20260911,120,2,0,0.16666666666666666,0,2.9490299091605721e-17,3.903127820947816e-17,0,2,2,2
2,902,20260911,120,3,0,0.25,0,7.3725747729014302e-17,4.163336342344337e-17,0,2,2,2
2,903,20260911,120,3,0,0.25,0,4.4452289071905682e-17,6.4401609045638963e-17,0,2,2,2
2,904,20260911,120,3,1,0.25,0.083333333333333329,4.5102810375396984e-17,5.2041704279304213e-17,6.9388939039072284e-18,2,2,2
2,905,20260911,120,1,0,0.083333333333333329,0,1.3877787807814457e-17,1.5612511283791264e-17,0,2,2,2
2,906,20260911,120,3,0,0.25,0,5.8980598183211441e-17,5.6378512969246231e-17,0,2,2,2
2,907,20260911,120,2,1,0.16666666666666666,0.083333333333333329,0,7.8062556418956319e-18,0,2,2,2
2,908,20260911,120,1,0,0.083333333333333329,0,0,8.3076991466701777e-18,0,2,2,2
2,909,20260911,120,2,0,0.16666666666666666,0,2.9490299091605721e-17,5.2041704279304213e-17,0,2,2,2
2,910,20260911,120,3,0,0.25,0,4.8572257327350599e-17,4.163336342344337e-17,0,2,2,2
2,911,20260911,120,3,1,0.25,0.083333333333333329,2.7755575615628914e-17,6.2450045135165055e-17,6.9388939039072284e-18,2,2,2
2,912,20260911,120,4,0,0.33333333333333331,0,2.9923979960599922e-17,2.9490299091605721e-17,0,2,2,2
2,913,20260911,120,1,0,0.083333333333333329,0,0,3.9898639947466563e-17,0,2,2,2
2,914,20260911,120,4,0,0.33333333333333331,0,5.8980598183211441e-17,6.591949208711867e-17,0,2,2,2
2,915,20260911,120,4,0,0.33333333333333331,0,6.0715321659188248e-17,4.5102810375396984e-17,0,2,2,2
2,916,20260911,120,4,0,0.33333333333333331,0,4.5102810375396984e-17,6.2450045135165055e-17,0,2,2,2
2,917,20260911,120,2,0,0.16666666666666666,0,1.7347234759768071e-17,5.5511151231257827e-17,0,2,2,2
2,918,20260911,120,2,0,0.16666666666666666,0,1.7347234759768071e-17,2.7755575615628914e-17,0,2,2,2
2,919,20260911,120,2,0,0.16666666666666666,0,1.5612511283791264e-17,4.3368086899420177e-17,0,2,2,2
2,920,20260911,120,3,0,0.25,0,4.4235448637408581e-17,5.5511151231257827e-17,0,2,2,2
2,921,20260911,120,2,0,0.16666666666666666,0,1.474514954580286e-17,4.163336342344337e-17,0,2,2,2
2,922,20260911,120,1,0,0.083333333333333329,0,1.7347234759768071e-17,3.1225022567582528e-17,0,2,2,2
2,923,20260911,120,2,0,0.16666666666666666,0,4.4398078963281407e-17,3.8706017557732508e-17,0,2,2,2
2,924,20260911,120,3,0,0.25,0,6.2450045135165055e-17,5.5511151231257827e-17,0,2,2,2
2,925,20260911,120,2,0,0.16666666666666666,0,1.5612511283791264e-17,2.4286128663675299e-17,0,2,2,2
2,926,20260911,120,3,0,0.25,0,3.1225022567582528e-17,4.163336342344337e-17,0,2,2,2
2,927,20260911,120,1,0,0.083333333333333329,0,1.7347234759768071e-17,1.0408340855860843e-17,0,2,2,2
2,928,20260911,120,3,1,0.25,0.083333333333333329,4.3368086899420177e-17,3.6429192995512949e-17,2.9490299091605721e-17,2,2,2
2,929,20260911,120,4,0,0.33333333333333331,0,5.8980598183211441e-17,5.2041704279304213e-17,0,2,2,2
2,930,20260911,120,2,0,0.16666666666666666,0,4.5102810375396984e-17,2.4286128663675299e-17,0,2,2,2
2,931,20260911,120,5,0,0.41666666666666669,0,6.2450045135165055e-17,4.163336342344337e-17,0,2,2,2
2,932,20260911,120,1,0,0.083333333333333329,0,1.3877787807814457e-17,3.4694469519536142e-17,0,2,2,2
2,933,20260911,120,3,0,0.25,0,9.0205620750793969e-17,5.2041704279304213e-17,0,2,2,2
2,934,20260911,120,4,0,0.33333333333333331,0,8.8470897274817162e-17,6.591949208711867e-17,0,2,2,2
2,935,20260911,120,3,0,0.25,0,4.5102810375396984e-17,4.163336342344337e-17,0,2,2,2
2,936,20260911,120,1,0,0.083333333333333329,0,1.474514954580286e-17,3.9898639947466563e-17,0,2,2,2
2,937,20260911,120,4,1,0.33333333333333331,0.083333333333333329,3.1225022567582528e-17,4.8572257327350599e-17,6.9388939039072284e-18,2,2,2
2,938,20260911,120,3,0,0.25,0,5.8980598183211441e-17,4.163336342344337e-17,0,2,2,2
2,939,20260911,120,2,0,0.16666666666666666,0,2.9707139526102821e-17,1.9081958235744878e-17,0,2,2,2
2,940,20260911,120,3,0,0.25,0,3.4694469519536142e-17,5.5511151231257827e-17,0,2,2,2
2,941,20260911,120,1,0,0.083333333333333329,0,1.7347234759768071e-17,2.4286128663675299e-17,0,2,2,2
2,942,20260911,120,3,0,0.25,0,2.9598719308854271e-17,3.2309224740068032e-17,0,2,2,2
2,943,20260911,120,4,1,0.33333333333333331,0.083333333333333329,3.0357660829594124e-17,3.8163916471489756e-17,1.6913553890773869e-17,2,2,2
2,944,20260911,120,3,0,0.25,0,7.6327832942979512e-17,4.163336342344337e-17,0,2,2,2
2,945,20260911,120,4,1,0.33333333333333331,0.083333333333333329,7.4593109467002705e-17,7.4593109467002705e-17,2.4286128663675299e-17,2,2,2
2,946,20260911,120,0,0,0,0,0,0,0,1,1,1
2,947,20260911,120,1,0,0.083333333333333329,0,1.4799359654427136e-17,1.6642503347652493e-17,0,2,2,2
2,948,20260911,120,3,0,0.25,0,2.9490299091605721e-17,3.6429192995512949e-17,0,2,2,2
2,949,20260911,120,0,0,0,0,0,0,0,1,1,1
2,950,20260911,120,0,0,0,0,0,0,0,1,1,1
2,951,20260911,120,4,1,0.33333333333333331,0.083333333333333329,2.7755575615628914e-17,4.163336342344337e-17,6.9388939039072284e-18,2,2,2
2,952,20260911,120,1,0,0.083333333333333329,0,0,2.7755575615628914e-17,0,2,2,2
2,953,20260911,120,2,0,0.16666666666666666,0,2.9490299091605721e-17,2.5153490401663703e-17,0,2,2,2
2,954,20260911,120,5,0,0.41666666666666669,0,5.8980598183211441e-17,7.6327832942979512e-17,0,2,2,2
2,955,20260911,120,4,1,0.33333333333333331,0.083333333333333329,3.1225022567582528e-17,4.5102810375396984e-17,2.4286128663675299e-17,2,2,2
2,956,20260911,120,2,1,0.16666666666666666,0.083333333333333329,1.3877787807814457e-17,3.8163916471489756e-17,3.1225022567582528e-17,2,2,2
2,957,20260911,120,4,0,0.33333333333333331,0,4.4343868854657131e-17,4.7271214720367993e-17,0,2,2,2
2,958,20260911,120,5,1,0.41666666666666669,0.083333333333333329,6.2450045135165055e-17,4.8572257327350599e-17,6.9388939039072284e-18,2,2,2
2,959,20260911,120,3,0,0.25,0,4.3368086899420177e-17,3.1225022567582528e-17,0,2,2,2
2,960,20260911,120,2,0,0.16666666666666666,0,3.1225022567582528e-17,2.7755575615628914e-17,0,2,2,2
2,961,20260911,120,4,0,0.33333333333333331,0,2.9490299091605721e-17,3.2959746043559335e-17,0,2,2,2
2,962,20260911,120,3,0,0.25,0,7.2858385991025898e-17,5.5511151231257827e-17,0,2,2,2
2,963,20260911,120,3,0,0.25,0,1.474514954580286e-17,2.7755575615628914e-17,0,2,2,2
2,964,20260911,120,2,1,0.16666666666666666,0.083333333333333329,1.7347234759768071e-17,2.0816681711721685e-17,4.3368086899420177e-18,2,2,2
2,965,20260911,120,2,0,0.16666666666666666,0,3.1225022567582528e-17,3.8163916471489756e-17,0,2,2,2
2,966,20260911,120,2,0,0.16666666666666666,0,4.5102810375396984e-17,3.1225022567582528e-17,0,2,2,2
2,967,20260911,120,0,0,0,0,0,0,0,1,1,1
2,968,20260911,120,6,1,0.5,0.083333333333333329,4.5102810375396984e-17,3.4911309954033243e-17,2.0816681711721685e-17,2,2,2
2,969,20260911,120,4,1,0.33333333333333331,0.083333333333333329,4.5102810375396984e-17,6.2450045135165055e-17,3.4694469519536142e-17,2,2,2
2,970,20260911,120,4,1,0.33333333333333331,0.083333333333333329,4.3368086899420177e-17,4.5102810375396984e-17,6.9388939039072284e-18,2,2,2
2,971,20260911,120,2,0,0.16666666666666666,0,3.0357660829594124e-17,2.8622937353617317e-17,0,2,2,2
2,972,20260911,120,4,1,0.33333333333333331,0.083333333333333329,4.5102810375396984e-17,4.8572257327350599e-17,1.214306433183765e-17,2,2,2
2,973,20260911,120,6,1,0.5,0.083333333333333329,5.8980598183211441e-17,6.2450045135165055e-17,1.0408340855860843e-17,2,2,2
2,974,20260911,120,3,2,0.25,0.16666666666666666,1.474514954580286e-17,5.5511151231257827e-17,6.9388939039072284e-17,2,2,2
2,975,20260911,120,2,0,0.16666666666666666,0,2.9598719308854271e-17,1.7564075194265172e-17,0,2,2,2
2,976,20260911,120,2,1,0.16666666666666666,0.083333333333333329,6.2450045135165055e-17,8.3266726846886741e-17,7.6327832942979512e-17,2,2,2
2,977,20260911,120,2,0,0.16666666666666666,0,2.9490299091605721e-17,3.9898639947466563e-17,0,2,2,2
2,978,20260911,120,6,0,0.5,0,1.7347234759768071e-17,4.163336342344337e-17,0,2,2,2
2,979,20260911,120,0,0,0,0,0,0,0,1,1,1
2,980,20260911,120,3,0,0.25,0,3.1225022567582528e-17,1.7347234759768071e-17,0,2,2,2
2,981,20260911,120,1,0,0.083333333333333329,0,0,1.3877787807814457e-17,0,2,2,2
2,982,20260911,120,2,0,0.16666666666666666,0,0,2.7755575615628914e-17,0,2,2,2
2,983,20260911,120,1,0,0.083333333333333329,0,4.4235448637408581e-17,3.2092384305570931e-17,0,2,2,2
2,984,20260911,120,4,0,0.33333333333333331,0,6.0715321659188248e-17,7.6327832942979512e-17,0,2,2,2
2,985,20260911,120,4,0,0.33333333333333331,0,3.0357660829594124e-17,2.4286128663675299e-17,0,2,2,2
2,986,20260911,120,3,1,0.25,0.083333333333333329,2.9490299091605721e-17,2.7755575615628914e-17,1.3877787807814457e-17,2,2,2
2,987,20260911,120,2,0,0.16666666666666666,0,1.474514954580286e-17,2.7755575615628914e-17,0,2,2,2
2,988,20260911,120,4,3,0.33333333333333331,0.25,4.4398078963281407e-17,3.9736009621593738e-17,2.7755575615628914e-17,2,2,2
2,989,20260911,120,3,1,0.25,0.083333333333333329,4.5102810375396984e-17,5.5511151231257827e-17,3.8163916471489756e-17,2,2,2
2,990,20260911,120,4,0,0.33333333333333331,0,3.1225022567582528e-17,2.5153490401663703e-17,0,2,2,2
2,991,20260911,120,2,0,0.16666666666666666,0,2.9490299091605721e-17,3.6429192995512949e-17,0,2,2,2
2,992,20260911,120,6,0,0.5,0,7.2858385991025898e-17,4.8572257327350599e-17,0,2,2,2
2,993,20260911,120,3,2,0.25,0.16666666666666666,4.8572257327350599e-17,2.8622937353617317e-17,1.3877787807814457e-17,2,2,2
2,994,20260911,120,2,1,0.16666666666666666,0.083333333333333329,2.7755575615628914e-17,3.4694469519536142e-17,6.9388939039072284e-18,2,2,2
2,995,20260911,120,3,0,0.25,0,5.8980598183211441e-17,9.280770596475918e-17,0,2,2,2
2,996,20260911,120,4,0,0.33333333333333331,0,5.8980598183211441e-17,4.8572257327350599e-17,0,2,2,2
2,997,20260911,120,2,0,0.16666666666666666,0,1.5612511283791264e-17,2.3418766925686896e-17,0,2,2,2
2,998,20260911,120,2,0,0.16666666666666666,0,4.5102810375396984e-17,2.7755575615628914e-17,0,2,2,2
2,999,20260911,120,3,0,0.25,0,2.9490299091605721e-17,3.4694469519536142e-17,0,2,2,2
3,0,20260911,80,4,0,0.33333333333333331,0,2.0816681711721685e-17,2.7755575615628914e-17,0,2,2,2
3,1,20260911,80,5,0,0.41666666666666669,0,1.5612511283791264e-17,3.4694469519536142e-17,0,2,2,2
3,2,20260911,80,5,0,0.41666666666666669,0,1.3877787807814457e-17,2.7755575615628914e-17,0,2,2,2
3,3,20260911,80,7,1,0.58333333333333337,0.083333333333333329,2.0816681711721685e-17,4.8572257327350599e-17,2.7755575615628914e-17,2,2,2
3,4,20260911,80,4,0,0.33333333333333331,0,7.589415207398531e-18,3.4694469519536142e-17,0,2,2,2
3,5,20260911,80,8,1,0.66666666666666663,0.083333333333333329,4.163336342344337e-17,4.163336342344337e-17,1.7347234759768071e-18,2,2,2
3,6,20260911,80,6,0,0.5,0,3.4694469519536142e-17,2.0816681711721685e-17,0,2,2,2
3,7,20260911,80,4,0,0.33333333333333331,0,3.6971294081755701e-17,4.4343868854657131e-17,0,2,2,2
3,8,20260911,80,5,0,0.41666666666666669,0,8.6736173798840355e-18,1.3877787807814457e-17,0,2,2,2
3,9,20260911,80,6,1,0.5,0.083333333333333329,1.474514954580286e-17,2.7755575615628914e-17,1.7347234759768071e-17,2,2,2
3,10,20260911,80,5,0,0.41666666666666669,0,2.5153490401663703e-17,2.0816681711721685e-17,0,2,2,2
3,11,20260911,80,5,1,0.41666666666666669,0.083333333333333329,4.163336342344337e-17,2.7755575615628914e-17,2.7755575615628914e-17,2,2,2
3,12,20260911,80,6,0,0.5,0,3.4694469519536142e-17,4.163336342344337e-17,0,2,2,2
3,13,20260911,80,5,0,0.41666666666666669,0,1.3877787807814457e-17,3.1225022567582528e-17,0,2,2,2
3,14,20260911,80,4,0,0.33333333333333331,0,1.3877787807814457e-17,1.3877787807814457e-17,0,2,2,2
3,15,20260911,80,5,1,0.41666666666666669,0.083333333333333329,2.2226144535952841e-17,2.7755575615628914e-17,2.7755575615628914e-17,2,2,2
3,16,20260911,80,8,2,0.66666666666666663,0.16666666666666666,2.7755575615628914e-17,2.7755575615628914e-17,2.4286128663675299e-17,2,2,2
3,17,20260911,80,3,0,0.25,0,3.1225022567582528e-17,2.0816681711721685e-17,0,2,2,2
3,18,20260911,80,7,0,0.58333333333333337,0,2.7755575615628914e-17,3.4694469519536142e-17,0,2,2,2
3,19,20260911,80,5,1,0.41666666666666669,0.083333333333333329,1.3877787807814457e-17,4.0766001685454967e-17,2.0816681711721685e-17,2,2,2
3,20,20260911,80,6,0,0.5,0,1.474514954580286e-17,2.7755575615628914e-17,0,2,2,2
3,21,20260911,80,5,0,0.41666666666666669,0,1.3877787807814457e-17,1.9081958235744878e-17,0,2,2,2
3,22,20260911,80,7,1,0.58333333333333337,0.083333333333333329,3.1225022567582528e-17,3.8163916471489756e-17,2.6020852139652106e-18,2,2,2
3,23,20260911,80,6,0,0.5,0,2.2551405187698492e-17,4.163336342344337e-17,0,2,2,2
3,24,20260911,80,5,2,0.41666666666666669,0.16666666666666666,2.7755575615628914e-17,3.8163916471489756e-17,5.2041704279304213e-18,2,2,2
3,25,20260911,80,6,0,0.5,0,1.3877787807814457e-17,2.7755575615628914e-17,0,2,2,2
3,26,20260911,80,4,0,0.33333333333333331,0,1.5612511283791264e-17,5.5511151231257827e-17,0,2,2,2
3,27,20260911,80,6,0,0.5,0,1.3877787807814457e-17,3.4694469519536142e-17,0,2,2,2
3,28,20260911,80,5,0,0.41666666666666669,0,3.4694469519536142e-17,2.7755575615628914e-17,0,2,2,2
3,29,20260911,80,7,2,0.58333333333333337,0.16666666666666666,3.6862873864507151e-17,3.8163916471489756e-17,1.9081958235744878e-17,2,2,2
3,30,20260911,80,7,0,0.58333333333333337,0,2.7755575615628914e-17,5.2041704279304213e-17,0,2,2,2
3,31,20260911,80,8,1,0.66666666666666663,0.083333333333333329,4.8572257327350599e-17,5.5511151231257827e-17,3.5561831257524545e-17,2,2,2
3,32,20260911,80,4,0,0.33333333333333331,0,1.3877787807814457e-17,2.4286128663675299e-17,0,2,2,2
3,33,20260911,80,4,0,0.33333333333333331,0,1.3877787807814457e-17,2.0816681711721685e-17,0,2,2,2
3,34,20260911,80,5,0,0.41666666666666669,0,2.2551405187698492e-17,2.8189256484623115e-17,0,2,2,2
3,35,20260911,80,2,1,0.16666666666666666,0.083333333333333329,2.7755575615628914e-17,2.7755575615628914e-17,6.9388939039072284e-18,2,2,2
3,36,20260911,80,6,0,0.5,0,7.3725747729014302e-18,1.214306433183765e-17,0,2,2,2
3,37,20260911,80,4,0,0.33333333333333331,0,1.474514954580286e-17,1.9081958235744878e-17,0,2,2,2
3,38,20260911,80,4,0,0.33333333333333331,0,8.6736173798840355e-18,4.5102810375396984e-17,0,2,2,2
3,39,20260911,80,4,0,0.33333333333333331,0,1.3877787807814457e-17,2.7755575615628914e-17,0,2,2,2
3,40,20260911,80,5,0,0.41666666666666669,0,3.1225022567582528e-17,2.0816681711721685e-17,0,2,2,2
3,41,20260911,80,6,1,0.5,0.083333333333333329,2.2551405187698492e-17,4.163336342344337e-17,6.9388939039072284e-18,2,2,2
3,42,20260911,80,4,0,0.33333333333333331,0,1.7347234759768071e-17,3.1225022567582528e-17,0,2,2,2
3,43,20260911,80,4,0,0.33333333333333331,0,1.3877787807814457e-17,3.6429192995512949e-17,0,2,2,2
3,44,20260911,80,7,0,0.58333333333333337,0,2.0816681711721685e-17,2.4286128663675299e-17,0,2,2,2
3,45,20260911,80,6,0,0.5,0,1.5612511283791264e-17,2.2551405187698492e-17,0,2,2,2
3,46,20260911,80,5,1,0.41666666666666669,0.083333333333333329,3.4694469519536142e-17,2.7755575615628914e-17,0,2,2,2
3,47,20260911,80,4,0,0.33333333333333331,0,3.7079714299004252e-17,3.1550283219328179e-17,0,2,2,2
3,48,20260911,80,6,0,0.5,0,1.4799359654427136e-17,4.163336342344337e-17,0,2,2,2
3,49,20260911,80,4,0,0.33333333333333331,0,1.3877787807814457e-17,2.4286128663675299e-17,0,2,2,2
3,50,20260911,80,7,0,0.58333333333333337,0,4.5102810375396984e-17,3.4694469519536142e-17,0,2,2,2
3,51,20260911,80,3,1,0.25,0.083333333333333329,3.4694469519536142e-17,4.163336342344337e-17,2.4286128663675299e-17,2,2,2
3,52,20260911,80,7,1,0.58333333333333337,0.083333333333333329,2.1684043449710089e-17,3.1225022567582528e-17,0,2,2,2
3,53,20260911,80,4,1,0.33333333333333331,0.083333333333333329,2.7755575615628914e-17,1.3877787807814457e-17,1.7347234759768071e-17,2,2,2
3,54,20260911,80,8,0,0.66666666666666663,0,2.2551405187698492e-17,2.7755575615628914e-17,0,2,2,2
3,55,20260911,80,6,1,0.5,0.083333333333333329,2.0816681711721685e-17,2.7755575615628914e-17,5.2041704279304213e-18,2,2,2
3,56,20260911,80,8,0,0.66666666666666663,0,3.8163916471489756e-17,4.163336342344337e-17,0,2,2,2
3,57,20260911,80,4,1,0.33333333333333331,0.083333333333333329,1.7347234759768071e-17,1.0408340855860843e-17,2.1684043449710089e-18,2,2,2
3,58,20260911,80,4,0,0.33333333333333331,0,0,1.7347234759768071e-17,0,2,2,2
3,59,20260911,80,6,0,0.5,0,3.4694469519536142e-17,2.0816681711721685e-17,0,2,2,2
3,60,20260911,80,5,0,0.41666666666666669,0,3.2092384305570931e-17,3.1225022567582528e-17,0,2,2,2
3,61,20260911,80,4,0,0.33333333333333331,0,1.7347234759768071e-17,2.4286128663675299e-17,0,2,2,2
3,62,20260911,80,6,0,0.5,0,3.4694469519536142e-17,2.0816681711721685e-17,0,2,2,2
3,63,20260911,80,5,0,0.41666666666666669,0,2.2334564753201391e-17,1.9949319973733282e-17,0,2,2,2
3,64,20260911,80,8,1,0.66666666666666663,0.083333333333333329,4.163336342344337e-17,5.5511151231257827e-17,6.9388939039072284e-18,2,2,2
3,65,20260911,80,5,1,0.41666666666666669,0.083333333333333329,2.7755575615628914e-17,1.3877787807814457e-17,1.3877787807814457e-17,2,2,2
3,66,20260911,80,5,0,0.41666666666666669,0,1.5612511283791264e-17,1.9081958235744878e-17,0,2,2,2
3,67,20260911,80,5,0,0.41666666666666669,0,2.8622937353617317e-17,3.1225022567582528e-17,0,2,2,2
3,68,20260911,80,4,0,0.33333333333333331,0,6.9388939039072284e-18,1.0408340855860843e-17,0,2,2,2
3,69,20260911,80,4,0,0.33333333333333331,0,1.3877787807814457e-17,1.3877787807814457e-17,0,2,2,2
3,70,20260911,80,7,0,0.58333333333333337,0,3.7296554733501353e-17,5.8980598183211441e-17,0,2,2,2
3,71,20260911,80,8,2,0.66666666666666663,0.16666666666666666,2.9490299091605721e-17,3.4694469519536142e-17,2.0816681711721685e-17,2,2,2
3,72,20260911,80,6,0,0.5,0,4.5102810375396984e-17,3.1225022567582528e-17,0,2,2,2
3,73,20260911,80,7,0,0.58333333333333337,0,4.8572257327350599e-17,4.8572257327350599e-17,0,2,2,2
3,74,20260911,80,5,0,0.41666666666666669,0,2.9490299091605721e-17,2.7755575615628914e-17,0,2,2,2
3,75,20260911,80,4,0,0.33333333333333331,0,2.4286128663675299e-17,2.0816681711721685e-17,0,2,2,2
3,76,20260911,80,5,0,0.41666666666666669,0,2.211772431870429e-17,2.4286128663675299e-17,0,2,2,2
3,77,20260911,80,6,1,0.5,0.083333333333333329,2.4286128663675299e-17,1.5612511283791264e-17,1.214306433183765e-17,2,2,2
3,78,20260911,80,8,0,0.66666666666666663,0,5.2041704279304213e-17,3.4694469519536142e-17,0,2,2,2
3,79,20260911,80,8,0,0.66666666666666663,0,1.5612511283791264e-17,3.4694469519536142e-17,0,2,2,2
3,80,20260911,80,6,0,0.5,0,1.7347234759768071e-17,2.0816681711721685e-17,0,2,2,2
3,81,20260911,80,6,1,0.5,0.083333333333333329,1.5612511283791264e-17,2.4286128663675299e-17,9.540979117872439e-18,2,2,2
3,82,20260911,80,3,0,0.25,0,1.5612511283791264e-17,1.5612511283791264e-17,0,2,2,2
3,83,20260911,80,6,0,0.5,0,5.8980598183211441e-17,3.8163916471489756e-17,0,2,2,2
3,84,20260911,80,5,0,0.41666666666666669,0,4.3368086899420177e-17,4.163336342344337e-17,0,2,2,2
3,85,20260911,80,6,0,0.5,0,1.3877787807814457e-17,4.8572257327350599e-17,0,2,2,2
3,86,20260911,80,7,1,0.58333333333333337,0.083333333333333329,2.7755575615628914e-17,3.4694469519536142e-17,3.4694469519536142e-17,2,2,2
3,87,20260911,80,6,0,0.5,0,4.163336342344337e-17,2.0816681711721685e-17,0,2,2,2
3,88,20260911,80,5,0,0.41666666666666669,0,3.1225022567582528e-17,3.4694469519536142e-17,0,2,2,2
3,89,20260911,80,2,0,0.16666666666666666,0,2.7755575615628914e-17,2.7755575615628914e-17,0,2,2,2
3,90,20260911,80,5,0,0.41666666666666669,0,1.7347234759768071e-17,3.4694469519536142e-17,0,2,2,2
3,91,20260911,80,5,1,0.41666666666666669,0.083333333333333329,3.1225022567582528e-17,2.7755575615628914e-17,2.4286128663675299e-17,2,2,2
3,92,20260911,80,10,0,0.83333333333333337,0,5.5511151231257827e-17,5.5511151231257827e-17,0,2,2,2
3,93,20260911,80,8,0,0.66666666666666663,0,1.5612511283791264e-17,2.6020852139652106e-17,0,2,2,2
3,94,20260911,80,2,0,0.16666666666666666,0,6.9388939039072284e-18,2.5153490401663703e-17,0,2,2,2
3,95,20260911,80,7,0,0.58333333333333337,0,1.5612511283791264e-17,2.4286128663675299e-17,0,2,2,2
3,96,20260911,80,4,0,0.33333333333333331,0,2.1684043449710089e-17,3.1225022567582528e-17,0,2,2,2
3,97,20260911,80,5,0,0.41666666666666669,0,2.7755575615628914e-17,1.7347234759768071e-17,0,2,2,2
3,98,20260911,80,4,0,0.33333333333333331,0,1.3877787807814457e-17,3.8163916471489756e-17,0,2,2,2
3,99,20260911,80,6,0,0.5,0,4.163336342344337e-17,3.8163916471489756e-17,0,2,2,2
3,100,20260911,80,3,1,0.25,0.083333333333333329,4.8572257327350599e-17,2.7755575615628914e-17,2.0816681711721685e-17,2,2,2
3,101,20260911,80,8,0,0.66666666666666663,0,2.7755575615628914e-17,4.163336342344337e-17,0,2,2,2
3,102,20260911,80,9,0,0.75,0,2.7755575615628914e-17,2.7755575615628914e-17,0,2,2,2
3,103,20260911,80,5,1,0.41666666666666669,0.083333333333333329,2.7755575615628914e-17,4.163336342344337e-17,2.0816681711721685e-17,2,2,2
3,104,20260911,80,5,1,0.41666666666666669,0.083333333333333329,2.7755575615628914e-17,2.6020852139652106e-17,4.8572257327350599e-17,2,2,2
3,105,20260911,80,5,0,0.41666666666666669,0,1.3877787807814457e-17,4.8572257327350599e-17,0,2,2,2
3,106,20260911,80,6,0,0.5,0,2.0816681711721685e-17,2.0816681711721685e-17,0,2,2,2
3,107,20260911,80,5,0,0.41666666666666669,0,3.6429192995512949e-17,4.8572257327350599e-17,0,2,2,2
3,108,20260911,80,6,0,0.5,0,1.7347234759768071e-17,2.7755575615628914e-17,0,2,2,2
3,109,20260911,80,6,0,0.5,0,4.5102810375396984e-17,4.163336342344337e-17,0,2,2,2
3,110,20260911,80,3,0,0.25,0,2.7755575615628914e-17,2.7755575615628914e-17,0,2,2,2
3,111,20260911,80,5,0,0.41666666666666669,0,1.5612511283791264e-17,1.5612511283791264e-17,0,2,2,2
3,112,20260911,80,4,0,0.33333333333333331,0,4.163336342344337e-17,3.2092384305570931e-17,0,2,2,2
3,113,20260911,80,2,0,0.16666666666666666,0,3.1225022567582528e-17,3.8163916471489756e-17,0,2,2,2
3,114,20260911,80,5,0,0.41666666666666669,0,1.5178830414797062e-17,2.1250362580715887e-17,0,2,2,2
3,115,20260911,80,4,0,0.33333333333333331,0,2.2551405187698492e-17,5.2041704279304213e-17,0,2,2,2
3,116,20260911,80,5,0,0.41666666666666669,0,3.4694469519536142e-17,3.1225022567582528e-17,0,2,2,2
3,117,20260911,80,4,0,0.33333333333333331,0,2.2551405187698492e-17,1.7347234759768071e-17,0,2,2,2
3,118,20260911,80,7,3,0.58333333333333337,0.25,1.474514954580286e-17,2.7755575615628914e-17,2.688821387764051e-17,2,2,2
3,119,20260911,80,6,0,0.5,0,2.9490299091605721e-17,3.1225022567582528e-17,0,2,2,2
3,120,20260911,80,7,1,0.58333333333333337,0.083333333333333329,3.1225022567582528e-17,3.4694469519536142e-17,4.8572257327350599e-17,2,2,2
3,121,20260911,80,7,0,0.58333333333333337,0,3.6429192995512949e-17,4.8572257327350599e-17,0,2,2,2
3,122,20260911,80,8,0,0.66666666666666663,0,2.7755575615628914e-17,3.1225022567582528e-17,0,2,2,2
3,123,20260911,80,10,0,0.83333333333333337,0,3.1225022567582528e-17,4.5102810375396984e-17,0,2,2,2
3,124,20260911,80,9,2,0.75,0.16666666666666666,3.7296554733501353e-17,4.163336342344337e-17,1.7347234759768071e-17,2,2,2
3,125,20260911,80,6,1,0.5,0.083333333333333329,1.5612511283791264e-17,5.5511151231257827e-17,4.163336342344337e-17,2,2,2
3,126,20260911,80,2,0,0.16666666666666666,0,1.3877787807814457e-17,1.6479873021779667e-17,0,2,2,2
3,127,20260911,80,4,0,0.33333333333333331,0,7.8062556418956319e-18,2.6020852139652106e-17,0,2,2,2
3,128,20260911,80,5,0,0.41666666666666669,0,3.6971294081755701e-17,3.6537613212761499e-17,0,2,2,2
3,129,20260911,80,5,0,0.41666666666666669,0,2.7755575615628914e-17,2.7755575615628914e-17,0,2,2,2
3,130,20260911,80,9,1,0.75,0.083333333333333329,2.9923979960599922e-17,5.5511151231257827e-17,4.8572257327350599e-17,2,2,2
3,131,20260911,80,2,0,0.16666666666666666,0,1.474514954580286e-17,2.9490299091605721e-17,0,2,2,2
3,132,20260911,80,5,0,0.41666666666666669,0,2.9707139526102821e-17,2.8189256484623115e-17,0,2,2,2
3,133,20260911,80,4,0,0.33333333333333331,0,3.4694469519536142e-17,2.1684043449710089e-17,0,2,2,2
3,134,20260911,80,4,0,0.33333333333333331,0,7.3725747729014302e-18,1.5612511283791264e-17,0,2,2,2
3,135,20260911,80,6,0,0.5,0,2.7755575615628914e-17,2.7755575615628914e-17,0,2,2,2
3,136,20260911,80,3,0,0.25,0,7.3725747729014302e-18,3.4694469519536142e-17,0,2,2,2
3,137,20260911,80,5,0,0.41666666666666669,0,2.2199039481640703e-17,4.163336342344337e-17,0,2,2,2
3,138,20260911,80,3,0,0.25,0,2.7755575615628914e-17,2.0816681711721685e-17,0,2,2,2
3,139,20260911,80,7,0,0.58333333333333337,0,2.0816681711721685e-17,3.8163916471489756e-17,0,2,2,2
3,140,20260911,80,8,1,0.66666666666666663,0.083333333333333329,2.7755575615628914e-17,2.7755575615628914e-17,4.3368086899420177e-18,2,2,2
3,141,20260911,80,7,0,0.58333333333333337,0,4.163336342344337e-17,4.163336342344337e-17,0,2,2,2
3,142,20260911,80,6,0,0.5,0,1.3877787807814457e-17,2.2551405187698492e-17,0,2,2,2
3,143,20260911,80,6,1,0.5,0.083333333333333329,3.8163916471489756e-17,3.9898639947466563e-17,0,2,2,2
3,144,20260911,80,4,0,0.33333333333333331,0,2.9490299091605721e-17,2.4286128663675299e-17,0,2,2,2
3,145,20260911,80,5,0,0.41666666666666669,0,1.5612511283791264e-17,1.3877787807814457e-17,0,2,2,2
3,146,20260911,80,4,0,0.33333333333333331,0,1.3877787807814457e-17,2.4286128663675299e-17,0,2,2,2
3,147,20260911,80,4,0,0.33333333333333331,0,1.7347234759768071e-17,3.1225022567582528e-17,0,2,2,2
3,148,20260911,80,4,0,0.33333333333333331,0,2.2551405187698492e-17,3.1225022567582528e-17,0,2,2,2
3,149,20260911,80,7,0,0.58333333333333337,0,3.1225022567582528e-17,2.8622937353617317e-17,0,2,2,2
3,150,20260911,80,4,0,0.33333333333333331,0,1.474514954580286e-17,2.7755575615628914e-17,0,2,2,2
3,151,20260911,80,0,0,0,0,0,0,0,1,1,1
3,152,20260911,80,5,1,0.41666666666666669,0.083333333333333329,2.0816681711721685e-17,2.7755575615628914e-17,6.9388939039072284e-18,2,2,2
3,153,20260911,80,4,1,0.33333333333333331,0.083333333333333329,2.2334564753201391e-17,5.5511151231257827e-17,2.0816681711721685e-17,2,2,2
3,154,20260911,80,6,0,0.5,0,1.3877787807814457e-17,3.4694469519536142e-17,0,2,2,2
3,155,20260911,80,7,0,0.58333333333333337,0,3.4694469519536142e-17,3.4694469519536142e-17,0,2,2,2
3,156,20260911,80,6,0,0.5,0,2.7755575615628914e-17,2.7755575615628914e-17,0,2,2,2
3,157,20260911,80,5,0,0.41666666666666669,0,2.8622937353617317e-17,2.7755575615628914e-17,0,2,2,2
3,158,20260911,80,5,0,0.41666666666666669,0,3.9898639947466563e-17,4.163336342344337e-17,0,2,2,2
3,159,20260911,80,5,0,0.41666666666666669,0,1.474514954580286e-17,1.3877787807814457e-17,0,2,2,2
3,160,20260911,80,4,0,0.33333333333333331,0,1.3877787807814457e-17,3.8163916471489756e-17,0,2,2,2
3,161,20260911,80,6,0,0.5,0,2.1684043449710089e-17,2.0816681711721685e-17,0,2,2,2
3,162,20260911,80,5,1,0.41666666666666669,0.083333333333333329,2.2551405187698492e-17,6.9388939039072284e-17,1.0408340855860843e-17,2,2,2
3,163,20260911,80,7,0,0.58333333333333337,0,6.2450045135165055e-17,6.7654215563095477e-17,0,2,2,2
3,164,20260911,80,5,0,0.41666666666666669,0,7.8062556418956319e-18,1.1275702593849246e-17,0,2,2,2
3,165,20260911,80,4,0,0.33333333333333331,0,1.3877787807814457e-17,4.163336342344337e-17,0,2,2,2
3,166,20260911,80,3,0,0.25,0,6.9388939039072284e-18,1.0408340855860843e-17,0,2,2,2
3,167,20260911,80,4,0,0.33333333333333331,0,1.3877787807814457e-17,2.0816681711721685e-17,0,2,2,2
3,168,20260911,80,6,0,0.5,0,2.7755575615628914e-17,2.0816681711721685e-17,0,2,2,2
3,169,20260911,80,5,0,0.41666666666666669,0,1.3877787807814457e-17,4.163336342344337e-17,0,2,2,2
3,170,20260911,80,2,0,0.16666666666666666,0,2.2551405187698492e-17,1.5612511283791264e-17,0,2,2,2
3,171,20260911,80,6,0,0.5,0,2.0816681711721685e-17,3.4694469519536142e-17,0,2,2,2
3,172,20260911,80,4,0,0.33333333333333331,0,2.0816681711721685e-17,2.0816681711721685e-17,0,2,2,2
3,173,20260911,80,5,0,0.41666666666666669,0,1.5612511283791264e-17,2.0816681711721685e-17,0,2,2,2
3,174,20260911,80,7,0,0.58333333333333337,0,2.0816681711721685e-17,3.8163916471489756e-17,0,2,2,2
3,175,20260911,80,9,0,0.75,0,2.2551405187698492e-17,2.7755575615628914e-17,0,2,2,2
3,176,20260911,80,2,0,0.16666666666666666,0,2.0816681711721685e-17,2.0816681711721685e-17,0,2,2,2
3,177,20260911,80,8,1,0.66666666666666663,0.083333333333333329,2.0816681711721685e-17,3.1225022567582528e-17,4.2500725161431774e-17,2,2,2
3,178,20260911,80,2,0,0.16666666666666666,0,1.3877787807814457e-17,4.163336342344337e-17,0,2,2,2
3,179,20260911,80,6,0,0.5,0,2.7755575615628914e-17,3.5561831257524545e-17,0,2,2,2
3,180,20260911,80,5,0,0.41666666666666669,0,3.4694469519536142e-17,4.163336342344337e-17,0,2,2,2
3,181,20260911,80,7,2,0.58333333333333337,0.16666666666666666,3.4694469519536142e-17,4.163336342344337e-17,4.4235448637408581e-17,2,2,2
3,182,20260911,80,6,0,0.5,0,2.7755575615628914e-17,4.163336342344337e-17,0,2,2,2
3,183,20260911,80,5,0,0.41666666666666669,0,2.7755575615628914e-17,3.1225022567582528e-17,0,2,2,2
3,184,20260911,80,9,0,0.75,0,2.7755575615628914e-17,2.7755575615628914e-17,0,2,2,2
3,185,20260911,80,4,0,0.33333333333333331,0,2.8622937353617317e-17,1.7347234759768071e-17,0,2,2,2
3,186,20260911,80,6,0,0.5,0,2.9707139526102821e-17,2.0816681711721685e-17,0,2,2,2
3,187,20260911,80,7,0,0.58333333333333337,0,1.474514954580286e-17,3.4694469519536142e-17,0,2,2,2
3,188,20260911,80,7,0,0.58333333333333337,0,1.3877787807814457e-17,2.0816681711721685e-17,0,2,2,2
3,189,20260911,80,9,0,0.75,0,3.1225022567582528e-17,4.8572257327350599e-17,0,2,2,2
3,190,20260911,80,7,0,0.58333333333333337,0,2.0816681711721685e-17,3.4694469519536142e-17,0,2,2,2
3,191,20260911,80,7,0,0.58333333333333337,0,2.7755575615628914e-17,3.4694469519536142e-17,0,2,2,2
3,192,20260911,80,5,0,0.41666666666666669,0,2.7755575615628914e-17,4.163336342344337e-17,0,2,2,2
3,193,20260911,80,2,0,0.16666666666666666,0,3.1225022567582528e-17,2.0816681711721685e-17,0,2,2,2
3,194,20260911,80,5,0,0.41666666666666669,0,2.7755575615628914e-17,1.9081958235744878e-17,0,2,2,2
3,195,20260911,80,5,0,0.41666666666666669,0,2.2551405187698492e-17,2.9490299091605721e-17,0,2,2,2
3,196,20260911,80,8,2,0.66666666666666663,0.16666666666666666,2.6020852139652106e-17,3.4694469519536142e-17,1.7347234759768071e-17,2,2,2
3,197,20260911,80,8,1,0.66666666666666663,0.083333333333333329,2.2551405187698492e-17,3.1225022567582528e-17,3.2959746043559335e-17,2,2,2
3,198,20260911,80,9,0,0.75,0,2.9490299091605721e-17,3.0791341698588326e-17,0,2,2,2
3,199,20260911,80,4,0,0.33333333333333331,0,2.0816681711721685e-17,3.4694469519536142e-17,0,2,2,2
3,200,20260911,80,7,0,0.58333333333333337,0,2.2551405187698492e-17,3.4694469519536142e-17,0,2,2,2
3,201,20260911,80,9,0,0.75,0,2.7755575615628914e-17,2.0816681711721685e-17,0,2,2,2
3,202,20260911,80,4,1,0.33333333333333331,0.083333333333333329,2.0816681711721685e-17,3.4694469519536142e-17,3.1225022567582528e-17,2,2,2
3,203,20260911,80,7,0,0.58333333333333337,0,2.0816681711721685e-17,3.1225022567582528e-17,0,2,2,2
3,204,20260911,80,7,0,0.58333333333333337,0,2.7755575615628914e-17,5.5511151231257827e-17,0,2,2,2
3,205,20260911,80,5,1,0.41666666666666669,0.083333333333333329,1.474514954580286e-17,2.7755575615628914e-17,5.2041704279304213e-17,2,2,2
3,206,20260911,80,9,0,0.75,0,2.2551405187698492e-17,4.8572257327350599e-17,0,2,2,2
3,207,20260911,80,5,1,0.41666666666666669,0.083333333333333329,4.8572257327350599e-17,6.2450045135165055e-17,1.3877787807814457e-17,2,2,2
3,208,20260911,80,4,0,0.33333333333333331,0,1.7347234759768071e-17,2.7755575615628914e-17,0,2,2,2
3,209,20260911,80,5,0,0.41666666666666669,0,4.163336342344337e-17,3.4694469519536142e-17,0,2,2,2
3,210,20260911,80,5,0,0.41666666666666669,0,5.8980598183211441e-17,4.8572257327350599e-17,0,2,2,2
3,211,20260911,80,4,0,0.33333333333333331,0,1.3877787807814457e-17,2.7755575615628914e-17,0,2,2,2
3,212,20260911,80,2,0,0.16666666666666666,0,6.9388939039072284e-18,3.1225022567582528e-17,0,2,2,2
3,213,20260911,80,5,0,0.41666666666666669,0,2.2551405187698492e-17,1.3877787807814457e-17,0,2,2,2
3,214,20260911,80,5,0,0.41666666666666669,0,1.3877787807814457e-17,4.163336342344337e-17,0,2,2,2
3,215,20260911,80,7,0,0.58333333333333337,0,2.9490299091605721e-17,2.2551405187698492e-17,0,2,2,2
3,216,20260911,80,6,0,0.5,0,3.4694469519536142e-17,3.8163916471489756e-17,0,2,2,2
3,217,20260911,80,6,1,0.5,0.083333333333333329,1.3877787807814457e-17,2.2551405187698492e-17,1.0408340855860843e-17,2,2,2
3,218,20260911,80,6,0,0.5,0,2.7755575615628914e-17,2.7755575615628914e-17,0,2,2,2
3,219,20260911,80,6,0,0.5,0,4.163336342344337e-17,4.8572257327350599e-17,0,2,2,2
3,220,20260911,80,4,0,0.33333333333333331,0,2.0816681711721685e-17,3.9898639947466563e-17,0,2,2,2
3,221,20260911,80,4,0,0.33333333333333331,0,1.7347234759768071e-17,2.4286128663675299e-17,0,2,2,2
3,222,20260911,80,9,0,0.75,0,4.5102810375396984e-17,6.2450045135165055e-17,0,2,2,2
3,223,20260911,80,5,0,0.41666666666666669,0,2.7755575615628914e-17,3.8163916471489756e-17,0,2,2,2
3,224,20260911,80,5,0,0.41666666666666669,0,2.211772431870429e-17,2.0816681711721685e-17,0,2,2,2
3,225,20260911,80,3,0,0.25,0,1.7347234759768071e-17,3.2959746043559335e-17,0,2,2,2
3,226,20260911,80,5,0,0.41666666666666669,0,7.8062556418956319e-18,2.0166160408230382e-17,0,2,2,2
3,227,20260911,80,5,0,0.41666666666666669,0,1.3877787807814457e-17,2.4286128663675299e-17,0,2,2,2
3,228,20260911,80,7,1,0.58333333333333337,0.083333333333333329,5.2041704279304213e-17,4.8572257327350599e-17,6.9388939039072284e-18,2,2,2
3,229,20260911,80,9,0,0.75,0,1.3877787807814457e-17,2.0816681711721685e-17,0,2,2,2
3,230,20260911,80,3,0,0.25,0,2.9490299091605721e-17,2.9490299091605721e-17,0,2,2,2
3,231,20260911,80,9,1,0.75,0.083333333333333329,3.1225022567582528e-17,2.7755575615628914e-17,6.2450045135165055e-17,2,2,2
3,232,20260911,80,5,0,0.41666666666666669,0,1.7347234759768071e-17,3.2959746043559335e-17,0,2,2,2
3,233,20260911,80,5,0,0.41666666666666669,0,1.5612511283791264e-17,3.1225022567582528e-17,0,2,2,2
3,234,20260911,80,7,0,0.58333333333333337,0,1.3877787807814457e-17,2.9490299091605721e-17,0,2,2,2
3,235,20260911,80,5,1,0.41666666666666669,0.083333333333333329,1.3877787807814457e-17,2.7755575615628914e-17,1.3877787807814457e-17,2,2,2
3,236,20260911,80,1,0,0.083333333333333329,0,6.9388939039072284e-18,9.540979117872439e-18,0,2,2,2
3,237,20260911,80,7,1,0.58333333333333337,0.083333333333333329,2.9923979960599922e-17,5.5511151231257827e-17,0,2,2,2
3,238,20260911,80,2,0,0.16666666666666666,0,1.4799359654427136e-17,3.8760227666356784e-17,0,2,2,2
3,239,20260911,80,6,0,0.5,0,2.9490299091605721e-17,3.4694469519536142e-17,0,2,2,2
3,240,20260911,80,4,1,0.33333333333333331,0.083333333333333329,1.3877787807814457e-17,2.7755575615628914e-17,1.7347234759768071e-17,2,2,2
3,241,20260911,80,5,0,0.41666666666666669,0,1.7347234759768071e-17,2.0816681711721685e-17,0,2,2,2
3,242,20260911,80,5,0,0.41666666666666669,0,3.1225022567582528e-17,5.2041704279304213e-17,0,2,2,2
3,243,20260911,80,9,0,0.75,0,2.9923979960599922e-17,3.8163916471489756e-17,0,2,2,2
3,244,20260911,80,5,2,0.41666666666666669,0.16666666666666666,2.7755575615628914e-17,5.5511151231257827e-17,1.5612511283791264e-17,2,2,2
3,245,20260911,80,8,0,0.66666666666666663,0,7.4159428598008503e-17,6.5485811218124468e-17,0,2,2,2
3,246,20260911,80,8,0,0.66666666666666663,0,2.0816681711721685e-17,2.7755575615628914e-17,0,2,2,2
3,247,20260911,80,5,0,0.41666666666666669,0,1.474514954580286e-17,2.7755575615628914e-17,0,2,2,2
3,248,20260911,80,1,0,0.083333333333333329,0,1.3877787807814457e-17,2.0816681711721685e-17,0,2,2,2
3,249,20260911,80,6,1,0.5,0.083333333333333329,2.9490299091605721e-17,4.163336342344337e-17,3.4694469519536142e-18,2,2,2
3,250,20260911,80,5,0,0.41666666666666669,0,3.6429192995512949e-17,4.5102810375396984e-17,0,2,2,2
3,251,20260911,80,4,0,0.33333333333333331,0,2.7755575615628914e-17,3.2092384305570931e-17,0,2,2,2
3,252,20260911,80,4,0,0.33333333333333331,0,2.1684043449710089e-17,1.5612511283791264e-17,0,2,2,2
3,253,20260911,80,5,0,0.41666666666666669,0,3.6429192995512949e-17,4.5102810375396984e-17,0,2,2,2
3,254,20260911,80,7,0,0.58333333333333337,0,2.0816681711721685e-17,2.7755575615628914e-17,0,2,2,2
3,255,20260911,80,4,0,0.33333333333333331,0,2.9490299091605721e-17,3.6429192995512949e-17,0,2,2,2
3,256,20260911,80,6,0,0.5,0,2.4286128663675299e-17,2.0816681711721685e-17,0,2,2,2
3,257,20260911,80,5,1,0.41666666666666669,0.083333333333333329,2.0816681711721685e-17,2.7755575615628914e-17,2.6020852139652106e-18,2,2,2
3,258,20260911,80,6,1,0.5,0.083333333333333329,3.4694469519536142e-17,4.163336342344337e-17,0,2,2,2
3,259,20260911,80,4,0,0.33333333333333331,0,1.7347234759768071e-17,1.3877787807814457e-17,0,2,2,2
3,260,20260911,80,4,0,0.33333333333333331,0,2.0816681711721685e-17,2.0816681711721685e-17,0,2,2,2
3,261,20260911,80,6,0,0.5,0,2.2551405187698492e-17,2.9490299091605721e-17,0,2,2,2
3,262,20260911,80,5,0,0.41666666666666669,0,4.4669129506402783e-17,4.163336342344337e-17,0,2,2,2
3,263,20260911,80,5,0,0.41666666666666669,0,1.5395670849294163e-17,2.7755575615628914e-17,0,2,2,2
3,264,20260911,80,6,0,0.5,0,2.211772431870429e-17,2.7755575615628914e-17,0,2,2,2
3,265,20260911,80,5,0,0.41666666666666669,0,1.7347234759768071e-17,2.7755575615628914e-17,0,2,2,2
3,266,20260911,80,8,0,0.66666666666666663,0,5.2041704279304213e-17,4.9507381701119346e-17,0,2,2,2
3,267,20260911,80,5,0,0.41666666666666669,0,1.3877787807814457e-17,1.7347234759768071e-17,0,2,2,2
3,268,20260911,80,5,0,0.41666666666666669,0,1.3877787807814457e-17,6.1582683397176652e-17,0,2,2,2
3,269,20260911,80,4,0,0.33333333333333331,0,3.8163916471489756e-17,4.163336342344337e-17,0,2,2,2
3,270,20260911,80,5,0,0.41666666666666669,0,6.9388939039072284e-17,4.5102810375396984e-17,0,2,2,2
3,271,20260911,80,6,0,0.5,0,2.7755575615628914e-17,5.5511151231257827e-17,0,2,2,2
3,272,20260911,80,6,0,0.5,0,2.9598719308854271e-17,6.2450045135165055e-17,0,2,2,2
3,273,20260911,80,6,0,0.5,0,1.7347234759768071e-17,2.7755575615628914e-17,0,2,2,2
3,274,20260911,80,4,0,0.33333333333333331,0,2.2226144535952841e-17,1.6479873021779667e-17,0,2,2,2
3,275,20260911,80,5,0,0.41666666666666669,0,2.9490299091605721e-17,3.4694469519536142e-17,0,2,2,2
3,276,20260911,80,9,1,0.75,0.083333333333333329,2.7755575615628914e-17,5.2041704279304213e-17,2.0816681711721685e-17,2,2,2
3,277,20260911,80,4,0,0.33333333333333331,0,1.3877787807814457e-17,1.3877787807814457e-17,0,2,2,2
3,278,20260911,80,4,0,0.33333333333333331,0,2.0816681711721685e-17,1.7347234759768071e-17,0,2,2,2
3,279,20260911,80,5,0,0.41666666666666669,0,2.0816681711721685e-17,3.4694469519536142e-17,0,2,2,2
3,280,20260911,80,6,0,0.5,0,1.474514954580286e-17,2.7755575615628914e-17,0,2,2,2
3,281,20260911,80,3,0,0.25,0,1.7347234759768071e-17,1.5612511283791264e-17,0,2,2,2
3,282,20260911,80,5,0,0.41666666666666669,0,2.7755575615628914e-17,2.7755575615628914e-17,0,2,2,2
3,283,20260911,80,5,1,0.41666666666666669,0.083333333333333329,2.0816681711721685e-17,2.0816681711721685e-17,1.7347234759768071e-17,2,2,2
3,284,20260911,80,7,0,0.58333333333333337,0,2.7755575615628914e-17,2.7755575615628914e-17,0,2,2,2
3,285,20260911,80,7,1,0.58333333333333337,0.083333333333333329,3.6429192995512949e-17,3.4694469519536142e-17,2.0816681711721685e-17,2,2,2
3,286,20260911,80,3,0,0.25,0,7.3996798272135678e-18,5.502326025363935e-18,0,2,2,2
3,287,20260911,80,5,0,0.41666666666666669,0,3.6429192995512949e-17,2.7755575615628914e-17,0,2,2,2
3,288,20260911,80,6,0,0.5,0,2.7755575615628914e-17,3.4694469519536142e-17,0,2,2,2
3,289,20260911,80,4,0,0.33333333333333331,0,7.8062556418956319e-18,2.9490299091605721e-17,0,2,2,2
3,290,20260911,80,2,0,0.16666666666666666,0,7.8062556418956319e-18,1.7347234759768071e-17,0,2,2,2
3,291,20260911,80,7,1,0.58333333333333337,0.083333333333333329,2.9490299091605721e-17,2.7755575615628914e-17,9.9746599868666408e-18,2,2,2
3,292,20260911,80,4,0,0.33333333333333331,0,3.7296554733501353e-17,2.9490299091605721e-17,0,2,2,2
3,293,20260911,80,6,0,0.5,0,1.5612511283791264e-17,2.4286128663675299e-17,0,2,2,2
3,294,20260911,80,9,0,0.75,0,3.1225022567582528e-17,3.4694469519536142e-17,0,2,2,2
3,295,20260911,80,7,0,0.58333333333333337,0,2.2551405187698492e-17,4.163336342344337e-17,0,2,2,2
3,296,20260911,80,4,0,0.33333333333333331,0,2.0816681711721685e-17,2.7755575615628914e-17,0,2,2,2
3,297,20260911,80,5,0,0.41666666666666669,0,7.8062556418956319e-18,2.7755575615628914e-17,0,2,2,2
3,298,20260911,80,4,0,0.33333333333333331,0,4.163336342344337e-17,6.2450045135165055e-17,0,2,2,2
3,299,20260911,80,5,0,0.41666666666666669,0,1.3877787807814457e-17,2.7755575615628914e-17,0,2,2,2
3,300,20260911,80,5,0,0.41666666666666669,0,4.163336342344337e-17,3.0357660829594124e-17,0,2,2,2
3,301,20260911,80,3,0,0.25,0,8.6736173798840355e-18,2.7755575615628914e-17,0,2,2,2
3,302,20260911,80,8,0,0.66666666666666663,0,2.7755575615628914e-17,3.4694469519536142e-17,0,2,2,2
3,303,20260911,80,7,0,0.58333333333333337,0,2.7755575615628914e-17,4.5102810375396984e-17,0,2,2,2
3,304,20260911,80,4,0,0.33333333333333331,0,7.8062556418956319e-18,1.9081958235744878e-17,0,2,2,2
3,305,20260911,80,4,0,0.33333333333333331,0,1.3877787807814457e-17,3.4694469519536142e-17,0,2,2,2
3,306,20260911,80,6,0,0.5,0,3.6429192995512949e-17,5.8980598183211441e-17,0,2,2,2
3,307,20260911,80,6,0,0.5,0,1.474514954580286e-17,1.3877787807814457e-17,0,2,2,2
3,308,20260911,80,8,0,0.66666666666666663,0,1.5612511283791264e-17,4.163336342344337e-17,0,2,2,2
3,309,20260911,80,6,0,0.5,0,1.474514954580286e-17,2.8406096919120216e-17,0,2,2,2
3,310,20260911,80,6,1,0.5,0.083333333333333329,2.7755575615628914e-17,3.6429192995512949e-17,6.9388939039072284e-18,2,2,2
3,311,20260911,80,6,0,0.5,0,2.0816681711721685e-17,2.7755575615628914e-17,0,2,2,2
3,312,20260911,80,4,0,0.33333333333333331,0,1.7347234759768071e-17,1.7347234759768071e-17,0,2,2,2
3,313,20260911,80,5,1,0.41666666666666669,0.083333333333333329,2.2551405187698492e-17,1.9081958235744878e-17,1.3877787807814457e-17,2,2,2
3,314,20260911,80,7,1,0.58333333333333337,0.083333333333333329,2.7755575615628914e-17,4.163336342344337e-17,7.8062556418956319e-18,2,2,2
3,315,20260911,80,4,0,0.33333333333333331,0,1.3877787807814457e-17,1.7347234759768071e-17,0,2,2,2
3,316,20260911,80,6,0,0.5,0,1.3877787807814457e-17,2.7755575615628914e-17,0,2,2,2
3,317,20260911,80,7,0,0.58333333333333337,0,2.4286128663675299e-17,2.7755575615628914e-17,0,2,2,2
3,318,20260911,80,8,0,0.66666666666666663,0,1.7347234759768071e-17,3.9898639947466563e-17,0,2,2,2
3,319,20260911,80,7,0,0.58333333333333337,0,2.9490299091605721e-17,2.0383000842727483e-17,0,2,2,2
3,320,20260911,80,5,0,0.41666666666666669,0,7.8062556418956319e-18,2.0816681711721685e-17,0,2,2,2
3,321,20260911,80,8,0,0.66666666666666663,0,2.0816681711721685e-17,4.8572257327350599e-17,0,2,2,2
3,322,20260911,80,8,0,0.66666666666666663,0,2.0816681711721685e-17,2.0816681711721685e-17,0,2,2,2
3,323,20260911,80,3,0,0.25,0,1.474514954580286e-17,1.7347234759768071e-17,0,2,2,2
3,324,20260911,80,8,0,0.66666666666666663,0,2.2551405187698492e-17,2.7755575615628914e-17,0,2,2,2
3,325,20260911,80,6,1,0.5,0.083333333333333329,2.7755575615628914e-17,3.9898639947466563e-17,1.6479873021779667e-17,2,2,2
3,326,20260911,80,2,0,0.16666666666666666,0,2.2551405187698492e-17,2.9490299091605721e-17,0,2,2,2
3,327,20260911,80,5,0,0.41666666666666669,0,2.9490299091605721e-17,3.5995512126518747e-17,0,2,2,2
3,328,20260911,80,3,0,0.25,0,1.3877787807814457e-17,3.4694469519536142e-17,0,2,2,2
3,329,20260911,80,6,1,0.5,0.083333333333333329,4.163336342344337e-17,4.163336342344337e-17,5.2041704279304213e-18,2,2,2
3,330,20260911,80,5,0,0.41666666666666669,0,2.7755575615628914e-17,4.163336342344337e-17,0,2,2,2
3,331,20260911,80,5,0,0.41666666666666669,0,2.2212592008796772e-17,1.8539857149502126e-17,0,2,2,2
3,332,20260911,80,8,0,0.66666666666666663,0,3.1225022567582528e-17,2.4286128663675299e-17,0,2,2,2
3,333,20260911,80,3,0,0.25,0,1.3877787807814457e-17,2.4286128663675299e-17,0,2,2,2
3,334,20260911,80,5,0,0.41666666666666669,0,2.2551405187698492e-17,2.0816681711721685e-17,0,2,2,2
3,335,20260911,80,5,0,0.41666666666666669,0,2.0816681711721685e-17,4.163336342344337e-17,0,2,2,2
3,336,20260911,80,7,0,0.58333333333333337,0,3.6429192995512949e-17,3.903127820947816e-17,0,2,2,2
3,337,20260911,80,6,0,0.5,0,1.474514954580286e-17,4.163336342344337e-17,0,2,2,2
3,338,20260911,80,9,0,0.75,0,3.8163916471489756e-17,2.7755575615628914e-17,0,2,2,2
3,339,20260911,80,7,0,0.58333333333333337,0,1.474514954580286e-17,2.0816681711721685e-17,0,2,2,2
3,340,20260911,80,8,0,0.66666666666666663,0,1.474514954580286e-17,2.9490299091605721e-17,0,2,2,2
3,341,20260911,80,5,0,0.41666666666666669,0,2.0816681711721685e-17,5.5511151231257827e-17,0,2,2,2
3,342,20260911,80,5,0,0.41666666666666669,0,1.7347234759768071e-17,3.8163916471489756e-17,0,2,2,2
3,343,20260911,80,4,0,0.33333333333333331,0,2.7755575615628914e-17,3.8163916471489756e-17,0,2,2,2
3,344,20260911,80,7,1,0.58333333333333337,0.083333333333333329,1.3877787807814457e-17,4.163336342344337e-17,2.211772431870429e-17,2,2,2
3,345,20260911,80,7,0,0.58333333333333337,0,2.3418766925686896e-17,2.7755575615628914e-17,0,2,2,2
3,346,20260911,80,7,0,0.58333333333333337,0,2.7755575615628914e-17,3.1225022567582528e-17,0,2,2,2
3,347,20260911,80,3,0,0.25,0,2.2551405187698492e-17,2.6020852139652106e-17,0,2,2,2
3,348,20260911,80,4,0,0.33333333333333331,0,2.0816681711721685e-17,2.0816681711721685e-17,0,2,2,2
3,349,20260911,80,6,1,0.5,0.083333333333333329,4.163336342344337e-17,5.5511151231257827e-17,1.3877787807814457e-17,2,2,2
3,350,20260911,80,5,0,0.41666666666666669,0,4.163336342344337e-17,4.163336342344337e-17,0,2,2,2
3,351,20260911,80,8,0,0.66666666666666663,0,3.1225022567582528e-17,3.8163916471489756e-17,0,2,2,2
3,352,20260911,80,3,0,0.25,0,2.2551405187698492e-17,2.0816681711721685e-17,0,2,2,2
3,353,20260911,80,7,0,0.58333333333333337,0,2.0816681711721685e-17,2.7755575615628914e-17,0,2,2,2
3,354,20260911,80,8,2,0.66666666666666663,0.16666666666666666,3.4694469519536142e-17,4.163336342344337e-17,3.1225022567582528e-17,2,2,2
3,355,20260911,80,4,0,0.33333333333333331,0,3.1225022567582528e-17,3.1225022567582528e-17,0,2,2,2
3,356,20260911,80,5,1,0.41666666666666669,0.083333333333333329,2.0816681711721685e-17,2.4286128663675299e-17,6.9388939039072284e-18,2,2,2
3,357,20260911,80,3,0,0.25,0,7.3725747729014302e-18,8.6736173798840355e-18,0,2,2,2
3,358,20260911,80,6,0,0.5,0,5.8980598183211441e-17,4.163336342344337e-17,0,2,2,2
3,359,20260911,80,6,0,0.5,0,1.5612511283791264e-17,2.0816681711721685e-17,0,2,2,2
3,360,20260911,80,4,0,0.33333333333333331,0,3.1225022567582528e-17,2.7755575615628914e-17,0,2,2,2
3,361,20260911,80,5,0,0.41666666666666669,0,1.7347234759768071e-17,4.163336342344337e-17,0,2,2,2
3,362,20260911,80,5,0,0.41666666666666669,0,4.8572257327350599e-17,5.5511151231257827e-17,0,2,2,2
3,363,20260911,80,8,0,0.66666666666666663,0,2.1684043449710089e-17,2.7755575615628914e-17,0,2,2,2
3,364,20260911,80,7,0,0.58333333333333337,0,2.9490299091605721e-17,2.7755575615628914e-17,0,2,2,2
3,365,20260911,80,6,0,0.5,0,2.7755575615628914e-17,2.4286128663675299e-17,0,2,2,2
3,366,20260911,80,6,1,0.5,0.083333333333333329,2.7755575615628914e-17,2.0816681711721685e-17,4.3368086899420177e-18,2,2,2
3,367,20260911,80,7,1,0.58333333333333337,0.083333333333333329,2.7755575615628914e-17,2.7755575615628914e-17,2.2551405187698492e-17,2,2,2
3,368,20260911,80,3,0,0.25,0,2.0816681711721685e-17,2.0816681711721685e-17,0,2,2,2
3,369,20260911,80,7,0,0.58333333333333337,0,1.5612511283791264e-17,3.2959746043559335e-17,0,2,2,2
3,370,20260911,80,7,1,0.58333333333333337,0.083333333333333329,2.0816681711721685e-17,2.7755575615628914e-17,3.5561831257524545e-17,2,2,2
3,371,20260911,80,5,0,0.41666666666666669,0,2.7755575615628914e-17,3.4694469519536142e-17,0,2,2,2
3,372,20260911,80,8,1,0.66666666666666663,0.083333333333333329,3.1225022567582528e-17,4.5102810375396984e-17,4.3368086899420177e-18,2,2,2
3,373,20260911,80,5,0,0.41666666666666669,0,2.7755575615628914e-17,2.9490299091605721e-17,0,2,2,2
3,374,20260911,80,9,0,0.75,0,3.1225022567582528e-17,2.0816681711721685e-17,0,2,2,2
3,375,20260911,80,6,0,0.5,0,2.9490299091605721e-17,3.4694469519536142e-17,0,2,2,2
3,376,20260911,80,4,1,0.33333333333333331,0.083333333333333329,2.9490299091605721e-17,2.7755575615628914e-17,2.4286128663675299e-17,2,2,2
3,377,20260911,80,5,1,0.41666666666666669,0.083333333333333329,2.7755575615628914e-17,5.5511151231257827e-17,1.3877787807814457e-17,2,2,2
3,378,20260911,80,6,0,0.5,0,3.1225022567582528e-17,4.163336342344337e-17,0,2,2,2
3,379,20260911,80,4,0,0.33333333333333331,0,1.474514954580286e-17,2.4286128663675299e-17,0,2,2,2
3,380,20260911,80,3,0,0.25,0,6.9388939039072284e-18,2.0816681711721685e-17,0,2,2,2
3,381,20260911,80,5,0,0.41666666666666669,0,8.6736173798840355e-18,2.4286128663675299e-17,0,2,2,2
3,382,20260911,80,8,1,0.66666666666666663,0.083333333333333329,3.4694469519536142e-17,4.163336342344337e-17,2.0816681711721685e-17,2,2,2
3,383,20260911,80,2,0,0.16666666666666666,0,1.3877787807814457e-17,1.7347234759768071e-17,0,2,2,2
3,384,20260911,80,3,0,0.25,0,1.3877787807814457e-17,2.7755575615628914e-17,0,2,2,2
3,385,20260911,80,5,0,0.41666666666666669,0,1.5612511283791264e-17,4.163336342344337e-17,0,2,2,2
3,386,20260911,80,4,0,0.33333333333333331,0,2.7755575615628914e-17,2.7755575615628914e-17,0,2,2,2
3,387,20260911,80,6,0,0.5,0,3.6429192995512949e-17,4.163336342344337e-17,0,2,2,2
3,388,20260911,80,8,0,0.66666666666666663,0,1.5612511283791264e-17,2.7755575615628914e-17,0,2,2,2
3,389,20260911,80,5,1,0.41666666666666669,0.083333333333333329,3.4694469519536142e-17,4.163336342344337e-17,1.951563910473908e-17,2,2,2
3,390,20260911,80,7,0,0.58333333333333337,0,2.9490299091605721e-17,6.2450045135165055e-17,0,2,2,2
3,391,20260911,80,7,0,0.58333333333333337,0,2.2551405187698492e-17,2.4286128663675299e-17,0,2,2,2
3,392,20260911,80,6,0,0.5,0,2.4286128663675299e-17,2.7755575615628914e-17,0,2,2,2
3,393,20260911,80,2,0,0.16666666666666666,0,2.7755575615628914e-17,2.7755575615628914e-17,0,2,2,2
3,394,20260911,80,6,1,0.5,0.083333333333333329,2.7755575615628914e-17,2.2551405187698492e-17,4.163336342344337e-17,2,2,2
3,395,20260911,80,6,1,0.5,0.083333333333333329,2.0816681711721685e-17,2.6020852139652106e-17,4.6078592330633938e-17,2,2,2
3,396,20260911,80,4,0,0.33333333333333331,0,4.8572257327350599e-17,5.5511151231257827e-17,0,2,2,2
3,397,20260911,80,4,0,0.33333333333333331,0,2.9490299091605721e-17,3.4694469519536142e-17,0,2,2,2
3,398,20260911,80,6,1,0.5,0.083333333333333329,2.0816681711721685e-17,3.1225022567582528e-17,9.9746599868666408e-18,2,2,2
3,399,20260911,80,8,0,0.66666666666666663,0,1.474514954580286e-17,4.163336342344337e-17,0,2,2,2
3,400,20260911,80,6,0,0.5,0,3.4694469519536142e-17,4.163336342344337e-17,0,2,2,2
3,401,20260911,80,8,0,0.66666666666666663,0,2.7755575615628914e-17,5.2041704279304213e-17,0,2,2,2
3,402,20260911,80,6,1,0.5,0.083333333333333329,1.7347234759768071e-17,3.4694469519536142e-17,4.7704895589362195e-18,2,2,2
3,403,20260911,80,5,0,0.41666666666666669,0,1.3877787807814457e-17,4.163336342344337e-17,0,2,2,2
3,404,20260911,80,5,0,0.41666666666666669,0,2.9490299091605721e-17,3.4694469519536142e-17,0,2,2,2
3,405,20260911,80,5,0,0.41666666666666669,0,2.2551405187698492e-17,2.4286128663675299e-17,0,2,2,2
3,406,20260911,80,6,0,0.5,0,2.7755575615628914e-17,2.7755575615628914e-17,0,2,2,2
3,407,20260911,80,4,1,0.33333333333333331,0.083333333333333329,1.3877787807814457e-17,2.0816681711721685e-17,3.1225022567582528e-17,2,2,2
3,408,20260911,80,2,0,0.16666666666666666,0,1.3877787807814457e-17,1.3877787807814457e-17,0,2,2,2
3,409,20260911,80,6,0,0.5,0,4.5102810375396984e-17,4.163336342344337e-17,0,2,2,2
3,410,20260911,80,5,0,0.41666666666666669,0,2.7755575615628914e-17,3.4694469519536142e-17,0,2,2,2
3,411,20260911,80,7,1,0.58333333333333337,0.083333333333333329,1.3877787807814457e-17,4.163336342344337e-17,2.7755575615628914e-17,2,2,2
3,412,20260911,80,5,0,0.41666666666666669,0,3.4694469519536142e-17,4.2067044292437572e-17,0,2,2,2
3,413,20260911,80,7,0,0.58333333333333337,0,3.6862873864507151e-17,4.0766001685454967e-17,0,2,2,2
3,414,20260911,80,8,2,0.66666666666666663,0.16666666666666666,2.7755575615628914e-17,2.7755575615628914e-17,2.4286128663675299e-17,2,2,2
3,415,20260911,80,5,0,0.41666666666666669,0,2.1684043449710089e-17,1.7780915628762273e-17,0,2,2,2
3,416,20260911,80,6,0,0.5,0,3.8163916471489756e-17,4.163336342344337e-17,0,2,2,2
3,417,20260911,80,6,0,0.5,0,2.0816681711721685e-17,3.1225022567582528e-17,0,2,2,2
3,418,20260911,80,3,0,0.25,0,3.2959746043559335e-17,1.7347234759768071e-17,0,2,2,2
3,419,20260911,80,5,1,0.41666666666666669,0.083333333333333329,1.3877787807814457e-17,4.163336342344337e-17,3.3827107781547738e-17,2,2,2
3,420,20260911,80,3,0,0.25,0,2.7755575615628914e-17,2.1684043449710089e-17,0,2,2,2
3,421,20260911,80,5,0,0.41666666666666669,0,3.1225022567582528e-17,6.9388939039072284e-17,0,2,2,2
3,422,20260911,80,4,0,0.33333333333333331,0,6.9388939039072284e-18,2.0816681711721685e-17,0,2,2,2
3,423,20260911,80,5,0,0.41666666666666669,0,2.7755575615628914e-17,3.2959746043559335e-17,0,2,2,2
3,424,20260911,80,9,0,0.75,0,2.7755575615628914e-17,4.163336342344337e-17,0,2,2,2
3,425,20260911,80,3,0,0.25,0,2.0816681711721685e-17,3.2959746043559335e-17,0,2,2,2
3,426,20260911,80,4,0,0.33333333333333331,0,1.3877787807814457e-17,3.4694469519536142e-17,0,2,2,2
3,427,20260911,80,6,0,0.5,0,2.4286128663675299e-17,2.7755575615628914e-17,0,2,2,2
3,428,20260911,80,5,0,0.41666666666666669,0,3.6429192995512949e-17,4.163336342344337e-17,0,2,2,2
3,429,20260911,80,8,2,0.66666666666666663,0.16666666666666666,1.3877787807814457e-17,3.4694469519536142e-17,2.6020852139652106e-17,2,2,2
3,430,20260911,80,6,0,0.5,0,3.6429192995512949e-17,4.8572257327350599e-17,0,2,2,2
3,431,20260911,80,6,0,0.5,0,2.7755575615628914e-17,2.4286128663675299e-17,0,2,2,2
3,432,20260911,80,6,0,0.5,0,1.7347234759768071e-17,3.1225022567582528e-17,0,2,2,2
3,433,20260911,80,9,0,0.75,0,2.7755575615628914e-17,4.163336342344337e-17,0,2,2,2
3,434,20260911,80,5,0,0.41666666666666669,0,2.9598719308854271e-17,2.8622937353617317e-17,0,2,2,2
3,435,20260911,80,4,1,0.33333333333333331,0.083333333333333329,2.0816681711721685e-17,2.0816681711721685e-17,2.0816681711721685e-17,2,2,2
3,436,20260911,80,6,0,0.5,0,2.7755575615628914e-17,4.163336342344337e-17,0,2,2,2
3,437,20260911,80,5,1,0.41666666666666669,0.083333333333333329,2.1684043449710089e-17,3.4694469519536142e-17,1.3877787807814457e-17,2,2,2
3,438,20260911,80,3,0,0.25,0,2.7755575615628914e-17,2.4286128663675299e-17,0,2,2,2
3,439,20260911,80,3,0,0.25,0,2.2334564753201391e-17,2.4069288229178198e-17,0,2,2,2
3,440,20260911,80,4,0,0.33333333333333331,0,1.3877787807814457e-17,2.0816681711721685e-17,0,2,2,2
3,441,20260911,80,7,0,0.58333333333333337,0,1.5612511283791264e-17,4.163336342344337e-17,0,2,2,2
3,442,20260911,80,6,0,0.5,0,2.0816681711721685e-17,2.3418766925686896e-17,0,2,2,2
3,443,20260911,80,5,1,0.41666666666666669,0.083333333333333329,3.1225022567582528e-17,3.4694469519536142e-17,3.4694469519536142e-18,2,2,2
3,444,20260911,80,4,0,0.33333333333333331,0,3.4694469519536142e-17,2.0816681711721685e-17,0,2,2,2
3,445,20260911,80,7,0,0.58333333333333337,0,2.9490299091605721e-17,2.2551405187698492e-17,0,2,2,2
3,446,20260911,80,7,0,0.58333333333333337,0,4.4452289071905682e-17,2.7321894746634712e-17,0,2,2,2
3,447,20260911,80,7,0,0.58333333333333337,0,2.0816681711721685e-17,2.0816681711721685e-17,0,2,2,2
3,448,20260911,80,4,0,0.33333333333333331,0,7.3725747729014302e-18,5.2041704279304213e-17,0,2,2,2
3,449,20260911,80,8,0,0.66666666666666663,0,2.7755575615628914e-17,2.2551405187698492e-17,0,2,2,2
3,450,20260911,80,2,0,0.16666666666666666,0,1.474514954580286e-17,1.3877787807814457e-17,0,2,2,2
3,451,20260911,80,4,1,0.33333333333333331,0.083333333333333329,1.5612511283791264e-17,1.7347234759768071e-17,3.4694469519536142e-18,2,2,2
3,452,20260911,80,6,0,0.5,0,2.9490299091605721e-17,2.4286128663675299e-17,0,2,2,2
3,453,20260911,80,6,0,0.5,0,3.6862873864507151e-17,3.9898639947466563e-17,0,2,2,2
3,454,20260911,80,6,0,0.5,0,1.7347234759768071e-17,2.4286128663675299e-17,0,2,2,2
3,455,20260911,80,5,0,0.41666666666666669,0,3.1225022567582528e-17,4.8572257327350599e-17,0,2,2,2
3,456,20260911,80,4,0,0.33333333333333331,0,1.5612511283791264e-17,3.1225022567582528e-17,0,2,2,2
3,457,20260911,80,3,0,0.25,0,4.163336342344337e-17,4.163336342344337e-17,0,2,2,2
3,458,20260911,80,6,0,0.5,0,1.7347234759768071e-17,1.7347234759768071e-17,0,2,2,2
3,459,20260911,80,6,0,0.5,0,2.2551405187698492e-17,3.1225022567582528e-17,0,2,2,2
3,460,20260911,80,2,0,0.16666666666666666,0,7.3725747729014302e-18,4.9873299934333204e-18,0,2,2,2
3,461,20260911,80,4,0,0.33333333333333331,0,1.3877787807814457e-17,2.4286128663675299e-17,0,2,2,2
3,462,20260911,80,6,0,0.5,0,3.4694469519536142e-17,2.0816681711721685e-17,0,2,2,2
3,463,20260911,80,8,1,0.66666666666666663,0.083333333333333329,3.4694469519536142e-17,3.9898639947466563e-17,3.4694469519536142e-17,2,2,2
3,464,20260911,80,3,0,0.25,0,3.7079714299004252e-17,3.9248118643975261e-17,0,2,2,2
3,465,20260911,80,5,0,0.41666666666666669,0,1.7347234759768071e-17,1.7347234759768071e-17,0,2,2,2
3,466,20260911,80,7,0,0.58333333333333337,0,2.2551405187698492e-17,3.4694469519536142e-17,0,2,2,2
3,467,20260911,80,4,0,0.33333333333333331,0,4.8572257327350599e-17,3.4694469519536142e-17,0,2,2,2
3,468,20260911,80,7,1,0.58333333333333337,0.083333333333333329,4.163336342344337e-17,3.4694469519536142e-17,1.6479873021779667e-17,2,2,2
3,469,20260911,80,3,0,0.25,0,2.7755575615628914e-17,5.5511151231257827e-17,0,2,2,2
3,470,20260911,80,3,0,0.25,0,1.474514954580286e-17,1.7347234759768071e-17,0,2,2,2
3,471,20260911,80,5,0,0.41666666666666669,0,2.1684043449710089e-17,2.3418766925686896e-17,0,2,2,2
3,472,20260911,80,3,0,0.25,0,1.3877787807814457e-17,1.3877787807814457e-17,0,2,2,2
3,473,20260911,80,7,1,0.58333333333333337,0.083333333333333329,2.1684043449710089e-17,2.5153490401663703e-17,2.4286128663675299e-17,2,2,2
3,474,20260911,80,5,0,0.41666666666666669,0,3.8163916471489756e-17,2.7755575615628914e-17,0,2,2,2
3,475,20260911,80,3,0,0.25,0,0,2.2551405187698492e-17,0,2,2,2
3,476,20260911,80,6,1,0.5,0.083333333333333329,2.2551405187698492e-17,4.163336342344337e-17,6.591949208711867e-17,2,2,2
3,477,20260911,80,4,0,0.33333333333333331,0,1.474514954580286e-17,2.7755575615628914e-17,0,2,2,2
3,478,20260911,80,6,1,0.5,0.083333333333333329,2.4286128663675299e-17,4.163336342344337e-17,2.4286128663675299e-17,2,2,2
3,479,20260911,80,3,1,0.25,0.083333333333333329,6.9388939039072284e-18,2.0816681711721685e-17,4.6837533851373792e-17,2,2,2
3,480,20260911,80,8,0,0.66666666666666663,0,3.6429192995512949e-17,5.5511151231257827e-17,0,2,2,2
3,481,20260911,80,3,0,0.25,0,7.3725747729014302e-18,3.4694469519536142e-17,0,2,2,2
3,482,20260911,80,4,0,0.33333333333333331,0,4.3368086899420177e-17,4.5102810375396984e-17,0,2,2,2
3,483,20260911,80,3,0,0.25,0,1.3877787807814457e-17,1.7347234759768071e-17,0,2,2,2
3,484,20260911,80,5,1,0.41666666666666669,0.083333333333333329,4.163336342344337e-17,3.4694469519536142e-17,3.0357660829594124e-18,2,2,2
3,485,20260911,80,4,0,0.33333333333333331,0,2.7755575615628914e-17,2.4286128663675299e-17,0,2,2,2
3,486,20260911,80,8,0,0.66666666666666663,0,3.7296554733501353e-17,2.8622937353617317e-17,0,2,2,2
3,487,20260911,80,3,0,0.25,0,2.0816681711721685e-17,1.6479873021779667e-17,0,2,2,2
3,488,20260911,80,6,0,0.5,0,1.3877787807814457e-17,1.7347234759768071e-17,0,2,2,2
3,489,20260911,80,6,0,0.5,0,2.2551405187698492e-17,1.3877787807814457e-17,0,2,2,2
3,490,20260911,80,4,0,0.33333333333333331,0,2.0816681711721685e-17,1.7347234759768071e-17,0,2,2,2
3,491,20260911,80,7,0,0.58333333333333337,0,2.8622937353617317e-17,6.9388939039072284e-17,0,2,2,2
3,492,20260911,80,6,0,0.5,0,2.211772431870429e-17,2.211772431870429e-17,0,2,2,2
3,493,20260911,80,3,0,0.25,0,2.2551405187698492e-17,3.4694469519536142e-17,0,2,2,2
3,494,20260911,80,4,1,0.33333333333333331,0.083333333333333329,1.3877787807814457e-17,1.9081958235744878e-17,6.9388939039072284e-18,2,2,2
3,495,20260911,80,6,1,0.5,0.083333333333333329,2.7755575615628914e-17,2.7755575615628914e-17,2.0816681711721685e-17,2,2,2
3,496,20260911,80,4,0,0.33333333333333331,0,2.7755575615628914e-17,5.5511151231257827e-17,0,2,2,2
3,497,20260911,80,7,0,0.58333333333333337,0,2.7755575615628914e-17,3.4694469519536142e-17,0,2,2,2
3,498,20260911,80,4,1,0.33333333333333331,0.083333333333333329,1.7347234759768071e-17,3.4694469519536142e-17,1.3552527156068805e-20,2,2,2
3,499,20260911,80,5,0,0.41666666666666669,0,2.7755575615628914e-17,2.0816681711721685e-17,0,2,2,2
3,500,20260911,80,8,0,0.66666666666666663,0,2.1684043449710089e-17,2.0816681711721685e-17,0,2,2,2
3,501,20260911,80,5,0,0.41666666666666669,0,2.0816681711721685e-17,3.4694469519536142e-17,0,2,2,2
3,502,20260911,80,7,0,0.58333333333333337,0,2.7755575615628914e-17,4.163336342344337e-17,0,2,2,2
3,503,20260911,80,6,0,0.5,0,2.1684043449710089e-17,2.6020852139652106e-17,0,2,2,2
3,504,20260911,80,7,0,0.58333333333333337,0,2.7755575615628914e-17,2.7755575615628914e-17,0,2,2,2
3,505,20260911,80,3,0,0.25,0,3.0357660829594124e-17,2.7755575615628914e-17,0,2,2,2
3,506,20260911,80,4,0,0.33333333333333331,0,2.7755575615628914e-17,3.4694469519536142e-17,0,2,2,2
3,507,20260911,80,6,1,0.5,0.083333333333333329,2.7755575615628914e-17,5.5511151231257827e-17,6.9388939039072284e-18,2,2,2
3,508,20260911,80,5,1,0.41666666666666669,0.083333333333333329,2.7755575615628914e-17,4.163336342344337e-17,8.6736173798840355e-18,2,2,2
3,509,20260911,80,5,0,0.41666666666666669,0,7.4809949901499806e-18,3.4694469519536142e-17,0,2,2,2
3,510,20260911,80,8,0,0.66666666666666663,0,3.4694469519536142e-17,3.4694469519536142e-17,0,2,2,2
3,511,20260911,80,3,0,0.25,0,2.0816681711721685e-17,2.4286128663675299e-17,0,2,2,2
3,512,20260911,80,6,0,0.5,0,2.3418766925686896e-17,2.0816681711721685e-17,0,2,2,2
3,513,20260911,80,5,0,0.41666666666666669,0,1.474514954580286e-17,1.214306433183765e-17,0,2,2,2
3,514,20260911,80,6,0,0.5,0,1.3877787807814457e-17,4.8572257327350599e-17,0,2,2,2
3,515,20260911,80,7,0,0.58333333333333337,0,2.7755575615628914e-17,6.2450045135165055e-17,0,2,2,2
3,516,20260911,80,4,2,0.33333333333333331,0.16666666666666666,1.3877787807814457e-17,4.163336342344337e-17,4.163336342344337e-17,2,2,2
3,517,20260911,80,4,0,0.33333333333333331,0,1.3877787807814457e-17,1.7347234759768071e-17,0,2,2,2
3,518,20260911,80,6,0,0.5,0,1.3877787807814457e-17,2.4286128663675299e-17,0,2,2,2
3,519,20260911,80,4,0,0.33333333333333331,0,4.8572257327350599e-17,4.8572257327350599e-17,0,2,2,2
3,520,20260911,80,4,2,0.33333333333333331,0.16666666666666666,2.0816681711721685e-17,3.4694469519536142e-17,1.3877787807814457e-17,2,2,2
3,521,20260911,80,3,1,0.25,0.083333333333333329,3.1225022567582528e-17,2.7755575615628914e-17,1.3877787807814457e-17,2,2,2
3,522,20260911,80,4,1,0.33333333333333331,0.083333333333333329,2.211772431870429e-17,2.9923979960599922e-17,3.4694469519536142e-18,2,2,2
3,523,20260911,80,4,0,0.33333333333333331,0,3.7296554733501353e-17,4.8572257327350599e-17,0,2,2,2
3,524,20260911,80,6,0,0.5,0,1.5612511283791264e-17,4.3368086899420177e-17,0,2,2,2
3,525,20260911,80,5,0,0.41666666666666669,0,2.4286128663675299e-17,2.7755575615628914e-17,0,2,2,2
3,526,20260911,80,6,0,0.5,0,5.2041704279304213e-17,4.8572257327350599e-17,0,2,2,2
3,527,20260911,80,5,1,0.41666666666666669,0.083333333333333329,2.7755575615628914e-17,8.3266726846886741e-17,4.163336342344337e-17,2,2,2
3,528,20260911,80,3,1,0.25,0.083333333333333329,2.0816681711721685e-17,1.7347234759768071e-17,1.0842021724855044e-17,2,2,2
3,529,20260911,80,5,1,0.41666666666666669,0.083333333333333329,2.9490299091605721e-17,2.6020852139652106e-17,6.0715321659188248e-17,2,2,2
3,530,20260911,80,6,0,0.5,0,2.7755575615628914e-17,3.2959746043559335e-17,0,2,2,2
3,531,20260911,80,9,1,0.75,0.083333333333333329,2.7755575615628914e-17,4.163336342344337e-17,4.163336342344337e-17,2,2,2
3,532,20260911,80,6,0,0.5,0,1.3877787807814457e-17,2.4286128663675299e-17,0,2,2,2
3,533,20260911,80,6,0,0.5,0,2.9490299091605721e-17,5.5511151231257827e-17,0,2,2,2
3,534,20260911,80,6,0,0.5,0,3.6429192995512949e-17,6.9388939039072284e-17,0,2,2,2
3,535,20260911,80,7,0,0.58333333333333337,0,3.1225022567582528e-17,4.163336342344337e-17,0,2,2,2
3,536,20260911,80,7,0,0.58333333333333337,0,3.7296554733501353e-17,3.7296554733501353e-17,0,2,2,2
3,537,20260911,80,7,1,0.58333333333333337,0.083333333333333329,4.163336342344337e-17,4.163336342344337e-17,1.7347234759768071e-17,2,2,2
3,538,20260911,80,5,0,0.41666666666666669,0,2.0816681711721685e-17,2.7755575615628914e-17,0,2,2,2
3,539,20260911,80,4,0,0.33333333333333331,0,0,1.7347234759768071e-17,0,2,2,2
3,540,20260911,80,5,0,0.41666666666666669,0,2.9490299091605721e-17,3.0791341698588326e-17,0,2,2,2
3,541,20260911,80,5,0,0.41666666666666669,0,1.7347234759768071e-17,1.3877787807814457e-17,0,2,2,2
3,542,20260911,80,5,1,0.41666666666666669,0.083333333333333329,2.1684043449710089e-17,2.7755575615628914e-17,1.7347234759768071e-17,2,2,2
3,543,20260911,80,7,1,0.58333333333333337,0.083333333333333329,4.163336342344337e-17,4.8572257327350599e-17,2.7755575615628914e-17,2,2,2
3,544,20260911,80,6,0,0.5,0,3.1225022567582528e-17,3.1225022567582528e-17,0,2,2,2
3,545,20260911,80,4,0,0.33333333333333331,0,4.4452289071905682e-17,5.3451167103535369e-17,0,2,2,2
3,546,20260911,80,2,0,0.16666666666666666,0,7.3725747729014302e-18,6.9388939039072284e-18,0,2,2,2
3,547,20260911,80,7,1,0.58333333333333337,0.083333333333333329,3.8163916471489756e-17,4.5102810375396984e-17,1.3877787807814457e-17,2,2,2
3,548,20260911,80,7,0,0.58333333333333337,0,2.7755575615628914e-17,2.0816681711721685e-17,0,2,2,2
3,549,20260911,80,7,0,0.58333333333333337,0,3.1225022567582528e-17,3.4694469519536142e-17,0,2,2,2
3,550,20260911,80,3,0,0.25,0,1.5612511283791264e-17,1.7347234759768071e-17,0,2,2,2
3,551,20260911,80,6,0,0.5,0,4.4235448637408581e-17,3.8163916471489756e-17,0,2,2,2
3,552,20260911,80,4,0,0.33333333333333331,0,1.3877787807814457e-17,1.3877787807814457e-17,0,2,2,2
3,553,20260911,80,8,1,0.66666666666666663,0.083333333333333329,4.163336342344337e-17,6.591949208711867e-17,3.4694469519536142e-18,2,2,2
3,554,20260911,80,4,0,0.33333333333333331,0,1.7347234759768071e-17,1.3877787807814457e-17,0,2,2,2
3,555,20260911,80,6,0,0.5,0,1.7347234759768071e-17,2.0816681711721685e-17,0,2,2,2
3,556,20260911,80,6,0,0.5,0,1.7347234759768071e-17,4.5102810375396984e-17,0,2,2,2
3,557,20260911,80,3,0,0.25,0,2.7755575615628914e-17,2.4286128663675299e-17,0,2,2,2
3,558,20260911,80,5,0,0.41666666666666669,0,2.0816681711721685e-17,3.4694469519536142e-17,0,2,2,2
3,559,20260911,80,3,0,0.25,0,2.2551405187698492e-17,2.4286128663675299e-17,0,2,2,2
3,560,20260911,80,2,0,0.16666666666666666,0,1.3877787807814457e-17,2.4286128663675299e-17,0,2,2,2
3,561,20260911,80,6,0,0.5,0,2.2551405187698492e-17,1.5612511283791264e-17,0,2,2,2
3,562,20260911,80,5,1,0.41666666666666669,0.083333333333333329,2.7755575615628914e-17,6.2450045135165055e-17,3.4694469519536142e-17,2,2,2
3,563,20260911,80,1,0,0.083333333333333329,0,1.7347234759768071e-17,1.7347234759768071e-17,0,2,2,2
3,564,20260911,80,5,0,0.41666666666666669,0,2.2212592008796772e-17,2.2226144535952841e-17,0,2,2,2
3,565,20260911,80,8,1,0.66666666666666663,0.083333333333333329,1.3877787807814457e-17,3.6429192995512949e-17,1.7347234759768071e-18,2,2,2
3,566,20260911,80,6,0,0.5,0,1.5178830414797062e-17,2.6454533008646308e-17,0,2,2,2
3,567,20260911,80,5,1,0.41666666666666669,0.083333333333333329,1.7347234759768071e-17,2.7755575615628914e-17,4.163336342344337e-17,2,2,2
3,568,20260911,80,8,0,0.66666666666666663,0,4.5102810375396984e-17,4.163336342344337e-17,0,2,2,2
3,569,20260911,80,4,0,0.33333333333333331,0,1.3877787807814457e-17,2.4286128663675299e-17,0,2,2,2
3,570,20260911,80,4,0,0.33333333333333331,0,2.2280354644577116e-17,4.3368086899420177e-17,0,2,2,2
3,571,20260911,80,8,0,0.66666666666666663,0,3.4694469519536142e-17,2.7755575615628914e-17,0,2,2,2
3,572,20260911,80,3,0,0.25,0,1.3877787807814457e-17,2.6020852139652106e-17,0,2,2,2
3,573,20260911,80,7,2,0.58333333333333337,0.16666666666666666,3.1225022567582528e-17,2.7755575615628914e-17,2.0816681711721685e-17,2,2,2
3,574,20260911,80,4,0,0.33333333333333331,0,1.3877787807814457e-17,1.3877787807814457e-17,0,2,2,2
3,575,20260911,80,4,0,0.33333333333333331,0,2.220242761342972e-17,3.8872036015394351e-17,0,2,2,2
3,576,20260911,80,4,0,0.33333333333333331,0,2.0816681711721685e-17,3.8163916471489756e-17,0,2,2,2
3,577,20260911,80,5,0,0.41666666666666669,0,1.7347234759768071e-17,2.7755575615628914e-17,0,2,2,2
3,578,20260911,80,7,2,0.58333333333333337,0.16666666666666666,2.7755575615628914e-17,4.163336342344337e-17,2.6020852139652106e-17,2,2,2
3,579,20260911,80,4,0,0.33333333333333331,0,1.3877787807814457e-17,4.163336342344337e-17,0,2,2,2
3,580,20260911,80,5,0,0.41666666666666669,0,2.1684043449710089e-17,2.7755575615628914e-17,0,2,2,2
3,581,20260911,80,6,0,0.5,0,3.1225022567582528e-17,2.7755575615628914e-17,0,2,2,2
3,582,20260911,80,3,1,0.25,0.083333333333333329,2.0816681711721685e-17,2.7755575615628914e-17,8.6736173798840355e-18,2,2,2
3,583,20260911,80,5,0,0.41666666666666669,0,3.8163916471489756e-17,3.1225022567582528e-17,0,2,2,2
3,584,20260911,80,8,0,0.66666666666666663,0,2.2551405187698492e-17,2.4286128663675299e-17,0,2,2,2
3,585,20260911,80,8,0,0.66666666666666663,0,4.3368086899420177e-17,2.7755575615628914e-17,0,2,2,2
3,586,20260911,80,7,0,0.58333333333333337,0,2.9652929417478546e-17,2.5966642031027831e-17,0,2,2,2
3,587,20260911,80,6,1,0.5,0.083333333333333329,1.3877787807814457e-17,4.8572257327350599e-17,1.7347234759768071e-18,2,2,2
3,588,20260911,80,4,0,0.33333333333333331,0,2.0816681711721685e-17,3.4694469519536142e-17,0,2,2,2
3,589,20260911,80,3,0,0.25,0,0,2.0816681711721685e-17,0,2,2,2
3,590,20260911,80,7,0,0.58333333333333337,0,4.9439619065339002e-17,4.6837533851373792e-17,0,2,2,2
3,591,20260911,80,6,0,0.5,0,8.8470897274817162e-17,7.2858385991025898e-17,0,2,2,2
3,592,20260911,80,7,0,0.58333333333333337,0,3.7296554733501353e-17,3.0357660829594124e-17,0,2,2,2
3,593,20260911,80,3,0,0.25,0,5.2041704279304213e-17,5.5511151231257827e-17,0,2,2,2
3,594,20260911,80,7,0,0.58333333333333337,0,1.3877787807814457e-17,2.7755575615628914e-17,0,2,2,2
3,595,20260911,80,5,2,0.41666666666666669,0.16666666666666666,2.4286128663675299e-17,3.4694469519536142e-17,3.1225022567582528e-17,2,2,2
3,596,20260911,80,6,1,0.5,0.083333333333333329,5.5511151231257827e-17,6.2450045135165055e-17,1.3877787807814457e-17,2,2,2
3,597,20260911,80,8,0,0.66666666666666663,0,1.7347234759768071e-17,3.4694469519536142e-17,0,2,2,2
3,598,20260911,80,5,0,0.41666666666666669,0,1.7347234759768071e-17,2.0816681711721685e-17,0,2,2,2
3,599,20260911,80,6,1,0.5,0.083333333333333329,2.0816681711721685e-17,4.163336342344337e-17,1.3877787807814457e-17,2,2,2
3,600,20260911,80,6,0,0.5,0,2.7755575615628914e-17,3.1225022567582528e-17,0,2,2,2
3,601,20260911,80,6,0,0.5,0,2.7755575615628914e-17,3.4694469519536142e-17,0,2,2,2
3,602,20260911,80,5,0,0.41666666666666669,0,2.0816681711721685e-17,2.0816681711721685e-17,0,2,2,2
3,603,20260911,80,6,1,0.5,0.083333333333333329,6.9388939039072284e-17,9.7144514654701197e-17,1.3877787807814457e-17,2,2,2
3,604,20260911,80,7,0,0.58333333333333337,0,4.163336342344337e-17,4.163336342344337e-17,0,2,2,2
3,605,20260911,80,6,0,0.5,0,1.5612511283791264e-17,3.4694469519536142e-17,0,2,2,2
3,606,20260911,80,6,0,0.5,0,2.7755575615628914e-17,4.163336342344337e-17,0,2,2,2
3,607,20260911,80,6,1,0.5,0.083333333333333329,2.7755575615628914e-17,3.8163916471489756e-17,2.2551405187698492e-17,2,2,2
3,608,20260911,80,2,0,0.16666666666666666,0,1.7347234759768071e-17,2.7755575615628914e-17,0,2,2,2
3,609,20260911,80,6,0,0.5,0,1.474514954580286e-17,4.163336342344337e-17,0,2,2,2
3,610,20260911,80,4,0,0.33333333333333331,0,2.0816681711721685e-17,1.7347234759768071e-17,0,2,2,2
3,611,20260911,80,5,0,0.41666666666666669,0,3.4694469519536142e-17,3.4694469519536142e-17,0,2,2,2
3,612,20260911,80,4,0,0.33333333333333331,0,2.7755575615628914e-17,2.7755575615628914e-17,0,2,2,2
3,613,20260911,80,3,1,0.25,0.083333333333333329,1.5612511283791264e-17,2.0816681711721685e-17,3.4694469519536142e-17,2,2,2
3,614,20260911,80,6,1,0.5,0.083333333333333329,5.5511151231257827e-17,8.3266726846886741e-17,1.5612511283791264e-17,2,2,2
3,615,20260911,80,4,0,0.33333333333333331,0,1.5612511283791264e-17,1.3877787807814457e-17,0,2,2,2
3,616,20260911,80,4,0,0.33333333333333331,0,1.3877787807814457e-17,2.4286128663675299e-17,0,2,2,2
3,617,20260911,80,5,0,0.41666666666666669,0,3.4694469519536142e-17,4.163336342344337e-17,0,2,2,2
3,618,20260911,80,6,0,0.5,0,2.9490299091605721e-17,2.4286128663675299e-17,0,2,2,2
3,619,20260911,80,6,0,0.5,0,1.474514954580286e-17,2.2985086056692694e-17,0,2,2,2
3,620,20260911,80,4,0,0.33333333333333331,0,1.474514954580286e-17,2.0816681711721685e-17,0,2,2,2
3,621,20260911,80,7,0,0.58333333333333337,0,3.1225022567582528e-17,3.1225022567582528e-17,0,2,2,2
3,622,20260911,80,6,0,0.5,0,1.0408340855860843e-17,1.9949319973733282e-17,0,2,2,2
3,623,20260911,80,7,0,0.58333333333333337,0,1.474514954580286e-17,3.4694469519536142e-17,0,2,2,2
3,624,20260911,80,7,0,0.58333333333333337,0,3.4694469519536142e-17,5.5511151231257827e-17,0,2,2,2
3,625,20260911,80,7,1,0.58333333333333337,0.083333333333333329,2.2334564753201391e-17,6.9388939039072284e-17,6.9388939039072284e-18,2,2,2
3,626,20260911,80,5,0,0.41666666666666669,0,3.6862873864507151e-17,3.5995512126518747e-17,0,2,2,2
3,627,20260911,80,5,0,0.41666666666666669,0,2.9490299091605721e-17,3.9898639947466563e-17,0,2,2,2
3,628,20260911,80,5,1,0.41666666666666669,0.083333333333333329,2.4286128663675299e-17,2.4286128663675299e-17,2.0816681711721685e-17,2,2,2
3,629,20260911,80,6,0,0.5,0,1.474514954580286e-17,1.1275702593849246e-17,0,2,2,2
3,630,20260911,80,8,1,0.66666666666666663,0.083333333333333329,4.5102810375396984e-17,3.8163916471489756e-17,2.0816681711721685e-17,2,2,2
3,631,20260911,80,4,0,0.33333333333333331,0,1.7347234759768071e-17,3.8163916471489756e-17,0,2,2,2
3,632,20260911,80,6,0,0.5,0,3.1225022567582528e-17,2.7755575615628914e-17,0,2,2,2
3,633,20260911,80,5,1,0.41666666666666669,0.083333333333333329,3.8163916471489756e-17,4.8572257327350599e-17,0,2,2,2
3,634,20260911,80,7,0,0.58333333333333337,0,2.2551405187698492e-17,4.3368086899420177e-17,0,2,2,2
3,635,20260911,80,8,1,0.66666666666666663,0.083333333333333329,2.7755575615628914e-17,2.7755575615628914e-17,3.1225022567582528e-17,2,2,2
3,636,20260911,80,4,2,0.33333333333333331,0.16666666666666666,4.163336342344337e-17,3.4694469519536142e-17,3.2959746043559335e-17,2,2,2
3,637,20260911,80,5,0,0.41666666666666669,0,2.9490299091605721e-17,4.2500725161431774e-17,0,2,2,2
3,638,20260911,80,6,0,0.5,0,1.474514954580286e-17,2.3418766925686896e-17,0,2,2,2
3,639,20260911,80,8,0,0.66666666666666663,0,2.7755575615628914e-17,3.1225022567582528e-17,0,2,2,2
3,640,20260911,80,4,0,0.33333333333333331,0,1.5612511283791264e-17,1.7347234759768071e-17,0,2,2,2
3,641,20260911,80,8,1,0.66666666666666663,0.083333333333333329,1.3877787807814457e-17,2.6020852139652106e-17,5.0306980803327406e-17,2,2,2
3,642,20260911,80,7,0,0.58333333333333337,0,3.4694469519536142e-17,2.4286128663675299e-17,0,2,2,2
3,643,20260911,80,5,0,0.41666666666666669,0,2.0816681711721685e-17,4.163336342344337e-17,0,2,2,2
3,644,20260911,80,4,0,0.33333333333333331,0,2.0816681711721685e-17,3.8163916471489756e-17,0,2,2,2
3,645,20260911,80,5,0,0.41666666666666669,0,1.3877787807814457e-17,1.7347234759768071e-17,0,2,2,2
3,646,20260911,80,4,0,0.33333333333333331,0,2.2551405187698492e-17,2.7755575615628914e-17,0,2,2,2
3,647,20260911,80,2,0,0.16666666666666666,0,0,1.0408340855860843e-17,0,2,2,2
3,648,20260911,80,6,0,0.5,0,2.0816681711721685e-17,4.163336342344337e-17,0,2,2,2
3,649,20260911,80,6,0,0.5,0,1.474514954580286e-17,2.2985086056692694e-17,0,2,2,2
3,650,20260911,80,4,0,0.33333333333333331,0,2.9490299091605721e-17,1.8214596497756474e-17,0,2,2,2
3,651,20260911,80,7,1,0.58333333333333337,0.083333333333333329,2.7755575615628914e-17,3.4694469519536142e-17,1.0408340855860843e-17,2,2,2
3,652,20260911,80,3,0,0.25,0,1.3877787807814457e-17,2.4286128663675299e-17,0,2,2,2
3,653,20260911,80,3,0,0.25,0,1.7347234759768071e-17,2.2551405187698492e-17,0,2,2,2
3,654,20260911,80,7,0,0.58333333333333337,0,2.9490299091605721e-17,3.1225022567582528e-17,0,2,2,2
3,655,20260911,80,6,0,0.5,0,2.7755575615628914e-17,4.163336342344337e-17,0,2,2,2
3,656,20260911,80,5,0,0.41666666666666669,0,4.4669129506402783e-17,6.591949208711867e-17,0,2,2,2
3,657,20260911,80,7,1,0.58333333333333337,0.083333333333333329,2.7755575615628914e-17,5.5511151231257827e-17,2.7755575615628914e-17,2,2,2
3,658,20260911,80,4,1,0.33333333333333331,0.083333333333333329,5.5511151231257827e-17,3.4694469519536142e-17,1.214306433183765e-17,2,2,2
3,659,20260911,80,8,0,0.66666666666666663,0,2.0816681711721685e-17,2.7755575615628914e-17,0,2,2,2
3,660,20260911,80,5,0,0.41666666666666669,0,2.2551405187698492e-17,1.7780915628762273e-17,0,2,2,2
3,661,20260911,80,4,0,0.33333333333333331,0,1.3877787807814457e-17,4.163336342344337e-17,0,2,2,2
3,662,20260911,80,2,0,0.16666666666666666,0,5.2041704279304213e-18,1.9081958235744878e-17,0,2,2,2
3,663,20260911,80,3,0,0.25,0,1.5612511283791264e-17,3.2959746043559335e-17,0,2,2,2
3,664,20260911,80,2,0,0.16666666666666666,0,1.3877787807814457e-17,1.3877787807814457e-17,0,2,2,2
3,665,20260911,80,5,0,0.41666666666666669,0,3.7296554733501353e-17,4.5102810375396984e-17,0,2,2,2
3,666,20260911,80,8,0,0.66666666666666663,0,4.5102810375396984e-17,4.8572257327350599e-17,0,2,2,2
3,667,20260911,80,4,0,0.33333333333333331,0,2.9490299091605721e-17,3.0357660829594124e-17,0,2,2,2
3,668,20260911,80,3,1,0.25,0.083333333333333329,2.7755575615628914e-17,5.5511151231257827e-17,1.3877787807814457e-17,2,2,2
3,669,20260911,80,4,1,0.33333333333333331,0.083333333333333329,1.4853569763051411e-17,4.163336342344337e-17,0,2,2,2
3,670,20260911,80,9,0,0.75,0,2.2551405187698492e-17,3.8163916471489756e-17,0,2,2,2
3,671,20260911,80,4,0,0.33333333333333331,0,2.0816681711721685e-17,4.163336342344337e-17,0,2,2,2
3,672,20260911,80,7,0,0.58333333333333337,0,3.1225022567582528e-17,2.4286128663675299e-17,0,2,2,2
3,673,20260911,80,4,0,0.33333333333333331,0,1.3877787807814457e-17,5.5511151231257827e-17,0,2,2,2
3,674,20260911,80,3,0,0.25,0,2.7755575615628914e-17,3.4694469519536142e-17,0,2,2,2
3,675,20260911,80,6,0,0.5,0,1.3877787807814457e-17,2.7755575615628914e-17,0,2,2,2
3,676,20260911,80,7,0,0.58333333333333337,0,5.2041704279304213e-17,6.4184768611141862e-17,0,2,2,2
3,677,20260911,80,6,0,0.5,0,2.7755575615628914e-17,2.6020852139652106e-17,0,2,2,2
3,678,20260911,80,7,2,0.58333333333333337,0.16666666666666666,3.4694469519536142e-17,2.9490299091605721e-17,6.9388939039072284e-18,2,2,2
3,679,20260911,80,9,1,0.75,0.083333333333333329,2.7755575615628914e-17,6.9388939039072284e-17,2.0816681711721685e-17,2,2,2
3,680,20260911,80,6,0,0.5,0,2.7755575615628914e-17,2.9490299091605721e-17,0,2,2,2
3,681,20260911,80,2,0,0.16666666666666666,0,3.1225022567582528e-17,3.4694469519536142e-17,0,2,2,2
3,682,20260911,80,6,0,0.5,0,1.3877787807814457e-17,2.6020852139652106e-17,0,2,2,2
3,683,20260911,80,4,1,0.33333333333333331,0.083333333333333329,2.7755575615628914e-17,4.163336342344337e-17,3.4694469519536142e-17,2,2,2
3,684,20260911,80,8,0,0.66666666666666663,0,2.7755575615628914e-17,3.4694469519536142e-17,0,2,2,2
3,685,20260911,80,5,0,0.41666666666666669,0,1.3877787807814457e-17,2.7755575615628914e-17,0,2,2,2
3,686,20260911,80,6,0,0.5,0,3.1225022567582528e-17,3.4694469519536142e-17,0,2,2,2
3,687,20260911,80,4,0,0.33333333333333331,0,2.0816681711721685e-17,2.7755575615628914e-17,0,2,2,2
3,688,20260911,80,3,0,0.25,0,2.4286128663675299e-17,4.163336342344337e-17,0,2,2,2
3,689,20260911,80,7,0,0.58333333333333337,0,4.163336342344337e-17,4.163336342344337e-17,0,2,2,2
3,690,20260911,80,5,1,0.41666666666666669,0.083333333333333329,1.474514954580286e-17,2.0816681711721685e-17,2.2551405187698492e-17,2,2,2
3,691,20260911,80,5,0,0.41666666666666669,0,1.5612511283791264e-17,2.7755575615628914e-17,0,2,2,2
3,692,20260911,80,7,0,0.58333333333333337,0,1.474514954580286e-17,2.0816681711721685e-17,0,2,2,2
3,693,20260911,80,5,1,0.41666666666666669,0.083333333333333329,2.7755575615628914e-17,2.7755575615628914e-17,2.7755575615628914e-17,2,2,2
3,694,20260911,80,5,0,0.41666666666666669,0,3.4694469519536142e-17,4.163336342344337e-17,0,2,2,2
3,695,20260911,80,4,0,0.33333333333333331,0,3.1225022567582528e-17,3.8163916471489756e-17,0,2,2,2
3,696,20260911,80,8,0,0.66666666666666663,0,5.5511151231257827e-17,3.2959746043559335e-17,0,2,2,2
3,697,20260911,80,9,0,0.75,0,4.163336342344337e-17,7.6327832942979512e-17,0,2,2,2
3,698,20260911,80,4,0,0.33333333333333331,0,2.7755575615628914e-17,2.0816681711721685e-17,0,2,2,2
3,699,20260911,80,6,0,0.5,0,1.5178830414797062e-17,2.4286128663675299e-17,0,2,2,2
3,700,20260911,80,6,0,0.5,0,1.3877787807814457e-17,2.0816681711721685e-17,0,2,2,2
3,701,20260911,80,3,0,0.25,0,2.2226144535952841e-17,2.0816681711721685e-17,0,2,2,2
3,702,20260911,80,4,0,0.33333333333333331,0,3.4694469519536142e-17,4.8572257327350599e-17,0,2,2,2
3,703,20260911,80,7,1,0.58333333333333337,0.083333333333333329,3.0357660829594124e-17,3.5561831257524545e-17,6.9388939039072284e-18,2,2,2
3,704,20260911,80,3,0,0.25,0,1.7347234759768071e-17,1.0408340855860843e-17,0,2,2,2
3,705,20260911,80,5,0,0.41666666666666669,0,1.7347234759768071e-17,2.7755575615628914e-17,0,2,2,2
3,706,20260911,80,5,0,0.41666666666666669,0,1.5612511283791264e-17,2.2551405187698492e-17,0,2,2,2
3,707,20260911,80,5,0,0.41666666666666669,0,1.3877787807814457e-17,1.7347234759768071e-17,0,2,2,2
3,708,20260911,80,6,0,0.5,0,1.5612511283791264e-17,2.7755575615628914e-17,0,2,2,2
3,709,20260911,80,5,0,0.41666666666666669,0,2.7755575615628914e-17,2.7755575615628914e-17,0,2,2,2
3,710,20260911,80,3,0,0.25,0,1.3877787807814457e-17,1.9081958235744878e-17,0,2,2,2
3,711,20260911,80,9,0,0.75,0,2.7755575615628914e-17,4.2500725161431774e-17,0,2,2,2
3,712,20260911,80,4,0,0.33333333333333331,0,2.7755575615628914e-17,3.8163916471489756e-17,0,2,2,2
3,713,20260911,80,4,1,0.33333333333333331,0.083333333333333329,2.0816681711721685e-17,4.163336342344337e-17,2.0328790734103208e-17,2,2,2
3,714,20260911,80,9,1,0.75,0.083333333333333329,1.474514954580286e-17,2.4286128663675299e-17,1.0408340855860843e-17,2,2,2
3,715,20260911,80,7,0,0.58333333333333337,0,5.2041704279304213e-17,5.4643789493269423e-17,0,2,2,2
3,716,20260911,80,5,0,0.41666666666666669,0,1.474514954580286e-17,2.1684043449710089e-17,0,2,2,2
3,717,20260911,80,4,0,0.33333333333333331,0,8.6736173798840355e-18,1.3877787807814457e-17,0,2,2,2
3,718,20260911,80,6,0,0.5,0,1.3877787807814457e-17,3.4694469519536142e-17,0,2,2,2
3,719,20260911,80,6,1,0.5,0.083333333333333329,2.7755575615628914e-17,4.163336342344337e-17,1.3877787807814457e-17,2,2,2
3,720,20260911,80,3,1,0.25,0.083333333333333329,1.3877787807814457e-17,1.6046192152785466e-17,6.9388939039072284e-18,2,2,2
3,721,20260911,80,3,0,0.25,0,2.9490299091605721e-17,3.2959746043559335e-17,0,2,2,2
3,722,20260911,80,7,1,0.58333333333333337,0.083333333333333329,3.1225022567582528e-17,5.5511151231257827e-17,5.0306980803327406e-17,2,2,2
3,723,20260911,80,7,1,0.58333333333333337,0.083333333333333329,2.7755575615628914e-17,4.163336342344337e-17,1.0408340855860843e-17,2,2,2
3,724,20260911,80,5,0,0.41666666666666669,0,1.5178830414797062e-17,3.8163916471489756e-17,0,2,2,2
3,725,20260911,80,6,1,0.5,0.083333333333333329,1.7347234759768071e-17,2.4286128663675299e-17,3.2959746043559335e-17,2,2,2
3,726,20260911,80,4,0,0.33333333333333331,0,1.474514954580286e-17,2.7755575615628914e-17,0,2,2,2
3,727,20260911,80,6,1,0.5,0.083333333333333329,2.7755575615628914e-17,4.8572257327350599e-17,2.7755575615628914e-17,2,2,2
3,728,20260911,80,7,0,0.58333333333333337,0,2.2334564753201391e-17,2.2551405187698492e-17,0,2,2,2
3,729,20260911,80,8,0,0.66666666666666663,0,2.7755575615628914e-17,2.3418766925686896e-17,0,2,2,2
3,730,20260911,80,5,0,0.41666666666666669,0,3.1225022567582528e-17,6.2450045135165055e-17,0,2,2,2
3,731,20260911,80,4,0,0.33333333333333331,0,2.7755575615628914e-17,4.163336342344337e-17,0,2,2,2
3,732,20260911,80,5,0,0.41666666666666669,0,1.3877787807814457e-17,2.7755575615628914e-17,0,2,2,2
3,733,20260911,80,3,0,0.25,0,1.5612511283791264e-17,3.4694469519536142e-17,0,2,2,2
3,734,20260911,80,3,0,0.25,0,1.7347234759768071e-17,2.0816681711721685e-17,0,2,2,2
3,735,20260911,80,6,0,0.5,0,1.7347234759768071e-17,3.8163916471489756e-17,0,2,2,2
3,736,20260911,80,7,0,0.58333333333333337,0,2.9652929417478546e-17,4.163336342344337e-17,0,2,2,2
3,737,20260911,80,6,0,0.5,0,2.2226144535952841e-17,3.4694469519536142e-17,0,2,2,2
3,738,20260911,80,5,0,0.41666666666666669,0,3.4694469519536142e-17,2.7755575615628914e-17,0,2,2,2
3,739,20260911,80,7,0,0.58333333333333337,0,1.4961989980299961e-17,3.9898639947466563e-17,0,2,2,2
3,740,20260911,80,3,0,0.25,0,2.0816681711721685e-17,3.8163916471489756e-17,0,2,2,2
3,741,20260911,80,5,0,0.41666666666666669,0,1.3877787807814457e-17,2.7755575615628914e-17,0,2,2,2
3,742,20260911,80,7,0,0.58333333333333337,0,3.4694469519536142e-17,4.3368086899420177e-17,0,2,2,2
3,743,20260911,80,7,0,0.58333333333333337,0,1.7347234759768071e-17,2.0816681711721685e-17,0,2,2,2
3,744,20260911,80,3,0,0.25,0,1.474514954580286e-17,1.1275702593849246e-17,0,2,2,2
3,745,20260911,80,9,0,0.75,0,4.4452289071905682e-17,3.4694469519536142e-17,0,2,2,2
3,746,20260911,80,5,0,0.41666666666666669,0,1.3877787807814457e-17,2.2551405187698492e-17,0,2,2,2
3,747,20260911,80,5,0,0.41666666666666669,0,1.3877787807814457e-17,2.4286128663675299e-17,0,2,2,2
3,748,20260911,80,5,0,0.41666666666666669,0,2.0816681711721685e-17,2.6020852139652106e-17,0,2,2,2
3,749,20260911,80,6,0,0.5,0,2.7755575615628914e-17,5.5511151231257827e-17,0,2,2,2
3,750,20260911,80,7,0,0.58333333333333337,0,2.7755575615628914e-17,2.5153490401663703e-17,0,2,2,2
3,751,20260911,80,6,0,0.5,0,3.1225022567582528e-17,2.6020852139652106e-17,0,2,2,2
3,752,20260911,80,6,0,0.5,0,1.7347234759768071e-17,1.7347234759768071e-17,0,2,2,2
3,753,20260911,80,5,0,0.41666666666666669,0,1.7347234759768071e-17,3.8163916471489756e-17,0,2,2,2
3,754,20260911,80,4,0,0.33333333333333331,0,1.3877787807814457e-17,2.0816681711721685e-17,0,2,2,2
3,755,20260911,80,4,0,0.33333333333333331,0,1.3877787807814457e-17,2.4286128663675299e-17,0,2,2,2
3,756,20260911,80,4,0,0.33333333333333331,0,1.5612511283791264e-17,4.163336342344337e-17,0,2,2,2
3,757,20260911,80,7,0,0.58333333333333337,0,3.4694469519536142e-17,4.5102810375396984e-17,0,2,2,2
3,758,20260911,80,7,0,0.58333333333333337,0,3.1225022567582528e-17,4.163336342344337e-17,0,2,2,2
3,759,20260911,80,3,0,0.25,0,2.0816681711721685e-17,2.0816681711721685e-17,0,2,2,2
3,760,20260911,80,6,0,0.5,0,1.474514954580286e-17,2.0816681711721685e-17,0,2,2,2
3,761,20260911,80,5,0,0.41666666666666669,0,1.3877787807814457e-17,2.7755575615628914e-17,0,2,2,2
3,762,20260911,80,3,0,0.25,0,4.163336342344337e-17,5.8980598183211441e-17,0,2,2,2
3,763,20260911,80,6,0,0.5,0,4.6837533851373792e-17,5.6378512969246231e-17,0,2,2,2
3,764,20260911,80,8,0,0.66666666666666663,0,2.8622937353617317e-17,3.2092384305570931e-17,0,2,2,2
3,765,20260911,80,7,0,0.58333333333333337,0,1.7347234759768071e-17,2.2551405187698492e-17,0,2,2,2
3,766,20260911,80,5,0,0.41666666666666669,0,1.7347234759768071e-17,3.8163916471489756e-17,0,2,2,2
3,767,20260911,80,6,1,0.5,0.083333333333333329,1.5612511283791264e-17,4.163336342344337e-17,2.7755575615628914e-17,2,2,2
3,768,20260911,80,7,0,0.58333333333333337,0,2.7755575615628914e-17,3.1225022567582528e-17,0,2,2,2
3,769,20260911,80,6,0,0.5,0,2.2551405187698492e-17,3.1441863002079629e-17,0,2,2,2
3,770,20260911,80,5,2,0.41666666666666669,0.16666666666666666,2.7755575615628914e-17,3.4694469519536142e-17,1.0408340855860843e-17,2,2,2
3,771,20260911,80,4,0,0.33333333333333331,0,4.5970172113385388e-17,2.688821387764051e-17,0,2,2,2
3,772,20260911,80,4,0,0.33333333333333331,0,1.474514954580286e-17,4.8572257327350599e-17,0,2,2,2
3,773,20260911,80,4,0,0.33333333333333331,0,2.7755575615628914e-17,3.1225022567582528e-17,0,2,2,2
3,774,20260911,80,2,0,0.16666666666666666,0,7.3725747729014302e-18,5.6378512969246231e-18,0,2,2,2
3,775,20260911,80,2,0,0.16666666666666666,0,1.3877787807814457e-17,2.7755575615628914e-17,0,2,2,2
3,776,20260911,80,5,0,0.41666666666666669,0,1.474514954580286e-17,2.0166160408230382e-17,0,2,2,2
3,777,20260911,80,6,0,0.5,0,4.5102810375396984e-17,4.8572257327350599e-17,0,2,2,2
3,778,20260911,80,4,0,0.33333333333333331,0,2.2551405187698492e-17,3.1225022567582528e-17,0,2,2,2
3,779,20260911,80,6,0,0.5,0,1.5612511283791264e-17,3.1225022567582528e-17,0,2,2,2
3,780,20260911,80,4,0,0.33333333333333331,0,3.1225022567582528e-17,2.0816681711721685e-17,0,2,2,2
3,781,20260911,80,5,0,0.41666666666666669,0,1.3877787807814457e-17,3.0357660829594124e-17,0,2,2,2
3,782,20260911,80,7,1,0.58333333333333337,0.083333333333333329,2.0816681711721685e-17,5.5511151231257827e-17,2.3418766925686896e-17,2,2,2
3,783,20260911,80,8,0,0.66666666666666663,0,2.7755575615628914e-17,4.163336342344337e-17,0,2,2,2
3,784,20260911,80,3,1,0.25,0.083333333333333329,1.3877787807814457e-17,4.163336342344337e-17,1.7347234759768071e-17,2,2,2
3,785,20260911,80,7,0,0.58333333333333337,0,2.1684043449710089e-17,3.1225022567582528e-17,0,2,2,2
3,786,20260911,80,5,0,0.41666666666666669,0,2.0816681711721685e-17,1.7347234759768071e-17,0,2,2,2
3,787,20260911,80,9,0,0.75,0,3.7079714299004252e-17,4.163336342344337e-17,0,2,2,2
3,788,20260911,80,4,0,0.33333333333333331,0,2.9490299091605721e-17,2.9490299091605721e-17,0,2,2,2
3,789,20260911,80,7,0,0.58333333333333337,0,2.7755575615628914e-17,5.5511151231257827e-17,0,2,2,2
3,790,20260911,80,5,0,0.41666666666666669,0,2.7755575615628914e-17,3.1225022567582528e-17,0,2,2,2
3,791,20260911,80,6,0,0.5,0,3.4694469519536142e-17,2.9490299091605721e-17,0,2,2,2
3,792,20260911,80,2,0,0.16666666666666666,0,1.3877787807814457e-17,1.7347234759768071e-17,0,2,2,2
3,793,20260911,80,7,0,0.58333333333333337,0,4.4235448637408581e-17,3.6429192995512949e-17,0,2,2,2
3,794,20260911,80,7,1,0.58333333333333337,0.083333333333333329,2.0816681711721685e-17,5.5511151231257827e-17,2.6020852139652106e-18,2,2,2
3,795,20260911,80,6,0,0.5,0,2.8622937353617317e-17,2.7755575615628914e-17,0,2,2,2
3,796,20260911,80,6,0,0.5,0,2.7755575615628914e-17,2.7755575615628914e-17,0,2,2,2
3,797,20260911,80,7,0,0.58333333333333337,0,2.2551405187698492e-17,2.8622937353617317e-17,0,2,2,2
3,798,20260911,80,8,0,0.66666666666666663,0,2.9490299091605721e-17,3.9898639947466563e-17,0,2,2,2
3,799,20260911,80,5,0,0.41666666666666669,0,2.3418766925686896e-17,2.7755575615628914e-17,0,2,2,2
3,800,20260911,80,5,0,0.41666666666666669,0,3.8163916471489756e-17,3.6429192995512949e-17,0,2,2,2
3,801,20260911,80,3,1,0.25,0.083333333333333329,2.1684043449710089e-17,3.3827107781547738e-17,6.9388939039072284e-18,2,2,2
3,802,20260911,80,4,0,0.33333333333333331,0,2.9490299091605721e-17,1.9081958235744878e-17,0,2,2,2
3,803,20260911,80,5,0,0.41666666666666669,0,1.3877787807814457e-17,2.0816681711721685e-17,0,2,2,2
3,804,20260911,80,5,0,0.41666666666666669,0,1.3877787807814457e-17,1.7347234759768071e-17,0,2,2,2
3,805,20260911,80,4,0,0.33333333333333331,0,6.9388939039072284e-18,2.0816681711721685e-17,0,2,2,2
3,806,20260911,80,5,1,0.41666666666666669,0.083333333333333329,3.1225022567582528e-17,2.7755575615628914e-17,2.0816681711721685e-17,2,2,2
3,807,20260911,80,8,0,0.66666666666666663,0,3.4694469519536142e-17,6.2450045135165055e-17,0,2,2,2
3,808,20260911,80,8,0,0.66666666666666663,0,5.2041704279304213e-17,4.5102810375396984e-17,0,2,2,2
3,809,20260911,80,5,0,0.41666666666666669,0,1.7347234759768071e-17,3.1225022567582528e-17,0,2,2,2
3,810,20260911,80,6,0,0.5,0,4.163336342344337e-17,3.5995512126518747e-17,0,2,2,2
3,811,20260911,80,1,0,0.083333333333333329,0,1.3877787807814457e-17,2.0816681711721685e-17,0,2,2,2
3,812,20260911,80,4,0,0.33333333333333331,0,1.5178830414797062e-17,2.4286128663675299e-17,0,2,2,2
3,813,20260911,80,4,0,0.33333333333333331,0,2.0816681711721685e-17,2.7755575615628914e-17,0,2,2,2
3,814,20260911,80,6,1,0.5,0.083333333333333329,2.1684043449710089e-17,2.1250362580715887e-17,1.8214596497756474e-17,2,2,2
3,815,20260911,80,8,2,0.66666666666666663,0.16666666666666666,2.7755575615628914e-17,5.5511151231257827e-17,1.7347234759768071e-17,2,2,2
3,816,20260911,80,6,1,0.5,0.083333333333333329,2.2551405187698492e-17,2.0816681711721685e-17,6.9388939039072284e-18,2,2,2
3,817,20260911,80,4,0,0.33333333333333331,0,4.8572257327350599e-17,4.8572257327350599e-17,0,2,2,2
3,818,20260911,80,5,0,0.41666666666666669,0,1.5612511283791264e-17,3.2959746043559335e-17,0,2,2,2
3,819,20260911,80,3,0,0.25,0,6.9388939039072284e-18,1.214306433183765e-17,0,2,2,2
3,820,20260911,80,5,1,0.41666666666666669,0.083333333333333329,4.163336342344337e-17,2.7755575615628914e-17,6.9388939039072284e-18,2,2,2
3,821,20260911,80,9,0,0.75,0,2.0816681711721685e-17,3.4694469519536142e-17,0,2,2,2
3,822,20260911,80,6,1,0.5,0.083333333333333329,4.8572257327350599e-17,5.5511151231257827e-17,1.214306433183765e-17,2,2,2
3,823,20260911,80,5,0,0.41666666666666669,0,1.474514954580286e-17,3.4694469519536142e-17,0,2,2,2
3,824,20260911,80,6,0,0.5,0,1.474514954580286e-17,2.0816681711721685e-17,0,2,2,2
3,825,20260911,80,4,0,0.33333333333333331,0,1.5612511283791264e-17,2.7755575615628914e-17,0,2,2,2
3,826,20260911,80,4,0,0.33333333333333331,0,2.0816681711721685e-17,2.0816681711721685e-17,0,2,2,2
3,827,20260911,80,5,1,0.41666666666666669,0.083333333333333329,3.0357660829594124e-17,4.3368086899420177e-17,8.6736173798840355e-18,2,2,2
3,828,20260911,80,6,0,0.5,0,4.163336342344337e-17,3.0357660829594124e-17,0,2,2,2
3,829,20260911,80,1,0,0.083333333333333329,0,0,6.9388939039072284e-18,0,2,2,2
3,830,20260911,80,6,0,0.5,0,3.0357660829594124e-17,3.4694469519536142e-17,0,2,2,2
3,831,20260911,80,8,1,0.66666666666666663,0.083333333333333329,2.7755575615628914e-17,2.7755575615628914e-17,3.4694469519536142e-18,2,2,2
3,832,20260911,80,7,0,0.58333333333333337,0,3.4694469519536142e-17,4.163336342344337e-17,0,2,2,2
3,833,20260911,80,5,0,0.41666666666666669,0,2.7755575615628914e-17,4.163336342344337e-17,0,2,2,2
3,834,20260911,80,6,0,0.5,0,1.7347234759768071e-17,3.8163916471489756e-17,0,2,2,2
3,835,20260911,80,6,0,0.5,0,2.2551405187698492e-17,2.9490299091605721e-17,0,2,2,2
3,836,20260911,80,6,1,0.5,0.083333333333333329,3.9898639947466563e-17,3.4694469519536142e-17,1.5612511283791264e-17,2,2,2
3,837,20260911,80,4,1,0.33333333333333331,0.083333333333333329,1.3877787807814457e-17,2.0816681711721685e-17,3.2959746043559335e-17,2,2,2
3,838,20260911,80,3,0,0.25,0,4.6837533851373792e-17,2.4286128663675299e-17,0,2,2,2
3,839,20260911,80,4,0,0.33333333333333331,0,1.474514954580286e-17,1.9081958235744878e-17,0,2,2,2
3,840,20260911,80,6,0,0.5,0,1.7347234759768071e-17,4.163336342344337e-17,0,2,2,2
3,841,20260911,80,7,0,0.58333333333333337,0,3.7296554733501353e-17,2.6020852139652106e-17,0,2,2,2
3,842,20260911,80,6,0,0.5,0,2.7755575615628914e-17,2.802662615875029e-17,0,2,2,2
3,843,20260911,80,5,0,0.41666666666666669,0,2.3418766925686896e-17,2.4286128663675299e-17,0,2,2,2
3,844,20260911,80,6,0,0.5,0,1.3877787807814457e-17,3.1225022567582528e-17,0,2,2,2
3,845,20260911,80,3,0,0.25,0,6.9388939039072284e-18,1.0408340855860843e-17,0,2,2,2
3,846,20260911,80,9,1,0.75,0.083333333333333329,2.4286128663675299e-17,4.163336342344337e-17,0,2,2,2
3,847,20260911,80,5,0,0.41666666666666669,0,2.7755575615628914e-17,3.4694469519536142e-17,0,2,2,2
3,848,20260911,80,7,0,0.58333333333333337,0,3.6429192995512949e-17,2.2551405187698492e-17,0,2,2,2
3,849,20260911,80,5,0,0.41666666666666669,0,2.2226144535952841e-17,4.8572257327350599e-17,0,2,2,2
3,850,20260911,80,7,1,0.58333333333333337,0.083333333333333329,3.1225022567582528e-17,4.163336342344337e-17,2.7538735181131813e-17,2,2,2
3,851,20260911,80,4,0,0.33333333333333331,0,4.163336342344337e-17,3.1225022567582528e-17,0,2,2,2
3,852,20260911,80,5,0,0.41666666666666669,0,2.2334564753201391e-17,1.3010426069826053e-17,0,2,2,2
3,853,20260911,80,8,1,0.66666666666666663,0.083333333333333329,4.163336342344337e-17,5.2041704279304213e-17,3.8163916471489756e-17,2,2,2
3,854,20260911,80,3,0,0.25,0,0,1.3877787807814457e-17,0,2,2,2
3,855,20260911,80,5,1,0.41666666666666669,0.083333333333333329,3.8163916471489756e-17,2.0816681711721685e-17,2.0816681711721685e-17,2,2,2
3,856,20260911,80,7,1,0.58333333333333337,0.083333333333333329,2.7755575615628914e-17,4.8572257327350599e-17,3.8163916471489756e-17,2,2,2
3,857,20260911,80,7,0,0.58333333333333337,0,1.7347234759768071e-17,2.2768245622195593e-17,0,2,2,2
3,858,20260911,80,4,0,0.33333333333333331,0,6.9388939039072284e-18,2.9490299091605721e-17,0,2,2,2
3,859,20260911,80,5,0,0.41666666666666669,0,2.8622937353617317e-17,3.4694469519536142e-17,0,2,2,2
3,860,20260911,80,2,0,0.16666666666666666,0,2.0816681711721685e-17,2.2551405187698492e-17,0,2,2,2
3,861,20260911,80,4,0,0.33333333333333331,0,1.7347234759768071e-17,3.7730235602495554e-17,0,2,2,2
3,862,20260911,80,9,2,0.75,0.16666666666666666,3.2959746043559335e-17,2.7755575615628914e-17,2.4286128663675299e-17,2,2,2
3,863,20260911,80,6,1,0.5,0.083333333333333329,2.7755575615628914e-17,5.5511151231257827e-17,3.4694469519536142e-18,2,2,2
3,864,20260911,80,5,0,0.41666666666666669,0,1.5178830414797062e-17,2.0816681711721685e-17,0,2,2,2
3,865,20260911,80,6,0,0.5,0,2.0816681711721685e-17,2.7755575615628914e-17,0,2,2,2
3,866,20260911,80,4,0,0.33333333333333331,0,1.7347234759768071e-17,2.1250362580715887e-17,0,2,2,2
3,867,20260911,80,5,0,0.41666666666666669,0,2.0816681711721685e-17,3.1225022567582528e-17,0,2,2,2
3,868,20260911,80,5,0,0.41666666666666669,0,3.1225022567582528e-17,2.7755575615628914e-17,0,2,2,2
3,869,20260911,80,7,0,0.58333333333333337,0,1.5612511283791264e-17,3.3393426912553537e-17,0,2,2,2
3,870,20260911,80,4,0,0.33333333333333331,0,2.0816681711721685e-17,3.4694469519536142e-17,0,2,2,2
3,871,20260911,80,6,0,0.5,0,2.3418766925686896e-17,2.0816681711721685e-17,0,2,2,2
3,872,20260911,80,6,0,0.5,0,4.8572257327350599e-17,3.4694469519536142e-17,0,2,2,2
3,873,20260911,80,5,0,0.41666666666666669,0,2.2334564753201391e-17,2.7538735181131813e-17,0,2,2,2
3,874,20260911,80,4,0,0.33333333333333331,0,1.474514954580286e-17,2.688821387764051e-17,0,2,2,2
3,875,20260911,80,7,0,0.58333333333333337,0,3.4694469519536142e-17,2.7755575615628914e-17,0,2,2,2
3,876,20260911,80,6,0,0.5,0,3.4694469519536142e-17,2.7755575615628914e-17,0,2,2,2
3,877,20260911,80,7,0,0.58333333333333337,0,4.163336342344337e-17,3.4694469519536142e-17,0,2,2,2
3,878,20260911,80,5,0,0.41666666666666669,0,2.9490299091605721e-17,3.4694469519536142e-17,0,2,2,2
3,879,20260911,80,4,0,0.33333333333333331,0,1.474514954580286e-17,1.5178830414797062e-17,0,2,2,2
3,880,20260911,80,7,0,0.58333333333333337,0,2.7755575615628914e-17,2.7755575615628914e-17,0,2,2,2
3,881,20260911,80,6,1,0.5,0.083333333333333329,1.5612511283791264e-17,3.1225022567582528e-17,2.0816681711721685e-17,2,2,2
3,882,20260911,80,7,0,0.58333333333333337,0,2.7755575615628914e-17,2.7755575615628914e-17,0,2,2,2
3,883,20260911,80,4,0,0.33333333333333331,0,1.4772254600114998e-17,2.0816681711721685e-17,0,2,2,2
3,884,20260911,80,6,0,0.5,0,2.0816681711721685e-17,3.4694469519536142e-17,0,2,2,2
3,885,20260911,80,3,1,0.25,0.083333333333333329,2.2551405187698492e-17,2.0816681711721685e-17,2.4015078120553923e-17,2,2,2
3,886,20260911,80,6,0,0.5,0,2.0816681711721685e-17,2.688821387764051e-17,0,2,2,2
3,887,20260911,80,4,0,0.33333333333333331,0,2.0816681711721685e-17,2.7755575615628914e-17,0,2,2,2
3,888,20260911,80,7,0,0.58333333333333337,0,2.7755575615628914e-17,2.7755575615628914e-17,0,2,2,2
3,889,20260911,80,5,0,0.41666666666666669,0,2.2551405187698492e-17,3.5561831257524545e-17,0,2,2,2
3,890,20260911,80,3,0,0.25,0,6.9388939039072284e-18,8.6736173798840355e-18,0,2,2,2
3,891,20260911,80,5,0,0.41666666666666669,0,2.7755575615628914e-17,3.4694469519536142e-17,0,2,2,2
3,892,20260911,80,3,0,0.25,0,1.5612511283791264e-17,2.0816681711721685e-17,0,2,2,2
3,893,20260911,80,5,0,0.41666666666666669,0,2.9490299091605721e-17,3.2959746043559335e-17,0,2,2,2
3,894,20260911,80,7,1,0.58333333333333337,0.083333333333333329,5.5511151231257827e-17,4.163336342344337e-17,1.0408340855860843e-17,2,2,2
3,895,20260911,80,3,0,0.25,0,1.3877787807814457e-17,1.6479873021779667e-17,0,2,2,2
3,896,20260911,80,6,1,0.5,0.083333333333333329,3.1225022567582528e-17,4.163336342344337e-17,1.7347234759768071e-17,2,2,2
3,897,20260911,80,7,0,0.58333333333333337,0,1.5612511283791264e-17,3.5128150388530344e-17,0,2,2,2
3,898,20260911,80,5,0,0.41666666666666669,0,2.1684043449710089e-17,2.9490299091605721e-17,0,2,2,2
3,899,20260911,80,5,0,0.41666666666666669,0,2.0816681711721685e-17,2.0816681711721685e-17,0,2,2,2
3,900,20260911,80,3,0,0.25,0,0,6.9388939039072284e-18,0,2,2,2
3,901,20260911,80,6,0,0.5,0,3.6862873864507151e-17,6.9388939039072284e-17,0,2,2,2
3,902,20260911,80,5,0,0.41666666666666669,0,1.5178830414797062e-17,2.7755575615628914e-17,0,2,2,2
3,903,20260911,80,5,0,0.41666666666666669,0,2.2551405187698492e-17,2.7755575615628914e-17,0,2,2,2
3,904,20260911,80,8,3,0.66666666666666663,0.25,2.0816681711721685e-17,2.7755575615628914e-17,1.3877787807814457e-17,2,2,2
3,905,20260911,80,8,0,0.66666666666666663,0,6.591949208711867e-17,4.8572257327350599e-17,0,2,2,2
3,906,20260911,80,5,0,0.41666666666666669,0,1.5612511283791264e-17,4.8572257327350599e-17,0,2,2,2
3,907,20260911,80,7,0,0.58333333333333337,0,3.4694469519536142e-17,2.0816681711721685e-17,0,2,2,2
3,908,20260911,80,5,0,0.41666666666666669,0,1.3877787807814457e-17,2.0816681711721685e-17,0,2,2,2
3,909,20260911,80,6,0,0.5,0,2.0816681711721685e-17,2.7755575615628914e-17,0,2,2,2
3,910,20260911,80,7,0,0.58333333333333337,0,2.9490299091605721e-17,4.5102810375396984e-17,0,2,2,2
3,911,20260911,80,5,0,0.41666666666666669,0,1.474514954580286e-17,2.0816681711721685e-17,0,2,2,2
3,912,20260911,80,8,1,0.66666666666666663,0.083333333333333329,5.5511151231257827e-17,3.2959746043559335e-17,4.163336342344337e-17,2,2,2
3,913,20260911,80,6,0,0.5,0,2.7755575615628914e-17,2.0816681711721685e-17,0,2,2,2
3,914,20260911,80,3,0,0.25,0,1.5612511283791264e-17,1.7347234759768071e-17,0,2,2,2
3,915,20260911,80,2,0,0.16666666666666666,0,2.2551405187698492e-17,3.903127820947816e-17,0,2,2,2
3,916,20260911,80,5,0,0.41666666666666669,0,1.7347234759768071e-17,4.163336342344337e-17,0,2,2,2
3,917,20260911,80,3,0,0.25,0,1.3877787807814457e-17,5.5511151231257827e-17,0,2,2,2
3,918,20260911,80,7,0,0.58333333333333337,0,2.1684043449710089e-17,4.8572257327350599e-17,0,2,2,2
3,919,20260911,80,4,0,0.33333333333333331,0,2.2551405187698492e-17,1.3877787807814457e-17,0,2,2,2
3,920,20260911,80,5,0,0.41666666666666669,0,1.3877787807814457e-17,2.7755575615628914e-17,0,2,2,2
3,921,20260911,80,8,1,0.66666666666666663,0.083333333333333329,2.9490299091605721e-17,3.4694469519536142e-17,6.9388939039072284e-18,2,2,2
3,922,20260911,80,8,0,0.66666666666666663,0,2.0816681711721685e-17,2.7755575615628914e-17,0,2,2,2
3,923,20260911,80,6,0,0.5,0,3.7296554733501353e-17,3.1225022567582528e-17,0,2,2,2
3,924,20260911,80,5,0,0.41666666666666669,0,1.3877787807814457e-17,2.4286128663675299e-17,0,2,2,2
3,925,20260911,80,9,0,0.75,0,2.4286128663675299e-17,2.7755575615628914e-17,0,2,2,2
3,926,20260911,80,5,0,0.41666666666666669,0,0,2.0816681711721685e-17,0,2,2,2
3,927,20260911,80,2,0,0.16666666666666666,0,1.7347234759768071e-17,1.1709383462843448e-17,0,2,2,2
3,928,20260911,80,5,1,0.41666666666666669,0.083333333333333329,2.4286128663675299e-17,3.8163916471489756e-17,1.7347234759768071e-17,2,2,2
3,929,20260911,80,5,0,0.41666666666666669,0,2.0816681711721685e-17,2.7755575615628914e-17,0,2,2,2
3,930,20260911,80,4,0,0.33333333333333331,0,1.3877787807814457e-17,2.0816681711721685e-17,0,2,2,2
3,931,20260911,80,5,1,0.41666666666666669,0.083333333333333329,3.1225022567582528e-17,3.1225022567582528e-17,3.8163916471489756e-17,2,2,2
3,932,20260911,80,3,0,0.25,0,2.9625824363166409e-17,2.5912431922403556e-17,0,2,2,2
3,933,20260911,80,5,0,0.41666666666666669,0,1.5178830414797062e-17,1.3877787807814457e-17,0,2,2,2
3,934,20260911,80,4,0,0.33333333333333331,0,2.3418766925686896e-17,2.7755575615628914e-17,0,2,2,2
3,935,20260911,80,5,0,0.41666666666666669,0,2.1684043449710089e-17,2.7755575615628914e-17,0,2,2,2
3,936,20260911,80,0,0,0,0,0,0,0,1,1,1
3,937,20260911,80,7,1,0.58333333333333337,0.083333333333333329,4.163336342344337e-17,6.9388939039072284e-17,1.3877787807814457e-17,2,2,2
3,938,20260911,80,3,0,0.25,0,2.9490299091605721e-17,3.4694469519536142e-17,0,2,2,2
3,939,20260911,80,5,0,0.41666666666666669,0,2.9490299091605721e-17,2.9490299091605721e-17,0,2,2,2
3,940,20260911,80,7,0,0.58333333333333337,0,1.3877787807814457e-17,4.8572257327350599e-17,0,2,2,2
3,941,20260911,80,2,1,0.16666666666666666,0.083333333333333329,6.9388939039072284e-18,1.0408340855860843e-17,1.9081958235744878e-17,2,2,2
3,942,20260911,80,3,0,0.25,0,2.9490299091605721e-17,4.0766001685454967e-17,0,2,2,2
3,943,20260911,80,3,0,0.25,0,2.7755575615628914e-17,2.7755575615628914e-17,0,2,2,2
3,944,20260911,80,6,0,0.5,0,2.9625824363166409e-17,2.3987973066241786e-17,0,2,2,2
3,945,20260911,80,4,0,0.33333333333333331,0,2.0816681711721685e-17,2.7755575615628914e-17,0,2,2,2
3,946,20260911,80,5,0,0.41666666666666669,0,2.7755575615628914e-17,2.4286128663675299e-17,0,2,2,2
3,947,20260911,80,3,0,0.25,0,1.3877787807814457e-17,2.0816681711721685e-17,0,2,2,2
3,948,20260911,80,3,0,0.25,0,2.9923979960599922e-17,2.211772431870429e-17,0,2,2,2
3,949,20260911,80,7,1,0.58333333333333337,0.083333333333333329,2.7755575615628914e-17,4.163336342344337e-17,6.9388939039072284e-18,2,2,2
3,950,20260911,80,4,0,0.33333333333333331,0,3.4694469519536142e-17,2.4286128663675299e-17,0,2,2,2
3,951,20260911,80,9,0,0.75,0,5.5511151231257827e-17,4.8572257327350599e-17,0,2,2,2
3,952,20260911,80,6,1,0.5,0.083333333333333329,2.7755575615628914e-17,4.163336342344337e-17,3.1225022567582528e-17,2,2,2
3,953,20260911,80,9,0,0.75,0,2.1684043449710089e-17,2.2551405187698492e-17,0,2,2,2
3,954,20260911,80,6,0,0.5,0,2.9707139526102821e-17,4.163336342344337e-17,0,2,2,2
3,955,20260911,80,6,0,0.5,0,4.163336342344337e-17,5.8980598183211441e-17,0,2,2,2
3,956,20260911,80,5,0,0.41666666666666669,0,1.3877787807814457e-17,2.0816681711721685e-17,0,2,2,2
3,957,20260911,80,4,0,0.33333333333333331,0,2.0816681711721685e-17,4.163336342344337e-17,0,2,2,2
3,958,20260911,80,2,0,0.16666666666666666,0,7.3996798272135678e-18,2.0816681711721685e-17,0,2,2,2
3,959,20260911,80,4,0,0.33333333333333331,0,1.3877787807814457e-17,1.3877787807814457e-17,0,2,2,2
3,960,20260911,80,5,0,0.41666666666666669,0,2.9490299091605721e-17,2.7755575615628914e-17,0,2,2,2
3,961,20260911,80,3,0,0.25,0,1.3877787807814457e-17,1.3877787807814457e-17,0,2,2,2
3,962,20260911,80,5,0,0.41666666666666669,0,2.9490299091605721e-17,3.2959746043559335e-17,0,2,2,2
3,963,20260911,80,5,0,0.41666666666666669,0,2.2551405187698492e-17,3.1225022567582528e-17,0,2,2,2
3,964,20260911,80,5,0,0.41666666666666669,0,2.2334564753201391e-17,2.0816681711721685e-17,0,2,2,2
3,965,20260911,80,6,0,0.5,0,2.0816681711721685e-17,2.7755575615628914e-17,0,2,2,2
3,966,20260911,80,4,0,0.33333333333333331,0,2.9490299091605721e-17,3.4694469519536142e-17,0,2,2,2
3,967,20260911,80,8,1,0.66666666666666663,0.083333333333333329,2.7755575615628914e-17,4.163336342344337e-17,2.8189256484623115e-18,2,2,2
3,968,20260911,80,7,0,0.58333333333333337,0,3.6429192995512949e-17,3.1225022567582528e-17,0,2,2,2
3,969,20260911,80,7,0,0.58333333333333337,0,4.8572257327350599e-17,4.163336342344337e-17,0,2,2,2
3,970,20260911,80,7,1,0.58333333333333337,0.083333333333333329,2.7755575615628914e-17,5.5511151231257827e-17,1.0408340855860843e-17,2,2,2
3,971,20260911,80,7,0,0.58333333333333337,0,3.1225022567582528e-17,5.5511151231257827e-17,0,2,2,2
3,972,20260911,80,5,0,0.41666666666666669,0,2.7755575615628914e-17,3.1225022567582528e-17,0,2,2,2
3,973,20260911,80,8,1,0.66666666666666663,0.083333333333333329,4.5102810375396984e-17,3.0357660829594124e-17,2.2551405187698492e-17,2,2,2
3,974,20260911,80,3,0,0.25,0,2.7755575615628914e-17,2.4286128663675299e-17,0,2,2,2
3,975,20260911,80,7,0,0.58333333333333337,0,1.5612511283791264e-17,2.0816681711721685e-17,0,2,2,2
3,976,20260911,80,2,0,0.16666666666666666,0,2.0816681711721685e-17,2.4286128663675299e-17,0,2,2,2
3,977,20260911,80,9,1,0.75,0.083333333333333329,4.5102810375396984e-17,3.1225022567582528e-17,4.3368086899420177e-18,2,2,2
3,978,20260911,80,4,0,0.33333333333333331,0,3.2959746043559335e-17,2.6020852139652106e-17,0,2,2,2
3,979,20260911,80,8,0,0.66666666666666663,0,2.2551405187698492e-17,5.2041704279304213e-17,0,2,2,2
3,980,20260911,80,3,1,0.25,0.083333333333333329,1.5612511283791264e-17,3.1225022567582528e-17,1.7347234759768071e-17,2,2,2
3,981,20260911,80,7,1,0.58333333333333337,0.083333333333333329,2.2551405187698492e-17,3.4694469519536142e-17,7.8062556418956319e-18,2,2,2
3,982,20260911,80,8,0,0.66666666666666663,0,2.7755575615628914e-17,4.163336342344337e-17,0,2,2,2
3,983,20260911,80,6,0,0.5,0,2.0816681711721685e-17,2.0816681711721685e-17,0,2,2,2
3,984,20260911,80,5,0,0.41666666666666669,0,2.9490299091605721e-17,2.3418766925686896e-17,0,2,2,2
3,985,20260911,80,7,2,0.58333333333333337,0.16666666666666666,2.0816681711721685e-17,4.8572257327350599e-17,5.2909066017292616e-17,2,2,2
3,986,20260911,80,4,0,0.33333333333333331,0,6.9388939039072284e-18,2.7755575615628914e-17,0,2,2,2
3,987,20260911,80,8,0,0.66666666666666663,0,2.0816681711721685e-17,2.7755575615628914e-17,0,2,2,2
3,988,20260911,80,8,0,0.66666666666666663,0,1.4799359654427136e-17,2.2551405187698492e-17,0,2,2,2
3,989,20260911,80,7,0,0.58333333333333337,0,2.7755575615628914e-17,2.7755575615628914e-17,0,2,2,2
3,990,20260911,80,2,1,0.16666666666666666,0.083333333333333329,1.3877787807814457e-17,6.9388939039072284e-18,6.0715321659188248e-18,2,2,2
3,991,20260911,80,4,0,0.33333333333333331,0,2.0816681711721685e-17,3.1225022567582528e-17,0,2,2,2
3,992,20260911,80,5,0,0.41666666666666669,0,1.3877787807814457e-17,3.8163916471489756e-17,0,2,2,2
3,993,20260911,80,7,0,0.58333333333333337,0,1.5612511283791264e-17,2.7755575615628914e-17,0,2,2,2
3,994,20260911,80,4,1,0.33333333333333331,0.083333333333333329,2.0816681711721685e-17,3.1225022567582528e-17,1.7347234759768071e-17,2,2,2
3,995,20260911,80,3,0,0.25,0,3.0357660829594124e-17,2.688821387764051e-17,0,2,2,2
3,996,20260911,80,4,0,0.33333333333333331,0,2.7755575615628914e-17,2.7755575615628914e-17,0,2,2,2
3,997,20260911,80,5,1,0.41666666666666669,0.083333333333333329,5.5511151231257827e-17,5.5511151231257827e-17,9.9746599868666408e-18,2,2,2
3,998,20260911,80,6,0,0.5,0,2.0816681711721685e-17,6.2450045135165055e-17,0,2,2,2
3,999,20260911,80,4,0,0.33333333333333331,0,2.7755575615628914e-17,2.0816681711721685e-17,0,2,2,2
6,0,20260911,40,12,0,1,0,3.7296554733501353e-17,3.9898639947466563e-17,0,2,2,2
6,1,20260911,40,8,1,0.66666666666666663,0.083333333333333329,2.9490299091605721e-17,3.8163916471489756e-17,4.8572257327350599e-17,2,2,2
6,2,20260911,40,11,0,0.91666666666666663,0,2.45029690981724e-17,3.6429192995512949e-17,0,2,2,2
6,3,20260911,40,12,1,1,0.083333333333333329,2.9490299091605721e-17,3.4694469519536142e-17,1.3877787807814457e-17,2,2,2
6,4,20260911,40,12,0,1,0,2.7755575615628914e-17,6.9388939039072284e-17,0,2,2,2
6,5,20260911,40,11,0,0.91666666666666663,0,4.163336342344337e-17,4.3693347551165829e-17,0,2,2,2
6,6,20260911,40,11,0,0.91666666666666663,0,3.6429192995512949e-17,2.7755575615628914e-17,0,2,2,2
6,7,20260911,40,12,0,1,0,4.5102810375396984e-17,3.8163916471489756e-17,0,2,2,2
6,8,20260911,40,11,0,0.91666666666666663,0,2.7755575615628914e-17,3.4694469519536142e-17,0,2,2,2
6,9,20260911,40,12,0,1,0,2.4286128663675299e-17,2.7321894746634712e-17,0,2,2,2
6,10,20260911,40,11,0,0.91666666666666663,0,3.7296554733501353e-17,3.903127820947816e-17,0,2,2,2
6,11,20260911,40,11,0,0.91666666666666663,0,5.5511151231257827e-17,4.163336342344337e-17,0,2,2,2
6,12,20260911,40,11,0,0.91666666666666663,0,4.163336342344337e-17,3.4694469519536142e-17,0,2,2,2
6,13,20260911,40,11,2,0.91666666666666663,0.16666666666666666,3.1225022567582528e-17,5.5511151231257827e-17,4.5102810375396984e-17,2,2,2
6,14,20260911,40,11,2,0.91666666666666663,0.16666666666666666,3.5561831257524545e-17,2.7755575615628914e-17,3.3068166260807885e-17,2,2,2
6,15,20260911,40,12,0,1,0,7.9797279894933126e-17,8.6736173798840355e-17,0,2,2,2
6,16,20260911,40,10,0,0.83333333333333337,0,3.8163916471489756e-17,4.163336342344337e-17,0,2,2,2
6,17,20260911,40,12,1,1,0.083333333333333329,4.163336342344337e-17,2.7755575615628914e-17,8.2399365108898337e-18,2,2,2
6,18,20260911,40,10,0,0.83333333333333337,0,2.4286128663675299e-17,4.163336342344337e-17,0,2,2,2
6,19,20260911,40,11,2,0.91666666666666663,0.16666666666666666,4.4235448637408581e-17,4.2500725161431774e-17,1.3877787807814457e-17,2,2,2
6,20,20260911,40,12,0,1,0,4.163336342344337e-17,7.6327832942979512e-17,0,2,2,2
6,21,20260911,40,12,0,1,0,4.3368086899420177e-17,5.2041704279304213e-17,0,2,2,2
6,22,20260911,40,12,0,1,0,3.1225022567582528e-17,6.0715321659188248e-17,0,2,2,2
6,23,20260911,40,11,2,0.91666666666666663,0.16666666666666666,5.5511151231257827e-17,2.9490299091605721e-17,1.3877787807814457e-17,2,2,2
6,24,20260911,40,10,1,0.83333333333333337,0.083333333333333329,5.5511151231257827e-17,4.163336342344337e-17,2.7755575615628914e-17,2,2,2
6,25,20260911,40,10,0,0.83333333333333337,0,4.8572257327350599e-17,5.5511151231257827e-17,0,2,2,2
6,26,20260911,40,12,1,1,0.083333333333333329,2.7755575615628914e-17,4.163336342344337e-17,5.2041704279304213e-18,2,2,2
6,27,20260911,40,10,2,0.83333333333333337,0.16666666666666666,4.163336342344337e-17,4.163336342344337e-17,1.7347234759768071e-17,2,2,2
6,28,20260911,40,12,0,1,0,3.8163916471489756e-17,3.4694469519536142e-17,0,2,2,2
6,29,20260911,40,12,0,1,0,3.4694469519536142e-17,2.7755575615628914e-17,0,2,2,2
6,30,20260911,40,11,0,0.91666666666666663,0,3.2959746043559335e-17,3.2959746043559335e-17,0,2,2,2
6,31,20260911,40,12,0,1,0,4.163336342344337e-17,5.8980598183211441e-17,0,2,2,2
6,32,20260911,40,9,0,0.75,0,3.8163916471489756e-17,3.4694469519536142e-17,0,2,2,2
6,33,20260911,40,11,0,0.91666666666666663,0,3.4694469519536142e-17,4.5102810375396984e-17,0,2,2,2
6,34,20260911,40,11,0,0.91666666666666663,0,5.5511151231257827e-17,9.7144514654701197e-17,0,2,2,2
6,35,20260911,40,11,0,0.91666666666666663,0,3.4694469519536142e-17,4.163336342344337e-17,0,2,2,2
6,36,20260911,40,12,0,1,0,3.8163916471489756e-17,4.163336342344337e-17,0,2,2,2
6,37,20260911,40,12,1,1,0.083333333333333329,2.7755575615628914e-17,2.7755575615628914e-17,1.3877787807814457e-17,2,2,2
6,38,20260911,40,12,1,1,0.083333333333333329,4.163336342344337e-17,3.4694469519536142e-17,2.0816681711721685e-17,2,2,2
6,39,20260911,40,11,1,0.91666666666666663,0.083333333333333329,3.2959746043559335e-17,5.5511151231257827e-17,3.8163916471489756e-17,2,2,2
6,40,20260911,40,11,0,0.91666666666666663,0,3.1225022567582528e-17,4.163336342344337e-17,0,2,2,2
6,41,20260911,40,11,0,0.91666666666666663,0,2.7755575615628914e-17,4.5102810375396984e-17,0,2,2,2
6,42,20260911,40,9,1,0.75,0.083333333333333329,5.2041704279304213e-17,4.5102810375396984e-17,8.6736173798840355e-18,2,2,2
6,43,20260911,40,10,0,0.83333333333333337,0,3.6429192995512949e-17,4.163336342344337e-17,0,2,2,2
6,44,20260911,40,11,0,0.91666666666666663,0,2.9490299091605721e-17,2.7755575615628914e-17,0,2,2,2
6,45,20260911,40,11,0,0.91666666666666663,0,4.163336342344337e-17,3.4694469519536142e-17,0,2,2,2
6,46,20260911,40,11,0,0.91666666666666663,0,4.8572257327350599e-17,3.2959746043559335e-17,0,2,2,2
6,47,20260911,40,11,0,0.91666666666666663,0,2.4286128663675299e-17,3.4694469519536142e-17,0,2,2,2
6,48,20260911,40,12,0,1,0,3.1225022567582528e-17,2.7755575615628914e-17,0,2,2,2
6,49,20260911,40,12,1,1,0.083333333333333329,2.7755575615628914e-17,3.8163916471489756e-17,0,2,2,2
6,50,20260911,40,12,1,1,0.083333333333333329,4.5102810375396984e-17,3.9898639947466563e-17,2.0816681711721685e-17,2,2,2
6,51,20260911,40,12,0,1,0,3.8163916471489756e-17,4.163336342344337e-17,0,2,2,2
6,52,20260911,40,11,1,0.91666666666666663,0.083333333333333329,4.163336342344337e-17,4.163336342344337e-17,6.9388939039072284e-18,2,2,2
6,53,20260911,40,12,0,1,0,3.4694469519536142e-17,3.1225022567582528e-17,0,2,2,2
6,54,20260911,40,12,1,1,0.083333333333333329,1.7347234759768071e-17,3.4694469519536142e-17,8.6736173798840355e-18,2,2,2
6,55,20260911,40,11,0,0.91666666666666663,0,2.7755575615628914e-17,4.163336342344337e-17,0,2,2,2
6,56,20260911,40,12,0,1,0,2.7755575615628914e-17,3.1225022567582528e-17,0,2,2,2
6,57,20260911,40,11,1,0.91666666666666663,0.083333333333333329,4.5102810375396984e-17,4.163336342344337e-17,6.9388939039072284e-18,2,2,2
6,58,20260911,40,11,0,0.91666666666666663,0,4.163336342344337e-17,3.2959746043559335e-17,0,2,2,2
6,59,20260911,40,12,1,1,0.083333333333333329,5.5511151231257827e-17,6.591949208711867e-17,3.4694469519536142e-17,2,2,2
6,60,20260911,40,11,0,0.91666666666666663,0,5.5511151231257827e-17,5.7245874707234634e-17,0,2,2,2
6,61,20260911,40,12,1,1,0.083333333333333329,6.9388939039072284e-17,4.2500725161431774e-17,0,2,2,2
6,62,20260911,40,9,1,0.75,0.083333333333333329,3.8163916471489756e-17,2.8622937353617317e-17,1.7347234759768071e-17,2,2,2
6,63,20260911,40,11,0,0.91666666666666663,0,2.7755575615628914e-17,2.7755575615628914e-17,0,2,2,2
6,64,20260911,40,12,0,1,0,3.6429192995512949e-17,4.3368086899420177e-17,0,2,2,2
6,65,20260911,40,11,0,0.91666666666666663,0,3.4694469519536142e-17,6.591949208711867e-17,0,2,2,2
6,66,20260911,40,9,0,0.75,0,3.4694469519536142e-17,3.1225022567582528e-17,0,2,2,2
6,67,20260911,40,12,0,1,0,3.8163916471489756e-17,3.8163916471489756e-17,0,2,2,2
6,68,20260911,40,11,0,0.91666666666666663,0,2.9490299091605721e-17,3.4694469519536142e-17,0,2,2,2
6,69,20260911,40,11,0,0.91666666666666663,0,2.0816681711721685e-17,3.1225022567582528e-17,0,2,2,2
6,70,20260911,40,12,1,1,0.083333333333333329,3.1225022567582528e-17,3.4694469519536142e-17,4.6837533851373792e-17,2,2,2
6,71,20260911,40,12,0,1,0,4.4452289071905682e-17,3.4694469519536142e-17,0,2,2,2
6,72,20260911,40,9,0,0.75,0,4.5102810375396984e-17,3.8163916471489756e-17,0,2,2,2
6,73,20260911,40,12,0,1,0,2.7755575615628914e-17,5.5511151231257827e-17,0,2,2,2
6,74,20260911,40,12,1,1,0.083333333333333329,5.5511151231257827e-17,4.163336342344337e-17,3.4694469519536142e-18,2,2,2
6,75,20260911,40,10,0,0.83333333333333337,0,6.9388939039072284e-17,5.5511151231257827e-17,0,2,2,2
6,76,20260911,40,11,0,0.91666666666666663,0,4.163336342344337e-17,2.7755575615628914e-17,0,2,2,2
6,77,20260911,40,9,0,0.75,0,6.2450045135165055e-17,4.163336342344337e-17,0,2,2,2
6,78,20260911,40,11,0,0.91666666666666663,0,4.4669129506402783e-17,4.163336342344337e-17,0,2,2,2
6,79,20260911,40,9,1,0.75,0.083333333333333329,3.4694469519536142e-17,2.9490299091605721e-17,1.1275702593849246e-17,2,2,2
6,80,20260911,40,12,0,1,0,2.0816681711721685e-17,2.7755575615628914e-17,0,2,2,2
6,81,20260911,40,12,0,1,0,1.7347234759768071e-17,3.4694469519536142e-17,0,2,2,2
6,82,20260911,40,11,0,0.91666666666666663,0,2.7755575615628914e-17,4.163336342344337e-17,0,2,2,2
6,83,20260911,40,12,0,1,0,4.163336342344337e-17,3.8163916471489756e-17,0,2,2,2
6,84,20260911,40,12,0,1,0,2.9490299091605721e-17,4.8572257327350599e-17,0,2,2,2
6,85,20260911,40,12,1,1,0.083333333333333329,5.5511151231257827e-17,2.7755575615628914e-17,6.9388939039072284e-18,2,2,2
6,86,20260911,40,12,0,1,0,3.4694469519536142e-17,4.5102810375396984e-17,0,2,2,2
6,87,20260911,40,12,0,1,0,3.4694469519536142e-17,3.8163916471489756e-17,0,2,2,2
6,88,20260911,40,10,0,0.83333333333333337,0,4.163336342344337e-17,4.163336342344337e-17,0,2,2,2
6,89,20260911,40,12,1,1,0.083333333333333329,3.4694469519536142e-17,5.5511151231257827e-17,1.9081958235744878e-17,2,2,2
6,90,20260911,40,10,0,0.83333333333333337,0,2.9490299091605721e-17,2.4286128663675299e-17,0,2,2,2
6,91,20260911,40,12,0,1,0,5.2041704279304213e-17,5.7245874707234634e-17,0,2,2,2
6,92,20260911,40,12,0,1,0,4.5102810375396984e-17,4.163336342344337e-17,0,2,2,2
6,93,20260911,40,11,1,0.91666666666666663,0.083333333333333329,2.0816681711721685e-17,2.7755575615628914e-17,1.0408340855860843e-17,2,2,2
6,94,20260911,40,12,0,1,0,3.2092384305570931e-17,3.4694469519536142e-17,0,2,2,2
6,95,20260911,40,10,0,0.83333333333333337,0,1.3877787807814457e-17,3.4694469519536142e-17,0,2,2,2
6,96,20260911,40,12,1,1,0.083333333333333329,4.8572257327350599e-17,6.9388939039072284e-17,2.0816681711721685e-17,2,2,2
6,97,20260911,40,12,0,1,0,2.4286128663675299e-17,3.1225022567582528e-17,0,2,2,2
6,98,20260911,40,12,0,1,0,4.163336342344337e-17,4.8572257327350599e-17,0,2,2,2
6,99,20260911,40,10,0,0.83333333333333337,0,2.7755575615628914e-17,4.8572257327350599e-17,0,2,2,2
6,100,20260911,40,10,0,0.83333333333333337,0,5.2041704279304213e-17,3.1225022567582528e-17,0,2,2,2
6,101,20260911,40,10,0,0.83333333333333337,0,3.4694469519536142e-17,2.7755575615628914e-17,0,2,2,2
6,102,20260911,40,12,0,1,0,3.8163916471489756e-17,4.163336342344337e-17,0,2,2,2
6,103,20260911,40,10,0,0.83333333333333337,0,1.7347234759768071e-17,2.0816681711721685e-17,0,2,2,2
6,104,20260911,40,10,0,0.83333333333333337,0,3.4694469519536142e-17,7.6327832942979512e-17,0,2,2,2
6,105,20260911,40,12,0,1,0,3.4694469519536142e-17,3.4694469519536142e-17,0,2,2,2
6,106,20260911,40,11,0,0.91666666666666663,0,2.4286128663675299e-17,3.1225022567582528e-17,0,2,2,2
6,107,20260911,40,11,0,0.91666666666666663,0,6.2450045135165055e-17,3.4694469519536142e-17,0,2,2,2
6,108,20260911,40,10,1,0.83333333333333337,0.083333333333333329,4.163336342344337e-17,4.163336342344337e-17,5.2041704279304213e-18,2,2,2
6,109,20260911,40,12,0,1,0,4.163336342344337e-17,4.9439619065339002e-17,0,2,2,2
6,110,20260911,40,10,0,0.83333333333333337,0,2.0816681711721685e-17,2.0816681711721685e-17,0,2,2,2
6,111,20260911,40,12,0,1,0,4.3368086899420177e-17,4.6837533851373792e-17,0,2,2,2
6,112,20260911,40,9,0,0.75,0,3.4694469519536142e-17,4.163336342344337e-17,0,2,2,2
6,113,20260911,40,10,0,0.83333333333333337,0,4.5102810375396984e-17,5.2041704279304213e-17,0,2,2,2
6,114,20260911,40,10,0,0.83333333333333337,0,3.4694469519536142e-17,3.4694469519536142e-17,0,2,2,2
6,115,20260911,40,11,0,0.91666666666666663,0,4.163336342344337e-17,4.5102810375396984e-17,0,2,2,2
6,116,20260911,40,9,0,0.75,0,4.8572257327350599e-17,4.2500725161431774e-17,0,2,2,2
6,117,20260911,40,12,0,1,0,8.3266726846886741e-17,5.5511151231257827e-17,0,2,2,2
6,118,20260911,40,12,1,1,0.083333333333333329,2.7755575615628914e-17,3.8163916471489756e-17,2.0816681711721685e-17,2,2,2
6,119,20260911,40,12,1,1,0.083333333333333329,4.5102810375396984e-17,3.8163916471489756e-17,2.0816681711721685e-17,2,2,2
6,120,20260911,40,11,0,0.91666666666666663,0,3.2092384305570931e-17,2.7755575615628914e-17,0,2,2,2
6,121,20260911,40,10,0,0.83333333333333337,0,3.6429192995512949e-17,3.7296554733501353e-17,0,2,2,2
6,122,20260911,40,10,0,0.83333333333333337,0,2.7755575615628914e-17,2.0816681711721685e-17,0,2,2,2
6,123,20260911,40,9,0,0.75,0,3.1658703436576729e-17,2.9490299091605721e-17,0,2,2,2
6,124,20260911,40,12,1,1,0.083333333333333329,5.5511151231257827e-17,4.163336342344337e-17,0,2,2,2
6,125,20260911,40,11,0,0.91666666666666663,0,4.163336342344337e-17,4.8572257327350599e-17,0,2,2,2
6,126,20260911,40,12,1,1,0.083333333333333329,5.1824863844807112e-17,4.163336342344337e-17,3.4694469519536142e-18,2,2,2
6,127,20260911,40,11,0,0.91666666666666663,0,3.4694469519536142e-17,4.8572257327350599e-17,0,2,2,2
6,128,20260911,40,11,0,0.91666666666666663,0,2.7755575615628914e-17,2.7755575615628914e-17,0,2,2,2
6,129,20260911,40,10,1,0.83333333333333337,0.083333333333333329,4.163336342344337e-17,2.9490299091605721e-17,2.7755575615628914e-17,2,2,2
6,130,20260911,40,9,0,0.75,0,2.7755575615628914e-17,3.4694469519536142e-17,0,2,2,2
6,131,20260911,40,12,0,1,0,3.0357660829594124e-17,3.4694469519536142e-17,0,2,2,2
6,132,20260911,40,11,1,0.91666666666666663,0.083333333333333329,4.5102810375396984e-17,4.163336342344337e-17,0,2,2,2
6,133,20260911,40,12,1,1,0.083333333333333329,4.163336342344337e-17,4.163336342344337e-17,0,2,2,2
6,134,20260911,40,11,0,0.91666666666666663,0,3.1225022567582528e-17,4.163336342344337e-17,0,2,2,2
6,135,20260911,40,11,2,0.91666666666666663,0.16666666666666666,4.163336342344337e-17,6.9388939039072284e-17,4.163336342344337e-17,2,2,2
6,136,20260911,40,11,0,0.91666666666666663,0,4.163336342344337e-17,4.163336342344337e-17,0,2,2,2
6,137,20260911,40,11,0,0.91666666666666663,0,3.8163916471489756e-17,2.7755575615628914e-17,0,2,2,2
6,138,20260911,40,12,0,1,0,3.1225022567582528e-17,3.2959746043559335e-17,0,2,2,2
6,139,20260911,40,11,0,0.91666666666666663,0,5.2041704279304213e-17,4.163336342344337e-17,0,2,2,2
6,140,20260911,40,12,2,1,0.16666666666666666,2.7755575615628914e-17,4.163336342344337e-17,2.7755575615628914e-17,2,2,2
6,141,20260911,40,10,0,0.83333333333333337,0,3.9898639947466563e-17,8.3266726846886741e-17,0,2,2,2
6,142,20260911,40,12,0,1,0,3.6429192995512949e-17,4.8572257327350599e-17,0,2,2,2
6,143,20260911,40,11,1,0.91666666666666663,0.083333333333333329,2.7755575615628914e-17,2.7755575615628914e-17,2.7755575615628914e-17,2,2,2
6,144,20260911,40,11,0,0.91666666666666663,0,2.6020852139652106e-17,7.4593109467002705e-17,0,2,2,2
6,145,20260911,40,10,0,0.83333333333333337,0,1.5612511283791264e-17,2.2551405187698492e-17,0,2,2,2
6,146,20260911,40,12,1,1,0.083333333333333329,2.7755575615628914e-17,4.163336342344337e-17,1.7347234759768071e-17,2,2,2
6,147,20260911,40,11,0,0.91666666666666663,0,4.5102810375396984e-17,6.0715321659188248e-17,0,2,2,2
6,148,20260911,40,12,0,1,0,2.7755575615628914e-17,3.4694469519536142e-17,0,2,2,2
6,149,20260911,40,12,1,1,0.083333333333333329,4.5102810375396984e-17,3.1225022567582528e-17,2.0816681711721685e-17,2,2,2
6,150,20260911,40,11,0,0.91666666666666663,0,3.4694469519536142e-17,2.6020852139652106e-17,0,2,2,2
6,151,20260911,40,11,0,0.91666666666666663,0,3.5561831257524545e-17,4.3801767768414379e-17,0,2,2,2
6,152,20260911,40,11,0,0.91666666666666663,0,2.211772431870429e-17,2.7755575615628914e-17,0,2,2,2
6,153,20260911,40,11,1,0.91666666666666663,0.083333333333333329,3.4694469519536142e-17,3.8163916471489756e-17,3.4694469519536142e-18,2,2,2
6,154,20260911,40,11,0,0.91666666666666663,0,3.1225022567582528e-17,3.1225022567582528e-17,0,2,2,2
6,155,20260911,40,8,1,0.66666666666666663,0.083333333333333329,1.8214596497756474e-17,3.8163916471489756e-17,3.4694469519536142e-18,2,2,2
6,156,20260911,40,12,0,1,0,3.4694469519536142e-17,2.7755575615628914e-17,0,2,2,2
6,157,20260911,40,10,0,0.83333333333333337,0,4.163336342344337e-17,3.4694469519536142e-17,0,2,2,2
6,158,20260911,40,11,0,0.91666666666666663,0,4.5102810375396984e-17,4.163336342344337e-17,0,2,2,2
6,159,20260911,40,11,0,0.91666666666666663,0,2.7755575615628914e-17,5.5511151231257827e-17,0,2,2,2
6,160,20260911,40,9,0,0.75,0,2.0816681711721685e-17,4.163336342344337e-17,0,2,2,2
6,161,20260911,40,11,0,0.91666666666666663,0,4.8572257327350599e-17,4.163336342344337e-17,0,2,2,2
6,162,20260911,40,11,0,0.91666666666666663,0,4.8572257327350599e-17,2.7755575615628914e-17,0,2,2,2
6,163,20260911,40,11,0,0.91666666666666663,0,5.0306980803327406e-17,3.9898639947466563e-17,0,2,2,2
6,164,20260911,40,12,0,1,0,3.1225022567582528e-17,4.8572257327350599e-17,0,2,2,2
6,165,20260911,40,11,1,0.91666666666666663,0.083333333333333329,4.5102810375396984e-17,5.5511151231257827e-17,3.2526065174565133e-18,2,2,2
6,166,20260911,40,11,0,0.91666666666666663,0,3.8163916471489756e-17,3.4694469519536142e-17,0,2,2,2
6,167,20260911,40,10,0,0.83333333333333337,0,2.7755575615628914e-17,3.1225022567582528e-17,0,2,2,2
6,168,20260911,40,11,0,0.91666666666666663,0,4.163336342344337e-17,4.5102810375396984e-17,0,2,2,2
6,169,20260911,40,12,0,1,0,5.5511151231257827e-17,5.5511151231257827e-17,0,2,2,2
6,170,20260911,40,12,0,1,0,6.9388939039072284e-17,5.5511151231257827e-17,0,2,2,2
6,171,20260911,40,10,0,0.83333333333333337,0,3.8163916471489756e-17,3.1225022567582528e-17,0,2,2,2
6,172,20260911,40,11,0,0.91666666666666663,0,3.8163916471489756e-17,4.8572257327350599e-17,0,2,2,2
6,173,20260911,40,12,0,1,0,3.6862873864507151e-17,4.163336342344337e-17,0,2,2,2
6,174,20260911,40,11,0,0.91666666666666663,0,3.5561831257524545e-17,4.5102810375396984e-17,0,2,2,2
6,175,20260911,40,11,1,0.91666666666666663,0.083333333333333329,4.163336342344337e-17,4.8572257327350599e-17,0,2,2,2
6,176,20260911,40,10,1,0.83333333333333337,0.083333333333333329,2.7755575615628914e-17,3.4694469519536142e-17,6.9388939039072284e-18,2,2,2
6,177,20260911,40,12,0,1,0,3.8163916471489756e-17,4.8572257327350599e-17,0,2,2,2
6,178,20260911,40,11,1,0.91666666666666663,0.083333333333333329,2.6454533008646308e-17,4.163336342344337e-17,2.7755575615628914e-17,2,2,2
6,179,20260911,40,11,0,0.91666666666666663,0,4.163336342344337e-17,3.4694469519536142e-17,0,2,2,2
6,180,20260911,40,11,0,0.91666666666666663,0,3.8163916471489756e-17,2.7755575615628914e-17,0,2,2,2
6,181,20260911,40,11,1,0.91666666666666663,0.083333333333333329,3.6429192995512949e-17,3.4694469519536142e-17,2.7755575615628914e-17,2,2,2
6,182,20260911,40,10,0,0.83333333333333337,0,4.163336342344337e-17,3.2092384305570931e-17,0,2,2,2
6,183,20260911,40,12,1,1,0.083333333333333329,3.3393426912553537e-17,4.0332320816460765e-17,0,2,2,2
6,184,20260911,40,12,1,1,0.083333333333333329,2.7755575615628914e-17,3.1225022567582528e-17,2.0816681711721685e-17,2,2,2
6,185,20260911,40,11,0,0.91666666666666663,0,2.9490299091605721e-17,3.4694469519536142e-17,0,2,2,2
6,186,20260911,40,12,0,1,0,5.5511151231257827e-17,4.163336342344337e-17,0,2,2,2
6,187,20260911,40,11,0,0.91666666666666663,0,4.8572257327350599e-17,4.8572257327350599e-17,0,2,2,2
6,188,20260911,40,9,0,0.75,0,4.163336342344337e-17,4.5102810375396984e-17,0,2,2,2
6,189,20260911,40,10,0,0.83333333333333337,0,2.7755575615628914e-17,2.7755575615628914e-17,0,2,2,2
6,190,20260911,40,11,1,0.91666666666666663,0.083333333333333329,4.163336342344337e-17,2.7755575615628914e-17,2.9490299091605721e-17,2,2,2
6,191,20260911,40,11,0,0.91666666666666663,0,5.5511151231257827e-17,4.163336342344337e-17,0,2,2,2
6,192,20260911,40,11,0,0.91666666666666663,0,4.5102810375396984e-17,4.163336342344337e-17,0,2,2,2
6,193,20260911,40,12,0,1,0,4.163336342344337e-17,3.8163916471489756e-17,0,2,2,2
6,194,20260911,40,11,0,0.91666666666666663,0,3.8163916471489756e-17,6.9388939039072284e-17,0,2,2,2
6,195,20260911,40,12,1,1,0.083333333333333329,5.8980598183211441e-17,5.2041704279304213e-17,3.4694469519536142e-18,2,2,2
6,196,20260911,40,7,0,0.58333333333333337,0,1.3877787807814457e-17,1.214306433183765e-17,0,2,2,2
6,197,20260911,40,10,0,0.83333333333333337,0,2.0816681711721685e-17,2.7755575615628914e-17,0,2,2,2
6,198,20260911,40,12,0,1,0,3.0357660829594124e-17,4.163336342344337e-17,0,2,2,2
6,199,20260911,40,11,0,0.91666666666666663,0,3.4694469519536142e-17,3.1225022567582528e-17,0,2,2,2
6,200,20260911,40,12,1,1,0.083333333333333329,4.163336342344337e-17,3.4694469519536142e-17,1.6913553890773869e-17,2,2,2
6,201,20260911,40,10,0,0.83333333333333337,0,2.0816681711721685e-17,4.6837533851373792e-17,0,2,2,2
6,202,20260911,40,11,0,0.91666666666666663,0,7.6327832942979512e-17,6.2450045135165055e-17,0,2,2,2
6,203,20260911,40,12,0,1,0,1.5612511283791264e-17,2.2551405187698492e-17,0,2,2,2
6,204,20260911,40,11,0,0.91666666666666663,0,3.8163916471489756e-17,3.4694469519536142e-17,0,2,2,2
6,205,20260911,40,11,0,0.91666666666666663,0,2.4286128663675299e-17,2.7755575615628914e-17,0,2,2,2
6,206,20260911,40,10,0,0.83333333333333337,0,3.2959746043559335e-17,2.2551405187698492e-17,0,2,2,2
6,207,20260911,40,10,0,0.83333333333333337,0,2.4286128663675299e-17,2.9490299091605721e-17,0,2,2,2
6,208,20260911,40,11,0,0.91666666666666663,0,3.4694469519536142e-17,2.6020852139652106e-17,0,2,2,2
6,209,20260911,40,11,1,0.91666666666666663,0.083333333333333329,2.7755575615628914e-17,2.7755575615628914e-17,3.1225022567582528e-17,2,2,2
6,210,20260911,40,9,0,0.75,0,2.7755575615628914e-17,4.0766001685454967e-17,0,2,2,2
6,211,20260911,40,12,0,1,0,2.4286128663675299e-17,3.1225022567582528e-17,0,2,2,2
6,212,20260911,40,12,1,1,0.083333333333333329,2.7755575615628914e-17,4.8572257327350599e-17,1.0408340855860843e-17,2,2,2
6,213,20260911,40,9,0,0.75,0,3.4694469519536142e-17,2.7755575615628914e-17,0,2,2,2
6,214,20260911,40,10,0,0.83333333333333337,0,3.4694469519536142e-17,4.163336342344337e-17,0,2,2,2
6,215,20260911,40,10,0,0.83333333333333337,0,3.7296554733501353e-17,2.7755575615628914e-17,0,2,2,2
6,216,20260911,40,10,0,0.83333333333333337,0,4.5102810375396984e-17,4.163336342344337e-17,0,2,2,2
6,217,20260911,40,10,0,0.83333333333333337,0,9.7144514654701197e-17,5.5511151231257827e-17,0,2,2,2
6,218,20260911,40,9,0,0.75,0,3.8163916471489756e-17,3.2959746043559335e-17,0,2,2,2
6,219,20260911,40,12,0,1,0,2.7755575615628914e-17,4.163336342344337e-17,0,2,2,2
6,220,20260911,40,11,0,0.91666666666666663,0,3.4694469519536142e-17,4.5102810375396984e-17,0,2,2,2
6,221,20260911,40,9,0,0.75,0,3.4694469519536142e-17,3.8163916471489756e-17,0,2,2,2
6,222,20260911,40,12,0,1,0,2.7755575615628914e-17,3.4694469519536142e-17,0,2,2,2
6,223,20260911,40,11,0,0.91666666666666663,0,2.0816681711721685e-17,4.163336342344337e-17,0,2,2,2
6,224,20260911,40,11,0,0.91666666666666663,0,2.7755575615628914e-17,2.4286128663675299e-17,0,2,2,2
6,225,20260911,40,11,0,0.91666666666666663,0,4.163336342344337e-17,2.7755575615628914e-17,0,2,2,2
6,226,20260911,40,12,0,1,0,4.8572257327350599e-17,3.4694469519536142e-17,0,2,2,2
6,227,20260911,40,11,0,0.91666666666666663,0,4.0766001685454967e-17,4.9439619065339002e-17,0,2,2,2
6,228,20260911,40,12,0,1,0,2.7755575615628914e-17,3.4477629085039041e-17,0,2,2,2
6,229,20260911,40,11,1,0.91666666666666663,0.083333333333333329,3.6429192995512949e-17,3.4694469519536142e-17,1.0842021724855044e-17,2,2,2
6,230,20260911,40,11,1,0.91666666666666663,0.083333333333333329,4.163336342344337e-17,5.5511151231257827e-17,0,2,2,2
6,231,20260911,40,12,0,1,0,3.4694469519536142e-17,4.5102810375396984e-17,0,2,2,2
6,232,20260911,40,12,0,1,0,4.8572257327350599e-17,3.4694469519536142e-17,0,2,2,2
6,233,20260911,40,11,0,0.91666666666666663,0,4.3368086899420177e-17,6.9388939039072284e-17,0,2,2,2
6,234,20260911,40,9,0,0.75,0,1.3877787807814457e-17,3.4694469519536142e-17,0,2,2,2
6,235,20260911,40,12,0,1,0,7.0256300777060687e-17,8.6953014233337456e-17,0,2,2,2
6,236,20260911,40,12,0,1,0,4.163336342344337e-17,4.163336342344337e-17,0,2,2,2
6,237,20260911,40,11,2,0.91666666666666663,0.16666666666666666,3.8163916471489756e-17,4.8572257327350599e-17,1.0408340855860843e-17,2,2,2
6,238,20260911,40,11,0,0.91666666666666663,0,4.8572257327350599e-17,3.8163916471489756e-17,0,2,2,2
6,239,20260911,40,10,0,0.83333333333333337,0,2.9490299091605721e-17,3.4694469519536142e-17,0,2,2,2
6,240,20260911,40,11,0,0.91666666666666663,0,2.0816681711721685e-17,3.8163916471489756e-17,0,2,2,2
6,241,20260911,40,11,0,0.91666666666666663,0,1.7347234759768071e-17,4.163336342344337e-17,0,2,2,2
6,242,20260911,40,9,0,0.75,0,2.2551405187698492e-17,2.0816681711721685e-17,0,2,2,2
6,243,20260911,40,11,1,0.91666666666666663,0.083333333333333329,3.2959746043559335e-17,6.2450045135165055e-17,2.2551405187698492e-17,2,2,2
6,244,20260911,40,11,0,0.91666666666666663,0,2.6020852139652106e-17,4.8572257327350599e-17,0,2,2,2
6,245,20260911,40,10,0,0.83333333333333337,0,1.7347234759768071e-17,3.8163916471489756e-17,0,2,2,2
6,246,20260911,40,10,0,0.83333333333333337,0,3.1225022567582528e-17,3.4694469519536142e-17,0,2,2,2
6,247,20260911,40,12,0,1,0,4.5102810375396984e-17,3.8163916471489756e-17,0,2,2,2
6,248,20260911,40,12,0,1,0,5.6378512969246231e-17,6.2450045135165055e-17,0,2,2,2
6,249,20260911,40,9,0,0.75,0,3.1225022567582528e-17,3.8163916471489756e-17,0,2,2,2
6,250,20260911,40,12,0,1,0,1.1102230246251565e-16,1.2490009027033011e-16,0,2,2,2
6,251,20260911,40,11,0,0.91666666666666663,0,4.5102810375396984e-17,5.2041704279304213e-17,0,2,2,2
6,252,20260911,40,11,0,0.91666666666666663,0,2.7755575615628914e-17,4.8572257327350599e-17,0,2,2,2
6,253,20260911,40,11,2,0.91666666666666663,0.16666666666666666,3.4694469519536142e-17,3.1225022567582528e-17,2.2551405187698492e-17,2,2,2
6,254,20260911,40,10,1,0.83333333333333337,0.083333333333333329,5.5511151231257827e-17,5.5511151231257827e-17,3.4694469519536142e-17,2,2,2
6,255,20260911,40,11,0,0.91666666666666663,0,2.0816681711721685e-17,2.9490299091605721e-17,0,2,2,2
6,256,20260911,40,11,1,0.91666666666666663,0.083333333333333329,1.7347234759768071e-17,2.0816681711721685e-17,3.4694469519536142e-17,2,2,2
6,257,20260911,40,12,0,1,0,2.6020852139652106e-17,2.7755575615628914e-17,0,2,2,2
6,258,20260911,40,12,0,1,0,7.3725747729014302e-17,6.0715321659188248e-17,0,2,2,2
6,259,20260911,40,12,0,1,0,2.8622937353617317e-17,2.7755575615628914e-17,0,2,2,2
6,260,20260911,40,10,0,0.83333333333333337,0,2.9490299091605721e-17,3.1225022567582528e-17,0,2,2,2
6,261,20260911,40,11,1,0.91666666666666663,0.083333333333333329,2.1684043449710089e-17,4.163336342344337e-17,2.5587171270657905e-17,2,2,2
6,262,20260911,40,12,0,1,0,4.163336342344337e-17,6.591949208711867e-17,0,2,2,2
6,263,20260911,40,10,1,0.83333333333333337,0.083333333333333329,3.4694469519536142e-17,6.2450045135165055e-17,5.2041704279304213e-18,2,2,2
6,264,20260911,40,12,0,1,0,3.9898639947466563e-17,3.4694469519536142e-17,0,2,2,2
6,265,20260911,40,10,0,0.83333333333333337,0,3.8163916471489756e-17,4.5102810375396984e-17,0,2,2,2
6,266,20260911,40,11,0,0.91666666666666663,0,3.1225022567582528e-17,3.1225022567582528e-17,0,2,2,2
6,267,20260911,40,11,0,0.91666666666666663,0,3.1225022567582528e-17,2.7755575615628914e-17,0,2,2,2
6,268,20260911,40,11,0,0.91666666666666663,0,3.4694469519536142e-17,3.4694469519536142e-17,0,2,2,2
6,269,20260911,40,9,0,0.75,0,2.0816681711721685e-17,2.7755575615628914e-17,0,2,2,2
6,270,20260911,40,12,0,1,0,4.163336342344337e-17,3.4694469519536142e-17,0,2,2,2
6,271,20260911,40,12,0,1,0,3.4694469519536142e-17,4.8572257327350599e-17,0,2,2,2
6,272,20260911,40,10,0,0.83333333333333337,0,3.6429192995512949e-17,2.7755575615628914e-17,0,2,2,2
6,273,20260911,40,12,0,1,0,5.5511151231257827e-17,4.8572257327350599e-17,0,2,2,2
6,274,20260911,40,9,0,0.75,0,2.7755575615628914e-17,2.7755575615628914e-17,0,2,2,2
6,275,20260911,40,10,1,0.83333333333333337,0.083333333333333329,2.0816681711721685e-17,4.163336342344337e-17,9.540979117872439e-18,2,2,2
6,276,20260911,40,9,0,0.75,0,3.4694469519536142e-17,2.7321894746634712e-17,0,2,2,2
6,277,20260911,40,10,0,0.83333333333333337,0,2.2551405187698492e-17,3.4694469519536142e-17,0,2,2,2
6,278,20260911,40,12,1,1,0.083333333333333329,3.4694469519536142e-17,4.163336342344337e-17,1.5612511283791264e-17,2,2,2
6,279,20260911,40,12,0,1,0,5.5511151231257827e-17,8.3266726846886741e-17,0,2,2,2
6,280,20260911,40,12,0,1,0,4.163336342344337e-17,4.8572257327350599e-17,0,2,2,2
6,281,20260911,40,12,0,1,0,4.5102810375396984e-17,3.8163916471489756e-17,0,2,2,2
6,282,20260911,40,11,1,0.91666666666666663,0.083333333333333329,4.163336342344337e-17,3.8163916471489756e-17,8.6736173798840355e-19,2,2,2
6,283,20260911,40,11,1,0.91666666666666663,0.083333333333333329,4.163336342344337e-17,3.1225022567582528e-17,1.3877787807814457e-17,2,2,2
6,284,20260911,40,11,0,0.91666666666666663,0,3.8163916471489756e-17,3.4694469519536142e-17,0,2,2,2
6,285,20260911,40,11,0,0.91666666666666663,0,4.163336342344337e-17,6.2450045135165055e-17,0,2,2,2
6,286,20260911,40,10,0,0.83333333333333337,0,2.7755575615628914e-17,3.1225022567582528e-17,0,2,2,2
6,287,20260911,40,12,0,1,0,2.211772431870429e-17,2.7755575615628914e-17,0,2,2,2
6,288,20260911,40,11,0,0.91666666666666663,0,2.7755575615628914e-17,2.4286128663675299e-17,0,2,2,2
6,289,20260911,40,11,0,0.91666666666666663,0,2.7755575615628914e-17,3.8163916471489756e-17,0,2,2,2
6,290,20260911,40,11,0,0.91666666666666663,0,2.0816681711721685e-17,3.6429192995512949e-17,0,2,2,2
6,291,20260911,40,10,0,0.83333333333333337,0,4.8572257327350599e-17,4.163336342344337e-17,0,2,2,2
6,292,20260911,40,11,0,0.91666666666666663,0,2.6020852139652106e-17,4.5102810375396984e-17,0,2,2,2
6,293,20260911,40,12,0,1,0,2.7755575615628914e-17,4.163336342344337e-17,0,2,2,2
6,294,20260911,40,12,0,1,0,4.163336342344337e-17,4.5102810375396984e-17,0,2,2,2
6,295,20260911,40,11,1,0.91666666666666663,0.083333333333333329,6.9388939039072284e-17,6.9388939039072284e-17,3.4694469519536142e-18,2,2,2
6,296,20260911,40,12,0,1,0,2.0816681711721685e-17,4.5102810375396984e-17,0,2,2,2
6,297,20260911,40,12,0,1,0,4.3368086899420177e-17,4.3368086899420177e-17,0,2,2,2
6,298,20260911,40,10,0,0.83333333333333337,0,2.7755575615628914e-17,3.4694469519536142e-17,0,2,2,2
6,299,20260911,40,12,0,1,0,8.4134088584875144e-17,6.591949208711867e-17,0,2,2,2
6,300,20260911,40,9,1,0.75,0.083333333333333329,4.163336342344337e-17,3.4694469519536142e-17,5.6378512969246231e-18,2,2,2
6,301,20260911,40,12,1,1,0.083333333333333329,4.163336342344337e-17,3.4694469519536142e-17,5.0306980803327406e-17,2,2,2
6,302,20260911,40,12,0,1,0,2.7755575615628914e-17,4.8572257327350599e-17,0,2,2,2
6,303,20260911,40,11,0,0.91666666666666663,0,4.5102810375396984e-17,4.8572257327350599e-17,0,2,2,2
6,304,20260911,40,10,0,0.83333333333333337,0,1.474514954580286e-17,2.7755575615628914e-17,0,2,2,2
6,305,20260911,40,11,0,0.91666666666666663,0,4.8572257327350599e-17,5.5511151231257827e-17,0,2,2,2
6,306,20260911,40,12,1,1,0.083333333333333329,2.0816681711721685e-17,3.4694469519536142e-17,6.9388939039072284e-17,2,2,2
6,307,20260911,40,9,1,0.75,0.083333333333333329,2.7755575615628914e-17,4.163336342344337e-17,2.7755575615628914e-17,2,2,2
6,308,20260911,40,11,0,0.91666666666666663,0,3.2959746043559335e-17,5.5511151231257827e-17,0,2,2,2
6,309,20260911,40,12,0,1,0,5.5511151231257827e-17,3.8163916471489756e-17,0,2,2,2
6,310,20260911,40,10,1,0.83333333333333337,0.083333333333333329,2.7755575615628914e-17,3.4694469519536142e-17,2.0816681711721685e-17,2,2,2
6,311,20260911,40,12,0,1,0,6.9388939039072284e-17,6.2450045135165055e-17,0,2,2,2
6,312,20260911,40,11,1,0.91666666666666663,0.083333333333333329,2.0816681711721685e-17,5.5511151231257827e-17,6.9388939039072284e-18,2,2,2
6,313,20260911,40,12,1,1,0.083333333333333329,3.2959746043559335e-17,4.8572257327350599e-17,1.0408340855860843e-17,2,2,2
6,314,20260911,40,9,0,0.75,0,2.6020852139652106e-17,3.8163916471489756e-17,0,2,2,2
6,315,20260911,40,12,0,1,0,2.6020852139652106e-17,3.1225022567582528e-17,0,2,2,2
6,316,20260911,40,11,0,0.91666666666666663,0,4.5102810375396984e-17,4.5102810375396984e-17,0,2,2,2
6,317,20260911,40,11,0,0.91666666666666663,0,3.9898639947466563e-17,2.4286128663675299e-17,0,2,2,2
6,318,20260911,40,11,0,0.91666666666666663,0,3.4694469519536142e-17,6.2450045135165055e-17,0,2,2,2
6,319,20260911,40,10,0,0.83333333333333337,0,3.4694469519536142e-17,2.7755575615628914e-17,0,2,2,2
6,320,20260911,40,12,0,1,0,1.7347234759768071e-17,3.1225022567582528e-17,0,2,2,2
6,321,20260911,40,12,0,1,0,4.8572257327350599e-17,4.163336342344337e-17,0,2,2,2
6,322,20260911,40,12,0,1,0,4.163336342344337e-17,6.9388939039072284e-17,0,2,2,2
6,323,20260911,40,12,0,1,0,2.7755575615628914e-17,3.9898639947466563e-17,0,2,2,2
6,324,20260911,40,11,0,0.91666666666666663,0,3.4694469519536142e-17,4.5102810375396984e-17,0,2,2,2
6,325,20260911,40,11,0,0.91666666666666663,0,3.4694469519536142e-17,3.4694469519536142e-17,0,2,2,2
6,326,20260911,40,12,0,1,0,3.4694469519536142e-17,5.5511151231257827e-17,0,2,2,2
6,327,20260911,40,12,0,1,0,4.163336342344337e-17,4.5102810375396984e-17,0,2,2,2
6,328,20260911,40,11,1,0.91666666666666663,0.083333333333333329,4.163336342344337e-17,2.6020852139652106e-17,6.9388939039072284e-18,2,2,2
6,329,20260911,40,12,1,1,0.083333333333333329,2.7755575615628914e-17,4.163336342344337e-17,2.0816681711721685e-17,2,2,2
6,330,20260911,40,12,0,1,0,4.8572257327350599e-17,5.5511151231257827e-17,0,2,2,2
6,331,20260911,40,11,0,0.91666666666666663,0,3.4694469519536142e-17,4.163336342344337e-17,0,2,2,2
6,332,20260911,40,12,1,1,0.083333333333333329,3.8163916471489756e-17,6.9388939039072284e-17,2.7755575615628914e-17,2,2,2
6,333,20260911,40,11,1,0.91666666666666663,0.083333333333333329,4.163336342344337e-17,5.5511151231257827e-17,2.9490299091605721e-17,2,2,2
6,334,20260911,40,11,0,0.91666666666666663,0,2.7755575615628914e-17,4.163336342344337e-17,0,2,2,2
6,335,20260911,40,10,0,0.83333333333333337,0,3.4694469519536142e-17,3.4694469519536142e-17,0,2,2,2
6,336,20260911,40,11,0,0.91666666666666663,0,3.2959746043559335e-17,4.163336342344337e-17,0,2,2,2
6,337,20260911,40,12,0,1,0,4.163336342344337e-17,4.8572257327350599e-17,0,2,2,2
6,338,20260911,40,12,0,1,0,3.1225022567582528e-17,3.4694469519536142e-17,0,2,2,2
6,339,20260911,40,10,0,0.83333333333333337,0,4.163336342344337e-17,4.163336342344337e-17,0,2,2,2
6,340,20260911,40,11,0,0.91666666666666663,0,1.5178830414797062e-17,2.8622937353617317e-17,0,2,2,2
6,341,20260911,40,11,0,0.91666666666666663,0,2.7755575615628914e-17,3.4694469519536142e-17,0,2,2,2
6,342,20260911,40,12,0,1,0,1.8431436932253575e-17,3.4694469519536142e-17,0,2,2,2
6,343,20260911,40,11,1,0.91666666666666663,0.083333333333333329,3.9898639947466563e-17,3.4694469519536142e-17,3.8163916471489756e-17,2,2,2
6,344,20260911,40,12,0,1,0,2.7755575615628914e-17,4.5102810375396984e-17,0,2,2,2
6,345,20260911,40,11,0,0.91666666666666663,0,3.4694469519536142e-17,3.903127820947816e-17,0,2,2,2
6,346,20260911,40,10,0,0.83333333333333337,0,4.8572257327350599e-17,4.5102810375396984e-17,0,2,2,2
6,347,20260911,40,12,1,1,0.083333333333333329,3.4694469519536142e-17,4.163336342344337e-17,1.5178830414797062e-17,2,2,2
6,348,20260911,40,11,0,0.91666666666666663,0,4.163336342344337e-17,3.4694469519536142e-17,0,2,2,2
6,349,20260911,40,9,0,0.75,0,2.2551405187698492e-17,3.4694469519536142e-17,0,2,2,2
6,350,20260911,40,12,1,1,0.083333333333333329,3.1225022567582528e-17,3.2959746043559335e-17,1.3877787807814457e-17,2,2,2
6,351,20260911,40,10,0,0.83333333333333337,0,5.5511151231257827e-17,4.163336342344337e-17,0,2,2,2
6,352,20260911,40,10,0,0.83333333333333337,0,4.163336342344337e-17,2.7755575615628914e-17,0,2,2,2
6,353,20260911,40,11,0,0.91666666666666663,0,4.8572257327350599e-17,6.2450045135165055e-17,0,2,2,2
6,354,20260911,40,10,1,0.83333333333333337,0.083333333333333329,4.163336342344337e-17,3.4694469519536142e-17,2.3418766925686896e-17,2,2,2
6,355,20260911,40,10,0,0.83333333333333337,0,2.7755575615628914e-17,3.6429192995512949e-17,0,2,2,2
6,356,20260911,40,12,0,1,0,5.5511151231257827e-17,3.9898639947466563e-17,0,2,2,2
6,357,20260911,40,11,0,0.91666666666666663,0,2.0816681711721685e-17,3.1225022567582528e-17,0,2,2,2
6,358,20260911,40,12,0,1,0,2.9490299091605721e-17,3.4694469519536142e-17,0,2,2,2
6,359,20260911,40,12,0,1,0,5.9847959921199845e-17,4.163336342344337e-17,0,2,2,2
6,360,20260911,40,9,0,0.75,0,4.163336342344337e-17,2.7755575615628914e-17,0,2,2,2
6,361,20260911,40,10,0,0.83333333333333337,0,2.7755575615628914e-17,2.7755575615628914e-17,0,2,2,2
6,362,20260911,40,12,0,1,0,4.163336342344337e-17,4.8572257327350599e-17,0,2,2,2
6,363,20260911,40,9,0,0.75,0,5.377642775528102e-17,3.6429192995512949e-17,0,2,2,2
6,364,20260911,40,10,0,0.83333333333333337,0,1.7347234759768071e-17,2.688821387764051e-17,0,2,2,2
6,365,20260911,40,12,1,1,0.083333333333333329,3.1225022567582528e-17,5.5511151231257827e-17,3.1225022567582528e-17,2,2,2
6,366,20260911,40,11,0,0.91666666666666663,0,1.9081958235744878e-17,2.6020852139652106e-17,0,2,2,2
6,367,20260911,40,10,0,0.83333333333333337,0,3.8163916471489756e-17,5.5511151231257827e-17,0,2,2,2
6,368,20260911,40,11,1,0.91666666666666663,0.083333333333333329,3.1225022567582528e-17,2.5153490401663703e-17,1.5612511283791264e-17,2,2,2
6,369,20260911,40,12,0,1,0,3.8163916471489756e-17,4.163336342344337e-17,0,2,2,2
6,370,20260911,40,11,0,0.91666666666666663,0,2.0816681711721685e-17,4.8572257327350599e-17,0,2,2,2
6,371,20260911,40,10,0,0.83333333333333337,0,2.7755575615628914e-17,2.7755575615628914e-17,0,2,2,2
6,372,20260911,40,12,0,1,0,2.9490299091605721e-17,5.5511151231257827e-17,0,2,2,2
6,373,20260911,40,12,0,1,0,2.7755575615628914e-17,4.8572257327350599e-17,0,2,2,2
6,374,20260911,40,10,0,0.83333333333333337,0,1.7347234759768071e-17,4.8572257327350599e-17,0,2,2,2
6,375,20260911,40,12,1,1,0.083333333333333329,3.6429192995512949e-17,3.4694469519536142e-17,1.9081958235744878e-17,2,2,2
6,376,20260911,40,11,0,0.91666666666666663,0,8.3266726846886741e-17,6.591949208711867e-17,0,2,2,2
6,377,20260911,40,9,0,0.75,0,3.4694469519536142e-17,2.9490299091605721e-17,0,2,2,2
6,378,20260911,40,10,1,0.83333333333333337,0.083333333333333329,4.163336342344337e-17,4.163336342344337e-17,1.3877787807814457e-17,2,2,2
6,379,20260911,40,11,0,0.91666666666666663,0,4.3368086899420177e-17,5.2041704279304213e-17,0,2,2,2
6,380,20260911,40,11,1,0.91666666666666663,0.083333333333333329,4.8572257327350599e-17,5.5511151231257827e-17,2.7755575615628914e-17,2,2,2
6,381,20260911,40,11,0,0.91666666666666663,0,3.6429192995512949e-17,4.163336342344337e-17,0,2,2,2
6,382,20260911,40,12,0,1,0,5.5511151231257827e-17,4.163336342344337e-17,0,2,2,2
6,383,20260911,40,9,0,0.75,0,4.163336342344337e-17,4.163336342344337e-17,0,2,2,2
6,384,20260911,40,11,0,0.91666666666666663,0,3.8163916471489756e-17,5.5511151231257827e-17,0,2,2,2
6,385,20260911,40,11,1,0.91666666666666663,0.083333333333333329,5.1824863844807112e-17,6.2450045135165055e-17,5.2041704279304213e-18,2,2,2
6,386,20260911,40,12,0,1,0,4.3368086899420177e-17,4.163336342344337e-17,0,2,2,2
6,387,20260911,40,12,2,1,0.16666666666666666,4.5102810375396984e-17,4.5102810375396984e-17,3.0357660829594124e-17,2,2,2
6,388,20260911,40,12,1,1,0.083333333333333329,4.163336342344337e-17,5.5511151231257827e-17,5.2041704279304213e-18,2,2,2
6,389,20260911,40,10,1,0.83333333333333337,0.083333333333333329,2.7755575615628914e-17,5.5511151231257827e-17,6.9388939039072284e-18,2,2,2
6,390,20260911,40,11,0,0.91666666666666663,0,4.163336342344337e-17,5.2041704279304213e-17,0,2,2,2
6,391,20260911,40,12,0,1,0,4.163336342344337e-17,4.163336342344337e-17,0,2,2,2
6,392,20260911,40,10,0,0.83333333333333337,0,3.8163916471489756e-17,3.4694469519536142e-17,0,2,2,2
6,393,20260911,40,11,0,0.91666666666666663,0,3.8163916471489756e-17,3.6429192995512949e-17,0,2,2,2
6,394,20260911,40,11,0,0.91666666666666663,0,4.5102810375396984e-17,4.8572257327350599e-17,0,2,2,2
6,395,20260911,40,11,0,0.91666666666666663,0,2.0816681711721685e-17,2.0816681711721685e-17,0,2,2,2
6,396,20260911,40,12,1,1,0.083333333333333329,3.8163916471489756e-17,3.8163916471489756e-17,2.7755575615628914e-17,2,2,2
6,397,20260911,40,12,0,1,0,2.0816681711721685e-17,3.8163916471489756e-17,0,2,2,2
6,398,20260911,40,12,1,1,0.083333333333333329,5.5511151231257827e-17,5.5511151231257827e-17,6.9388939039072284e-18,2,2,2
6,399,20260911,40,11,0,0.91666666666666663,0,2.7755575615628914e-17,2.7755575615628914e-17,0,2,2,2
6,400,20260911,40,10,0,0.83333333333333337,0,5.2041704279304213e-17,4.9873299934333204e-17,0,2,2,2
6,401,20260911,40,11,0,0.91666666666666663,0,2.6020852139652106e-17,2.7755575615628914e-17,0,2,2,2
6,402,20260911,40,12,0,1,0,4.163336342344337e-17,3.1225022567582528e-17,0,2,2,2
6,403,20260911,40,12,1,1,0.083333333333333329,7.1123662515049091e-17,4.5970172113385388e-17,6.9388939039072284e-18,2,2,2
6,404,20260911,40,12,0,1,0,5.2041704279304213e-17,3.8163916471489756e-17,0,2,2,2
6,405,20260911,40,12,0,1,0,4.163336342344337e-17,2.7755575615628914e-17,0,2,2,2
6,406,20260911,40,9,0,0.75,0,2.7755575615628914e-17,6.2450045135165055e-17,0,2,2,2
6,407,20260911,40,10,1,0.83333333333333337,0.083333333333333329,6.591949208711867e-17,4.8572257327350599e-17,3.8163916471489756e-17,2,2,2
6,408,20260911,40,12,0,1,0,4.163336342344337e-17,3.4694469519536142e-17,0,2,2,2
6,409,20260911,40,10,0,0.83333333333333337,0,4.8572257327350599e-17,3.1225022567582528e-17,0,2,2,2
6,410,20260911,40,12,1,1,0.083333333333333329,4.163336342344337e-17,6.2450045135165055e-17,1.3877787807814457e-17,2,2,2
6,411,20260911,40,11,0,0.91666666666666663,0,6.7654215563095477e-17,4.8572257327350599e-17,0,2,2,2
6,412,20260911,40,12,1,1,0.083333333333333329,3.1225022567582528e-17,4.8572257327350599e-17,2.7755575615628914e-17,2,2,2
6,413,20260911,40,11,0,0.91666666666666663,0,3.8163916471489756e-17,2.7755575615628914e-17,0,2,2,2
6,414,20260911,40,11,0,0.91666666666666663,0,4.5102810375396984e-17,3.7296554733501353e-17,0,2,2,2
6,415,20260911,40,12,0,1,0,4.163336342344337e-17,4.163336342344337e-17,0,2,2,2
6,416,20260911,40,9,0,0.75,0,2.0816681711721685e-17,4.163336342344337e-17,0,2,2,2
6,417,20260911,40,12,0,1,0,2.4286128663675299e-17,2.7755575615628914e-17,0,2,2,2
6,418,20260911,40,10,0,0.83333333333333337,0,2.4286128663675299e-17,3.4694469519536142e-17,0,2,2,2
6,419,20260911,40,11,0,0.91666666666666663,0,3.4694469519536142e-17,5.5511151231257827e-17,0,2,2,2
6,420,20260911,40,12,1,1,0.083333333333333329,2.7755575615628914e-17,3.4694469519536142e-17,6.9388939039072284e-17,2,2,2
6,421,20260911,40,11,0,0.91666666666666663,0,4.163336342344337e-17,4.163336342344337e-17,0,2,2,2
6,422,20260911,40,12,0,1,0,4.163336342344337e-17,3.9898639947466563e-17,0,2,2,2
6,423,20260911,40,11,0,0.91666666666666663,0,4.8572257327350599e-17,4.163336342344337e-17,0,2,2,2
6,424,20260911,40,11,0,0.91666666666666663,0,2.4286128663675299e-17,3.4694469519536142e-17,0,2,2,2
6,425,20260911,40,11,0,0.91666666666666663,0,2.7755575615628914e-17,4.163336342344337e-17,0,2,2,2
6,426,20260911,40,11,0,0.91666666666666663,0,2.7755575615628914e-17,5.5511151231257827e-17,0,2,2,2
6,427,20260911,40,12,0,1,0,2.4286128663675299e-17,3.1225022567582528e-17,0,2,2,2
6,428,20260911,40,12,1,1,0.083333333333333329,4.163336342344337e-17,4.8572257327350599e-17,3.5019730171281793e-17,2,2,2
6,429,20260911,40,11,0,0.91666666666666663,0,2.7755575615628914e-17,3.4694469519536142e-17,0,2,2,2
6,430,20260911,40,12,0,1,0,3.1225022567582528e-17,2.7755575615628914e-17,0,2,2,2
6,431,20260911,40,11,0,0.91666666666666663,0,5.5511151231257827e-17,5.8980598183211441e-17,0,2,2,2
6,432,20260911,40,10,0,0.83333333333333337,0,4.5102810375396984e-17,4.8572257327350599e-17,0,2,2,2
6,433,20260911,40,12,0,1,0,2.0816681711721685e-17,2.7755575615628914e-17,0,2,2,2
6,434,20260911,40,11,0,0.91666666666666663,0,3.4694469519536142e-17,5.2041704279304213e-17,0,2,2,2
6,435,20260911,40,11,0,0.91666666666666663,0,8.3266726846886741e-17,4.163336342344337e-17,0,2,2,2
6,436,20260911,40,9,1,0.75,0.083333333333333329,1.7347234759768071e-17,3.8163916471489756e-17,1.3877787807814457e-17,2,2,2
6,437,20260911,40,11,0,0.91666666666666663,0,2.7755575615628914e-17,3.4694469519536142e-17,0,2,2,2
6,438,20260911,40,12,0,1,0,3.4694469519536142e-17,4.163336342344337e-17,0,2,2,2
6,439,20260911,40,11,0,0.91666666666666663,0,4.5102810375396984e-17,4.5102810375396984e-17,0,2,2,2
6,440,20260911,40,10,0,0.83333333333333337,0,3.4694469519536142e-17,2.7755575615628914e-17,0,2,2,2
6,441,20260911,40,9,1,0.75,0.083333333333333329,3.4694469519536142e-17,6.9388939039072284e-17,2.6020852139652106e-18,2,2,2
6,442,20260911,40,11,0,0.91666666666666663,0,3.8163916471489756e-17,4.163336342344337e-17,0,2,2,2
6,443,20260911,40,11,3,0.91666666666666663,0.25,2.802662615875029e-17,2.7755575615628914e-17,3.4694469519536142e-17,2,2,2
6,444,20260911,40,12,0,1,0,3.4694469519536142e-17,4.163336342344337e-17,0,2,2,2
6,445,20260911,40,12,0,1,0,6.591949208711867e-17,6.2450045135165055e-17,0,2,2,2
6,446,20260911,40,12,0,1,0,4.8572257327350599e-17,3.8882200410761403e-17,0,2,2,2
6,447,20260911,40,12,1,1,0.083333333333333329,5.5511151231257827e-17,4.5970172113385388e-17,4.9873299934333204e-18,2,2,2
6,448,20260911,40,12,1,1,0.083333333333333329,2.7755575615628914e-17,4.163336342344337e-17,6.9388939039072284e-18,2,2,2
6,449,20260911,40,12,0,1,0,2.7755575615628914e-17,3.4694469519536142e-17,0,2,2,2
6,450,20260911,40,10,1,0.83333333333333337,0.083333333333333329,5.5511151231257827e-17,5.5511151231257827e-17,2.0816681711721685e-17,2,2,2
6,451,20260911,40,12,0,1,0,3.1225022567582528e-17,3.1225022567582528e-17,0,2,2,2
6,452,20260911,40,11,0,0.91666666666666663,0,2.7755575615628914e-17,2.7755575615628914e-17,0,2,2,2
6,453,20260911,40,10,0,0.83333333333333337,0,4.6837533851373792e-17,2.9490299091605721e-17,0,2,2,2
6,454,20260911,40,11,0,0.91666666666666663,0,4.3368086899420177e-17,5.2041704279304213e-17,0,2,2,2
6,455,20260911,40,9,0,0.75,0,2.7755575615628914e-17,2.2551405187698492e-17,0,2,2,2
6,456,20260911,40,11,0,0.91666666666666663,0,4.163336342344337e-17,4.5102810375396984e-17,0,2,2,2
6,457,20260911,40,12,1,1,0.083333333333333329,2.0816681711721685e-17,3.1225022567582528e-17,1.0408340855860843e-17,2,2,2
6,458,20260911,40,11,1,0.91666666666666663,0.083333333333333329,3.4694469519536142e-17,4.8572257327350599e-17,1.3877787807814457e-17,2,2,2
6,459,20260911,40,12,0,1,0,2.7755575615628914e-17,3.6429192995512949e-17,0,2,2,2
6,460,20260911,40,11,0,0.91666666666666663,0,3.4694469519536142e-17,3.1225022567582528e-17,0,2,2,2
6,461,20260911,40,8,1,0.66666666666666663,0.083333333333333329,4.163336342344337e-17,2.7755575615628914e-17,4.5102810375396984e-17,2,2,2
6,462,20260911,40,12,0,1,0,2.4286128663675299e-17,2.7755575615628914e-17,0,2,2,2
6,463,20260911,40,11,1,0.91666666666666663,0.083333333333333329,3.1225022567582528e-17,3.8163916471489756e-17,2.7755575615628914e-17,2,2,2
6,464,20260911,40,11,0,0.91666666666666663,0,2.1684043449710089e-17,2.7755575615628914e-17,0,2,2,2
6,465,20260911,40,11,1,0.91666666666666663,0.083333333333333329,4.8572257327350599e-17,5.0306980803327406e-17,2.0816681711721685e-17,2,2,2
6,466,20260911,40,11,0,0.91666666666666663,0,5.5511151231257827e-17,5.5511151231257827e-17,0,2,2,2
6,467,20260911,40,11,0,0.91666666666666663,0,3.4694469519536142e-17,2.7755575615628914e-17,0,2,2,2
6,468,20260911,40,12,0,1,0,6.2450045135165055e-17,5.2041704279304213e-17,0,2,2,2
6,469,20260911,40,12,1,1,0.083333333333333329,4.163336342344337e-17,1.0061396160665481e-16,2.0274580625478933e-17,2,2,2
6,470,20260911,40,11,1,0.91666666666666663,0.083333333333333329,3.1225022567582528e-17,4.163336342344337e-17,5.5511151231257827e-17,2,2,2
6,471,20260911,40,10,0,0.83333333333333337,0,5.8980598183211441e-17,3.4694469519536142e-17,0,2,2,2
6,472,20260911,40,11,0,0.91666666666666663,0,4.163336342344337e-17,3.8163916471489756e-17,0,2,2,2
6,473,20260911,40,10,0,0.83333333333333337,0,4.163336342344337e-17,3.8163916471489756e-17,0,2,2,2
6,474,20260911,40,12,0,1,0,4.163336342344337e-17,4.8572257327350599e-17,0,2,2,2
6,475,20260911,40,11,0,0.91666666666666663,0,4.163336342344337e-17,2.7755575615628914e-17,0,2,2,2
6,476,20260911,40,11,0,0.91666666666666663,0,3.2959746043559335e-17,3.8163916471489756e-17,0,2,2,2
6,477,20260911,40,11,1,0.91666666666666663,0.083333333333333329,3.2959746043559335e-17,2.7755575615628914e-17,1.0408340855860843e-17,2,2,2
6,478,20260911,40,10,0,0.83333333333333337,0,4.9439619065339002e-17,4.0766001685454967e-17,0,2,2,2
6,479,20260911,40,11,0,0.91666666666666663,0,2.9490299091605721e-17,3.8163916471489756e-17,0,2,2,2
6,480,20260911,40,11,1,0.91666666666666663,0.083333333333333329,1.7347234759768071e-17,3.1225022567582528e-17,3.4694469519536142e-18,2,2,2
6,481,20260911,40,10,0,0.83333333333333337,0,2.7755575615628914e-17,3.4694469519536142e-17,0,2,2,2
6,482,20260911,40,12,0,1,0,3.1225022567582528e-17,2.7755575615628914e-17,0,2,2,2
6,483,20260911,40,12,2,1,0.16666666666666666,2.7755575615628914e-17,4.163336342344337e-17,6.2450045135165055e-17,2,2,2
6,484,20260911,40,10,0,0.83333333333333337,0,2.7755575615628914e-17,4.5102810375396984e-17,0,2,2,2
6,485,20260911,40,11,0,0.91666666666666663,0,4.3368086899420177e-17,7.2858385991025898e-17,0,2,2,2
6,486,20260911,40,11,0,0.91666666666666663,0,3.8163916471489756e-17,6.9388939039072284e-17,0,2,2,2
6,487,20260911,40,11,1,0.91666666666666663,0.083333333333333329,4.163336342344337e-17,3.1225022567582528e-17,9.7578195523695399e-18,2,2,2
6,488,20260911,40,11,1,0.91666666666666663,0.083333333333333329,4.1199682554449168e-17,4.90059381963448e-17,1.3877787807814457e-17,2,2,2
6,489,20260911,40,11,0,0.91666666666666663,0,5.8980598183211441e-17,4.163336342344337e-17,0,2,2,2
6,490,20260911,40,11,0,0.91666666666666663,0,3.8163916471489756e-17,5.8980598183211441e-17,0,2,2,2
6,491,20260911,40,10,0,0.83333333333333337,0,4.2500725161431774e-17,3.4694469519536142e-17,0,2,2,2
6,492,20260911,40,12,0,1,0,2.4286128663675299e-17,3.4694469519536142e-17,0,2,2,2
6,493,20260911,40,11,0,0.91666666666666663,0,3.1225022567582528e-17,4.163336342344337e-17,0,2,2,2
6,494,20260911,40,10,0,0.83333333333333337,0,4.8572257327350599e-17,5.5511151231257827e-17,0,2,2,2
6,495,20260911,40,11,0,0.91666666666666663,0,3.8163916471489756e-17,4.163336342344337e-17,0,2,2,2
6,496,20260911,40,11,0,0.91666666666666663,0,4.163336342344337e-17,5.2041704279304213e-17,0,2,2,2
6,497,20260911,40,11,0,0.91666666666666663,0,5.2041704279304213e-17,7.6327832942979512e-17,0,2,2,2
6,498,20260911,40,11,0,0.91666666666666663,0,2.7755575615628914e-17,2.7755575615628914e-17,0,2,2,2
6,499,20260911,40,10,0,0.83333333333333337,0,4.8572257327350599e-17,5.5511151231257827e-17,0,2,2,2
6,500,20260911,40,11,0,0.91666666666666663,0,2.7755575615628914e-17,4.163336342344337e-17,0,2,2,2
6,501,20260911,40,11,0,0.91666666666666663,0,3.9898639947466563e-17,2.9490299091605721e-17,0,2,2,2
6,502,20260911,40,11,1,0.91666666666666663,0.083333333333333329,4.5102810375396984e-17,5.5511151231257827e-17,2.0816681711721685e-17,2,2,2
6,503,20260911,40,12,0,1,0,4.163336342344337e-17,3.4694469519536142e-17,0,2,2,2
6,504,20260911,40,11,0,0.91666666666666663,0,3.4694469519536142e-17,3.4694469519536142e-17,0,2,2,2
6,505,20260911,40,12,0,1,0,4.8572257327350599e-17,4.5102810375396984e-17,0,2,2,2
6,506,20260911,40,11,0,0.91666666666666663,0,3.4694469519536142e-17,3.4694469519536142e-17,0,2,2,2
6,507,20260911,40,12,0,1,0,4.6837533851373792e-17,4.3368086899420177e-17,0,2,2,2
6,508,20260911,40,11,0,0.91666666666666663,0,6.2450045135165055e-17,5.5511151231257827e-17,0,2,2,2
6,509,20260911,40,10,0,0.83333333333333337,0,2.6020852139652106e-17,3.4694469519536142e-17,0,2,2,2
6,510,20260911,40,10,0,0.83333333333333337,0,7.1123662515049091e-17,5.8980598183211441e-17,0,2,2,2
6,511,20260911,40,12,0,1,0,2.4286128663675299e-17,2.7755575615628914e-17,0,2,2,2
6,512,20260911,40,12,0,1,0,2.7755575615628914e-17,5.0306980803327406e-17,0,2,2,2
6,513,20260911,40,12,0,1,0,2.7755575615628914e-17,2.7755575615628914e-17,0,2,2,2
6,514,20260911,40,9,0,0.75,0,4.8572257327350599e-17,6.2450045135165055e-17,0,2,2,2
6,515,20260911,40,11,1,0.91666666666666663,0.083333333333333329,2.0816681711721685e-17,2.7755575615628914e-17,2.0816681711721685e-17,2,2,2
6,516,20260911,40,11,0,0.91666666666666663,0,2.7755575615628914e-17,3.8163916471489756e-17,0,2,2,2
6,517,20260911,40,12,0,1,0,3.8163916471489756e-17,3.8163916471489756e-17,0,2,2,2
6,518,20260911,40,9,0,0.75,0,4.163336342344337e-17,4.8572257327350599e-17,0,2,2,2
6,519,20260911,40,12,0,1,0,4.5102810375396984e-17,3.8163916471489756e-17,0,2,2,2
6,520,20260911,40,12,0,1,0,4.163336342344337e-17,4.163336342344337e-17,0,2,2,2
6,521,20260911,40,11,0,0.91666666666666663,0,3.8163916471489756e-17,2.9490299091605721e-17,0,2,2,2
6,522,20260911,40,12,1,1,0.083333333333333329,6.9388939039072284e-17,5.5511151231257827e-17,1.5612511283791264e-17,2,2,2
6,523,20260911,40,12,3,1,0.25,4.5102810375396984e-17,6.9388939039072284e-17,2.3418766925686896e-17,2,2,2
6,524,20260911,40,12,0,1,0,3.1225022567582528e-17,4.163336342344337e-17,0,2,2,2
6,525,20260911,40,11,0,0.91666666666666663,0,3.1225022567582528e-17,4.163336342344337e-17,0,2,2,2
6,526,20260911,40,11,0,0.91666666666666663,0,2.0816681711721685e-17,4.163336342344337e-17,0,2,2,2
6,527,20260911,40,11,0,0.91666666666666663,0,1.8214596497756474e-17,2.0816681711721685e-17,0,2,2,2
6,528,20260911,40,10,0,0.83333333333333337,0,2.7755575615628914e-17,2.0816681711721685e-17,0,2,2,2
6,529,20260911,40,11,0,0.91666666666666663,0,2.3418766925686896e-17,4.163336342344337e-17,0,2,2,2
6,530,20260911,40,12,1,1,0.083333333333333329,4.163336342344337e-17,3.1225022567582528e-17,0,2,2,2
6,531,20260911,40,11,1,0.91666666666666663,0.083333333333333329,6.2450045135165055e-17,5.8980598183211441e-17,4.7704895589362195e-18,2,2,2
6,532,20260911,40,11,0,0.91666666666666663,0,5.5511151231257827e-17,3.4694469519536142e-17,0,2,2,2
6,533,20260911,40,11,0,0.91666666666666663,0,3.9898639947466563e-17,3.4694469519536142e-17,0,2,2,2
6,534,20260911,40,12,1,1,0.083333333333333329,2.7755575615628914e-17,4.3368086899420177e-17,3.8163916471489756e-17,2,2,2
6,535,20260911,40,9,0,0.75,0,2.0816681711721685e-17,3.2959746043559335e-17,0,2,2,2
6,536,20260911,40,11,2,0.91666666666666663,0.16666666666666666,4.163336342344337e-17,4.163336342344337e-17,2.0816681711721685e-17,2,2,2
6,537,20260911,40,10,0,0.83333333333333337,0,4.163336342344337e-17,6.2450045135165055e-17,0,2,2,2
6,538,20260911,40,12,0,1,0,3.4694469519536142e-17,3.8163916471489756e-17,0,2,2,2
6,539,20260911,40,8,1,0.66666666666666663,0.083333333333333329,2.7755575615628914e-17,4.163336342344337e-17,6.9388939039072284e-18,2,2,2
6,540,20260911,40,11,0,0.91666666666666663,0,2.7755575615628914e-17,6.2450045135165055e-17,0,2,2,2
6,541,20260911,40,9,0,0.75,0,2.5912431922403556e-17,2.190088388420719e-17,0,2,2,2
6,542,20260911,40,11,0,0.91666666666666663,0,4.8572257327350599e-17,4.163336342344337e-17,0,2,2,2
6,543,20260911,40,12,1,1,0.083333333333333329,2.7755575615628914e-17,4.8572257327350599e-17,3.0357660829594124e-17,2,2,2
6,544,20260911,40,11,0,0.91666666666666663,0,4.163336342344337e-17,5.5511151231257827e-17,0,2,2,2
6,545,20260911,40,11,1,0.91666666666666663,0.083333333333333329,1.7347234759768071e-17,3.8163916471489756e-17,3.6862873864507151e-17,2,2,2
6,546,20260911,40,12,0,1,0,3.9898639947466563e-17,2.7755575615628914e-17,0,2,2,2
6,547,20260911,40,11,0,0.91666666666666663,0,6.9388939039072284e-17,8.3266726846886741e-17,0,2,2,2
6,548,20260911,40,12,0,1,0,2.7755575615628914e-17,2.9490299091605721e-17,0,2,2,2
6,549,20260911,40,11,1,0.91666666666666663,0.083333333333333329,3.6429192995512949e-17,3.3827107781547738e-17,1.0408340855860843e-17,2,2,2
6,550,20260911,40,11,0,0.91666666666666663,0,2.7755575615628914e-17,4.163336342344337e-17,0,2,2,2
6,551,20260911,40,12,1,1,0.083333333333333329,2.7755575615628914e-17,6.9388939039072284e-17,6.9388939039072284e-18,2,2,2
6,552,20260911,40,11,1,0.91666666666666663,0.083333333333333329,2.0816681711721685e-17,4.163336342344337e-17,0,2,2,2
6,553,20260911,40,12,0,1,0,2.7755575615628914e-17,3.4694469519536142e-17,0,2,2,2
6,554,20260911,40,11,0,0.91666666666666663,0,2.211772431870429e-17,3.2959746043559335e-17,0,2,2,2
6,555,20260911,40,12,0,1,0,2.7755575615628914e-17,4.8572257327350599e-17,0,2,2,2
6,556,20260911,40,10,1,0.83333333333333337,0.083333333333333329,2.0816681711721685e-17,6.9388939039072284e-17,1.6046192152785466e-17,2,2,2
6,557,20260911,40,9,0,0.75,0,3.8163916471489756e-17,5.5511151231257827e-17,0,2,2,2
6,558,20260911,40,10,0,0.83333333333333337,0,3.4694469519536142e-17,3.4694469519536142e-17,0,2,2,2
6,559,20260911,40,11,1,0.91666666666666663,0.083333333333333329,4.163336342344337e-17,5.5511151231257827e-17,2.1684043449710089e-18,2,2,2
6,560,20260911,40,11,0,0.91666666666666663,0,2.7755575615628914e-17,3.6429192995512949e-17,0,2,2,2
6,561,20260911,40,12,1,1,0.083333333333333329,5.5511151231257827e-17,3.4694469519536142e-17,2.9490299091605721e-17,2,2,2
6,562,20260911,40,10,1,0.83333333333333337,0.083333333333333329,3.8163916471489756e-17,2.7755575615628914e-17,4.163336342344337e-17,2,2,2
6,563,20260911,40,9,0,0.75,0,4.163336342344337e-17,4.8572257327350599e-17,0,2,2,2
6,564,20260911,40,12,0,1,0,2.4286128663675299e-17,2.4286128663675299e-17,0,2,2,2
6,565,20260911,40,12,0,1,0,5.2041704279304213e-17,6.2450045135165055e-17,0,2,2,2
6,566,20260911,40,11,0,0.91666666666666663,0,3.4694469519536142e-17,2.7755575615628914e-17,0,2,2,2
6,567,20260911,40,9,0,0.75,0,2.0816681711721685e-17,2.7755575615628914e-17,0,2,2,2
6,568,20260911,40,12,0,1,0,6.1582683397176652e-17,5.5511151231257827e-17,0,2,2,2
6,569,20260911,40,11,0,0.91666666666666663,0,2.7755575615628914e-17,4.5102810375396984e-17,0,2,2,2
6,570,20260911,40,12,0,1,0,4.163336342344337e-17,5.5511151231257827e-17,0,2,2,2
6,571,20260911,40,12,0,1,0,2.7755575615628914e-17,4.163336342344337e-17,0,2,2,2
6,572,20260911,40,11,0,0.91666666666666663,0,2.7755575615628914e-17,4.163336342344337e-17,0,2,2,2
6,573,20260911,40,11,1,0.91666666666666663,0.083333333333333329,2.0816681711721685e-17,3.4694469519536142e-17,6.9388939039072284e-18,2,2,2
6,574,20260911,40,11,0,0.91666666666666663,0,2.7755575615628914e-17,2.7755575615628914e-17,0,2,2,2
6,575,20260911,40,11,0,0.91666666666666663,0,3.2092384305570931e-17,3.6429192995512949e-17,0,2,2,2
6,576,20260911,40,12,0,1,0,1.7347234759768071e-17,2.6020852139652106e-17,0,2,2,2
6,577,20260911,40,10,0,0.83333333333333337,0,2.7755575615628914e-17,2.7755575615628914e-17,0,2,2,2
6,578,20260911,40,10,0,0.83333333333333337,0,3.1225022567582528e-17,2.7755575615628914e-17,0,2,2,2
6,579,20260911,40,11,0,0.91666666666666663,0,5.2041704279304213e-17,4.5102810375396984e-17,0,2,2,2
6,580,20260911,40,12,0,1,0,2.9490299091605721e-17,2.9490299091605721e-17,0,2,2,2
6,581,20260911,40,11,1,0.91666666666666663,0.083333333333333329,5.8980598183211441e-17,9.3675067702747583e-17,2.6020852139652106e-18,2,2,2
6,582,20260911,40,11,0,0.91666666666666663,0,4.8572257327350599e-17,4.163336342344337e-17,0,2,2,2
6,583,20260911,40,12,0,1,0,3.4694469519536142e-17,2.7755575615628914e-17,0,2,2,2
6,584,20260911,40,12,0,1,0,3.1225022567582528e-17,3.4694469519536142e-17,0,2,2,2
6,585,20260911,40,10,0,0.83333333333333337,0,4.163336342344337e-17,4.5102810375396984e-17,0,2,2,2
6,586,20260911,40,11,1,0.91666666666666663,0.083333333333333329,4.8572257327350599e-17,5.0306980803327406e-17,2.0816681711721685e-17,2,2,2
6,587,20260911,40,12,0,1,0,2.7755575615628914e-17,3.4694469519536142e-17,0,2,2,2
6,588,20260911,40,12,1,1,0.083333333333333329,3.4694469519536142e-17,3.1225022567582528e-17,7.8062556418956319e-18,2,2,2
6,589,20260911,40,11,1,0.91666666666666663,0.083333333333333329,4.163336342344337e-17,2.7755575615628914e-17,1.214306433183765e-17,2,2,2
6,590,20260911,40,9,0,0.75,0,4.163336342344337e-17,4.8572257327350599e-17,0,2,2,2
6,591,20260911,40,12,1,1,0.083333333333333329,3.1225022567582528e-17,4.163336342344337e-17,3.8163916471489756e-17,2,2,2
6,592,20260911,40,11,1,0.91666666666666663,0.083333333333333329,2.7755575615628914e-17,3.6429192995512949e-17,1.0408340855860843e-17,2,2,2
6,593,20260911,40,11,0,0.91666666666666663,0,2.4286128663675299e-17,4.163336342344337e-17,0,2,2,2
6,594,20260911,40,10,0,0.83333333333333337,0,4.163336342344337e-17,2.6020852139652106e-17,0,2,2,2
6,595,20260911,40,11,0,0.91666666666666663,0,4.8572257327350599e-17,5.5511151231257827e-17,0,2,2,2
6,596,20260911,40,11,0,0.91666666666666663,0,3.6429192995512949e-17,4.163336342344337e-17,0,2,2,2
6,597,20260911,40,12,0,1,0,4.163336342344337e-17,4.5102810375396984e-17,0,2,2,2
6,598,20260911,40,11,1,0.91666666666666663,0.083333333333333329,5.5511151231257827e-17,5.2041704279304213e-17,1.0408340855860843e-17,2,2,2
6,599,20260911,40,12,1,1,0.083333333333333329,2.7755575615628914e-17,4.163336342344337e-17,1.3877787807814457e-17,2,2,2
6,600,20260911,40,11,0,0.91666666666666663,0,4.163336342344337e-17,4.8572257327350599e-17,0,2,2,2
6,601,20260911,40,11,0,0.91666666666666663,0,4.163336342344337e-17,4.8572257327350599e-17,0,2,2,2
6,602,20260911,40,12,1,1,0.083333333333333329,3.4694469519536142e-17,3.1225022567582528e-17,4.3368086899420177e-18,2,2,2
6,603,20260911,40,12,0,1,0,4.8572257327350599e-17,4.163336342344337e-17,0,2,2,2
6,604,20260911,40,12,1,1,0.083333333333333329,2.0816681711721685e-17,2.7755575615628914e-17,2.7755575615628914e-17,2,2,2
6,605,20260911,40,12,0,1,0,2.4286128663675299e-17,2.4286128663675299e-17,0,2,2,2
6,606,20260911,40,12,0,1,0,2.7755575615628914e-17,4.5102810375396984e-17,0,2,2,2
6,607,20260911,40,11,1,0.91666666666666663,0.083333333333333329,3.2959746043559335e-17,3.4694469519536142e-17,2.7755575615628914e-17,2,2,2
6,608,20260911,40,9,1,0.75,0.083333333333333329,5.5511151231257827e-17,4.163336342344337e-17,1.3877787807814457e-17,2,2,2
6,609,20260911,40,12,1,1,0.083333333333333329,2.7755575615628914e-17,4.163336342344337e-17,1.474514954580286e-17,2,2,2
6,610,20260911,40,7,0,0.58333333333333337,0,1.9081958235744878e-17,2.0816681711721685e-17,0,2,2,2
6,611,20260911,40,12,0,1,0,3.9898639947466563e-17,3.4694469519536142e-17,0,2,2,2
6,612,20260911,40,12,0,1,0,2.8622937353617317e-17,2.7755575615628914e-17,0,2,2,2
6,613,20260911,40,10,0,0.83333333333333337,0,3.6429192995512949e-17,5.2041704279304213e-17,0,2,2,2
6,614,20260911,40,10,0,0.83333333333333337,0,5.5511151231257827e-17,4.163336342344337e-17,0,2,2,2
6,615,20260911,40,11,0,0.91666666666666663,0,2.0816681711721685e-17,4.163336342344337e-17,0,2,2,2
6,616,20260911,40,10,0,0.83333333333333337,0,3.1225022567582528e-17,3.4694469519536142e-17,0,2,2,2
6,617,20260911,40,11,0,0.91666666666666663,0,2.7755575615628914e-17,2.0816681711721685e-17,0,2,2,2
6,618,20260911,40,11,0,0.91666666666666663,0,4.3368086899420177e-17,4.1199682554449168e-17,0,2,2,2
6,619,20260911,40,10,0,0.83333333333333337,0,3.4694469519536142e-17,3.1225022567582528e-17,0,2,2,2
6,620,20260911,40,11,1,0.91666666666666663,0.083333333333333329,2.9490299091605721e-17,2.0816681711721685e-17,3.4694469519536142e-18,2,2,2
6,621,20260911,40,10,0,0.83333333333333337,0,4.163336342344337e-17,3.6429192995512949e-17,0,2,2,2
6,622,20260911,40,11,0,0.91666666666666663,0,2.0816681711721685e-17,4.5102810375396984e-17,0,2,2,2
6,623,20260911,40,11,0,0.91666666666666663,0,2.7755575615628914e-17,4.163336342344337e-17,0,2,2,2
6,624,20260911,40,11,1,0.91666666666666663,0.083333333333333329,3.8163916471489756e-17,3.7296554733501353e-17,8.6736173798840355e-18,2,2,2
6,625,20260911,40,11,0,0.91666666666666663,0,2.7755575615628914e-17,4.5102810375396984e-17,0,2,2,2
6,626,20260911,40,11,0,0.91666666666666663,0,2.9056618222611519e-17,3.2092384305570931e-17,0,2,2,2
6,627,20260911,40,10,0,0.83333333333333337,0,2.0816681711721685e-17,3.4694469519536142e-17,0,2,2,2
6,628,20260911,40,10,0,0.83333333333333337,0,2.4286128663675299e-17,2.4286128663675299e-17,0,2,2,2
6,629,20260911,40,12,1,1,0.083333333333333329,3.9898639947466563e-17,2.7755575615628914e-17,2.7755575615628914e-17,2,2,2
6,630,20260911,40,11,0,0.91666666666666663,0,5.5511151231257827e-17,5.1174342541315809e-17,0,2,2,2
6,631,20260911,40,10,0,0.83333333333333337,0,2.4286128663675299e-17,3.1225022567582528e-17,0,2,2,2
6,632,20260911,40,10,0,0.83333333333333337,0,2.4286128663675299e-17,3.6429192995512949e-17,0,2,2,2
6,633,20260911,40,10,0,0.83333333333333337,0,3.4694469519536142e-17,4.163336342344337e-17,0,2,2,2
6,634,20260911,40,12,0,1,0,2.7755575615628914e-17,6.0715321659188248e-17,0,2,2,2
6,635,20260911,40,12,0,1,0,5.5511151231257827e-17,5.5511151231257827e-17,0,2,2,2
6,636,20260911,40,10,1,0.83333333333333337,0.083333333333333329,4.8572257327350599e-17,3.903127820947816e-17,1.3877787807814457e-17,2,2,2
6,637,20260911,40,9,0,0.75,0,2.2551405187698492e-17,2.6020852139652106e-17,0,2,2,2
6,638,20260911,40,12,0,1,0,6.2450045135165055e-17,5.5511151231257827e-17,0,2,2,2
6,639,20260911,40,11,1,0.91666666666666663,0.083333333333333329,4.5102810375396984e-17,3.1225022567582528e-17,1.3877787807814457e-17,2,2,2
6,640,20260911,40,12,0,1,0,2.6020852139652106e-17,3.2959746043559335e-17,0,2,2,2
6,641,20260911,40,12,0,1,0,4.8572257327350599e-17,6.8304736866586779e-17,0,2,2,2
6,642,20260911,40,12,0,1,0,3.4694469519536142e-17,3.6429192995512949e-17,0,2,2,2
6,643,20260911,40,10,1,0.83333333333333337,0.083333333333333329,2.6020852139652106e-17,2.7755575615628914e-17,2.0816681711721685e-17,2,2,2
6,644,20260911,40,11,0,0.91666666666666663,0,4.163336342344337e-17,4.8572257327350599e-17,0,2,2,2
6,645,20260911,40,9,0,0.75,0,4.163336342344337e-17,4.163336342344337e-17,0,2,2,2
6,646,20260911,40,11,0,0.91666666666666663,0,4.3368086899420177e-17,4.8572257327350599e-17,0,2,2,2
6,647,20260911,40,9,0,0.75,0,4.163336342344337e-17,4.163336342344337e-17,0,2,2,2
6,648,20260911,40,11,0,0.91666666666666663,0,4.163336342344337e-17,6.9388939039072284e-17,0,2,2,2
6,649,20260911,40,10,0,0.83333333333333337,0,5.377642775528102e-17,5.8980598183211441e-17,0,2,2,2
6,650,20260911,40,12,1,1,0.083333333333333329,2.7755575615628914e-17,2.4286128663675299e-17,7.3725747729014302e-18,2,2,2
6,651,20260911,40,11,0,0.91666666666666663,0,2.9490299091605721e-17,2.9490299091605721e-17,0,2,2,2
6,652,20260911,40,10,0,0.83333333333333337,0,4.8572257327350599e-17,4.163336342344337e-17,0,2,2,2
6,653,20260911,40,10,0,0.83333333333333337,0,5.7245874707234634e-17,3.2959746043559335e-17,0,2,2,2
6,654,20260911,40,11,0,0.91666666666666663,0,3.8163916471489756e-17,3.2959746043559335e-17,0,2,2,2
6,655,20260911,40,11,0,0.91666666666666663,0,6.2450045135165055e-17,8.3266726846886741e-17,0,2,2,2
6,656,20260911,40,12,0,1,0,4.163336342344337e-17,4.163336342344337e-17,0,2,2,2
6,657,20260911,40,12,0,1,0,3.4694469519536142e-17,3.4694469519536142e-17,0,2,2,2
6,658,20260911,40,10,0,0.83333333333333337,0,2.9815559743351372e-17,3.4694469519536142e-17,0,2,2,2
6,659,20260911,40,11,1,0.91666666666666663,0.083333333333333329,3.4694469519536142e-17,4.163336342344337e-17,2.4286128663675299e-17,2,2,2
6,660,20260911,40,9,0,0.75,0,2.7755575615628914e-17,6.4184768611141862e-17,0,2,2,2
6,661,20260911,40,11,0,0.91666666666666663,0,5.2041704279304213e-17,4.5102810375396984e-17,0,2,2,2
6,662,20260911,40,11,0,0.91666666666666663,0,3.1225022567582528e-17,3.1225022567582528e-17,0,2,2,2
6,663,20260911,40,11,0,0.91666666666666663,0,2.2551405187698492e-17,4.163336342344337e-17,0,2,2,2
6,664,20260911,40,12,2,1,0.16666666666666666,4.163336342344337e-17,4.163336342344337e-17,9.0205620750793969e-17,2,2,2
6,665,20260911,40,11,0,0.91666666666666663,0,4.6837533851373792e-17,2.4286128663675299e-17,0,2,2,2
6,666,20260911,40,11,0,0.91666666666666663,0,2.211772431870429e-17,4.163336342344337e-17,0,2,2,2
6,667,20260911,40,12,0,1,0,5.5511151231257827e-17,6.9388939039072284e-17,0,2,2,2
6,668,20260911,40,10,0,0.83333333333333337,0,2.6020852139652106e-17,4.8572257327350599e-17,0,2,2,2
6,669,20260911,40,11,0,0.91666666666666663,0,2.7755575615628914e-17,4.163336342344337e-17,0,2,2,2
6,670,20260911,40,11,2,0.91666666666666663,0.16666666666666666,3.8163916471489756e-17,3.1225022567582528e-17,2.9652929417478546e-17,2,2,2
6,671,20260911,40,12,3,1,0.25,5.5511151231257827e-17,6.9388939039072284e-17,4.5102810375396984e-17,2,2,2
6,672,20260911,40,12,0,1,0,5.2041704279304213e-17,5.2041704279304213e-17,0,2,2,2
6,673,20260911,40,11,0,0.91666666666666663,0,2.7755575615628914e-17,3.6429192995512949e-17,0,2,2,2
6,674,20260911,40,10,1,0.83333333333333337,0.083333333333333329,3.4694469519536142e-17,2.7755575615628914e-17,1.3877787807814457e-17,2,2,2
6,675,20260911,40,11,0,0.91666666666666663,0,4.5102810375396984e-17,5.2041704279304213e-17,0,2,2,2
6,676,20260911,40,12,0,1,0,2.7755575615628914e-17,2.7755575615628914e-17,0,2,2,2
6,677,20260911,40,11,0,0.91666666666666663,0,2.7755575615628914e-17,4.163336342344337e-17,0,2,2,2
6,678,20260911,40,10,1,0.83333333333333337,0.083333333333333329,2.0816681711721685e-17,3.8163916471489756e-17,2.6020852139652106e-17,2,2,2
6,679,20260911,40,12,0,1,0,4.163336342344337e-17,3.8163916471489756e-17,0,2,2,2
6,680,20260911,40,10,0,0.83333333333333337,0,7.2858385991025898e-17,7.7195194680967916e-17,0,2,2,2
6,681,20260911,40,11,3,0.91666666666666663,0.25,6.9388939039072284e-17,6.2450045135165055e-17,1.9081958235744878e-17,2,2,2
6,682,20260911,40,11,1,0.91666666666666663,0.083333333333333329,2.0816681711721685e-17,5.5511151231257827e-17,1.3877787807814457e-17,2,2,2
6,683,20260911,40,11,0,0.91666666666666663,0,2.9490299091605721e-17,5.5511151231257827e-17,0,2,2,2
6,684,20260911,40,11,0,0.91666666666666663,0,3.8163916471489756e-17,3.4694469519536142e-17,0,2,2,2
6,685,20260911,40,10,0,0.83333333333333337,0,3.4694469519536142e-17,2.0816681711721685e-17,0,2,2,2
6,686,20260911,40,10,0,0.83333333333333337,0,3.4694469519536142e-17,4.8572257327350599e-17,0,2,2,2
6,687,20260911,40,11,0,0.91666666666666663,0,6.591949208711867e-17,5.0306980803327406e-17,0,2,2,2
6,688,20260911,40,10,0,0.83333333333333337,0,3.2092384305570931e-17,3.4694469519536142e-17,0,2,2,2
6,689,20260911,40,11,1,0.91666666666666663,0.083333333333333329,5.5511151231257827e-17,4.163336342344337e-17,3.6320772778264399e-18,2,2,2
6,690,20260911,40,10,0,0.83333333333333337,0,4.8572257327350599e-17,5.8980598183211441e-17,0,2,2,2
6,691,20260911,40,11,0,0.91666666666666663,0,3.1225022567582528e-17,3.4694469519536142e-17,0,2,2,2
6,692,20260911,40,10,0,0.83333333333333337,0,1.7347234759768071e-17,2.0816681711721685e-17,0,2,2,2
6,693,20260911,40,12,0,1,0,3.4694469519536142e-17,3.4694469519536142e-17,0,2,2,2
6,694,20260911,40,11,0,0.91666666666666663,0,4.8572257327350599e-17,9.0205620750793969e-17,0,2,2,2
6,695,20260911,40,11,2,0.91666666666666663,0.16666666666666666,3.2959746043559335e-17,4.163336342344337e-17,2.0816681711721685e-17,2,2,2
6,696,20260911,40,12,0,1,0,3.4694469519536142e-17,6.9388939039072284e-17,0,2,2,2
6,697,20260911,40,11,1,0.91666666666666663,0.083333333333333329,2.7755575615628914e-17,2.0816681711721685e-17,6.9388939039072284e-18,2,2,2
6,698,20260911,40,12,0,1,0,2.9490299091605721e-17,2.6020852139652106e-17,0,2,2,2
6,699,20260911,40,11,0,0.91666666666666663,0,5.5511151231257827e-17,5.377642775528102e-17,0,2,2,2
6,700,20260911,40,12,0,1,0,3.4694469519536142e-17,3.4694469519536142e-17,0,2,2,2
6,701,20260911,40,12,1,1,0.083333333333333329,3.8163916471489756e-17,3.8163916471489756e-17,1.214306433183765e-17,2,2,2
6,702,20260911,40,11,1,0.91666666666666663,0.083333333333333329,3.4694469519536142e-17,3.8163916471489756e-17,1.214306433183765e-17,2,2,2
6,703,20260911,40,11,0,0.91666666666666663,0,4.8572257327350599e-17,4.5102810375396984e-17,0,2,2,2
6,704,20260911,40,11,0,0.91666666666666663,0,2.4286128663675299e-17,2.7755575615628914e-17,0,2,2,2
6,705,20260911,40,12,0,1,0,2.7755575615628914e-17,2.7755575615628914e-17,0,2,2,2
6,706,20260911,40,12,0,1,0,4.163336342344337e-17,4.8572257327350599e-17,0,2,2,2
6,707,20260911,40,9,0,0.75,0,3.4694469519536142e-17,6.9388939039072284e-17,0,2,2,2
6,708,20260911,40,10,0,0.83333333333333337,0,3.8163916471489756e-17,2.7755575615628914e-17,0,2,2,2
6,709,20260911,40,11,0,0.91666666666666663,0,2.7755575615628914e-17,2.0816681711721685e-17,0,2,2,2
6,710,20260911,40,11,0,0.91666666666666663,0,3.4694469519536142e-17,3.8163916471489756e-17,0,2,2,2
6,711,20260911,40,10,0,0.83333333333333337,0,1.0928757898653885e-16,8.5001450322863548e-17,0,2,2,2
6,712,20260911,40,12,0,1,0,4.8572257327350599e-17,5.2041704279304213e-17,0,2,2,2
6,713,20260911,40,11,0,0.91666666666666663,0,4.163336342344337e-17,5.5511151231257827e-17,0,2,2,2
6,714,20260911,40,12,0,1,0,3.4694469519536142e-17,3.4694469519536142e-17,0,2,2,2
6,715,20260911,40,10,0,0.83333333333333337,0,2.6020852139652106e-17,4.5102810375396984e-17,0,2,2,2
6,716,20260911,40,12,0,1,0,2.7755575615628914e-17,3.8163916471489756e-17,0,2,2,2
6,717,20260911,40,11,0,0.91666666666666663,0,4.163336342344337e-17,5.5511151231257827e-17,0,2,2,2
6,718,20260911,40,11,0,0.91666666666666663,0,6.9388939039072284e-17,5.8980598183211441e-17,0,2,2,2
6,719,20260911,40,12,0,1,0,3.1225022567582528e-17,4.5102810375396984e-17,0,2,2,2
6,720,20260911,40,9,0,0.75,0,2.0816681711721685e-17,2.7755575615628914e-17,0,2,2,2
6,721,20260911,40,11,1,0.91666666666666663,0.083333333333333329,2.7755575615628914e-17,2.7755575615628914e-17,1.7347234759768071e-17,2,2,2
6,722,20260911,40,12,0,1,0,3.4694469519536142e-17,5.5511151231257827e-17,0,2,2,2
6,723,20260911,40,9,0,0.75,0,4.163336342344337e-17,3.2959746043559335e-17,0,2,2,2
6,724,20260911,40,11,0,0.91666666666666663,0,3.1225022567582528e-17,2.7755575615628914e-17,0,2,2,2
6,725,20260911,40,11,0,0.91666666666666663,0,4.163336342344337e-17,5.5511151231257827e-17,0,2,2,2
6,726,20260911,40,11,2,0.91666666666666663,0.16666666666666666,6.6786853825107073e-17,5.8113236445223038e-17,1.5612511283791264e-17,2,2,2
6,727,20260911,40,12,0,1,0,7.9797279894933126e-17,8.3266726846886741e-17,0,2,2,2
6,728,20260911,40,12,0,1,0,3.4694469519536142e-17,4.163336342344337e-17,0,2,2,2
6,729,20260911,40,10,0,0.83333333333333337,0,2.6020852139652106e-17,2.8622937353617317e-17,0,2,2,2
6,730,20260911,40,11,0,0.91666666666666663,0,5.2041704279304213e-17,5.0957502106818708e-17,0,2,2,2
6,731,20260911,40,12,0,1,0,2.7755575615628914e-17,7.9797279894933126e-17,0,2,2,2
6,732,20260911,40,10,0,0.83333333333333337,0,3.4694469519536142e-17,7.6327832942979512e-17,0,2,2,2
6,733,20260911,40,10,0,0.83333333333333337,0,2.7755575615628914e-17,4.163336342344337e-17,0,2,2,2
6,734,20260911,40,11,0,0.91666666666666663,0,4.8572257327350599e-17,5.7245874707234634e-17,0,2,2,2
6,735,20260911,40,12,1,1,0.083333333333333329,2.9490299091605721e-17,2.7755575615628914e-17,6.591949208711867e-17,2,2,2
6,736,20260911,40,12,0,1,0,3.4694469519536142e-17,3.6429192995512949e-17,0,2,2,2
6,737,20260911,40,12,1,1,0.083333333333333329,3.1225022567582528e-17,4.163336342344337e-17,0,2,2,2
6,738,20260911,40,10,0,0.83333333333333337,0,6.2450045135165055e-17,4.163336342344337e-17,0,2,2,2
6,739,20260911,40,11,0,0.91666666666666663,0,5.5511151231257827e-17,5.5511151231257827e-17,0,2,2,2
6,740,20260911,40,10,0,0.83333333333333337,0,5.0306980803327406e-17,4.163336342344337e-17,0,2,2,2
6,741,20260911,40,11,0,0.91666666666666663,0,2.0816681711721685e-17,2.7755575615628914e-17,0,2,2,2
6,742,20260911,40,11,0,0.91666666666666663,0,3.4694469519536142e-17,3.1225022567582528e-17,0,2,2,2
6,743,20260911,40,10,0,0.83333333333333337,0,2.7755575615628914e-17,4.163336342344337e-17,0,2,2,2
6,744,20260911,40,11,0,0.91666666666666663,0,3.4694469519536142e-17,3.4694469519536142e-17,0,2,2,2
6,745,20260911,40,11,0,0.91666666666666663,0,2.7755575615628914e-17,4.163336342344337e-17,0,2,2,2
6,746,20260911,40,12,0,1,0,3.4694469519536142e-17,2.7755575615628914e-17,0,2,2,2
6,747,20260911,40,11,0,0.91666666666666663,0,3.4694469519536142e-17,4.163336342344337e-17,0,2,2,2
6,748,20260911,40,12,0,1,0,2.6020852139652106e-17,4.163336342344337e-17,0,2,2,2
6,749,20260911,40,12,0,1,0,4.5102810375396984e-17,4.163336342344337e-17,0,2,2,2
6,750,20260911,40,10,0,0.83333333333333337,0,5.2041704279304213e-17,4.5102810375396984e-17,0,2,2,2
6,751,20260911,40,10,2,0.83333333333333337,0.16666666666666666,4.163336342344337e-17,4.8572257327350599e-17,2.7755575615628914e-17,2,2,2
6,752,20260911,40,11,0,0.91666666666666663,0,2.0816681711721685e-17,2.7755575615628914e-17,0,2,2,2
6,753,20260911,40,11,1,0.91666666666666663,0.083333333333333329,3.4694469519536142e-17,4.8572257327350599e-17,0,2,2,2
6,754,20260911,40,12,0,1,0,4.7704895589362195e-17,3.5344990823027445e-17,0,2,2,2
6,755,20260911,40,10,0,0.83333333333333337,0,3.3827107781547738e-17,4.163336342344337e-17,0,2,2,2
6,756,20260911,40,10,0,0.83333333333333337,0,2.7755575615628914e-17,2.9490299091605721e-17,0,2,2,2
6,757,20260911,40,10,0,0.83333333333333337,0,3.1658703436576729e-17,4.8572257327350599e-17,0,2,2,2
6,758,20260911,40,12,0,1,0,4.5102810375396984e-17,5.2041704279304213e-17,0,2,2,2
6,759,20260911,40,11,0,0.91666666666666663,0,3.4694469519536142e-17,3.2526065174565133e-17,0,2,2,2
6,760,20260911,40,11,0,0.91666666666666663,0,3.1225022567582528e-17,3.8163916471489756e-17,0,2,2,2
6,761,20260911,40,11,0,0.91666666666666663,0,2.0816681711721685e-17,3.4694469519536142e-17,0,2,2,2
6,762,20260911,40,8,0,0.66666666666666663,0,2.9490299091605721e-17,3.8163916471489756e-17,0,2,2,2
6,763,20260911,40,10,0,0.83333333333333337,0,2.6020852139652106e-17,2.7755575615628914e-17,0,2,2,2
6,764,20260911,40,10,1,0.83333333333333337,0.083333333333333329,4.163336342344337e-17,4.163336342344337e-17,1.1092743477242317e-17,2,2,2
6,765,20260911,40,12,0,1,0,2.7755575615628914e-17,4.163336342344337e-17,0,2,2,2
6,766,20260911,40,12,0,1,0,4.163336342344337e-17,3.8163916471489756e-17,0,2,2,2
6,767,20260911,40,12,1,1,0.083333333333333329,4.163336342344337e-17,4.163336342344337e-17,3.4694469519536142e-17,2,2,2
6,768,20260911,40,12,0,1,0,4.3368086899420177e-17,4.5102810375396984e-17,0,2,2,2
6,769,20260911,40,11,0,0.91666666666666663,0,3.1225022567582528e-17,2.7755575615628914e-17,0,2,2,2
6,770,20260911,40,11,0,0.91666666666666663,0,4.8572257327350599e-17,4.8572257327350599e-17,0,2,2,2
6,771,20260911,40,11,0,0.91666666666666663,0,3.2092384305570931e-17,5.2041704279304213e-17,0,2,2,2
6,772,20260911,40,12,1,1,0.083333333333333329,4.163336342344337e-17,4.8572257327350599e-17,2.3418766925686896e-17,2,2,2
6,773,20260911,40,12,0,1,0,5.5511151231257827e-17,4.8572257327350599e-17,0,2,2,2
6,774,20260911,40,11,0,0.91666666666666663,0,4.8572257327350599e-17,3.2959746043559335e-17,0,2,2,2
6,775,20260911,40,12,0,1,0,3.1225022567582528e-17,4.8572257327350599e-17,0,2,2,2
6,776,20260911,40,12,0,1,0,2.7755575615628914e-17,3.4694469519536142e-17,0,2,2,2
6,777,20260911,40,10,0,0.83333333333333337,0,4.8572257327350599e-17,4.163336342344337e-17,0,2,2,2
6,778,20260911,40,11,0,0.91666666666666663,0,3.2959746043559335e-17,4.5970172113385388e-17,0,2,2,2
6,779,20260911,40,11,0,0.91666666666666663,0,2.7755575615628914e-17,2.6020852139652106e-17,0,2,2,2
6,780,20260911,40,12,0,1,0,3.2959746043559335e-17,3.6429192995512949e-17,0,2,2,2
6,781,20260911,40,10,0,0.83333333333333337,0,4.8572257327350599e-17,4.8572257327350599e-17,0,2,2,2
6,782,20260911,40,12,0,1,0,3.5561831257524545e-17,2.7755575615628914e-17,0,2,2,2
6,783,20260911,40,11,0,0.91666666666666663,0,3.4694469519536142e-17,4.8572257327350599e-17,0,2,2,2
6,784,20260911,40,10,0,0.83333333333333337,0,4.5102810375396984e-17,3.1225022567582528e-17,0,2,2,2
6,785,20260911,40,12,0,1,0,3.6429192995512949e-17,3.4694469519536142e-17,0,2,2,2
6,786,20260911,40,11,0,0.91666666666666663,0,3.4694469519536142e-17,2.3852447794681098e-17,0,2,2,2
6,787,20260911,40,11,0,0.91666666666666663,0,4.163336342344337e-17,3.5561831257524545e-17,0,2,2,2
6,788,20260911,40,11,0,0.91666666666666663,0,2.7755575615628914e-17,2.4286128663675299e-17,0,2,2,2
6,789,20260911,40,11,0,0.91666666666666663,0,5.5511151231257827e-17,5.5511151231257827e-17,0,2,2,2
6,790,20260911,40,11,0,0.91666666666666663,0,4.163336342344337e-17,3.4694469519536142e-17,0,2,2,2
6,791,20260911,40,11,0,0.91666666666666663,0,6.9388939039072284e-17,4.163336342344337e-17,0,2,2,2
6,792,20260911,40,12,1,1,0.083333333333333329,4.3368086899420177e-17,5.2041704279304213e-17,0,2,2,2
6,793,20260911,40,11,0,0.91666666666666663,0,3.4694469519536142e-17,4.163336342344337e-17,0,2,2,2
6,794,20260911,40,10,0,0.83333333333333337,0,3.8163916471489756e-17,4.163336342344337e-17,0,2,2,2
6,795,20260911,40,10,0,0.83333333333333337,0,2.7755575615628914e-17,3.4694469519536142e-17,0,2,2,2
6,796,20260911,40,10,0,0.83333333333333337,0,4.163336342344337e-17,4.8572257327350599e-17,0,2,2,2
6,797,20260911,40,10,0,0.83333333333333337,0,3.1225022567582528e-17,3.4694469519536142e-17,0,2,2,2
6,798,20260911,40,12,0,1,0,2.7755575615628914e-17,5.5511151231257827e-17,0,2,2,2
6,799,20260911,40,11,0,0.91666666666666663,0,4.163336342344337e-17,2.6129272356900657e-17,0,2,2,2
6,800,20260911,40,12,1,1,0.083333333333333329,4.5102810375396984e-17,4.163336342344337e-17,3.8597597340483958e-17,2,2,2
6,801,20260911,40,11,0,0.91666666666666663,0,3.9898639947466563e-17,2.7755575615628914e-17,0,2,2,2
6,802,20260911,40,12,0,1,0,3.4694469519536142e-17,4.8572257327350599e-17,0,2,2,2
6,803,20260911,40,10,0,0.83333333333333337,0,3.1225022567582528e-17,4.163336342344337e-17,0,2,2,2
6,804,20260911,40,11,0,0.91666666666666663,0,3.4694469519536142e-17,3.4694469519536142e-17,0,2,2,2
6,805,20260911,40,11,0,0.91666666666666663,0,6.2450045135165055e-17,6.2450045135165055e-17,0,2,2,2
6,806,20260911,40,10,0,0.83333333333333337,0,2.7755575615628914e-17,4.8572257327350599e-17,0,2,2,2
6,807,20260911,40,9,0,0.75,0,2.4286128663675299e-17,3.4694469519536142e-17,0,2,2,2
6,808,20260911,40,8,0,0.66666666666666663,0,5.5511151231257827e-17,4.163336342344337e-17,0,2,2,2
6,809,20260911,40,11,0,0.91666666666666663,0,3.4694469519536142e-17,4.5102810375396984e-17,0,2,2,2
6,810,20260911,40,12,0,1,0,3.4694469519536142e-17,3.4694469519536142e-17,0,2,2,2
6,811,20260911,40,11,0,0.91666666666666663,0,3.4694469519536142e-17,2.0816681711721685e-17,0,2,2,2
6,812,20260911,40,12,1,1,0.083333333333333329,2.4286128663675299e-17,4.163336342344337e-17,4.163336342344337e-17,2,2,2
6,813,20260911,40,11,0,0.91666666666666663,0,2.7755575615628914e-17,2.7755575615628914e-17,0,2,2,2
6,814,20260911,40,12,0,1,0,3.6429192995512949e-17,3.9898639947466563e-17,0,2,2,2
6,815,20260911,40,11,0,0.91666666666666663,0,2.2551405187698492e-17,3.9898639947466563e-17,0,2,2,2
6,816,20260911,40,11,0,0.91666666666666663,0,6.2450045135165055e-17,5.8980598183211441e-17,0,2,2,2
6,817,20260911,40,9,0,0.75,0,4.8572257327350599e-17,4.5102810375396984e-17,0,2,2,2
6,818,20260911,40,11,0,0.91666666666666663,0,2.7755575615628914e-17,2.7755575615628914e-17,0,2,2,2
6,819,20260911,40,10,0,0.83333333333333337,0,4.8572257327350599e-17,3.8163916471489756e-17,0,2,2,2
6,820,20260911,40,12,0,1,0,3.903127820947816e-17,4.8572257327350599e-17,0,2,2,2
6,821,20260911,40,12,1,1,0.083333333333333329,3.8163916471489756e-17,2.7755575615628914e-17,3.903127820947816e-17,2,2,2
6,822,20260911,40,11,0,0.91666666666666663,0,5.2041704279304213e-17,4.163336342344337e-17,0,2,2,2
6,823,20260911,40,12,1,1,0.083333333333333329,2.7755575615628914e-17,2.7755575615628914e-17,4.163336342344337e-17,2,2,2
6,824,20260911,40,12,0,1,0,3.4694469519536142e-17,5.5511151231257827e-17,0,2,2,2
6,825,20260911,40,11,1,0.91666666666666663,0.083333333333333329,4.8572257327350599e-17,5.2041704279304213e-17,2.0369448315571415e-17,2,2,2
6,826,20260911,40,11,0,0.91666666666666663,0,5.5511151231257827e-17,5.5511151231257827e-17,0,2,2,2
6,827,20260911,40,11,0,0.91666666666666663,0,2.7755575615628914e-17,3.4694469519536142e-17,0,2,2,2
6,828,20260911,40,10,0,0.83333333333333337,0,2.0816681711721685e-17,7.6327832942979512e-17,0,2,2,2
6,829,20260911,40,11,0,0.91666666666666663,0,3.1225022567582528e-17,4.163336342344337e-17,0,2,2,2
6,830,20260911,40,11,0,0.91666666666666663,0,2.6020852139652106e-17,3.4694469519536142e-17,0,2,2,2
6,831,20260911,40,11,1,0.91666666666666663,0.083333333333333329,2.7755575615628914e-17,5.5511151231257827e-17,1.3877787807814457e-17,2,2,2
6,832,20260911,40,12,0,1,0,4.9873299934333204e-17,4.5102810375396984e-17,0,2,2,2
6,833,20260911,40,11,0,0.91666666666666663,0,2.0816681711721685e-17,1.7347234759768071e-17,0,2,2,2
6,834,20260911,40,11,0,0.91666666666666663,0,3.4694469519536142e-17,3.4694469519536142e-17,0,2,2,2
6,835,20260911,40,12,0,1,0,4.163336342344337e-17,3.1225022567582528e-17,0,2,2,2
6,836,20260911,40,11,0,0.91666666666666663,0,3.4694469519536142e-17,2.7755575615628914e-17,0,2,2,2
6,837,20260911,40,12,0,1,0,3.4694469519536142e-17,4.8572257327350599e-17,0,2,2,2
6,838,20260911,40,11,0,0.91666666666666663,0,3.7296554733501353e-17,3.8163916471489756e-17,0,2,2,2
6,839,20260911,40,10,0,0.83333333333333337,0,2.7755575615628914e-17,5.5511151231257827e-17,0,2,2,2
6,840,20260911,40,11,1,0.91666666666666663,0.083333333333333329,4.163336342344337e-17,4.8572257327350599e-17,2.7755575615628914e-17,2,2,2
6,841,20260911,40,11,0,0.91666666666666663,0,2.7755575615628914e-17,3.4694469519536142e-17,0,2,2,2
6,842,20260911,40,10,0,0.83333333333333337,0,3.4694469519536142e-17,3.4694469519536142e-17,0,2,2,2
6,843,20260911,40,9,0,0.75,0,2.9490299091605721e-17,3.8163916471489756e-17,0,2,2,2
6,844,20260911,40,8,0,0.66666666666666663,0,4.8572257327350599e-17,3.1225022567582528e-17,0,2,2,2
6,845,20260911,40,10,0,0.83333333333333337,0,2.4286128663675299e-17,5.2041704279304213e-17,0,2,2,2
6,846,20260911,40,12,0,1,0,2.7755575615628914e-17,2.7755575615628914e-17,0,2,2,2
6,847,20260911,40,10,0,0.83333333333333337,0,2.7755575615628914e-17,3.1225022567582528e-17,0,2,2,2
6,848,20260911,40,12,0,1,0,2.7755575615628914e-17,4.163336342344337e-17,0,2,2,2
6,849,20260911,40,11,2,0.91666666666666663,0.16666666666666666,5.5511151231257827e-17,2.7755575615628914e-17,4.5102810375396984e-17,2,2,2
6,850,20260911,40,10,0,0.83333333333333337,0,2.7755575615628914e-17,4.163336342344337e-17,0,2,2,2
6,851,20260911,40,12,1,1,0.083333333333333329,3.1225022567582528e-17,3.8163916471489756e-17,0,2,2,2
6,852,20260911,40,12,1,1,0.083333333333333329,2.9490299091605721e-17,4.3368086899420177e-17,5.2041704279304213e-18,2,2,2
6,853,20260911,40,10,0,0.83333333333333337,0,2.4286128663675299e-17,3.4694469519536142e-17,0,2,2,2
6,854,20260911,40,9,1,0.75,0.083333333333333329,3.8163916471489756e-17,3.8163916471489756e-17,8.6736173798840355e-18,2,2,2
6,855,20260911,40,12,0,1,0,3.4694469519536142e-17,7.2858385991025898e-17,0,2,2,2
6,856,20260911,40,12,0,1,0,5.1174342541315809e-17,3.4694469519536142e-17,0,2,2,2
6,857,20260911,40,12,0,1,0,3.4694469519536142e-17,4.8572257327350599e-17,0,2,2,2
6,858,20260911,40,11,0,0.91666666666666663,0,3.4694469519536142e-17,2.9490299091605721e-17,0,2,2,2
6,859,20260911,40,10,0,0.83333333333333337,0,3.1225022567582528e-17,2.7755575615628914e-17,0,2,2,2
6,860,20260911,40,12,0,1,0,3.4694469519536142e-17,3.4694469519536142e-17,0,2,2,2
6,861,20260911,40,11,0,0.91666666666666663,0,6.2450045135165055e-17,6.9388939039072284e-17,0,2,2,2
6,862,20260911,40,11,0,0.91666666666666663,0,6.9388939039072284e-17,4.163336342344337e-17,0,2,2,2
6,863,20260911,40,12,0,1,0,3.8163916471489756e-17,4.8572257327350599e-17,0,2,2,2
6,864,20260911,40,9,0,0.75,0,2.8622937353617317e-17,2.9490299091605721e-17,0,2,2,2
6,865,20260911,40,9,0,0.75,0,2.4286128663675299e-17,2.4286128663675299e-17,0,2,2,2
6,866,20260911,40,11,0,0.91666666666666663,0,5.5511151231257827e-17,2.7755575615628914e-17,0,2,2,2
6,867,20260911,40,10,1,0.83333333333333337,0.083333333333333329,2.7755575615628914e-17,4.6837533851373792e-17,3.4694469519536142e-18,2,2,2
6,868,20260911,40,12,0,1,0,5.5511151231257827e-17,5.5511151231257827e-17,0,2,2,2
6,869,20260911,40,11,1,0.91666666666666663,0.083333333333333329,2.7755575615628914e-17,2.7755575615628914e-17,1.8214596497756474e-17,2,2,2
6,870,20260911,40,12,0,1,0,2.9490299091605721e-17,4.163336342344337e-17,0,2,2,2
6,871,20260911,40,12,0,1,0,4.163336342344337e-17,3.8163916471489756e-17,0,2,2,2
6,872,20260911,40,12,0,1,0,4.8572257327350599e-17,6.2450045135165055e-17,0,2,2,2
6,873,20260911,40,12,0,1,0,4.8572257327350599e-17,6.2450045135165055e-17,0,2,2,2
6,874,20260911,40,11,1,0.91666666666666663,0.083333333333333329,2.2551405187698492e-17,3.4694469519536142e-17,4.3368086899420177e-17,2,2,2
6,875,20260911,40,11,0,0.91666666666666663,0,3.1225022567582528e-17,3.4694469519536142e-17,0,2,2,2
6,876,20260911,40,9,0,0.75,0,2.7755575615628914e-17,6.2450045135165055e-17,0,2,2,2
6,877,20260911,40,11,2,0.91666666666666663,0.16666666666666666,3.6429192995512949e-17,4.163336342344337e-17,3.9898639947466563e-17,2,2,2
6,878,20260911,40,12,0,1,0,3.1225022567582528e-17,2.7755575615628914e-17,0,2,2,2
6,879,20260911,40,11,0,0.91666666666666663,0,4.8572257327350599e-17,4.8572257327350599e-17,0,2,2,2
6,880,20260911,40,11,1,0.91666666666666663,0.083333333333333329,5.2041704279304213e-17,5.5511151231257827e-17,1.3877787807814457e-17,2,2,2
6,881,20260911,40,12,0,1,0,2.9490299091605721e-17,3.8163916471489756e-17,0,2,2,2
6,882,20260911,40,12,0,1,0,3.6429192995512949e-17,4.5102810375396984e-17,0,2,2,2
6,883,20260911,40,11,0,0.91666666666666663,0,2.4286128663675299e-17,4.163336342344337e-17,0,2,2,2
6,884,20260911,40,12,0,1,0,4.163336342344337e-17,5.5511151231257827e-17,0,2,2,2
6,885,20260911,40,10,2,0.83333333333333337,0.16666666666666666,2.0816681711721685e-17,2.2985086056692694e-17,1.3877787807814457e-17,2,2,2
6,886,20260911,40,10,0,0.83333333333333337,0,2.9490299091605721e-17,3.1225022567582528e-17,0,2,2,2
6,887,20260911,40,11,0,0.91666666666666663,0,3.4694469519536142e-17,2.1684043449710089e-17,0,2,2,2
6,888,20260911,40,12,1,1,0.083333333333333329,3.7079714299004252e-17,5.2692225582795515e-17,3.4694469519536142e-18,2,2,2
6,889,20260911,40,10,0,0.83333333333333337,0,3.8163916471489756e-17,3.8163916471489756e-17,0,2,2,2
6,890,20260911,40,11,0,0.91666666666666663,0,2.7755575615628914e-17,3.4694469519536142e-17,0,2,2,2
6,891,20260911,40,11,1,0.91666666666666663,0.083333333333333329,2.0816681711721685e-17,4.163336342344337e-17,3.3827107781547738e-17,2,2,2
6,892,20260911,40,12,0,1,0,3.1225022567582528e-17,4.163336342344337e-17,0,2,2,2
6,893,20260911,40,11,0,0.91666666666666663,0,3.8163916471489756e-17,3.9112593372414572e-17,0,2,2,2
6,894,20260911,40,11,1,0.91666666666666663,0.083333333333333329,5.5511151231257827e-17,5.5511151231257827e-17,2.7755575615628914e-17,2,2,2
6,895,20260911,40,12,1,1,0.083333333333333329,4.163336342344337e-17,3.6429192995512949e-17,4.5102810375396984e-17,2,2,2
6,896,20260911,40,11,0,0.91666666666666663,0,4.163336342344337e-17,6.0715321659188248e-17,0,2,2,2
6,897,20260911,40,11,0,0.91666666666666663,0,2.9490299091605721e-17,2.0816681711721685e-17,0,2,2,2
6,898,20260911,40,12,0,1,0,4.163336342344337e-17,3.4694469519536142e-17,0,2,2,2
6,899,20260911,40,12,0,1,0,5.2041704279304213e-17,4.163336342344337e-17,0,2,2,2
6,900,20260911,40,12,0,1,0,2.7755575615628914e-17,2.5153490401663703e-17,0,2,2,2
6,901,20260911,40,11,1,0.91666666666666663,0.083333333333333329,4.163336342344337e-17,3.4694469519536142e-17,1.0408340855860843e-17,2,2,2
6,902,20260911,40,10,0,0.83333333333333337,0,3.4694469519536142e-17,3.4694469519536142e-17,0,2,2,2
6,903,20260911,40,12,0,1,0,3.4694469519536142e-17,3.4694469519536142e-17,0,2,2,2
6,904,20260911,40,12,2,1,0.16666666666666666,2.7755575615628914e-17,2.7755575615628914e-17,2.7755575615628914e-17,2,2,2
6,905,20260911,40,10,0,0.83333333333333337,0,4.163336342344337e-17,4.163336342344337e-17,0,2,2,2
6,906,20260911,40,10,1,0.83333333333333337,0.083333333333333329,3.4694469519536142e-17,3.8163916471489756e-17,2.0816681711721685e-17,2,2,2
6,907,20260911,40,12,1,1,0.083333333333333329,5.5511151231257827e-17,5.6378512969246231e-17,1.3877787807814457e-17,2,2,2
6,908,20260911,40,11,0,0.91666666666666663,0,3.8163916471489756e-17,5.5511151231257827e-17,0,2,2,2
6,909,20260911,40,10,1,0.83333333333333337,0.083333333333333329,4.163336342344337e-17,5.2041704279304213e-17,4.163336342344337e-17,2,2,2
6,910,20260911,40,10,0,0.83333333333333337,0,4.163336342344337e-17,5.5511151231257827e-17,0,2,2,2
6,911,20260911,40,12,0,1,0,3.6862873864507151e-17,3.4694469519536142e-17,0,2,2,2
6,912,20260911,40,12,1,1,0.083333333333333329,2.2551405187698492e-17,2.7755575615628914e-17,1.0408340855860843e-17,2,2,2
6,913,20260911,40,11,0,0.91666666666666663,0,2.4286128663675299e-17,4.163336342344337e-17,0,2,2,2
6,914,20260911,40,12,0,1,0,3.4694469519536142e-17,3.903127820947816e-17,0,2,2,2
6,915,20260911,40,10,1,0.83333333333333337,0.083333333333333329,3.4694469519536142e-17,2.7755575615628914e-17,2.0816681711721685e-17,2,2,2
6,916,20260911,40,12,1,1,0.083333333333333329,4.8572257327350599e-17,5.1174342541315809e-17,1.3877787807814457e-17,2,2,2
6,917,20260911,40,12,0,1,0,2.6020852139652106e-17,3.4694469519536142e-17,0,2,2,2
6,918,20260911,40,11,0,0.91666666666666663,0,5.377642775528102e-17,5.8980598183211441e-17,0,2,2,2
6,919,20260911,40,10,0,0.83333333333333337,0,2.7755575615628914e-17,3.8163916471489756e-17,0,2,2,2
6,920,20260911,40,11,0,0.91666666666666663,0,2.4286128663675299e-17,2.2551405187698492e-17,0,2,2,2
6,921,20260911,40,12,0,1,0,2.9490299091605721e-17,3.4694469519536142e-17,0,2,2,2
6,922,20260911,40,11,0,0.91666666666666663,0,3.3285006695304986e-17,3.4694469519536142e-17,0,2,2,2
6,923,20260911,40,11,1,0.91666666666666663,0.083333333333333329,4.163336342344337e-17,4.5102810375396984e-17,4.163336342344337e-17,2,2,2
6,924,20260911,40,10,1,0.83333333333333337,0.083333333333333329,5.5511151231257827e-17,5.5511151231257827e-17,0,2,2,2
6,925,20260911,40,12,0,1,0,4.3368086899420177e-17,2.7755575615628914e-17,0,2,2,2
6,926,20260911,40,12,0,1,0,4.163336342344337e-17,2.7755575615628914e-17,0,2,2,2
6,927,20260911,40,11,0,0.91666666666666663,0,5.2041704279304213e-17,4.5970172113385388e-17,0,2,2,2
6,928,20260911,40,11,0,0.91666666666666663,0,4.5102810375396984e-17,4.163336342344337e-17,0,2,2,2
6,929,20260911,40,12,0,1,0,4.4235448637408581e-17,5.5944832100252029e-17,0,2,2,2
6,930,20260911,40,11,0,0.91666666666666663,0,3.7730235602495554e-17,3.4694469519536142e-17,0,2,2,2
6,931,20260911,40,10,0,0.83333333333333337,0,3.8163916471489756e-17,4.163336342344337e-17,0,2,2,2
6,932,20260911,40,10,1,0.83333333333333337,0.083333333333333329,2.6020852139652106e-17,3.8163916471489756e-17,3.8163916471489756e-17,2,2,2
6,933,20260911,40,11,0,0.91666666666666663,0,3.2959746043559335e-17,2.7755575615628914e-17,0,2,2,2
6,934,20260911,40,11,1,0.91666666666666663,0.083333333333333329,4.8572257327350599e-17,3.4694469519536142e-17,0,2,2,2
6,935,20260911,40,12,0,1,0,4.163336342344337e-17,4.163336342344337e-17,0,2,2,2
6,936,20260911,40,11,2,0.91666666666666663,0.16666666666666666,2.4286128663675299e-17,2.7755575615628914e-17,2.6020852139652106e-17,2,2,2
6,937,20260911,40,11,0,0.91666666666666663,0,3.8163916471489756e-17,3.6429192995512949e-17,0,2,2,2
6,938,20260911,40,10,1,0.83333333333333337,0.083333333333333329,3.1225022567582528e-17,5.5511151231257827e-17,2.9490299091605721e-17,2,2,2
6,939,20260911,40,10,1,0.83333333333333337,0.083333333333333329,5.8980598183211441e-17,4.163336342344337e-17,2.8622937353617317e-17,2,2,2
6,940,20260911,40,12,0,1,0,3.4694469519536142e-17,3.8163916471489756e-17,0,2,2,2
6,941,20260911,40,12,1,1,0.083333333333333329,3.4694469519536142e-17,2.7755575615628914e-17,3.4694469519536142e-18,2,2,2
6,942,20260911,40,8,0,0.66666666666666663,0,2.5153490401663703e-17,2.9490299091605721e-17,0,2,2,2
6,943,20260911,40,11,0,0.91666666666666663,0,3.4694469519536142e-17,4.163336342344337e-17,0,2,2,2
6,944,20260911,40,12,0,1,0,3.8163916471489756e-17,4.163336342344337e-17,0,2,2,2
6,945,20260911,40,12,0,1,0,3.4694469519536142e-17,3.4694469519536142e-17,0,2,2,2
6,946,20260911,40,11,0,0.91666666666666663,0,5.5511151231257827e-17,4.163336342344337e-17,0,2,2,2
6,947,20260911,40,10,0,0.83333333333333337,0,4.8572257327350599e-17,4.163336342344337e-17,0,2,2,2
6,948,20260911,40,11,0,0.91666666666666663,0,6.2450045135165055e-17,3.4694469519536142e-17,0,2,2,2
6,949,20260911,40,9,0,0.75,0,2.0816681711721685e-17,1.3877787807814457e-17,0,2,2,2
6,950,20260911,40,10,1,0.83333333333333337,0.083333333333333329,3.4694469519536142e-17,4.163336342344337e-17,2.9490299091605721e-17,2,2,2
6,951,20260911,40,11,0,0.91666666666666663,0,4.163336342344337e-17,6.9388939039072284e-17,0,2,2,2
6,952,20260911,40,12,0,1,0,3.3827107781547738e-17,3.8163916471489756e-17,0,2,2,2
6,953,20260911,40,11,0,0.91666666666666663,0,2.4286128663675299e-17,2.4286128663675299e-17,0,2,2,2
6,954,20260911,40,11,0,0.91666666666666663,0,4.8572257327350599e-17,2.7755575615628914e-17,0,2,2,2
6,955,20260911,40,10,0,0.83333333333333337,0,1.9081958235744878e-17,3.1225022567582528e-17,0,2,2,2
6,956,20260911,40,10,0,0.83333333333333337,0,3.3393426912553537e-17,2.5939536976715694e-17,0,2,2,2
6,957,20260911,40,10,0,0.83333333333333337,0,2.7755575615628914e-17,4.163336342344337e-17,0,2,2,2
6,958,20260911,40,10,0,0.83333333333333337,0,2.7755575615628914e-17,5.5511151231257827e-17,0,2,2,2
6,959,20260911,40,12,1,1,0.083333333333333329,4.163336342344337e-17,6.9388939039072284e-17,3.0357660829594124e-17,2,2,2
6,960,20260911,40,11,0,0.91666666666666663,0,3.4694469519536142e-17,3.4694469519536142e-17,0,2,2,2
6,961,20260911,40,11,1,0.91666666666666663,0.083333333333333329,3.903127820947816e-17,4.163336342344337e-17,1.9949319973733282e-17,2,2,2
6,962,20260911,40,12,0,1,0,3.9898639947466563e-17,4.0332320816460765e-17,0,2,2,2
6,963,20260911,40,11,1,0.91666666666666663,0.083333333333333329,4.8572257327350599e-17,4.6837533851373792e-17,1.7347234759768071e-17,2,2,2
6,964,20260911,40,11,1,0.91666666666666663,0.083333333333333329,4.163336342344337e-17,4.163336342344337e-17,8.6736173798840355e-18,2,2,2
6,965,20260911,40,11,1,0.91666666666666663,0.083333333333333329,3.4694469519536142e-17,4.8572257327350599e-17,1.3010426069826053e-17,2,2,2
6,966,20260911,40,12,0,1,0,3.7296554733501353e-17,4.163336342344337e-17,0,2,2,2
6,967,20260911,40,10,0,0.83333333333333337,0,3.3827107781547738e-17,2.6020852139652106e-17,0,2,2,2
6,968,20260911,40,12,0,1,0,2.211772431870429e-17,3.4694469519536142e-17,0,2,2,2
6,969,20260911,40,10,0,0.83333333333333337,0,8.6736173798840355e-17,8.1532003370909933e-17,0,2,2,2
6,970,20260911,40,12,0,1,0,3.4694469519536142e-17,3.4694469519536142e-17,0,2,2,2
6,971,20260911,40,10,0,0.83333333333333337,0,6.591949208711867e-17,4.5102810375396984e-17,0,2,2,2
6,972,20260911,40,12,0,1,0,4.8572257327350599e-17,5.5511151231257827e-17,0,2,2,2
6,973,20260911,40,11,0,0.91666666666666663,0,3.8163916471489756e-17,4.5970172113385388e-17,0,2,2,2
6,974,20260911,40,8,0,0.66666666666666663,0,1.474514954580286e-17,1.5612511283791264e-17,0,2,2,2
6,975,20260911,40,12,0,1,0,4.163336342344337e-17,4.163336342344337e-17,0,2,2,2
6,976,20260911,40,12,1,1,0.083333333333333329,2.7755575615628914e-17,4.8572257327350599e-17,3.903127820947816e-18,2,2,2
6,977,20260911,40,11,0,0.91666666666666663,0,5.5511151231257827e-17,7.9797279894933126e-17,0,2,2,2
6,978,20260911,40,12,0,1,0,3.4694469519536142e-17,4.163336342344337e-17,0,2,2,2
6,979,20260911,40,11,0,0.91666666666666663,0,5.2041704279304213e-17,3.8163916471489756e-17,0,2,2,2
6,980,20260911,40,11,0,0.91666666666666663,0,2.0816681711721685e-17,3.4694469519536142e-17,0,2,2,2
6,981,20260911,40,11,1,0.91666666666666663,0.083333333333333329,3.7296554733501353e-17,5.377642775528102e-17,4.163336342344337e-17,2,2,2
6,982,20260911,40,11,2,0.91666666666666663,0.16666666666666666,2.7755575615628914e-17,6.2450045135165055e-17,5.5511151231257827e-17,2,2,2
6,983,20260911,40,12,0,1,0,6.2450045135165055e-17,4.8572257327350599e-17,0,2,2,2
6,984,20260911,40,12,0,1,0,3.4694469519536142e-17,4.163336342344337e-17,0,2,2,2
6,985,20260911,40,11,0,0.91666666666666663,0,1.8431436932253575e-17,1.7347234759768071e-17,0,2,2,2
6,986,20260911,40,12,0,1,0,3.0357660829594124e-17,3.6429192995512949e-17,0,2,2,2
6,987,20260911,40,11,1,0.91666666666666663,0.083333333333333329,4.5102810375396984e-17,5.5511151231257827e-17,1.100465205072787e-17,2,2,2
6,988,20260911,40,11,0,0.91666666666666663,0,3.1225022567582528e-17,3.1225022567582528e-17,0,2,2,2
6,989,20260911,40,11,1,0.91666666666666663,0.083333333333333329,2.0816681711721685e-17,3.4694469519536142e-17,2.9490299091605721e-17,2,2,2
6,990,20260911,40,10,0,0.83333333333333337,0,1.7347234759768071e-17,2.4286128663675299e-17,0,2,2,2
6,991,20260911,40,10,0,0.83333333333333337,0,6.9388939039072284e-17,5.5511151231257827e-17,0,2,2,2
6,992,20260911,40,9,0,0.75,0,2.4286128663675299e-17,2.7755575615628914e-17,0,2,2,2
6,993,20260911,40,11,0,0.91666666666666663,0,2.7755575615628914e-17,3.4694469519536142e-17,0,2,2,2
6,994,20260911,40,10,0,0.83333333333333337,0,4.163336342344337e-17,6.2450045135165055e-17,0,2,2,2
6,995,20260911,40,11,0,0.91666666666666663,0,3.4694469519536142e-17,2.9490299091605721e-17,0,2,2,2
6,996,20260911,40,10,0,0.83333333333333337,0,2.7755575615628914e-17,4.7921736023859296e-17,0,2,2,2
6,997,20260911,40,10,0,0.83333333333333337,0,3.8163916471489756e-17,4.163336342344337e-17,0,2,2,2
6,998,20260911,40,12,0,1,0,2.9490299091605721e-17,2.0816681711721685e-17,0,2,2,2
6,999,20260911,40,12,1,1,0.083333333333333329,3.4694469519536142e-17,3.1225022567582528e-17,3.4694469519536142e-18,2,2,2
